# USPS zip -> physical city, for coverage_zips.area_name.
#
# SOURCE: USPS PostalPro ZIP_Locale_Detail, release dated 2026-09-08,
#   https://postalpro.usps.com/ZIP_Locale_Detail  (free, no registration).
# EXTRACTED: 2026-09-09.  Static reference data, NOT a maintained pipeline --
#   regenerate by hand from a newer USPS release if it ever matters.  Nothing
#   queries area_name, so staleness here is cosmetic, but it is dated so the
#   staleness is at least visible.
#
# COLUMN CHOICE: PHYSICAL CITY, never LOCALE NAME.  LOCALE NAME is the
#   facility name -- zip 00604 is LOCALE NAME 'RAMEY' but PHYSICAL CITY
#   'AGUADILLA', and the city is what a human calls the territory.
#
# DEDUPLICATION RULE: this is a FACILITY file -- one row per post office, so
#   a zip with several facilities appears several times.  10.0% of zips (3,719
#   of 37,105) carry more than one distinct PHYSICAL CITY.
#
#   The rule is FIRST OCCURRENCE IN USPS FILE ORDER, which is the preferred
#   city name.  A modal rule was tested and does not work: 3,686 of the 3,719
#   are exact ties at one row each, so frequency decides almost nothing.
#   Alphabetical was tested against the six multi-city zips in RBI's own
#   territory and got two WRONG -- it yields GOLDEN over MORRISON for 80465
#   and FORT COLLINS over TIMNATH for 80547.  First-occurrence gets all six
#   right.  Order carries information here; alphabetical discards it.
#
# SCOPE: all states, not Colorado.  Consistent with the 2026-09-03 decision to
#   load whole-country ZCTA boundaries rather than a Colorado subset, and with
#   load_coverage.sh being installation-agnostic.  The file is ~700 KB.
zip,city
00601,ADJUNTAS
00602,AGUADA
00603,AGUADILLA
00604,AGUADILLA
00605,AGUADILLA
00606,MARICAO
00610,ANASCO
00611,ANGELES
00612,ARECIBO
00613,ARECIBO
00614,ARECIBO
00616,BAJADERO
00617,BARCELONETA
00622,BOQUERON
00623,CABO ROJO
00624,PENUELAS
00627,CAMUY
00631,CASTANER
00637,SABANA GRANDE
00638,CIALES
00641,UTUADO
00646,DORADO
00647,ENSENADA
00650,FLORIDA
00652,GARROCHALES
00653,GUANICA
00656,GUAYANILLA
00659,HATILLO
00660,HORMIGUEROS
00662,ISABELA
00664,JAYUYA
00667,LAJAS
00669,LARES
00670,LAS MARIAS
00674,MANATI
00676,MOCA
00677,RINCON
00678,QUEBRADILLAS
00680,MAYAGUEZ
00681,MAYAGUEZ
00682,MAYAGUEZ
00683,SAN GERMAN
00685,SAN SEBASTIAN
00687,MOROVIS
00688,SABANA HOYOS
00690,SAN ANTONIO
00692,VEGA ALTA
00693,VEGA BAJA
00694,VEGA BAJA
00698,YAUCO
00703,AGUAS BUENAS
00704,AGUIRRE
00705,AIBONITO
00707,MAUNABO
00714,ARROYO
00715,MERCEDITA
00716,PONCE
00717,PONCE
00718,NAGUABO
00719,NARANJITO
00720,OROCOVIS
00721,PALMER
00723,PATILLAS
00725,CAGUAS
00726,CAGUAS
00727,CAGUAS
00728,PONCE
00729,CANOVANAS
00730,PONCE
00731,PONCE
00732,PONCE
00733,PONCE
00735,CEIBA
00736,CAYEY
00737,CAYEY
00738,FAJARDO
00739,CIDRA
00740,FAJARDO
00741,HUMACAO
00744,RIO BLANCO
00745,RIO GRANDE
00751,SALINAS
00754,SAN LORENZO
00757,SANTA ISABEL
00765,VIEQUES
00766,VILLALBA
00767,YABUCOA
00769,COAMO
00771,LAS PIEDRAS
00772,LOIZA
00773,LUQUILLO
00775,CULEBRA
00777,JUNCOS
00778,GURABO
00780,COTO LAUREL
00782,COMERIO
00783,COROZAL
00784,GUAYAMA
00785,GUAYAMA
00786,LA PLATA
00791,HUMACAO
00792,HUMACAO
00794,BARRANQUITAS
00795,JUANA DIAZ
00801,ST THOMAS
00802,ST THOMAS
00803,ST THOMAS
00804,ST THOMAS
00805,ST THOMAS
00820,CHRISTIANSTED
00821,CHRISTIANSTED
00822,CHRISTIANSTED
00823,CHRISTIANSTED
00824,CHRISTIANSTED
00830,ST JOHN
00831,ST JOHN
00840,FREDERIKSTED
00841,FREDERIKSTED
00850,KINGSHILL
00851,KINGSHILL
00901,SAN JUAN
00902,SAN JUAN
00907,SAN JUAN
00908,SAN JUAN
00909,SAN JUAN
00910,SAN JUAN
00911,SAN JUAN
00912,SAN JUAN
00913,SAN JUAN
00914,SAN JUAN
00915,SAN JUAN
00916,SAN JUAN
00917,SAN JUAN
00918,SAN JUAN
00919,SAN JUAN
00920,SAN JUAN
00921,SAN JUAN
00922,GUAYNABO
00923,SAN JUAN
00924,SAN JUAN
00925,SAN JUAN
00926,SAN JUAN
00927,SAN JUAN
00928,SAN JUAN
00929,SAN JUAN
00931,SAN JUAN
00933,SAN JUAN
00934,SAN JUAN
00936,SAN JUAN
00937,CAROLINA
00940,SAN JUAN
00949,TOA BAJA
00950,TOA BAJA
00951,TOA BAJA
00952,SABANA SECA
00953,TOA ALTA
00954,TOA ALTA
00955,SAN JUAN
00956,BAYAMON
00957,BAYAMON
00958,BAYAMON
00959,BAYAMON
00960,BAYAMON
00961,BAYAMON
00962,CATANO
00963,CATANO
00965,CATANO
00966,GUAYNABO
00968,GUAYNABO
00969,GUAYNABO
00970,GUAYNABO
00971,GUAYNABO
00976,TRUJILLO ALTO
00977,TRUJILLO ALTO
00978,SAN JUAN
00979,CAROLINA
00981,CAROLINA
00982,CAROLINA
00983,CAROLINA
00984,CAROLINA
00985,CAROLINA
00986,CAROLINA
00987,CAROLINA
00988,CAROLINA
01001,AGAWAM
01002,AMHERST
01004,AMHERST
01005,BARRE
01007,BELCHERTOWN
01008,BLANDFORD
01009,BONDSVILLE
01010,BRIMFIELD
01011,CHESTER
01012,CHESTERFIELD
01013,CHICOPEE
01014,CHICOPEE
01020,CHICOPEE
01021,CHICOPEE
01022,CHICOPEE
01026,CUMMINGTON
01027,EASTHAMPTON
01028,EAST LONGMEADOW
01029,EAST OTIS
01030,AGAWAM
01031,GILBERTVILLE
01032,GOSHEN
01033,GRANBY
01034,GRANVILLE
01035,AMHERST
01036,HAMPDEN
01037,HARDWICK
01038,HATFIELD
01039,HAYDENVILLE
01040,HOLYOKE
01041,HOLYOKE
01050,HUNTINGTON
01053,LEEDS
01054,LEVERETT
01056,LUDLOW
01057,MONSON
01059,NORTH AMHERST
01060,NORTHAMPTON
01061,NORTHAMPTON
01062,EASTHAMPTON
01066,NORTH HATFIELD
01068,OAKHAM
01069,PALMER
01070,CUMMINGTON
01071,RUSSELL
01072,AMHERST
01073,SOUTHAMPTON
01074,SOUTH BARRE
01075,SOUTH HADLEY
01077,SOUTHWICK
01079,THORNDIKE
01080,PALMER
01081,WALES
01082,WARE
01083,WARREN
01084,CHESTERFIELD
01085,WESTFIELD
01086,WESTFIELD
01089,AGAWAM
01090,WEST SPRINGFIELD
01092,WEST WARREN
01093,WHATELY
01094,WHEELWRIGHT
01095,WILBRAHAM
01096,WILLIAMSBURG
01098,WORTHINGTON
01101,SPRINGFIELD
01102,SPRINGFIELD
01103,SPRINGFIELD
01104,SPRINGFIELD
01105,SPRINGFIELD
01106,EAST LONGMEADOW
01107,SPRINGFIELD
01108,SPRINGFIELD
01109,SPRINGFIELD
01115,SPRINGFIELD
01116,LONGMEADOW
01118,EAST LONGMEADOW
01119,SPRINGFIELD
01128,EAST LONGMEADOW
01129,SPRINGFIELD
01138,SPRINGFIELD
01139,SPRINGFIELD
01151,INDIAN ORCHARD
01201,PITTSFIELD
01202,PITTSFIELD
01220,ADAMS
01222,ASHLEY FALLS
01223,BECKET
01225,CHESHIRE
01226,PITTSFIELD
01227,DALTON
01229,STOCKBRIDGE
01230,GREAT BARRINGTON
01235,HINSDALE
01236,HOUSATONIC
01237,HANCOCK
01238,LEE
01240,LENOX
01242,LENOX DALE
01243,MIDDLEFIELD
01244,SOUTHFIELD
01245,MONTEREY
01247,NORTH ADAMS
01253,OTIS
01254,RICHMOND
01255,OTIS
01257,SHEFFIELD
01258,SOUTH EGREMONT
01259,SOUTHFIELD
01260,SOUTH LEE
01262,STOCKBRIDGE
01264,LEE
01266,WEST STOCKBRIDGE
01267,WILLIAMSTOWN
01270,DALTON
01301,GREENFIELD
01302,GREENFIELD
01330,ASHFIELD
01331,ATHOL
01337,BERNARDSTON
01338,BUCKLAND
01339,CHARLEMONT
01340,COLRAIN
01341,CONWAY
01342,DEERFIELD
01344,ERVING
01346,HEATH
01349,ERVING
01351,MONTAGUE
01354,TURNERS FALLS
01355,NEW SALEM
01360,NORTHFIELD
01364,ORANGE
01366,ATHOL
01367,CHARLEMONT
01368,ATHOL
01370,SHELBURNE FALLS
01373,SOUTH DEERFIELD
01375,SOUTH DEERFIELD
01376,TURNERS FALLS
01379,WENDELL
01420,FITCHBURG
01430,ASHBURNHAM
01431,ASHBY
01432,AYER
01434,AYER
01436,BALDWINVILLE
01438,EAST TEMPLETON
01440,GARDNER
01450,GROTON
01451,HARVARD
01452,HUBBARDSTON
01453,LEOMINSTER
01460,LITTLETON
01462,LUNENBURG
01463,PEPPERELL
01464,SHIRLEY
01467,HARVARD
01468,TEMPLETON
01469,TOWNSEND
01472,WEST GROTON
01473,WESTMINSTER
01474,TOWNSEND
01475,WINCHENDON
01501,AUBURN
01503,BERLIN
01504,BLACKSTONE
01505,BOYLSTON
01506,BROOKFIELD
01507,CHARLTON
01508,CHARLTON CITY
01509,CHARLTON
01510,CLINTON
01515,EAST BROOKFIELD
01516,DOUGLAS
01518,FISKDALE
01519,GRAFTON
01520,HOLDEN
01521,FISKDALE
01522,JEFFERSON
01523,LANCASTER
01524,LEICESTER
01525,LINWOOD
01526,MANCHAUG
01527,MILLBURY
01529,MILLVILLE
01531,NEW BRAINTREE
01532,NORTHBOROUGH
01534,NORTHBRIDGE
01535,NORTH BROOKFIELD
01536,NORTH GRAFTON
01537,NORTH OXFORD
01538,NORTH UXBRIDGE
01540,OXFORD
01541,PRINCETON
01542,ROCHDALE
01543,RUTLAND
01545,SHREWSBURY
01550,SOUTHBRIDGE
01560,SOUTH GRAFTON
01561,SOUTH LANCASTER
01562,SPENCER
01564,STERLING
01566,STURBRIDGE
01568,UPTON
01569,UXBRIDGE
01570,WEBSTER
01571,DUDLEY
01581,WESTBOROUGH
01583,WEST BOYLSTON
01585,WEST BROOKFIELD
01586,MILLBURY
01588,WHITINSVILLE
01590,SUTTON
01602,WORCESTER
01603,WORCESTER
01604,WORCESTER
01605,WORCESTER
01606,WORCESTER
01607,WORCESTER
01608,WORCESTER
01609,WORCESTER
01610,WORCESTER
01611,WORCESTER
01612,PAXTON
01613,WORCESTER
01615,WORCESTER
01701,FRAMINGHAM
01702,FRAMINGHAM
01703,FRAMINGHAM
01704,FRAMINGHAM
01705,FRAMINGHAM
01718,ACTON
01719,ACTON
01720,ACTON
01721,ASHLAND
01730,BEDFORD
01731,BURLINGTON
01740,BOLTON
01741,CARLISLE
01742,CONCORD
01745,FAYVILLE
01746,HOLLISTON
01747,HOPEDALE
01748,HOPKINTON
01749,HUDSON
01752,MARLBOROUGH
01754,MAYNARD
01756,MENDON
01757,MILFORD
01760,FRAMINGHAM
01770,SHERBORN
01772,SOUTHBOROUGH
01773,LINCOLN
01775,STOW
01776,SUDBURY
01778,WAYLAND
01784,WOODVILLE
01801,WOBURN
01803,BURLINGTON
01810,ANDOVER
01821,BILLERICA
01822,BILLERICA
01824,CHELMSFORD
01826,DRACUT
01827,DUNSTABLE
01830,HAVERHILL
01831,HAVERHILL
01832,HAVERHILL
01833,GEORGETOWN
01834,GEORGETOWN
01835,HAVERHILL
01840,LAWRENCE
01841,LAWRENCE
01842,LAWRENCE
01843,LAWRENCE
01844,LAWRENCE
01845,LAWRENCE
01850,DRACUT
01851,LOWELL
01852,LOWELL
01853,LOWELL
01854,LOWELL
01860,MERRIMAC
01862,NORTH BILLERICA
01863,NORTH CHELMSFORD
01864,NORTH READING
01865,NUTTING LAKE
01866,PINEHURST
01867,READING
01876,TEWKSBURY
01879,TYNGSBORO
01880,WAKEFIELD
01885,WEST BOXFORD
01886,WESTFORD
01887,WILMINGTON
01888,WOBURN
01890,WINCHESTER
01901,LYNN
01902,LYNN
01903,LYNN
01904,LYNN
01905,LYNN
01906,SAUGUS
01907,SWAMPSCOTT
01908,LYNN
01913,AMESBURY
01915,BEVERLY
01921,BOXFORD
01922,BYFIELD
01923,DANVERS
01929,ESSEX
01930,GLOUCESTER
01931,GLOUCESTER
01936,HAMILTON
01937,HATHORNE
01938,IPSWICH
01940,LYNNFIELD
01944,MANCHESTER
01945,MARBLEHEAD
01949,MIDDLETON
01950,NEWBURYPORT
01951,NEWBURYPORT
01952,SALISBURY
01960,PEABODY
01961,PEABODY
01965,PRIDES CROSSING
01966,ROCKPORT
01969,ROWLEY
01970,SALEM
01971,SALEM
01982,SOUTH HAMILTON
01983,TOPSFIELD
01984,SOUTH HAMILTON
01985,WEST NEWBURY
02018,HINGHAM
02019,BELLINGHAM
02020,OCEAN BLUFF
02021,CANTON
02025,COHASSET
02026,DEDHAM
02027,DEDHAM
02030,DOVER
02032,EAST WALPOLE
02035,FOXBORO
02038,FRANKLIN
02040,SCITUATE
02041,GREEN HARBOR
02043,HINGHAM
02045,HULL
02047,HUMAROCK
02048,MANSFIELD
02050,MARSHFIELD
02051,MARSHFIELD HILLS
02052,MEDFIELD
02053,MEDWAY
02054,MILLIS
02056,MILLIS
02059,NORTH MARSHFIELD
02060,SCITUATE
02061,NORWELL
02062,NORWOOD
02065,OCEAN BLUFF
02066,SCITUATE
02067,SHARON
02070,WRENTHAM
02071,SOUTH WALPOLE
02072,STOUGHTON
02081,FOXBORO
02090,WESTWOOD
02093,WRENTHAM
02108,BOSTON
02109,BOSTON
02110,BOSTON
02111,BOSTON
02112,BOSTON
02113,BOSTON
02114,BOSTON
02115,BOSTON
02116,BOSTON
02117,BOSTON
02118,BOSTON
02119,ROXBURY
02120,ROXBURY
02121,DORCHESTER
02122,DORCHESTER
02123,BOSTON
02124,DORCHESTER CENTER
02125,ROXBURY
02126,MATTAPAN
02127,SOUTH BOSTON
02128,EAST BOSTON
02129,CHELSEA
02130,JAMAICA PLAIN
02131,ROSLINDALE
02132,WEST ROXBURY
02133,BOSTON
02134,BRIGHTON
02135,BRIGHTON
02136,HYDE PARK
02137,HYDE PARK
02138,SOMERVILLE
02139,CAMBRIDGE
02140,CAMBRIDGE
02141,CAMBRIDGE
02142,CAMBRIDGE
02143,CHELSEA
02144,SOMERVILLE
02145,SOMERVILLE
02148,MALDEN
02149,EVERETT
02150,CHELSEA
02151,REVERE
02152,WINTHROP
02153,MEDFORD
02155,MEDFORD
02156,MEDFORD
02163,CAMBRIDGE
02169,QUINCY
02170,QUINCY
02171,QUINCY
02176,MELROSE
02180,STONEHAM
02184,BRAINTREE
02185,BRAINTREE
02186,MILTON
02187,MILTON
02188,WEYMOUTH
02189,EAST WEYMOUTH
02190,SOUTH WEYMOUTH
02191,NORTH WEYMOUTH
02196,BOSTON
02199,BOSTON
02203,BOSTON
02205,BOSTON
02210,BOSTON
02215,BOSTON
02222,BOSTON
02238,CAMBRIDGE
02269,QUINCY
02283,BOSTON
02284,BOSTON
02298,BOSTON
02301,BROCKTON
02302,BROCKTON
02303,BROCKTON
02304,BROCKTON
02305,BROCKTON
02322,AVON
02324,BRIDGEWATER
02327,BRYANTVILLE
02330,CARVER
02331,DUXBURY
02332,DUXBURY
02333,EAST BRIDGEWATER
02334,EASTON
02337,ELMWOOD
02338,HALIFAX
02339,HANOVER
02341,HANSON
02343,HOLBROOK
02345,MANOMET
02346,MIDDLEBORO
02347,LAKEVILLE
02350,MONPONSETT
02351,ABINGTON
02355,NORTH CARVER
02356,NORTH EASTON
02358,NORTH PEMBROKE
02359,PEMBROKE
02360,PLYMOUTH
02361,PLYMOUTH
02362,PLYMOUTH
02364,KINGSTON
02366,SOUTH CARVER
02367,CARVER
02368,RANDOLPH
02370,ROCKLAND
02375,SOUTH EASTON
02379,EAST BRIDGEWATER
02381,WHITE HORSE BEACH
02382,WHITMAN
02420,LEXINGTON
02421,LEXINGTON
02445,BROOKLINE
02446,BROOKLINE
02447,BROOKLINE
02451,WALTHAM
02452,WALTHAM
02453,WALTHAM
02454,WALTHAM
02455,WALTHAM
02456,WATERTOWN
02457,WELLESLEY HILLS
02458,NEWTONVILLE
02459,NEWTON CENTER
02460,NEWTONVILLE
02461,NEWTON HIGHLANDS
02462,NEWTON LOWER FALLS
02464,NEWTON CENTER
02465,WEST NEWTON
02466,AUBURNDALE
02467,CHESTNUT HILL
02468,WABAN
02471,WATERTOWN
02472,WALTHAM
02474,ARLINGTON
02475,ARLINGTON
02476,ARLINGTON
02478,BELMONT
02479,BELMONT
02481,WELLESLEY HILLS
02482,WELLESLEY
02492,NEEDHAM
02493,WESTON
02494,NEEDHAM
02495,NEWTON
02532,BUZZARDS BAY
02534,CATAUMET
02535,CHILMARK
02536,EAST FALMOUTH
02537,EAST SANDWICH
02538,EAST WAREHAM
02539,EDGARTOWN
02540,FALMOUTH
02541,FALMOUTH
02542,BUZZARDS BAY
02543,FALMOUTH
02552,CHILMARK
02553,MONUMENT BEACH
02554,NANTUCKET
02556,NORTH FALMOUTH
02557,OAK BLUFFS
02558,ONSET
02559,POCASSET
02561,SAGAMORE
02562,SAGAMORE BEACH
02563,SANDWICH
02564,SIASCONSET
02568,VINEYARD HAVEN
02571,WAREHAM
02574,WEST FALMOUTH
02575,WEST TISBURY
02576,WEST WAREHAM
02584,NANTUCKET
02601,HYANNIS
02630,BARNSTABLE
02631,BREWSTER
02632,CENTERVILLE
02633,CHATHAM
02634,CENTERVILLE
02635,COTUIT
02637,CUMMAQUID
02638,DENNIS
02639,DENNIS PORT
02641,EAST DENNIS
02642,EASTHAM
02643,EAST ORLEANS
02644,FORESTDALE
02645,HARWICH
02646,HARWICH PORT
02647,HYANNIS PORT
02648,MARSTONS MILLS
02649,MASHPEE
02650,NORTH CHATHAM
02651,NORTH EASTHAM
02652,NORTH TRURO
02653,ORLEANS
02655,OSTERVILLE
02657,PROVINCETOWN
02659,SOUTH CHATHAM
02660,SOUTH DENNIS
02661,SOUTH HARWICH
02662,SOUTH ORLEANS
02663,SOUTH WELLFLEET
02664,SOUTH YARMOUTH
02666,TRURO
02667,WELLFLEET
02668,WEST BARNSTABLE
02669,WEST CHATHAM
02670,WEST DENNIS
02671,WEST HARWICH
02672,WEST HYANNISPORT
02673,SOUTH YARMOUTH
02675,SOUTH YARMOUTH
02702,ASSONET
02703,ATTLEBORO
02712,CHARTLEY
02713,CUTTYHUNK
02715,DIGHTON
02717,EAST FREETOWN
02718,EAST TAUNTON
02719,FAIRHAVEN
02720,FALL RIVER
02721,FALL RIVER
02722,FALL RIVER
02723,FALL RIVER
02724,FALL RIVER
02725,SOMERSET
02726,SOMERSET
02738,MARION
02739,MATTAPOISETT
02740,NEW BEDFORD
02741,NEW BEDFORD
02742,NEW BEDFORD
02743,ACUSHNET
02744,NEW BEDFORD
02745,NEW BEDFORD
02746,NEW BEDFORD
02747,NORTH DARTMOUTH
02748,SOUTH DARTMOUTH
02760,ATTLEBORO FALLS
02761,NORTH ATTLEBORO
02762,NORTH ATTLEBORO
02763,ATTLEBORO FALLS
02764,NORTH DIGHTON
02766,NORTON
02767,RAYNHAM
02768,RAYNHAM CENTER
02769,REHOBOTH
02770,ROCHESTER
02771,SEEKONK
02777,SWANSEA
02779,TAUNTON
02780,TAUNTON
02790,WESTPORT
02791,WESTPORT POINT
02801,ADAMSVILLE
02802,ALBION
02804,ASHAWAY
02806,BARRINGTON
02807,BLOCK ISLAND
02808,BRADFORD
02809,BRISTOL
02812,CAROLINA
02813,CHARLESTOWN
02814,CHEPACHET
02816,COVENTRY
02817,COVENTRY
02818,EAST GREENWICH
02822,EXETER
02823,FISKEVILLE
02824,FORESTDALE
02825,FOSTER
02826,GLENDALE
02827,COVENTRY
02828,GREENVILLE
02829,HARMONY
02830,HARRISVILLE
02831,HOPE
02832,HOPE VALLEY
02833,HOPKINTON
02835,JAMESTOWN
02837,LITTLE COMPTON
02838,MANVILLE
02839,HARRISVILLE
02840,NEWPORT
02841,NEWPORT
02842,MIDDLETOWN
02852,NORTH KINGSTOWN
02857,NORTH SCITUATE
02859,PASCOAG
02860,PAWTUCKET
02861,PAWTUCKET
02862,PAWTUCKET
02863,CENTRAL FALLS
02864,CUMBERLAND
02865,CUMBERLAND
02871,PORTSMOUTH
02872,PRUDENCE ISLAND
02873,ROCKVILLE
02874,NORTH KINGSTOWN
02875,SHANNOCK
02876,SLATERSVILLE
02877,EXETER
02878,TIVERTON
02879,WAKEFIELD
02880,WAKEFIELD
02881,KINGSTON
02882,NARRAGANSETT
02883,WAKEFIELD
02885,WARREN
02886,WARWICK
02887,WARWICK
02888,WARWICK
02889,WARWICK
02891,WESTERLY
02892,WEST KINGSTON
02893,WEST WARWICK
02894,HOPE VALLEY
02895,WOONSOCKET
02896,WOONSOCKET
02898,WYOMING
02901,PROVIDENCE
02903,PROVIDENCE
02904,PROVIDENCE
02905,PROVIDENCE
02906,PROVIDENCE
02907,PROVIDENCE
02908,PROVIDENCE
02909,PROVIDENCE
02910,CRANSTON
02911,NORTH PROVIDENCE
02914,SEEKONK
02915,RIVERSIDE
02916,RUMFORD
02917,SMITHFIELD
02919,JOHNSTON
02920,CRANSTON
02921,JOHNSTON
02940,PROVIDENCE
03031,AMHERST
03032,AUBURN
03033,BROOKLINE
03034,CANDIA
03036,CHESTER
03037,DEERFIELD
03038,DERRY
03040,CANDIA
03041,EAST DERRY
03042,EPPING
03043,FRANCESTOWN
03044,FREMONT
03045,GOFFSTOWN
03046,GOFFSTOWN
03047,GREENFIELD
03048,GREENVILLE
03049,HOLLIS
03051,HUDSON
03052,HUDSON
03053,LONDONDERRY
03054,MERRIMACK
03055,MILFORD
03057,MONT VERNON
03060,NASHUA
03061,NASHUA
03062,HUDSON
03063,NASHUA
03064,NASHUA
03070,NEW BOSTON
03071,NEW IPSWICH
03073,NORTH SALEM
03076,HUDSON
03077,RAYMOND
03079,SALEM
03082,LYNDEBOROUGH
03084,GREENVILLE
03086,WILTON
03087,SALEM
03101,MANCHESTER
03102,GOFFSTOWN
03103,MANCHESTER
03104,MANCHESTER
03105,MANCHESTER
03106,HOOKSETT
03108,MANCHESTER
03109,MANCHESTER
03110,BEDFORD
03215,WATERVILLE VALLEY
03216,ANDOVER
03217,ASHLAND
03218,CENTER BARNSTEAD
03220,BELMONT
03221,BRADFORD
03222,BRISTOL
03223,CAMPTON
03224,CANTERBURY
03225,CENTER BARNSTEAD
03226,CENTER HARBOR
03227,CENTER SANDWICH
03229,CONTOOCOOK
03230,DANBURY
03231,EAST ANDOVER
03233,ELKINS
03234,EPSOM
03235,FRANKLIN
03237,BELMONT
03238,GLENCLIFF
03240,GRAFTON
03241,HEBRON
03242,HENNIKER
03243,HILL
03244,HILLSBOROUGH
03245,HOLDERNESS
03246,LACONIA
03247,GILFORD
03249,LACONIA
03251,LINCOLN
03252,LOCHMERE
03253,MEREDITH
03254,MOULTONBOROUGH
03255,NEWBURY
03256,NEW HAMPTON
03257,NEW LONDON
03258,EPSOM
03259,NORTH SANDWICH
03260,NORTH SUTTON
03261,NORTHWOOD
03262,NORTH WOODSTOCK
03263,PITTSFIELD
03264,PLYMOUTH
03266,RUMNEY
03268,SALISBURY
03269,SANBORNTON
03272,NEWBURY
03273,SOUTH SUTTON
03275,PEMBROKE
03276,TILTON
03278,WARNER
03279,WARREN
03280,WASHINGTON
03281,WEARE
03282,WENTWORTH
03284,SPRINGFIELD
03285,CAMPTON
03287,ANDOVER
03289,WINNISQUAM
03290,NOTTINGHAM
03291,WEST NOTTINGHAM
03293,NORTH WOODSTOCK
03301,CONCORD
03302,CONCORD
03303,CONCORD
03304,CONCORD
03307,CONCORD
03431,KEENE
03440,ANTRIM
03441,ASHUELOT
03442,ANTRIM
03443,CHESTERFIELD
03444,DUBLIN
03445,SULLIVAN
03446,SWANZEY
03447,FITZWILLIAM
03448,GILSUM
03449,ANTRIM
03450,HARRISVILLE
03451,HINSDALE
03452,JAFFREY
03455,KEENE
03456,MARLOW
03457,SULLIVAN
03458,PETERBOROUGH
03461,RINDGE
03462,SPOFFORD
03464,STODDARD
03465,KEENE
03466,WEST CHESTERFIELD
03467,WESTMORELAND
03468,WEST PETERBOROUGH
03469,WEST SWANZEY
03470,WINCHESTER
03561,LITTLETON
03570,BERLIN
03574,BETHLEHEM
03576,COLEBROOK
03579,BERLIN
03580,FRANCONIA
03581,GORHAM
03582,GROVETON
03583,JEFFERSON
03584,LANCASTER
03585,LISBON
03586,LISBON
03588,BERLIN
03590,NORTH STRATFORD
03592,PITTSBURG
03595,TWIN MOUNTAIN
03597,WEST STEWARTSTOWN
03598,WHITEFIELD
03601,ACWORTH
03602,ALSTEAD
03603,CHARLESTOWN
03604,WALPOLE
03605,LEMPSTER
03607,ALSTEAD
03608,WALPOLE
03740,BATH
03741,CANAAN
03743,CLAREMONT
03745,CORNISH FLAT
03746,CORNISH FLAT
03748,ENFIELD
03749,ENFIELD CENTER
03750,ETNA
03751,GEORGES MILLS
03752,GOSHEN
03753,GRANTHAM
03754,GUILD
03755,HANOVER
03765,HAVERHILL
03766,LEBANON
03768,LYME
03769,LYME
03770,MERIDEN
03771,MONROE
03773,NEWPORT
03774,NORTH HAVERHILL
03777,ORFORD
03779,PIERMONT
03780,PIKE
03781,PLAINFIELD
03782,NEWPORT
03784,WEST LEBANON
03785,WOODSVILLE
03801,PORTSMOUTH
03802,PORTSMOUTH
03804,PORTSMOUTH
03809,ALTON
03810,ALTON
03811,ATKINSON
03812,BARTLETT
03813,CENTER CONWAY
03814,CENTER OSSIPEE
03815,STRAFFORD
03816,WOLFEBORO FALLS
03817,CHOCORUA
03818,CONWAY
03819,DANVILLE
03820,DOVER
03821,DOVER
03823,DOVER
03824,DURHAM
03825,BARRINGTON
03826,EAST HAMPSTEAD
03827,EAST KINGSTON
03830,EAST WAKEFIELD
03832,EATON CENTER
03833,EXETER
03835,FARMINGTON
03836,FREEDOM
03837,ALTON
03838,GLEN
03839,ROCHESTER
03840,GREENLAND
03841,HAMPSTEAD
03842,PORTSMOUTH
03843,HAMPTON
03844,HAMPTON FALLS
03845,INTERVALE
03846,JACKSON
03847,INTERVALE
03848,KINGSTON
03849,MADISON
03850,MELVIN VILLAGE
03851,MILTON
03852,MILTON
03853,MIRROR LAKE
03854,NEW CASTLE
03855,NEW DURHAM
03856,NEWFIELDS
03857,NEWMARKET
03858,NEWTON
03859,NEWTON JUNCTION
03860,CONWAY
03861,DURHAM
03862,NORTH HAMPTON
03864,OSSIPEE
03865,PLAISTOW
03866,ROCHESTER
03867,ROCHESTER
03868,ROCHESTER
03869,ROLLINSFORD
03870,RYE
03871,RYE BEACH
03872,SANBORNVILLE
03873,SANDOWN
03874,SEABROOK
03875,SILVER LAKE
03878,SOMERSWORTH
03882,OSSIPEE
03883,SOUTH TAMWORTH
03884,STRAFFORD
03885,STRATHAM
03886,TAMWORTH
03887,MILTON
03890,WEST OSSIPEE
03894,WOLFEBORO
03896,WOLFEBORO FALLS
03897,TAMWORTH
03901,BERWICK
03902,CAPE NEDDICK
03903,ELIOT
03904,KITTERY
03905,KITTERY POINT
03906,NORTH BERWICK
03907,OGUNQUIT
03908,SOUTH BERWICK
03909,YORK
03910,YORK BEACH
03911,YORK HARBOR
04001,ACTON
04002,ALFRED
04003,BAILEY ISLAND
04004,BAR MILLS
04005,BIDDEFORD
04006,BIDDEFORD POOL
04008,BOWDOINHAM
04009,BRIDGTON
04010,BROWNFIELD
04011,BRUNSWICK
04015,CASCO
04016,CENTER LOVELL
04017,CHEBEAGUE ISLAND
04019,CLIFF ISLAND
04020,CORNISH
04021,CUMBERLAND CENTER
04022,DENMARK
04024,EAST BALDWIN
04027,LEBANON
04028,CORNISH
04029,SEBAGO
04030,WATERBORO
04032,FREEPORT
04037,FRYEBURG
04038,GORHAM
04039,GRAY
04040,HARRISON
04041,CORNISH
04042,HOLLIS CENTER
04043,KENNEBUNK
04046,KENNEBUNKPORT
04047,PARSONSFIELD
04048,LIMERICK
04049,LIMINGTON
04050,LONG ISLAND
04051,LOVELL
04054,MOODY
04055,NAPLES
04056,NEWFIELD
04057,NORTH BRIDGTON
04061,NORTH WATERBORO
04062,WINDHAM
04063,OCEAN PARK
04064,OLD ORCHARD BEACH
04066,ORRS ISLAND
04068,PARSONSFIELD
04069,POWNAL
04070,SCARBOROUGH
04071,RAYMOND
04072,SACO
04073,SANFORD
04074,SCARBOROUGH
04076,SHAPLEIGH
04077,SOUTH CASCO
04078,SOUTH FREEPORT
04079,HARPSWELL
04082,SOUTH WINDHAM
04083,SANFORD
04084,GORHAM
04085,LIMINGTON
04086,BRUNSWICK
04087,WATERBORO
04088,WATERFORD
04090,WELLS
04091,WEST BALDWIN
04092,PORTLAND
04093,GORHAM
04094,WEST KENNEBUNK
04095,WEST NEWFIELD
04096,YARMOUTH
04097,YARMOUTH
04098,WESTBROOK
04101,PORTLAND
04102,PORTLAND
04103,PORTLAND
04104,PORTLAND
04105,FALMOUTH
04106,SCARBOROUGH
04107,PORTLAND
04108,PEAKS ISLAND
04110,PORTLAND
04112,PORTLAND
04116,SOUTH PORTLAND
04210,AUBURN
04211,AUBURN
04212,AUBURN
04216,ANDOVER
04217,BETHEL
04219,BRYANT POND
04220,BUCKFIELD
04221,CANTON
04222,LISBON
04223,DANVILLE
04224,DIXFIELD
04225,DRYDEN
04226,ANDOVER
04227,EAST DIXFIELD
04230,MINOT
04231,STONEHAM
04234,EAST WILTON
04236,GREENE
04237,HANOVER
04238,HEBRON
04239,JAY
04240,LEWISTON
04241,LEWISTON
04243,LEWISTON
04250,LISBON
04252,LISBON
04253,LIVERMORE
04254,LIVERMORE FALLS
04255,GREENWOOD
04256,MECHANIC FALLS
04257,MEXICO
04258,AUBURN
04259,MONMOUTH
04260,NEW GLOUCESTER
04261,NEWRY
04262,JAY
04263,LEEDS
04265,NORTH MONMOUTH
04266,NORTH TURNER
04267,NORTH WATERFORD
04268,NORWAY
04270,OXFORD
04271,PARIS
04274,POLAND
04275,ROXBURY
04276,RUMFORD
04280,LISBON
04281,NORWAY
04282,TURNER
04284,WAYNE
04285,WELD
04286,WEST BETHEL
04287,BOWDOINHAM
04288,MINOT
04289,WEST PARIS
04290,PERU
04291,WEST POLAND
04292,SUMNER
04294,WILTON
04330,AUGUSTA
04332,AUGUSTA
04338,AUGUSTA
04341,COOPERS MILLS
04342,DRESDEN
04343,EAST WINTHROP
04344,GARDINER
04345,GARDINER
04346,GARDINER
04347,AUGUSTA
04348,JEFFERSON
04349,KENTS HILL
04350,LITCHFIELD
04351,AUGUSTA
04352,MOUNT VERNON
04353,WHITEFIELD
04354,PALERMO
04355,READFIELD
04357,RICHMOND
04358,SOUTH CHINA
04359,SOUTH GARDINER
04360,VIENNA
04363,WINDSOR
04364,WINTHROP
04401,HAMPDEN
04402,BANGOR
04406,ABBOT
04408,AURORA
04410,BRADFORD
04411,BRADLEY
04412,BREWER
04413,BROOKTON
04414,BROWNVILLE
04415,BROWNVILLE JUNCTION
04416,BUCKSPORT
04417,BURLINGTON
04418,GREENBUSH
04419,CARMEL
04421,CASTINE
04422,CHARLESTON
04424,DANFORTH
04426,DOVER FOXCROFT
04427,CORINTH
04428,BREWER
04429,BREWER
04430,EAST MILLINOCKET
04431,EAST ORLAND
04434,CARMEL
04435,EXETER
04438,FRANKFORT
04441,GREENVILLE
04442,GREENVILLE JUNCTION
04443,DOVER FOXCROFT
04444,HAMPDEN
04448,HOWLAND
04449,HUDSON
04450,KENDUSKEAG
04451,KINGMAN
04453,LAGRANGE
04455,LEE
04456,LEVANT
04457,LINCOLN
04459,MATTAWAMKEAG
04460,MEDWAY
04461,MILFORD
04462,MILLINOCKET
04463,MILO
04464,MONSON
04468,OLD TOWN
04471,DANFORTH
04472,ORLAND
04473,ORONO
04474,BREWER
04475,PASSADUMKEAG
04476,PENOBSCOT
04478,ROCKWOOD
04479,DOVER FOXCROFT
04487,SPRINGFIELD
04488,STETSON
04489,STILLWATER
04490,TOPSFIELD
04491,VANCEBORO
04493,WEST ENFIELD
04495,WINN
04496,WINTERPORT
04497,WYTOPITLOCK
04530,BATH
04535,ALNA
04537,BOOTHBAY
04538,BOOTHBAY HARBOR
04539,BRISTOL
04541,CHAMBERLAIN
04543,DAMARISCOTTA
04544,BOOTHBAY HARBOR
04547,FRIENDSHIP
04548,GEORGETOWN
04551,BREMEN
04553,NEWCASTLE
04554,NEW HARBOR
04555,NOBLEBORO
04556,EDGECOMB
04562,BATH
04563,CUSHING
04564,ROUND POND
04565,SEBASCO ESTATES
04568,SOUTH BRISTOL
04571,BOOTHBAY HARBOR
04572,WALDOBORO
04573,WALPOLE
04574,WASHINGTON
04575,WEST BOOTHBAY HARBOR
04576,SOUTHPORT
04578,WISCASSET
04579,BATH
04605,ELLSWORTH
04606,ADDISON
04607,GOULDSBORO
04609,BAR HARBOR
04611,BEALS
04612,BERNARD
04613,BIRCH HARBOR
04614,BLUE HILL
04616,BROOKLIN
04617,BROOKSVILLE
04619,CALAIS
04622,CHERRYFIELD
04623,COLUMBIA FALLS
04624,COREA
04625,CRANBERRY ISLES
04626,CUTLER
04627,DEER ISLE
04628,DENNYSVILLE
04629,BLUE HILL
04630,EAST MACHIAS
04631,EASTPORT
04634,FRANKLIN
04635,FRENCHBORO
04640,ELLSWORTH
04643,HARRINGTON
04644,HULLS COVE
04645,ISLE AU HAUT
04646,ISLESFORD
04648,JONESBORO
04649,JONESPORT
04650,LITTLE DEER ISLE
04652,LUBEC
04653,BASS HARBOR
04654,MACHIAS
04655,MACHIASPORT
04657,MEDDYBEMPS
04658,MILBRIDGE
04660,MOUNT DESERT
04662,NORTHEAST HARBOR
04664,SULLIVAN
04666,PEMBROKE
04667,PERRY
04668,PRINCETON
04669,PROSPECT HARBOR
04671,ROBBINSTON
04672,SALSBURY COVE
04674,SEAL COVE
04675,SEAL HARBOR
04676,SEDGWICK
04677,SORRENTO
04679,SOUTHWEST HARBOR
04680,STEUBEN
04681,STONINGTON
04683,SUNSET
04684,SURRY
04685,SWANS ISLAND
04691,WHITING
04693,WINTER HARBOR
04694,BAILEYVILLE
04730,HOULTON
04732,ASHLAND
04733,BENEDICTA
04734,BLAINE
04735,BRIDGEWATER
04736,CARIBOU
04738,WASHBURN
04739,EAGLE LAKE
04740,EASTON
04742,FORT FAIRFIELD
04743,FORT KENT
04744,FORT KENT MILLS
04745,FRENCHVILLE
04746,GRAND ISLE
04747,ISLAND FALLS
04750,LIMESTONE
04756,MADAWASKA
04757,MAPLETON
04758,MARS HILL
04760,MONTICELLO
04762,NEW SWEDEN
04763,OAKFIELD
04765,PATTEN
04766,PERHAM
04768,PORTAGE
04769,PRESQUE ISLE
04772,SAINT AGATHA
04773,SAINT DAVID
04774,SAINT FRANCIS
04776,SHERMAN
04777,STACYVILLE
04779,SINCLAIR
04780,SMYRNA MILLS
04781,WALLAGRASS
04783,STOCKHOLM
04785,VAN BUREN
04786,WASHBURN
04787,WESTFIELD
04841,ROCKLAND
04843,CAMDEN
04847,CAMDEN
04848,ISLESBORO
04849,LINCOLNVILLE
04850,LINCOLNVILLE CENTER
04851,MATINICUS
04852,MONHEGAN
04853,NORTH HAVEN
04854,OWLS HEAD
04855,PORT CLYDE
04856,ROCKLAND
04858,SOUTH THOMASTON
04859,ROCKLAND
04860,TENANTS HARBOR
04861,ROCKLAND
04862,UNION
04863,VINALHAVEN
04864,WARREN
04865,WEST ROCKPORT
04901,WATERVILLE
04903,WATERVILLE
04910,ALBION
04911,ANSON
04912,ATHENS
04915,BELFAST
04917,BELGRADE
04918,BELGRADE LAKES
04920,BINGHAM
04921,BROOKS
04922,BURNHAM
04923,CAMBRIDGE
04924,CANAAN
04925,CARATUNK
04926,CHINA VILLAGE
04927,CLINTON
04928,CORINNA
04929,DETROIT
04930,DEXTER
04932,DIXMONT
04933,EAST NEWPORT
04935,EAST VASSALBORO
04936,EUSTIS
04937,FAIRFIELD
04938,FARMINGTON
04939,DEXTER
04941,FREEDOM
04942,HARMONY
04943,HARTLAND
04944,HINCKLEY
04945,JACKMAN
04947,KINGFIELD
04949,LIBERTY
04950,MADISON
04951,BROOKS
04952,MORRILL
04953,NEWPORT
04954,NEW PORTLAND
04955,NEW SHARON
04956,NEW VINEYARD
04957,NORRIDGEWOCK
04958,MADISON
04961,NEW PORTLAND
04962,NORTH VASSALBORO
04963,OAKLAND
04964,OQUOSSOC
04965,PALMYRA
04966,PHILLIPS
04967,PITTSFIELD
04969,PLYMOUTH
04970,RANGELEY
04971,SAINT ALBANS
04972,STOCKTON SPRINGS
04973,SEARSMONT
04974,SEARSPORT
04975,SHAWMUT
04976,SKOWHEGAN
04978,SMITHFIELD
04979,SOLON
04981,STOCKTON SPRINGS
04982,STRATTON
04983,STRONG
04984,TEMPLE
04985,WEST FORKS
04986,THORNDIKE
04987,TROY
04988,UNITY
04989,NORTH VASSALBORO
04992,WEST FARMINGTON
05001,WHITE RIVER JUNCTION
05030,ASCUTNEY
05031,BARNARD
05032,BETHEL
05033,BRADFORD
05034,BRIDGEWATER
05035,BRIDGEWATER CORNERS
05036,BROOKFIELD
05037,BROWNSVILLE
05038,CHELSEA
05039,CORINTH
05040,EAST CORINTH
05041,EAST RANDOLPH
05042,EAST RYEGATE
05043,EAST THETFORD
05045,FAIRLEE
05046,GROTON
05047,HARTFORD
05048,HARTLAND
05049,HARTLAND
05050,MC INDOE FALLS
05051,NEWBURY
05052,NORTH HARTLAND
05053,NORTH POMFRET
05054,NORTH THETFORD
05055,NORWICH
05056,PLYMOUTH
05058,POST MILLS
05059,QUECHEE
05060,RANDOLPH
05061,RANDOLPH
05062,READING
05065,SHARON
05067,HARTFORD
05068,SOUTH ROYALTON
05069,SOUTH RYEGATE
05070,SOUTH STRAFFORD
05071,SOUTH WOODSTOCK
05072,STRAFFORD
05073,TAFTSVILLE
05074,THETFORD
05075,THETFORD
05076,TOPSHAM
05077,TUNBRIDGE
05079,VERSHIRE
05081,WELLS RIVER
05083,THETFORD
05084,HARTFORD
05085,WEST NEWBURY
05086,WEST TOPSHAM
05088,WILDER
05089,WINDSOR
05091,WOODSTOCK
05101,BELLOWS FALLS
05141,SAXTONS RIVER
05142,CAVENDISH
05143,CHESTER
05146,GRAFTON
05148,LONDONDERRY
05149,LUDLOW
05150,NORTH SPRINGFIELD
05151,PERKINSVILLE
05152,PERU
05153,PROCTORSVILLE
05154,SAXTONS RIVER
05155,LONDONDERRY
05156,SPRINGFIELD
05158,WESTMINSTER
05159,WESTMINSTER STATION
05161,WESTON
05201,BENNINGTON
05250,ARLINGTON
05251,DORSET
05252,EAST ARLINGTON
05253,EAST DORSET
05254,MANCHESTER
05255,MANCHESTER CENTER
05257,BENNINGTON
05260,NORTH POWNAL
05261,BENNINGTON
05262,BENNINGTON
05301,BRATTLEBORO
05302,BRATTLEBORO
05303,BRATTLEBORO
05304,BRATTLEBORO
05340,BONDVILLE
05341,EAST DOVER
05342,JACKSONVILLE
05343,JAMAICA
05344,MARLBORO
05345,NEWFANE
05346,PUTNEY
05350,READSBORO
05351,WILLIAMSVILLE
05353,TOWNSHEND
05354,VERNON
05355,WARDSBORO
05356,WEST DOVER
05357,WEST DUMMERSTON
05358,WEST HALIFAX
05359,WEST TOWNSHEND
05360,WEST WARDSBORO
05361,WHITINGHAM
05362,WILLIAMSVILLE
05363,WILMINGTON
05401,BURLINGTON
05402,BURLINGTON
05403,SOUTH BURLINGTON
05404,WINOOSKI
05406,BURLINGTON
05407,SOUTH BURLINGTON
05408,BURLINGTON
05440,ALBURGH
05441,BAKERSFIELD
05443,BRISTOL
05444,CAMBRIDGE
05445,CHARLOTTE
05446,COLCHESTER
05447,ENOSBURG FALLS
05448,EAST FAIRFIELD
05449,COLCHESTER
05450,ENOSBURG FALLS
05451,ESSEX JUNCTION
05452,ESSEX JUNCTION
05453,ESSEX JUNCTION
05454,FAIRFAX
05455,FAIRFIELD
05456,FERRISBURGH
05457,FRANKLIN
05458,GRAND ISLE
05459,HIGHGATE CENTER
05460,HIGHGATE SPRINGS
05461,HINESBURG
05462,HUNTINGTON
05463,ISLE LA MOTTE
05464,JEFFERSONVILLE
05465,JERICHO
05466,JONESVILLE
05468,MILTON
05469,MONKTON
05470,MONTGOMERY
05471,MONTGOMERY
05472,NEW HAVEN
05473,CHARLOTTE
05474,NORTH HERO
05476,RICHFORD
05477,RICHMOND
05478,SAINT ALBANS
05481,SAINT ALBANS BAY
05482,SHELBURNE
05483,SHELDON SPRINGS
05485,SHELDON SPRINGS
05486,SOUTH HERO
05487,STARKSBORO
05488,SWANTON
05489,UNDERHILL
05490,UNDERHILL CENTER
05491,VERGENNES
05492,WATERVILLE
05494,WESTFORD
05495,WILLISTON
05601,MONTPELIER
05602,BERLIN
05640,ADAMANT
05641,BARRE
05647,CABOT
05648,CALAIS
05649,EAST BARRE
05650,EAST CALAIS
05651,EAST MONTPELIER
05652,EDEN
05653,EDEN
05654,GRANITEVILLE
05655,HYDE PARK
05656,JOHNSON
05657,LAKE ELMORE
05658,MARSHFIELD
05660,MORETOWN
05661,MORRISVILLE
05662,STOWE
05663,NORTHFIELD
05664,NORTHFIELD FALLS
05665,NORTH HYDE PARK
05666,PLAINFIELD
05667,PLAINFIELD
05669,NORTHFIELD
05670,SOUTH BARRE
05672,STOWE
05673,WAITSFIELD
05674,WARREN
05675,WASHINGTON
05676,WATERBURY
05677,WATERBURY CENTER
05678,WEBSTERVILLE
05679,WILLIAMSTOWN
05680,WOLCOTT
05681,WOODBURY
05682,WORCESTER
05701,RUTLAND
05702,RUTLAND
05730,BELMONT
05731,FAIR HAVEN
05732,BOMOSEEN
05733,BRANDON
05734,BRIDPORT
05735,CASTLETON
05736,WEST RUTLAND
05737,CHITTENDEN
05738,CUTTINGSVILLE
05739,DANBY
05740,EAST MIDDLEBURY
05741,POULTNEY
05742,EAST WALLINGFORD
05743,FAIR HAVEN
05744,FLORENCE
05745,FOREST DALE
05746,GAYSVILLE
05747,GRANVILLE
05748,HANCOCK
05750,HYDEVILLE
05751,KILLINGTON
05753,MIDDLEBURY
05757,MIDDLETOWN SPRINGS
05758,MOUNT HOLLY
05759,NORTH CLARENDON
05760,ORWELL
05761,PAWLET
05762,PITTSFIELD
05763,PITTSFORD
05764,FAIR HAVEN
05765,PROCTOR
05766,RIPTON
05767,ROCHESTER
05768,RUPERT
05769,SALISBURY
05770,SHOREHAM
05772,STOCKBRIDGE
05773,WALLINGFORD
05774,WELLS
05775,WEST PAWLET
05776,WEST RUPERT
05777,WEST RUTLAND
05778,WHITING
05819,SAINT JOHNSBURY
05820,ALBANY
05821,BARNET
05822,BARTON
05823,BEEBE PLAIN
05824,CONCORD
05825,COVENTRY
05826,CRAFTSBURY
05827,CRAFTSBURY
05828,DANVILLE
05829,DERBY
05830,DERBY LINE
05832,EAST BURKE
05833,EAST CHARLESTON
05836,EAST HARDWICK
05837,EAST HAVEN
05838,EAST SAINT JOHNSBURY
05839,BARTON
05841,GREENSBORO
05842,GREENSBORO BEND
05843,HARDWICK
05845,IRASBURG
05846,ISLAND POND
05847,LOWELL
05848,LOWER WATERFORD
05849,LYNDON
05850,LYNDON CENTER
05851,LYNDONVILLE
05853,MORGAN
05855,NEWPORT
05857,NEWPORT CENTER
05858,NORTH CONCORD
05859,NORTH TROY
05860,ORLEANS
05861,PASSUMPSIC
05862,PEACHAM
05863,SAINT JOHNSBURY CENTER
05866,SHEFFIELD
05867,WEST BURKE
05868,TROY
05871,WEST BURKE
05872,NEWPORT
05873,WEST DANVILLE
05902,BEECHER FALLS
05903,CANAAN
05904,GILMAN
05905,GUILDHALL
05906,LUNENBURG
05907,NORTON
06001,AVON
06002,BLOOMFIELD
06010,BRISTOL
06011,BRISTOL
06013,BURLINGTON
06016,BROAD BROOK
06018,CANAAN
06019,CANTON
06020,CANTON CENTER
06021,COLEBROOK
06022,COLLINSVILLE
06023,EAST BERLIN
06024,EAST CANAAN
06025,EAST GLASTONBURY
06026,EAST GRANBY
06027,EAST HARTLAND
06028,EAST WINDSOR HILL
06029,ELLINGTON
06031,FALLS VILLAGE
06032,FARMINGTON
06033,GLASTONBURY
06034,FARMINGTON
06035,GRANBY
06037,BERLIN
06039,LAKEVILLE
06040,MANCHESTER
06042,MANCHESTER
06043,BOLTON
06045,MANCHESTER
06050,NEW BRITAIN
06051,NEW BRITAIN
06052,NEW BRITAIN
06053,NEW BRITAIN
06057,NEW HARTFORD
06058,NORFOLK
06059,NORTH CANTON
06060,GRANBY
06061,PINE MEADOW
06062,PLAINVILLE
06063,BARKHAMSTED
06064,POQUONOCK
06065,RIVERTON
06066,VERNON ROCKVILLE
06067,ROCKY HILL
06068,SALISBURY
06069,SHARON
06070,SIMSBURY
06071,SOMERS
06072,SOMERSVILLE
06073,SOUTH GLASTONBURY
06074,SOUTH WINDSOR
06075,STAFFORD SPRINGS
06076,STAFFORD SPRINGS
06077,STAFFORDVILLE
06078,SUFFIELD
06079,TACONIC
06081,SIMSBURY
06082,ENFIELD
06083,ENFIELD
06084,TOLLAND
06085,BURLINGTON
06088,EAST WINDSOR
06089,WEATOGUE
06090,GRANBY
06092,WEST SIMSBURY
06093,SUFFIELD
06095,WINDSOR
06096,WINDSOR LOCKS
06098,WINSTED
06102,HARTFORD
06103,HARTFORD
06104,HARTFORD
06105,WEST HARTFORD
06106,HARTFORD
06107,WEST HARTFORD
06108,HARTFORD
06109,HARTFORD
06110,WEST HARTFORD
06111,NEWINGTON
06112,HARTFORD
06114,HARTFORD
06115,HARTFORD
06117,WEST HARTFORD
06118,EAST HARTFORD
06119,WEST HARTFORD
06120,HARTFORD
06123,HARTFORD
06126,HARTFORD
06127,WEST HARTFORD
06128,EAST HARTFORD
06129,WETHERSFIELD
06131,NEWINGTON
06132,HARTFORD
06133,WEST HARTFORD
06134,HARTFORD
06137,WEST HARTFORD
06138,EAST HARTFORD
06140,HARTFORD
06141,HARTFORD
06142,HARTFORD
06143,HARTFORD
06144,HARTFORD
06145,HARTFORD
06146,HARTFORD
06147,HARTFORD
06199,HARTFORD
06226,WILLIMANTIC
06231,AMSTON
06232,ANDOVER
06233,BALLOUVILLE
06234,BROOKLYN
06235,CHAPLIN
06237,COLUMBIA
06238,COVENTRY
06239,DANIELSON
06241,DANIELSON
06242,CHAPLIN
06243,EAST KILLINGLY
06244,EAST WOODSTOCK
06246,NORTH GROSVENORDALE
06247,BROOKLYN
06248,HEBRON
06249,LEBANON
06250,MANSFIELD CENTER
06251,STORRS MANSFIELD
06254,NORTH FRANKLIN
06255,NORTH GROSVENORDALE
06256,CHAPLIN
06258,POMFRET
06259,POMFRET CENTER
06260,PUTNAM
06262,QUINEBAUG
06263,ROGERS
06264,SCOTLAND
06266,SOUTH WINDHAM
06267,WOODSTOCK
06268,STORRS MANSFIELD
06277,PUTNAM
06278,ASHFORD
06279,TOLLAND
06280,WILLIMANTIC
06281,WOODSTOCK
06282,WOODSTOCK
06320,NEW LONDON
06330,BALTIC
06331,CANTERBURY
06332,CENTRAL VILLAGE
06333,EAST LYME
06334,BOZRAH
06335,GALES FERRY
06336,GILMAN
06338,MASHANTUCKET
06339,LEDYARD
06340,GROTON
06349,GROTON
06350,HANOVER
06351,JEWETT CITY
06353,MONTVILLE
06354,MOOSUP
06355,MYSTIC
06357,NIANTIC
06359,NORTH STONINGTON
06360,NORWICH
06365,NORWICH
06370,OAKDALE
06371,OLD LYME
06372,OLD MYSTIC
06373,ONECO
06374,PLAINFIELD
06375,QUAKER HILL
06376,SOUTH LYME
06377,MOOSUP
06378,PAWCATUCK
06379,PAWCATUCK
06380,TAFTVILLE
06382,UNCASVILLE
06383,VERSAILLES
06384,VOLUNTOWN
06385,WATERFORD
06387,WAUREGAN
06388,WEST MYSTIC
06389,BOZRAH
06390,FISHERS ISLAND
06401,ANSONIA
06403,BEACON FALLS
06404,BOTSFORD
06405,BRANFORD
06409,CENTERBROOK
06410,CHESHIRE
06412,CHESTER
06413,CLINTON
06414,COBALT
06415,COLCHESTER
06416,CROMWELL
06417,DEEP RIVER
06418,DERBY
06419,DEEP RIVER
06420,COLCHESTER
06422,DURHAM
06423,EAST HADDAM
06424,EAST HAMPTON
06426,ESSEX
06437,GUILFORD
06438,HADDAM
06439,HADLYME
06440,HAWLEYVILLE
06441,HIGGANUM
06442,IVORYTON
06443,MADISON
06444,MARION
06447,MARLBOROUGH
06450,MERIDEN
06451,WALLINGFORD
06455,MIDDLEFIELD
06456,MIDDLE HADDAM
06457,MIDDLETOWN
06460,MILFORD
06461,MILFORD
06467,MILLDALE
06468,MONROE
06469,MOODUS
06470,NEWTOWN
06471,NORTH BRANFORD
06472,NORTHFORD
06473,NORTH HAVEN
06475,OLD SAYBROOK
06477,MILFORD
06478,SEYMOUR
06479,PLANTSVILLE
06480,PORTLAND
06481,MIDDLEFIELD
06482,NEWTOWN
06483,SEYMOUR
06484,SHELTON
06487,SOUTHBURY
06488,SOUTHBURY
06489,SOUTHINGTON
06491,MONROE
06492,WALLINGFORD
06498,WESTBROOK
06501,NEW HAVEN
06502,NEW HAVEN
06503,NEW HAVEN
06504,NEW HAVEN
06505,NEW HAVEN
06506,NEW HAVEN
06507,NEW HAVEN
06508,NEW HAVEN
06509,NEW HAVEN
06510,NEW HAVEN
06511,NEW HAVEN
06512,NEW HAVEN
06513,NEW HAVEN
06514,HAMDEN
06515,NEW HAVEN
06516,WEST HAVEN
06517,NEW HAVEN
06518,HAMDEN
06519,NEW HAVEN
06520,NEW HAVEN
06521,NEW HAVEN
06524,NEW HAVEN
06525,NEW HAVEN
06530,NEW HAVEN
06531,NEW HAVEN
06532,NEW HAVEN
06533,NEW HAVEN
06534,NEW HAVEN
06535,NEW HAVEN
06536,NEW HAVEN
06601,BRIDGEPORT
06604,BRIDGEPORT
06605,BRIDGEPORT
06606,BRIDGEPORT
06607,BRIDGEPORT
06608,BRIDGEPORT
06610,BRIDGEPORT
06611,MONROE
06612,EASTON
06614,STRATFORD
06615,STRATFORD
06702,WATERBURY
06703,WATERBURY
06704,WATERBURY
06705,WATERBURY
06706,WATERBURY
06708,WATERBURY
06710,WATERBURY
06712,PROSPECT
06716,WATERBURY
06720,WATERBURY
06721,WATERBURY
06722,WATERBURY
06723,WATERBURY
06724,WATERBURY
06725,WATERBURY
06726,WATERBURY
06750,BANTAM
06751,BETHLEHEM
06752,BRIDGEWATER
06753,CORNWALL
06754,CORNWALL BRIDGE
06755,GAYLORDSVILLE
06756,GOSHEN
06757,KENT
06758,THOMASTON
06759,LITCHFIELD
06762,MIDDLEBURY
06763,THOMASTON
06770,NAUGATUCK
06776,NEW MILFORD
06777,WASHINGTON DEPOT
06778,THOMASTON
06779,OAKVILLE
06781,PEQUABUCK
06782,PLYMOUTH
06783,ROXBURY
06784,SHERMAN
06785,KENT
06786,TERRYVILLE
06787,THOMASTON
06790,TORRINGTON
06791,HARWINTON
06793,WASHINGTON DEPOT
06794,WASHINGTON DEPOT
06795,WATERTOWN
06796,WEST CORNWALL
06798,WOODBURY
06801,BETHEL
06804,BROOKFIELD
06807,COS COB
06810,DANBURY
06811,DANBURY
06812,DANBURY
06813,DANBURY
06820,DARIEN
06824,FAIRFIELD
06825,FAIRFIELD
06829,GEORGETOWN
06830,GREENWICH
06831,GREENWICH
06836,GREENWICH
06838,GREENS FARMS
06840,NEW CANAAN
06850,NORWALK
06851,NORWALK
06852,NORWALK
06853,NORWALK
06854,NORWALK
06855,NORWALK
06856,NORWALK
06870,OLD GREENWICH
06875,REDDING CENTER
06876,REDDING RIDGE
06877,DANBURY
06878,OLD GREENWICH
06880,NORWALK
06881,WESTPORT
06883,WESTON
06890,SOUTHPORT
06896,REDDING
06897,WILTON
06901,STAMFORD
06902,STAMFORD
06903,STAMFORD
06904,STAMFORD
06905,STAMFORD
06906,STAMFORD
06907,STAMFORD
06911,STAMFORD
06912,STAMFORD
07001,AVENEL
07002,BAYONNE
07003,BLOOMFIELD
07004,FAIRFIELD
07005,BOONTON
07006,CALDWELL
07007,CALDWELL
07008,CARTERET
07009,CEDAR GROVE
07010,CLIFFSIDE PARK
07011,CLIFTON
07012,CLIFTON
07013,CLIFTON
07014,CLIFTON
07015,CLIFTON
07016,CRANFORD
07017,EAST ORANGE
07018,EAST ORANGE
07019,EAST ORANGE
07020,EDGEWATER
07021,ESSEX FELLS
07022,CLIFFSIDE PARK
07023,FANWOOD
07024,FORT LEE
07026,GARFIELD
07027,CRANFORD
07028,GLEN RIDGE
07029,HARRISON
07030,HOBOKEN
07031,KEARNY
07032,KEARNY
07033,KENILWORTH
07034,LAKE HIAWATHA
07035,LINCOLN PARK
07036,LINDEN
07039,LIVINGSTON
07040,MAPLEWOOD
07041,MILLBURN
07042,MONTCLAIR
07043,MONTCLAIR
07044,MONTCLAIR
07045,MONTVILLE
07046,MOUNTAIN LAKES
07047,NORTH BERGEN
07050,ORANGE
07051,ORANGE
07052,ORANGE
07054,PARSIPPANY
07055,PASSAIC
07057,PASSAIC
07058,MONTVILLE
07059,WARREN
07060,PLAINFIELD
07061,PLAINFIELD
07062,PLAINFIELD
07063,PLAINFIELD
07064,PORT READING
07065,RAHWAY
07066,CLARK
07067,COLONIA
07068,ROSELAND
07069,PLAINFIELD
07070,RUTHERFORD
07071,LYNDHURST
07072,CARLSTADT
07073,EAST RUTHERFORD
07074,WOOD RIDGE
07075,WOOD RIDGE
07076,SCOTCH PLAINS
07077,SEWAREN
07078,SHORT HILLS
07079,SOUTH ORANGE
07080,SOUTH PLAINFIELD
07081,SPRINGFIELD
07082,MONTVILLE
07083,UNION
07086,UNION CITY
07087,UNION CITY
07088,UNION
07090,WESTFIELD
07091,WESTFIELD
07092,MOUNTAINSIDE
07093,WEST NEW YORK
07094,SECAUCUS
07095,WOODBRIDGE
07096,SECAUCUS
07101,NEWARK
07102,NEWARK
07103,NEWARK
07104,BELLEVILLE
07105,NEWARK
07106,NEWARK
07107,NEWARK
07108,NEWARK
07109,BELLEVILLE
07110,BELLEVILLE
07111,NEWARK
07112,NEWARK
07114,NEWARK
07201,ELIZABETH
07202,ELIZABETH
07203,ROSELLE
07204,ELIZABETH
07205,ELIZABETH
07206,ELIZABETH
07207,ELIZABETH
07208,ELIZABETH
07302,JERSEY CITY
07303,JERSEY CITY
07304,JERSEY CITY
07305,JERSEY CITY
07306,JERSEY CITY
07307,JERSEY CITY
07308,JERSEY CITY
07310,JERSEY CITY
07311,JERSEY CITY
07401,ALLENDALE
07403,BLOOMINGDALE
07405,BUTLER
07407,ELMWOOD PARK
07410,FAIR LAWN
07416,FRANKLIN
07417,FRANKLIN LAKES
07418,GLENWOOD
07419,HAMBURG
07420,HASKELL
07421,HEWITT
07422,HIGHLAND LAKES
07423,HO HO KUS
07424,LITTLE FALLS
07428,MC AFEE
07430,MAHWAH
07432,MIDLAND PARK
07435,NEWFOUNDLAND
07436,OAKLAND
07438,OAK RIDGE
07439,FRANKLIN
07440,PEQUANNOCK
07442,POMPTON LAKES
07444,POMPTON PLAINS
07446,RAMSEY
07450,RIDGEWOOD
07451,RIDGEWOOD
07452,GLEN ROCK
07456,RINGWOOD
07457,RIVERDALE
07458,SADDLE RIVER
07460,OAK RIDGE
07461,SUSSEX
07462,VERNON
07463,WALDWICK
07465,WANAQUE
07470,WAYNE
07474,WAYNE
07480,WEST MILFORD
07481,WYCKOFF
07495,MAHWAH
07501,PATERSON
07502,TOTOWA
07503,PATERSON
07504,PATERSON
07505,PATERSON
07506,HAWTHORNE
07507,HAWTHORNE
07508,HALEDON
07509,PATERSON
07511,TOTOWA
07512,TOTOWA
07513,PATERSON
07514,PATERSON
07522,PATERSON
07524,PATERSON
07533,PATERSON
07538,HALEDON
07543,PATERSON
07544,PATERSON
07601,SOUTH HACKENSACK
07602,HACKENSACK
07603,BOGOTA
07604,HASBROUCK HEIGHTS
07605,LEONIA
07606,SOUTH HACKENSACK
07607,MAYWOOD
07608,SOUTH HACKENSACK
07620,ALPINE
07621,BERGENFIELD
07624,CLOSTER
07626,CRESSKILL
07627,DEMAREST
07628,DUMONT
07630,EMERSON
07631,ENGLEWOOD
07632,ENGLEWOOD
07640,HARRINGTON PARK
07641,CLOSTER
07642,HILLSDALE
07643,LITTLE FERRY
07644,LODI
07645,MONTVALE
07646,BERGENFIELD
07647,NORTHVALE
07648,NORWOOD
07649,ORADELL
07650,PALISADES PARK
07652,PARAMUS
07653,PARAMUS
07656,PARK RIDGE
07657,RIDGEFIELD
07660,RIDGEFIELD PARK
07661,RIVER EDGE
07662,ROCHELLE PARK
07663,SADDLE BROOK
07666,TEANECK
07670,TENAFLY
07675,RIVER VALE
07676,TOWNSHIP OF WASHINGTON
07677,WESTWOOD
07701,RED BANK
07702,RED BANK
07704,FAIR HAVEN
07710,ADELPHIA
07711,ALLENHURST
07712,ASBURY PARK
07716,ATLANTIC HIGHLANDS
07717,AVON BY THE SEA
07718,BELFORD
07719,BELMAR
07720,BRADLEY BEACH
07721,CLIFFWOOD
07722,COLTS NECK
07723,ASBURY PARK
07724,EATONTOWN
07726,MANALAPAN
07727,FARMINGDALE
07728,FREEHOLD
07730,HAZLET
07731,HOWELL
07732,HIGHLANDS
07733,HOLMDEL
07734,KEANSBURG
07735,KEYPORT
07737,BELFORD
07738,LINCROFT
07739,LITTLE SILVER
07740,LONG BRANCH
07746,FREEHOLD
07747,MATAWAN
07748,MIDDLETOWN
07750,MONMOUTH BEACH
07751,MANALAPAN
07752,NAVESINK
07753,NEPTUNE
07754,NEPTUNE
07755,OAKHURST
07756,NEPTUNE
07757,OCEANPORT
07758,BELFORD
07760,RUMSON
07762,SPRING LAKE
07763,TENNENT
07764,EATONTOWN
07765,WICKATUNK
07801,DOVER
07802,DOVER
07803,DOVER
07820,ALLAMUCHY
07821,ANDOVER
07822,AUGUSTA
07823,BELVIDERE
07825,BLAIRSTOWN
07826,BRANCHVILLE
07827,BRANCHVILLE
07828,BUDD LAKE
07830,CALIFON
07831,WASHINGTON
07832,COLUMBIA
07833,DELAWARE
07834,DENVILLE
07836,FLANDERS
07837,GLASSER
07838,GREAT MEADOWS
07839,GREENDELL
07840,HACKETTSTOWN
07842,HIBERNIA
07843,HOPATCONG
07844,HOPE
07845,IRONIA
07846,GREENDELL
07847,KENVIL
07848,AUGUSTA
07849,LAKE HOPATCONG
07850,HOPATCONG
07851,LAYTON
07852,LEDGEWOOD
07853,LONG VALLEY
07855,MIDDLEVILLE
07856,MOUNT ARLINGTON
07857,NETCONG
07860,NEWTON
07863,OXFORD
07865,HACKETTSTOWN
07866,DOVER
07869,DOVER
07870,SCHOOLEYS MOUNTAIN
07871,SPARTA
07874,STANHOPE
07875,STILLWATER
07876,SUCCASUNNA
07877,SWARTSWOOD
07878,MOUNT TABOR
07879,TRANQUILITY
07880,VIENNA
07882,WASHINGTON
07885,DOVER
07901,SUMMIT
07902,SUMMIT
07920,BASKING RIDGE
07921,BEDMINSTER
07922,BERKELEY HEIGHTS
07924,BERNARDSVILLE
07926,BROOKSIDE
07927,CEDAR KNOLLS
07928,CHATHAM
07930,CHESTER
07931,BEDMINSTER
07932,FLORHAM PARK
07933,GILLETTE
07934,BEDMINSTER
07935,GREEN VILLAGE
07936,EAST HANOVER
07938,LIBERTY CORNER
07939,LYONS
07940,MADISON
07945,MENDHAM
07946,MILLINGTON
07950,MORRIS PLAINS
07960,MORRISTOWN
07961,CONVENT STATION
07962,MORRISTOWN
07963,MORRISTOWN
07970,MOUNT FREEDOM
07974,NEW PROVIDENCE
07976,NEW VERNON
07977,PEAPACK
07978,PLUCKEMIN
07979,POTTERSVILLE
07980,STIRLING
07981,MORRISTOWN
08001,ALLOWAY
08002,CHERRY HILL
08003,CHERRY HILL
08004,ATCO
08005,BARNEGAT
08006,BARNEGAT LIGHT
08007,BARRINGTON
08008,HARVEY CEDARS
08009,ATCO
08010,BEVERLY
08011,BIRMINGHAM
08012,BLACKWOOD
08014,BRIDGEPORT
08015,BROWNS MILLS
08016,BURLINGTON
08018,CEDAR BROOK
08019,CHATSWORTH
08020,CLARKSBORO
08021,CLEMENTON
08022,BURLINGTON
08023,DEEPWATER
08025,MULLICA HILL
08026,GIBBSBORO
08027,GIBBSTOWN
08028,GLASSBORO
08029,DEPTFORD
08030,GLOUCESTER CITY
08031,CAMDEN
08032,GRENLOCH
08033,CHERRY HILL
08034,CHERRY HILL
08035,HADDON HEIGHTS
08036,HAINESPORT
08037,HAMMONTON
08038,HANCOCKS BRIDGE
08039,HARRISONVILLE
08041,JOBSTOWN
08042,JULIUSTOWN
08043,VOORHEES
08045,DEPTFORD
08046,WILLINGBORO
08048,LUMBERTON
08049,MAGNOLIA
08050,MANAHAWKIN
08051,MANTUA
08052,MAPLE SHADE
08053,MARLTON
08054,MOUNT LAUREL
08055,MEDFORD
08056,MICKLETON
08057,MOORESTOWN
08059,MOUNT EPHRAIM
08060,MOUNT HOLLY
08061,MICKLETON
08062,MULLICA HILL
08063,DEPTFORD
08064,NEW LISBON
08065,CINNAMINSON
08066,GIBBSTOWN
08067,PEDRICKTOWN
08068,PEMBERTON
08069,PENNS GROVE
08070,PENNSVILLE
08071,DEPTFORD
08072,QUINTON
08073,RANCOCAS
08074,RICHWOOD
08075,DELANCO
08077,CINNAMINSON
08078,DEPTFORD
08079,PENNSVILLE
08080,SEWELL
08081,SICKLERVILLE
08083,SOMERDALE
08084,STRATFORD
08085,SWEDESBORO
08086,DEPTFORD
08087,LITTLE EGG HARBOR TWP
08088,SOUTHAMPTON
08089,ATCO
08090,SEWELL
08091,WEST BERLIN
08092,MANAHAWKIN
08093,WESTVILLE
08094,WILLIAMSTOWN
08095,HAMMONTON
08096,DEPTFORD
08097,DEPTFORD
08098,ELMER
08099,BELLMAWR
08101,CAMDEN
08102,CAMDEN
08103,CAMDEN
08104,CAMDEN
08105,CAMDEN
08106,AUDUBON
08107,OAKLYN
08108,COLLINGSWOOD
08109,MERCHANTVILLE
08110,PENNSAUKEN
08201,ABSECON
08202,AVALON
08203,BRIGANTINE
08204,CAPE MAY
08205,EGG HARBOR TOWNSHIP
08210,CAPE MAY COURT HOUSE
08212,CAPE MAY POINT
08213,COLOGNE
08214,DENNISVILLE
08215,EGG HARBOR CITY
08217,ELWOOD
08218,DENNISVILLE
08219,GREEN CREEK
08220,LEEDS POINT
08221,LINWOOD
08223,MARMORA
08224,NEW GRETNA
08225,NORTHFIELD
08226,OCEAN CITY
08230,OCEAN VIEW
08231,OCEANVILLE
08232,PLEASANTVILLE
08234,EGG HARBOR TOWNSHIP
08240,POMONA
08241,POMONA
08242,RIO GRANDE
08243,SEA ISLE CITY
08244,SOMERS POINT
08245,SOUTH DENNIS
08246,SOUTH SEAVILLE
08247,CAPE MAY COURT HOUSE
08248,STRATHMERE
08250,TUCKAHOE
08251,RIO GRANDE
08252,WHITESBORO
08260,RIO GRANDE
08270,WOODBINE
08302,BRIDGETON
08310,BUENA
08311,BRIDGETON
08312,CLAYTON
08313,DEERFIELD STREET
08314,DELMONT
08315,DIVIDING CREEK
08316,DORCHESTER
08317,DOROTHY
08318,ELMER
08319,ESTELL MANOR
08320,FAIRTON
08321,FORTESCUE
08322,FRANKLINVILLE
08323,GREENWICH
08324,HEISLERVILLE
08326,LANDISVILLE
08327,LEESBURG
08328,MALAGA
08329,MAURICETOWN
08330,MAYS LANDING
08332,MILLVILLE
08340,MILMAY
08341,MINOTOLA
08342,MIZPAH
08343,ELMER
08344,NEWFIELD
08345,BRIDGETON
08346,NEWTONVILLE
08347,NORMA
08348,PORT ELIZABETH
08349,MILLVILLE
08350,RICHLAND
08352,ROSENHAYN
08353,SHILOH
08360,VINELAND
08361,VINELAND
08362,VINELAND
08401,EGG HARBOR TOWNSHIP
08402,MARGATE CITY
08403,MARGATE CITY
08404,ATLANTIC CITY
08406,VENTNOR CITY
08501,ALLENTOWN
08502,BELLE MEAD
08504,BLAWENBURG
08505,BORDENTOWN
08510,CLARKSBURG
08511,COOKSTOWN
08512,CRANBURY
08514,CREAM RIDGE
08515,CHESTERFIELD
08518,BORDENTOWN
08520,HIGHTSTOWN
08525,HOPEWELL
08526,CLARKSBURG
08527,JACKSON
08528,KINGSTON
08530,LAMBERTVILLE
08533,NEW EGYPT
08534,PENNINGTON
08535,MILLSTONE TOWNSHIP
08536,PLAINSBORO
08540,PRINCETON
08542,PRINCETON
08543,PRINCETON
08550,PRINCETON
08551,RINGOES
08553,ROCKY HILL
08554,BORDENTOWN
08555,ROOSEVELT
08556,ROSEMONT
08557,STOCKTON
08558,BELLE MEAD
08559,RINGOES
08560,PENNINGTON
08561,WINDSOR
08562,WRIGHTSTOWN
08601,TRENTON
08602,TRENTON
08603,TRENTON
08604,TRENTON
08605,TRENTON
08606,TRENTON
08607,TRENTON
08608,TRENTON
08609,TRENTON
08610,TRENTON
08611,TRENTON
08618,TRENTON
08619,TRENTON
08620,TRENTON
08625,TRENTON
08628,TRENTON
08629,TRENTON
08638,TRENTON
08640,JOINT BASE MDL
08641,JOINT BASE MDL
08648,TRENTON
08650,TRENTON
08690,TRENTON
08691,TRENTON
08701,LAKEWOOD
08720,ALLENWOOD
08721,BAYVILLE
08722,BAYVILLE
08723,BRICK
08724,BRICK
08730,BRIELLE
08731,FORKED RIVER
08732,ISLAND HEIGHTS
08733,LAKEHURST
08734,BAYVILLE
08735,BRICK
08736,MANASQUAN
08738,BRICK
08739,NORMANDY BEACH
08740,OCEAN GATE
08741,BAYVILLE
08742,BAY HEAD
08750,SEA GIRT
08751,SEASIDE HEIGHTS
08752,SEASIDE PARK
08753,TOMS RIVER
08754,TOMS RIVER
08755,TOMS RIVER
08756,TOMS RIVER
08757,TOMS RIVER
08758,WARETOWN
08759,LAKEHURST
08801,ANNANDALE
08802,ASBURY
08803,BAPTISTOWN
08804,BLOOMSBURY
08805,BOUND BROOK
08807,BRIDGEWATER
08808,BROADWAY
08809,CLINTON
08810,DAYTON
08812,DUNELLEN
08816,EAST BRUNSWICK
08817,EDISON
08818,EDISON
08820,EDISON
08821,FLAGTOWN
08822,FLEMINGTON
08823,KENDALL PARK
08824,KENDALL PARK
08825,FRENCHTOWN
08826,GLEN GARDNER
08827,HAMPTON
08828,HELMETTA
08829,HIGH BRIDGE
08830,ISELIN
08831,MONROE TOWNSHIP
08832,KEASBEY
08833,LEBANON
08834,MILFORD
08835,MANVILLE
08836,MARTINSVILLE
08837,EDISON
08840,METUCHEN
08844,HILLSBOROUGH
08846,MIDDLESEX
08848,MILFORD
08850,EAST BRUNSWICK
08852,MONMOUTH JUNCTION
08853,NESHANIC STATION
08854,PISCATAWAY
08855,PISCATAWAY
08857,OLD BRIDGE
08858,OLDWICK
08859,PARLIN
08861,PERTH AMBOY
08862,PERTH AMBOY
08863,FORDS
08865,PHILLIPSBURG
08867,PITTSTOWN
08868,QUAKERTOWN
08869,RARITAN
08870,READINGTON
08871,SAYREVILLE
08872,SAYREVILLE
08873,EDISON
08875,SOMERSET
08876,BRANCHBURG
08879,SOUTH AMBOY
08880,SOUTH BOUND BROOK
08882,SOUTH RIVER
08884,SPOTSWOOD
08885,STANTON
08886,STEWARTSVILLE
08887,FLEMINGTON
08888,WHITEHOUSE
08889,WHITEHOUSE STATION
08890,SOMERSET
08901,EDISON
08902,NORTH BRUNSWICK
08903,NEW BRUNSWICK
08904,HIGHLAND PARK
08906,EDISON
10001,NEW YORK
10002,NEW YORK
10003,NEW YORK
10004,NEW YORK
10005,NEW YORK
10006,NEW YORK
10007,NEW YORK
10008,NEW YORK
10009,NEW YORK
10010,NEW YORK
10011,NEW YORK
10012,NEW YORK
10013,NEW YORK
10014,NEW YORK
10016,NEW YORK
10017,NEW YORK
10018,NEW YORK
10019,NEW YORK
10020,NEW YORK
10021,NEW YORK
10022,NEW YORK
10023,NEW YORK
10024,NEW YORK
10025,NEW YORK
10026,NEW YORK
10027,NEW YORK
10028,NEW YORK
10029,NEW YORK
10030,NEW YORK
10031,NEW YORK
10032,NEW YORK
10033,NEW YORK
10034,NEW YORK
10035,NEW YORK
10036,NEW YORK
10037,NEW YORK
10038,NEW YORK
10039,NEW YORK
10040,NEW YORK
10044,NEW YORK
10065,NEW YORK
10069,NEW YORK
10075,NEW YORK
10101,NEW YORK
10104,NEW YORK
10106,NEW YORK
10107,NEW YORK
10108,NEW YORK
10111,NEW YORK
10112,NEW YORK
10113,NEW YORK
10116,NEW YORK
10118,NEW YORK
10119,NEW YORK
10128,NEW YORK
10129,NEW YORK
10150,NEW YORK
10151,NEW YORK
10153,NEW YORK
10156,NEW YORK
10159,NEW YORK
10162,NEW YORK
10163,NEW YORK
10165,NEW YORK
10168,NEW YORK
10169,NEW YORK
10170,NEW YORK
10174,NEW YORK
10175,NEW YORK
10176,NEW YORK
10178,NEW YORK
10185,NEW YORK
10268,NEW YORK
10272,NEW YORK
10274,NEW YORK
10276,NEW YORK
10280,NEW YORK
10282,NEW YORK
10301,STATEN ISLAND
10302,STATEN ISLAND
10303,STATEN ISLAND
10304,STATEN ISLAND
10305,STATEN ISLAND
10306,STATEN ISLAND
10307,STATEN ISLAND
10308,STATEN ISLAND
10309,STATEN ISLAND
10310,STATEN ISLAND
10312,STATEN ISLAND
10313,STATEN ISLAND
10314,STATEN ISLAND
10451,BRONX
10452,BRONX
10453,BRONX
10454,BRONX
10455,BRONX
10456,BRONX
10457,BRONX
10458,BRONX
10459,BRONX
10460,BRONX
10461,BRONX
10462,BRONX
10463,BRONX
10464,BRONX
10465,BRONX
10466,BRONX
10467,BRONX
10468,BRONX
10469,BRONX
10470,BRONX
10471,BRONX
10472,BRONX
10473,BRONX
10474,BRONX
10475,BRONX
10501,AMAWALK
10502,ARDSLEY
10503,ARDSLEY ON HUDSON
10504,ARMONK
10505,MAHOPAC
10506,BEDFORD
10507,BEDFORD HILLS
10509,BREWSTER
10510,BRIARCLIFF MANOR
10511,BUCHANAN
10512,CARMEL
10514,CHAPPAQUA
10516,COLD SPRING
10517,CROMPOND
10518,CROSS RIVER
10519,CROTON FALLS
10520,CROTON ON HUDSON
10521,CROTON ON HUDSON
10522,DOBBS FERRY
10523,ELMSFORD
10524,GARRISON
10526,GOLDENS BRIDGE
10527,AMAWALK
10528,HARRISON
10530,SCARSDALE
10532,HAWTHORNE
10533,IRVINGTON
10535,JEFFERSON VALLEY
10536,KATONAH
10537,LAKE PEEKSKILL
10538,LARCHMONT
10540,LINCOLNDALE
10541,MAHOPAC
10542,MAHOPAC FALLS
10543,MAMARONECK
10545,MARYKNOLL
10546,CHAPPAQUA
10547,MOHEGAN LAKE
10548,MONTROSE
10549,MOUNT KISCO
10550,MOUNT VERNON
10551,MOUNT VERNON
10552,MOUNT VERNON
10553,MOUNT VERNON
10560,NORTH SALEM
10562,OSSINING
10566,PEEKSKILL
10567,PEEKSKILL
10570,PLEASANTVILLE
10573,PORT CHESTER
10576,POUND RIDGE
10577,PURCHASE
10578,PURDYS
10579,PUTNAM VALLEY
10580,RYE
10583,SCARSDALE
10587,SHENOROCK
10588,SHRUB OAK
10589,SOMERS
10590,SOUTH SALEM
10591,SLEEPY HOLLOW
10594,THORNWOOD
10595,VALHALLA
10596,VERPLANCK
10597,WACCABUC
10598,YORKTOWN HEIGHTS
10601,WHITE PLAINS
10602,WHITE PLAINS
10603,WHITE PLAINS
10604,WHITE PLAINS
10605,WHITE PLAINS
10606,WHITE PLAINS
10607,WHITE PLAINS
10701,YONKERS
10702,YONKERS
10703,YONKERS
10704,YONKERS
10705,YONKERS
10706,HASTINGS ON HUDSON
10707,TUCKAHOE
10708,BRONXVILLE
10709,EASTCHESTER
10710,YONKERS
10801,NEW ROCHELLE
10802,NEW ROCHELLE
10803,PELHAM
10804,NEW ROCHELLE
10805,NEW ROCHELLE
10901,SUFFERN
10910,SOUTHFIELDS
10911,BEAR MOUNTAIN
10912,GREENWOOD LAKE
10913,BLAUVELT
10914,BLOOMING GROVE
10915,BULLVILLE
10916,CAMPBELL HALL
10917,CENTRAL VALLEY
10918,CHESTER
10919,CIRCLEVILLE
10920,CONGERS
10921,FLORIDA
10922,FORT MONTGOMERY
10923,GARNERVILLE
10924,GOSHEN
10925,GREENWOOD LAKE
10926,HARRIMAN
10927,HAVERSTRAW
10928,HIGHLAND FALLS
10930,HIGHLAND MILLS
10931,HILLBURN
10932,HOWELLS
10933,JOHNSON
10940,MIDDLETOWN
10941,MIDDLETOWN
10949,MONROE
10950,MONROE
10952,MONSEY
10953,MOUNTAINVILLE
10954,NANUET
10956,NEW CITY
10958,NEW HAMPTON
10959,NEW MILFORD
10960,NYACK
10962,ORANGEBURG
10963,OTISVILLE
10964,PALISADES
10965,PEARL RIVER
10968,PIERMONT
10969,PINE ISLAND
10970,POMONA
10973,SLATE HILL
10974,SLOATSBURG
10975,SOUTHFIELDS
10976,SPARKILL
10977,MONSEY
10979,STERLING FOREST
10980,STONY POINT
10981,SUGAR LOAF
10982,TALLMAN
10983,TAPPAN
10984,THIELLS
10985,THOMPSON RIDGE
10986,TOMKINS COVE
10987,SLOATSBURG
10988,UNIONVILLE
10989,VALLEY COTTAGE
10990,WARWICK
10992,WASHINGTONVILLE
10993,WEST HAVERSTRAW
10994,WEST NYACK
10996,WEST POINT
10997,WEST POINT
10998,WESTTOWN
11001,FLORAL PARK
11002,FLORAL PARK
11003,ELMONT
11004,FLORAL PARK
11005,FLORAL PARK
11010,FRANKLIN SQUARE
11020,GREAT NECK
11021,GREAT NECK
11022,GREAT NECK
11023,GREAT NECK
11024,GREAT NECK
11030,MANHASSET
11040,NEW HYDE PARK
11042,NEW HYDE PARK
11050,PORT WASHINGTON
11096,FAR ROCKAWAY
11101,LONG ISLAND CITY
11102,ASTORIA
11103,ASTORIA
11104,SUNNYSIDE
11105,LONG ISLAND CITY
11106,ASTORIA
11109,LONG ISLAND CITY
11201,BROOKLYN
11202,BROOKLYN
11203,BROOKLYN
11204,BROOKLYN
11205,BROOKLYN
11206,BROOKLYN
11207,BROOKLYN
11208,BROOKLYN
11209,BROOKLYN
11210,BROOKLYN
11211,BROOKLYN
11212,BROOKLYN
11213,BROOKLYN
11214,BROOKLYN
11215,BROOKLYN
11216,BROOKLYN
11217,BROOKLYN
11218,BROOKLYN
11219,BROOKLYN
11220,BROOKLYN
11221,BROOKLYN
11222,BROOKLYN
11223,BROOKLYN
11224,BROOKLYN
11225,BROOKLYN
11226,BROOKLYN
11228,BROOKLYN
11229,BROOKLYN
11230,BROOKLYN
11231,BROOKLYN
11232,BROOKLYN
11233,BROOKLYN
11234,BROOKLYN
11235,BROOKLYN
11236,BROOKLYN
11237,BROOKLYN
11238,BROOKLYN
11239,BROOKLYN
11247,BROOKLYN
11249,BROOKLYN
11352,FLUSHING
11354,FLUSHING
11355,FLUSHING
11356,COLLEGE POINT
11357,WHITESTONE
11358,FLUSHING
11360,BAYSIDE
11361,BAYSIDE
11362,LITTLE NECK
11363,LITTLE NECK
11364,OAKLAND GARDENS
11365,FRESH MEADOWS
11366,FRESH MEADOWS
11367,FLUSHING
11368,CORONA
11369,EAST ELMHURST
11370,EAST ELMHURST
11371,EAST ELMHURST
11372,JACKSON HEIGHTS
11373,ELMHURST
11374,REGO PARK
11375,FOREST HILLS
11377,WOODSIDE
11378,MASPETH
11379,MIDDLE VILLAGE
11380,ELMHURST
11385,RIDGEWOOD
11386,RIDGEWOOD
11411,CAMBRIA HEIGHTS
11412,SAINT ALBANS
11413,SPRINGFIELD GARDENS
11414,HOWARD BEACH
11415,KEW GARDENS
11416,BROOKLYN
11417,OZONE PARK
11418,RICHMOND HILL
11419,SOUTH RICHMOND HILL
11420,SOUTH OZONE PARK
11421,WOODHAVEN
11422,ROSEDALE
11423,HOLLIS
11424,JAMAICA
11426,BELLEROSE
11427,QUEENS VILLAGE
11428,QUEENS VILLAGE
11429,QUEENS VILLAGE
11430,JAMAICA
11431,JAMAICA
11432,JAMAICA
11433,JAMAICA
11434,JAMAICA
11435,JAMAICA
11436,SOUTH OZONE PARK
11501,MINEOLA
11507,ALBERTSON
11509,ATLANTIC BEACH
11510,BALDWIN
11514,CARLE PLACE
11516,CEDARHURST
11518,EAST ROCKAWAY
11520,FREEPORT
11530,GARDEN CITY
11531,GARDEN CITY
11542,GLEN COVE
11545,GLEN HEAD
11547,GLENWOOD LANDING
11548,GREENVALE
11550,HEMPSTEAD
11551,HEMPSTEAD
11552,WEST HEMPSTEAD
11553,UNIONDALE
11554,EAST MEADOW
11557,HEWLETT
11558,ISLAND PARK
11559,LAWRENCE
11560,LOCUST VALLEY
11561,LONG BEACH
11563,LYNBROOK
11565,MALVERNE
11566,MERRICK
11568,OLD WESTBURY
11569,POINT LOOKOUT
11570,ROCKVILLE CENTRE
11571,ROCKVILLE CENTRE
11572,OCEANSIDE
11575,ROOSEVELT
11576,ROSLYN
11577,ROSLYN HEIGHTS
11579,SEA CLIFF
11580,VALLEY STREAM
11581,VALLEY STREAM
11582,VALLEY STREAM
11590,WESTBURY
11596,WILLISTON PARK
11598,WOODMERE
11690,FAR ROCKAWAY
11691,FAR ROCKAWAY
11692,ARVERNE
11693,ARVERNE
11694,ROCKAWAY PARK
11697,ROCKAWAY PARK
11701,AMITYVILLE
11702,BABYLON
11703,NORTH BABYLON
11704,WEST BABYLON
11705,BAYPORT
11706,BAY SHORE
11707,WEST BABYLON
11709,BAYVILLE
11710,BELLMORE
11713,BELLPORT
11714,BETHPAGE
11715,BLUE POINT
11716,BOHEMIA
11717,BRENTWOOD
11718,BRIGHTWATERS
11719,BROOKHAVEN
11720,CENTEREACH
11721,CENTERPORT
11722,CENTRAL ISLIP
11724,COLD SPRING HARBOR
11725,COMMACK
11726,COPIAGUE
11727,CORAM
11729,DEER PARK
11730,EAST ISLIP
11731,EAST NORTHPORT
11732,EAST NORWICH
11733,EAST SETAUKET
11735,FARMINGDALE
11738,FARMINGVILLE
11739,GREAT RIVER
11740,GREENLAWN
11741,HOLBROOK
11742,HOLBROOK
11743,HUNTINGTON
11746,HUNTINGTON STATION
11747,MELVILLE
11749,CENTRAL ISLIP
11751,ISLIP
11752,ISLIP TERRACE
11753,JERICHO
11754,KINGS PARK
11755,LAKE GROVE
11756,LEVITTOWN
11757,LINDENHURST
11758,MASSAPEQUA
11762,MASSAPEQUA PARK
11763,MEDFORD
11764,MILLER PLACE
11765,MILL NECK
11766,MOUNT SINAI
11767,NESCONSET
11768,NORTHPORT
11769,OAKDALE
11770,OCEAN BEACH
11771,OYSTER BAY
11772,PATCHOGUE
11776,PORT JEFFERSON STATION
11777,PORT JEFFERSON
11778,ROCKY POINT
11779,RONKONKOMA
11780,SAINT JAMES
11782,SAYVILLE
11783,SEAFORD
11784,SELDEN
11786,SHOREHAM
11787,SMITHTOWN
11788,HAUPPAUGE
11789,SOUND BEACH
11790,STONY BROOK
11791,SYOSSET
11792,WADING RIVER
11793,WANTAGH
11795,WEST ISLIP
11796,WEST SAYVILLE
11797,SYOSSET
11798,WYANDANCH
11801,HICKSVILLE
11802,HICKSVILLE
11803,PLAINVIEW
11804,OLD BETHPAGE
11901,RIVERHEAD
11930,AMAGANSETT
11931,AQUEBOGUE
11932,BRIDGEHAMPTON
11933,CALVERTON
11934,CENTER MORICHES
11935,CUTCHOGUE
11937,EAST HAMPTON
11939,EAST MARION
11940,EAST MORICHES
11941,EASTPORT
11942,EAST QUOGUE
11944,GREENPORT
11946,HAMPTON BAYS
11947,JAMESPORT
11948,JAMESPORT
11949,MANORVILLE
11950,MASTIC
11951,MASTIC BEACH
11952,MATTITUCK
11953,MIDDLE ISLAND
11954,MONTAUK
11955,MORICHES
11956,NEW SUFFOLK
11957,GREENPORT
11958,PECONIC
11959,QUOGUE
11960,REMSENBURG
11961,RIDGE
11962,SAGAPONACK
11963,SAG HARBOR
11964,SHELTER ISLAND
11965,SHELTER ISLAND HEIGHTS
11967,SHIRLEY
11968,SOUTHAMPTON
11969,SOUTHAMPTON
11970,SOUTH JAMESPORT
11971,SOUTHOLD
11972,SPEONK
11973,UPTON
11975,WAINSCOTT
11976,WATER MILL
11977,WESTHAMPTON
11978,WESTHAMPTON BEACH
11980,YAPHANK
12007,ALCOVE
12008,REXFORD
12009,ALTAMONT
12010,AMSTERDAM
12015,ATHENS
12017,AUSTERLITZ
12018,AVERILL PARK
12019,BURNT HILLS
12020,BALLSTON SPA
12022,BERLIN
12023,BERNE
12024,EAST NASSAU
12025,BROADALBIN
12027,BURNT HILLS
12028,EAGLE BRIDGE
12029,CANAAN
12031,SHARON SPRINGS
12032,CAROGA LAKE
12033,CASTLETON ON HUDSON
12035,CENTRAL BRIDGE
12036,CHARLOTTEVILLE
12037,CHATHAM
12040,CHERRY PLAIN
12041,CLARKSVILLE
12042,COXSACKIE
12043,COBLESKILL
12045,COEYMANS
12046,COEYMANS HOLLOW
12047,COHOES
12050,COLUMBIAVILLE
12051,COXSACKIE
12052,CROPSEYVILLE
12053,DELANSON
12054,DELMAR
12056,DUANESBURG
12057,EAGLE BRIDGE
12058,EARLTON
12059,EAST BERNE
12060,EAST CHATHAM
12061,EAST GREENBUSH
12062,EAST NASSAU
12063,EAST SCHODACK
12064,EAST WORCESTER
12065,HALFMOON
12066,ESPERANCE
12067,FEURA BUSH
12068,FONDA
12070,FORT JOHNSON
12071,FULTONHAM
12072,FULTONVILLE
12073,GALLUPVILLE
12074,GALWAY
12075,GHENT
12076,GILBOA
12077,GLENMONT
12078,GLOVERSVILLE
12082,GRAFTON
12083,GREENVILLE
12084,GUILDERLAND
12085,GUILDERLAND CENTER
12086,HAGAMAN
12087,HANNACROIX
12089,HOOSICK
12090,HOOSICK FALLS
12092,HOWES CAVE
12093,JEFFERSON
12094,JOHNSONVILLE
12095,JOHNSTOWN
12106,KINDERHOOK
12108,LAKE PLEASANT
12110,LATHAM
12115,MALDEN BRIDGE
12116,MARYLAND
12117,MAYFIELD
12118,MECHANICVILLE
12120,MEDUSA
12121,MELROSE
12122,MIDDLEBURGH
12123,NASSAU
12124,NEW BALTIMORE
12125,NEW LEBANON
12128,LATHAM
12130,NIVERVILLE
12131,NORTH BLENHEIM
12132,NORTH CHATHAM
12133,NORTH HOOSICK
12134,NORTHVILLE
12136,OLD CHATHAM
12137,PATTERSONVILLE
12138,PETERSBURG
12139,PISECO
12140,POESTENKILL
12141,DELANSON
12143,RAVENA
12144,RENSSELAER
12147,RENSSELAERVILLE
12148,REXFORD
12149,RICHMONDVILLE
12150,ROTTERDAM JUNCTION
12151,ROUND LAKE
12153,SAND LAKE
12154,SCHAGHTICOKE
12155,SCHENEVUS
12156,SCHODACK LANDING
12157,SCHOHARIE
12158,SELKIRK
12159,SLINGERLANDS
12160,SLOANSVILLE
12161,SELKIRK
12164,SPECULATOR
12165,SPENCERTOWN
12166,SPRAKERS
12167,STAMFORD
12168,STEPHENTOWN
12170,STILLWATER
12172,STOTTVILLE
12173,STUYVESANT
12174,STUYVESANT FALLS
12175,SUMMIT
12177,TRIBES HILL
12180,TROY
12181,TROY
12182,TROY
12183,TROY
12184,VALATIE
12185,VALLEY FALLS
12186,VOORHEESVILLE
12187,WARNERVILLE
12188,WATERFORD
12189,WATERVLIET
12190,WELLS
12192,COXSACKIE
12193,WESTERLO
12194,WEST FULTON
12195,NEW LEBANON
12196,WEST SAND LAKE
12197,WORCESTER
12198,WYNANTSKILL
12201,ALBANY
12202,ALBANY
12203,ALBANY
12204,LOUDONVILLE
12205,ALBANY
12206,ALBANY
12207,ALBANY
12208,ALBANY
12209,ALBANY
12210,ALBANY
12211,LOUDONVILLE
12212,ALBANY
12220,ALBANY
12223,ALBANY
12224,ALBANY
12301,SCHENECTADY
12302,SCHENECTADY
12303,SCHENECTADY
12304,SCHENECTADY
12305,SCHENECTADY
12306,SCHENECTADY
12307,SCHENECTADY
12308,SCHENECTADY
12309,SCHENECTADY
12325,SCHENECTADY
12401,KINGSTON
12402,KINGSTON
12404,ACCORD
12405,ACRA
12406,ARKVILLE
12407,ASHLAND
12409,BEARSVILLE
12410,BIG INDIAN
12411,BLOOMINGTON
12412,BOICEVILLE
12413,CAIRO
12414,CATSKILL
12416,CHICHESTER
12417,CONNELLY
12418,CORNWALLVILLE
12419,COTTEKILL
12420,CRAGSMOOR
12421,DENVER
12422,EAST DURHAM
12423,EAST DURHAM
12424,TANNERSVILLE
12427,ELKA PARK
12428,ELLENVILLE
12429,ESOPUS
12430,FLEISCHMANNS
12431,FREEHOLD
12432,GLASCO
12433,WOODSTOCK
12434,GRAND GORGE
12435,GREENFIELD PARK
12436,HAINES FALLS
12438,HALCOTTSVILLE
12439,HENSONVILLE
12440,HIGH FALLS
12441,PINE HILL
12442,HUNTER
12443,HURLEY
12444,HUNTER
12446,KERHONKSON
12448,LAKE HILL
12449,LAKE KATRINE
12450,LANESVILLE
12451,CATSKILL
12452,LEXINGTON
12453,MALDEN ON HUDSON
12454,MAPLECREST
12455,MARGARETVILLE
12456,MOUNT MARION
12457,MOUNT TREMPER
12458,ELLENVILLE
12459,NEW KINGSTON
12460,OAK HILL
12461,OLIVEBRIDGE
12463,PALENVILLE
12464,PHOENICIA
12465,PINE HILL
12466,PORT EWEN
12468,GRAND GORGE
12469,PRESTON HOLLOW
12471,RIFTON
12472,ROSENDALE
12473,ROUND TOP
12474,ROXBURY
12475,RUBY
12477,SAUGERTIES
12480,SHANDAKEN
12481,SHOKAN
12482,SOUTH CAIRO
12483,SPRING GLEN
12484,STONE RIDGE
12485,TANNERSVILLE
12486,ROSENDALE
12487,KINGSTON
12489,WAWARSING
12490,WEST CAMP
12491,WEST HURLEY
12492,SHANDAKEN
12493,HIGHLAND
12494,BOICEVILLE
12495,WILLOW
12496,WINDHAM
12498,WOODSTOCK
12501,AMENIA
12502,ANCRAM
12503,ANCRAMDALE
12506,BANGALL
12508,BEACON
12510,BILLINGS
12512,CHELSEA
12513,CLAVERACK
12514,CLINTON CORNERS
12515,CLINTONDALE
12516,COPAKE
12517,COPAKE
12518,CORNWALL
12520,CORNWALL ON HUDSON
12521,CRARYVILLE
12522,DOVER PLAINS
12523,ELIZAVILLE
12524,FISHKILL
12525,GARDINER
12526,GERMANTOWN
12527,GLENHAM
12528,HIGHLAND
12529,HILLSDALE
12530,HOLLOWVILLE
12531,HOLMES
12533,HOPEWELL JUNCTION
12534,HUDSON
12537,HUGHSONVILLE
12538,HYDE PARK
12540,LAGRANGEVILLE
12541,LIVINGSTON
12542,HIGHLAND
12543,MAYBROOK
12544,MELLENVILLE
12545,MILLBROOK
12546,MILLERTON
12547,HIGHLAND
12548,MODENA
12549,MONTGOMERY
12550,NEWBURGH
12551,NEWBURGH
12552,NEWBURGH
12553,NEW WINDSOR
12561,NEW PALTZ
12563,BREWSTER
12564,PAWLING
12565,PHILMONT
12566,PINE BUSH
12567,PINE PLAINS
12568,PLATTEKILL
12569,PLEASANT VALLEY
12570,POUGHQUAG
12571,RED HOOK
12572,RHINEBECK
12574,RHINECLIFF
12575,ROCK TAVERN
12577,SALISBURY MILLS
12578,SALT POINT
12580,HYDE PARK
12581,PINE PLAINS
12582,STORMVILLE
12583,TIVOLI
12584,VAILS GATE
12585,VERBANK
12586,WALDEN
12588,WALKER VALLEY
12589,WALLKILL
12590,WAPPINGERS FALLS
12592,WASSAIC
12594,WINGDALE
12601,POUGHKEEPSIE
12602,POUGHKEEPSIE
12603,POUGHKEEPSIE
12701,MONTICELLO
12719,BARRYVILLE
12720,BETHEL
12721,BLOOMINGBURG
12722,BURLINGHAM
12723,CALLICOON
12724,CALLICOON CENTER
12725,CLARYVILLE
12726,CALLICOON
12729,CUDDEBACKVILLE
12732,ELDRED
12733,FALLSBURG
12734,FERNDALE
12736,OBERNBURG
12737,GLEN SPEY
12738,GLEN WILD
12740,GRAHAMSVILLE
12741,HANKINS
12742,HARRIS
12743,ELDRED
12745,HORTONVILLE
12746,HUGUENOT
12747,HURLEYVILLE
12748,JEFFERSONVILLE
12749,KAUNEONGA LAKE
12750,KENOZA LAKE
12751,KIAMESHA LAKE
12752,LAKE HUNTINGTON
12754,LIBERTY
12758,LIVINGSTON MANOR
12759,LOCH SHELDRAKE
12760,CALLICOON
12762,MONGAUP VALLEY
12763,MOUNTAIN DALE
12764,NARROWSBURG
12765,NEVERSINK
12766,NORTH BRANCH
12767,OBERNBURG
12768,LIVINGSTON MANOR
12769,PHILLIPSPORT
12770,POND EDDY
12771,PORT JERVIS
12775,ROCK HILL
12776,LIVINGSTON MANOR
12778,SMALLWOOD
12779,SOUTH FALLSBURG
12780,SPARROW BUSH
12781,SUMMITVILLE
12783,LIBERTY
12784,THOMPSONVILLE
12785,WESTBROOKVILLE
12786,WHITE LAKE
12787,WHITE SULPHUR SPRINGS
12788,WOODBOURNE
12789,WOODRIDGE
12790,WURTSBORO
12791,YOUNGSVILLE
12792,YULAN
12801,GLENS FALLS
12803,GLENS FALLS
12804,GLENS FALLS
12808,ADIRONDACK
12809,ARGYLE
12810,ATHOL
12811,BAKERS MILLS
12812,BLUE MOUNTAIN LAKE
12814,BOLTON LANDING
12815,BRANT LAKE
12816,CAMBRIDGE
12817,CHESTERTOWN
12819,CLEMONS
12820,CLEVERDALE
12821,COMSTOCK
12822,CORINTH
12823,COSSAYUNA
12824,DIAMOND POINT
12827,FORT ANN
12828,FORT EDWARD
12831,GANSEVOORT
12832,GRANVILLE
12833,GREENFIELD CENTER
12834,GREENWICH
12835,HADLEY
12836,HAGUE
12837,HAMPTON
12838,HARTFORD
12839,GLENS FALLS
12841,HULETTS LANDING
12842,INDIAN LAKE
12843,JOHNSBURG
12844,KATTSKILL BAY
12845,LAKE GEORGE
12846,LAKE LUZERNE
12847,LONG LAKE
12848,MIDDLE FALLS
12849,MIDDLE GRANVILLE
12850,MIDDLE GROVE
12851,MINERVA
12852,NEWCOMB
12853,NORTH CREEK
12854,NORTH GRANVILLE
12855,NORTH HUDSON
12856,NORTH RIVER
12857,OLMSTEDVILLE
12858,TICONDEROGA
12859,GREENFIELD CENTER
12860,POTTERSVILLE
12861,PUTNAM STATION
12862,RIPARIUS
12863,ROCK CITY FALLS
12864,INDIAN LAKE
12865,SALEM
12866,SARATOGA SPRINGS
12870,SCHROON LAKE
12871,SCHUYLERVILLE
12872,SEVERANCE
12873,SHUSHAN
12874,SILVER BAY
12878,STONY CREEK
12883,TICONDEROGA
12884,VICTORY MILLS
12885,WARRENSBURG
12886,WEVERTOWN
12887,WHITEHALL
12901,PLATTSBURGH
12903,PLATTSBURGH
12910,ALTONA
12912,AU SABLE FORKS
12913,BLOOMINGDALE
12914,BOMBAY
12915,CHATEAUGAY
12916,BRUSHTON
12917,BURKE
12918,CADYVILLE
12919,CHAMPLAIN
12920,CHATEAUGAY
12921,CHAZY
12922,PIERCEFIELD
12923,CHURUBUSCO
12926,CONSTABLE
12927,CRANBERRY LAKE
12928,CROWN POINT
12929,DANNEMORA
12930,DICKINSON CENTER
12932,ELIZABETHTOWN
12933,ELLENBURG
12934,ELLENBURG CENTER
12935,ELLENBURG DEPOT
12936,ESSEX
12937,FORT COVINGTON
12939,GABRIELS
12941,JAY
12942,KEENE
12943,KEENE VALLEY
12944,KEESEVILLE
12945,LAKE CLEAR
12946,LAKE PLACID
12950,LEWIS
12952,LYON MOUNTAIN
12953,MALONE
12955,LYON MOUNTAIN
12956,MINEVILLE
12957,MOIRA
12958,MOOERS
12959,MOOERS
12960,MORIAH
12961,MORIAH CENTER
12962,MORRISONVILLE
12964,NEW RUSSIA
12965,NICHOLVILLE
12966,NORTH BANGOR
12967,NORTH LAWRENCE
12969,OWLS HEAD
12970,PAUL SMITHS
12972,PERU
12973,PIERCEFIELD
12974,PORT HENRY
12975,PORT KENT
12976,RAINBOW LAKE
12977,SARANAC LAKE
12978,REDFORD
12979,ROUSES POINT
12980,SAINT REGIS FALLS
12981,SARANAC
12983,SARANAC LAKE
12985,SCHUYLER FALLS
12986,TUPPER LAKE
12987,UPPER JAY
12989,SARANAC LAKE
12992,WEST CHAZY
12993,WESTPORT
12996,WILLSBORO
12997,WILMINGTON
12998,MINEVILLE
13020,APULIA STATION
13021,AUBURN
13022,AUBURN
13026,AURORA
13027,BALDWINSVILLE
13028,BERNHARDS BAY
13029,BREWERTON
13030,BRIDGEPORT
13031,CAMILLUS
13032,CANASTOTA
13033,CATO
13034,CAYUGA
13035,CAZENOVIA
13036,CENTRAL SQUARE
13037,CHITTENANGO
13039,CLAY
13040,CINCINNATUS
13041,CLAY
13042,CLEVELAND
13043,CLOCKVILLE
13044,CONSTANTIA
13045,CORTLAND
13051,DELPHI FALLS
13052,DE RUYTER
13053,DRYDEN
13054,WAMPSVILLE
13057,EAST SYRACUSE
13060,ELBRIDGE
13061,ERIEVILLE
13062,ETNA
13063,FABIUS
13064,FAIR HAVEN
13065,FAYETTE
13066,FAYETTEVILLE
13068,FREEVILLE
13069,FULTON
13071,GENOA
13072,GEORGETOWN
13073,GROTON
13074,HANNIBAL
13076,HASTINGS
13077,HOMER
13078,JAMESVILLE
13080,JORDAN
13081,KING FERRY
13082,KIRKVILLE
13083,LACONA
13084,LA FAYETTE
13087,LITTLE YORK
13088,LIVERPOOL
13089,LIVERPOOL
13090,LIVERPOOL
13092,LOCKE
13093,LYCOMING
13101,MC GRAW
13102,MC LEAN
13103,MALLORY
13104,MANLIUS
13108,MARCELLUS
13110,MARIETTA
13111,MARTVILLE
13112,MEMPHIS
13113,MERIDIAN
13114,MEXICO
13115,MINETTO
13116,MINOA
13117,MONTEZUMA
13118,MORAVIA
13119,SKANEATELES
13120,SYRACUSE
13121,NEW HAVEN
13122,NEW WOODSTOCK
13123,NORTH BAY
13124,NORTH PITCHER
13126,OSWEGO
13131,PARISH
13132,PENNELLVILLE
13134,PETERBORO
13135,PHOENIX
13136,PITCHER
13137,PLAINVILLE
13138,POMPEY
13139,POPLAR RIDGE
13140,PORT BYRON
13141,PREBLE
13142,PULASKI
13143,RED CREEK
13144,RICHLAND
13145,SANDY CREEK
13146,SAVANNAH
13147,SCIPIO CENTER
13148,SENECA FALLS
13152,SKANEATELES
13153,SKANEATELES FALLS
13154,SOUTH BUTLER
13155,SOUTH OTSELIC
13156,STERLING
13157,SYLVAN BEACH
13158,TRUXTON
13159,TULLY
13160,UNION SPRINGS
13162,VERONA BEACH
13163,WAMPSVILLE
13164,WARNERS
13165,WATERLOO
13166,WEEDSPORT
13167,WEST MONROE
13201,SYRACUSE
13202,SYRACUSE
13203,SYRACUSE
13204,SYRACUSE
13205,SYRACUSE
13206,SYRACUSE
13207,SYRACUSE
13208,SYRACUSE
13209,SYRACUSE
13210,SYRACUSE
13211,SYRACUSE
13212,SYRACUSE
13214,SYRACUSE
13215,SYRACUSE
13217,SYRACUSE
13218,SYRACUSE
13219,SYRACUSE
13220,SYRACUSE
13221,SYRACUSE
13224,SYRACUSE
13235,SYRACUSE
13261,SYRACUSE
13290,SYRACUSE
13301,ALDER CREEK
13302,ALTMAR
13303,AVA
13304,BARNEVELD
13305,BEAVER FALLS
13308,BLOSSVALE
13309,BOONVILLE
13310,MADISON
13312,GLENFIELD
13313,BRIDGEWATER
13314,BROOKFIELD
13315,BURLINGTON FLATS
13316,CAMDEN
13317,CANAJOHARIE
13318,CASSVILLE
13319,CHADWICKS
13320,CHERRY VALLEY
13321,CLARK MILLS
13322,CLAYVILLE
13323,CLINTON
13324,COLD BROOK
13325,CONSTABLEVILLE
13326,COOPERSTOWN
13327,CROGHAN
13328,DEANSBORO
13329,DOLGEVILLE
13331,EAGLE BAY
13332,EARLVILLE
13334,MORRISVILLE
13335,EDMESTON
13337,FLY CREEK
13338,FORESTPORT
13339,FORT PLAIN
13340,FRANKFORT
13341,CLINTON
13343,GLENFIELD
13346,HAMILTON
13348,HARTWICK
13350,HERKIMER
13352,HINCKLEY
13353,HOFFMEISTER
13354,HOLLAND PATENT
13355,HUBBARDSVILLE
13357,ILION
13360,INLET
13361,RICHFIELD SPRINGS
13363,LEE CENTER
13364,LEONARDSVILLE
13365,LITTLE FALLS
13367,LOWVILLE
13368,LYONS FALLS
13401,BLOSSVALE
13402,MADISON
13403,MARCY
13404,MARTINSBURG
13406,NEWPORT
13407,MOHAWK
13408,MORRISVILLE
13409,MUNNSVILLE
13410,NELLISTON
13411,NEW BERLIN
13413,NEW HARTFORD
13416,NEWPORT
13417,NEW YORK MILLS
13420,OLD FORGE
13421,ONEIDA
13424,ORISKANY
13425,ORISKANY FALLS
13426,ORWELL
13428,PALATINE BRIDGE
13431,POLAND
13433,PORT LEYDEN
13435,PROSPECT
13436,RAQUETTE LAKE
13437,REDFIELD
13438,REMSEN
13439,RICHFIELD SPRINGS
13440,ROME
13441,ROME
13442,ROME
13450,CHERRY VALLEY
13452,SAINT JOHNSVILLE
13454,SALISBURY CENTER
13455,SANGERFIELD
13456,SAUQUOIT
13457,SCHUYLER LAKE
13459,SHARON SPRINGS
13460,SHERBURNE
13461,ONEIDA
13464,SMYRNA
13468,SPRINGFIELD CENTER
13469,STITTVILLE
13470,STRATFORD
13471,TABERG
13472,THENDARA
13473,TURIN
13475,VAN HORNESVILLE
13476,VERNON
13477,VERNON CENTER
13478,VERONA
13479,WASHINGTON MILLS
13480,WATERVILLE
13482,BURLINGTON FLATS
13483,WESTDALE
13484,WEST EATON
13485,WEST EDMESTON
13486,WESTERNVILLE
13488,WESTFORD
13489,WEST LEYDEN
13490,WESTMORELAND
13491,WEST WINFIELD
13492,WHITESBORO
13493,WILLIAMSTOWN
13494,WOODGATE
13495,YORKVILLE
13501,UTICA
13502,UTICA
13503,UTICA
13504,UTICA
13505,UTICA
13601,WATERTOWN
13602,FORT DRUM
13603,WATERTOWN
13605,ADAMS
13606,ADAMS CENTER
13607,ALEXANDRIA BAY
13608,ANTWERP
13611,BELLEVILLE
13612,BLACK RIVER
13613,BRASHER FALLS
13614,BRIER HILL
13615,BROWNVILLE
13616,CALCIUM
13617,CANTON
13618,CAPE VINCENT
13619,CARTHAGE
13620,CASTORLAND
13621,CHASE MILLS
13622,CHAUMONT
13623,CHIPPEWA BAY
13624,CLAYTON
13625,COLTON
13626,COPENHAGEN
13627,COPENHAGEN
13628,DEFERIET
13630,DE KALB JUNCTION
13631,CASTORLAND
13632,DEPAUVILLE
13634,DEXTER
13635,EDWARDS
13636,ELLISBURG
13637,EVANS MILLS
13638,FELTS MILLS
13639,FINE
13640,WELLESLEY ISLAND
13641,FISHERS LANDING
13642,GOUVERNEUR
13643,GREAT BEND
13645,HAILESBORO
13646,HAMMOND
13647,HANNAWA FALLS
13648,HARRISVILLE
13649,HELENA
13650,HENDERSON
13651,HENDERSON HARBOR
13652,HERMON
13654,HEUVELTON
13655,HOGANSBURG
13656,LA FARGEVILLE
13658,LISBON
13659,LORRAINE
13660,MADRID
13661,MANNSVILLE
13662,MASSENA
13664,MORRISTOWN
13665,NATURAL BRIDGE
13666,NEWTON FALLS
13667,NORFOLK
13668,NORWOOD
13669,OGDENSBURG
13672,PARISHVILLE
13673,PHILADELPHIA
13674,PIERREPONT MANOR
13676,POTSDAM
13678,RAYMONDVILLE
13679,REDWOOD
13680,RENSSELAER FALLS
13681,RICHVILLE
13682,RODMAN
13683,ROOSEVELTOWN
13684,RUSSELL
13685,SACKETS HARBOR
13687,COLTON
13690,STAR LAKE
13691,THERESA
13693,THREE MILE BAY
13694,WADDINGTON
13695,WANAKENA
13696,WEST STOCKHOLM
13697,WINTHROP
13730,AFTON
13731,ANDES
13732,APALACHIN
13733,BAINBRIDGE
13734,NICHOLS
13736,BERKSHIRE
13737,BIBLE SCHOOL PARK
13738,BLODGETT MILLS
13739,DELHI
13740,BOVINA CENTER
13743,CANDOR
13744,CHENANGO BRIDGE
13745,CHENANGO BRIDGE
13746,CHENANGO FORKS
13747,COLLIERSVILLE
13748,CONKLIN
13749,CORBETTSVILLE
13750,DAVENPORT
13751,DAVENPORT CENTER
13752,DELHI
13753,DELHI
13754,DEPOSIT
13755,DOWNSVILLE
13756,EAST BRANCH
13757,EAST MEREDITH
13758,MC DONOUGH
13760,BINGHAMTON
13761,ENDICOTT
13762,ENDICOTT
13763,ENDICOTT
13774,FISHS EDDY
13775,FRANKLIN
13776,GILBERTSVILLE
13777,WHITNEY POINT
13778,GREENE
13780,GUILFORD
13782,HAMDEN
13783,HANCOCK
13784,HARFORD
13786,HARPERSFIELD
13787,HARPURSVILLE
13788,HOBART
13790,JOHNSON CITY
13794,KILLAWOG
13795,KIRKWOOD
13796,LAURENS
13797,LISLE
13801,MC DONOUGH
13802,MAINE
13803,MARATHON
13804,MASONVILLE
13806,MERIDALE
13807,MILFORD
13808,MORRIS
13809,MOUNT UPTON
13810,LAURENS
13811,NEWARK VALLEY
13812,NICHOLS
13813,NINEVEH
13814,NORTH NORWICH
13815,NORWICH
13820,ONEONTA
13825,ONEONTA
13827,OWEGO
13830,OXFORD
13832,PLYMOUTH
13833,PORT CRANE
13834,PORTLANDVILLE
13835,RICHFORD
13838,SIDNEY
13839,SIDNEY CENTER
13840,NICHOLS
13841,SMITHVILLE FLATS
13842,HOBART
13843,SOUTH NEW BERLIN
13844,SOUTH PLYMOUTH
13845,NICHOLS
13846,FRANKLIN
13847,TROUT CREEK
13848,TUNNEL
13849,UNADILLA
13850,VESTAL
13851,VESTAL
13856,WALTON
13859,WELLS BRIDGE
13860,WEST DAVENPORT
13861,WEST ONEONTA
13862,WHITNEY POINT
13863,WILLET
13864,CANDOR
13865,WINDSOR
13901,BINGHAMTON
13902,BINGHAMTON
13903,BINGHAMTON
13904,BINGHAMTON
13905,BINGHAMTON
14001,AKRON
14004,ALDEN
14005,ALEXANDER
14006,ANGOLA
14008,APPLETON
14009,ARCADE
14010,ATHOL SPRINGS
14011,ATTICA
14012,BARKER
14013,BASOM
14020,BATAVIA
14021,BATAVIA
14024,BLISS
14025,BOSTON
14026,DEPEW
14027,BRANT
14028,NEWFANE
14029,CENTERVILLE
14030,CHAFFEE
14031,CLARENCE
14032,CLARENCE
14033,COLDEN
14034,COLLINS
14035,COLLINS CENTER
14036,CORFU
14037,ATTICA
14039,DALE
14040,CORFU
14041,DAYTON
14042,DELEVAN
14043,DEPEW
14047,DERBY
14048,DUNKIRK
14051,EAST AMHERST
14052,EAST AURORA
14054,BATAVIA
14055,EAST CONCORD
14056,EAST PEMBROKE
14057,EDEN
14058,OAKFIELD
14059,ELMA
14060,FARMERSVILLE STATION
14061,BRANT
14062,FORESTVILLE
14063,FREDONIA
14065,FREEDOM
14066,GAINESVILLE
14067,GASPORT
14068,GETZVILLE
14069,GLENWOOD
14070,GOWANDA
14072,GRAND ISLAND
14075,HAMBURG
14080,HOLLAND
14081,IRVING
14082,JAVA CENTER
14083,JAVA VILLAGE
14085,HAMBURG
14086,DEPEW
14091,COLLINS
14092,LEWISTON
14094,LOCKPORT
14095,LOCKPORT
14098,LYNDONVILLE
14101,MACHIAS
14102,ELMA
14103,MEDINA
14105,MIDDLEPORT
14107,MODEL CITY
14108,NEWFANE
14109,NIAGARA UNIVERSITY
14110,NORTH BOSTON
14111,NORTH COLLINS
14112,NORTH EVANS
14113,NORTH JAVA
14120,NORTH TONAWANDA
14125,OAKFIELD
14126,OLCOTT
14127,ORCHARD PARK
14129,PERRYSBURG
14130,PIKE
14131,RANSOMVILLE
14132,NIAGARA FALLS
14133,FREEDOM
14134,SARDINIA
14135,SHERIDAN
14136,SILVER CREEK
14138,SOUTH DAYTON
14139,SOUTH WALES
14140,SPRING BROOK
14141,SPRINGVILLE
14143,BATAVIA
14145,STRYKERSVILLE
14150,TONAWANDA
14151,TONAWANDA
14167,VARYSBURG
14168,VERSAILLES
14169,WALES CENTER
14170,WEST FALLS
14171,WEST VALLEY
14172,WILSON
14173,YORKSHIRE
14174,LEWISTON
14201,BUFFALO
14202,BUFFALO
14203,BUFFALO
14204,BUFFALO
14205,BUFFALO
14206,BUFFALO
14207,BUFFALO
14208,BUFFALO
14209,BUFFALO
14210,BUFFALO
14211,BUFFALO
14212,BUFFALO
14213,BUFFALO
14214,BUFFALO
14215,BUFFALO
14216,BUFFALO
14217,BUFFALO
14218,BUFFALO
14219,BUFFALO
14220,BUFFALO
14221,BUFFALO
14222,BUFFALO
14223,BUFFALO
14224,BUFFALO
14225,BUFFALO
14226,BUFFALO
14227,BUFFALO
14228,BUFFALO
14231,BUFFALO
14240,BUFFALO
14301,NIAGARA FALLS
14302,NIAGARA FALLS
14303,NIAGARA FALLS
14304,NIAGARA FALLS
14305,NIAGARA FALLS
14410,ADAMS BASIN
14411,ALBION
14413,ALTON
14414,AVON
14415,BELLONA
14416,BERGEN
14418,KEUKA PARK
14420,BROCKPORT
14422,BYRON
14423,MUMFORD
14424,CANANDAIGUA
14425,FARMINGTON
14427,CASTILE
14428,CHURCHVILLE
14429,CLARENDON
14430,BROCKPORT
14432,CLIFTON SPRINGS
14433,CLYDE
14435,CONESUS
14437,DANSVILLE
14441,DRESDEN
14443,BLOOMFIELD
14445,EAST ROCHESTER
14449,WILLIAMSON
14450,FAIRPORT
14452,FANCHER
14453,FISHERS
14454,GENESEO
14456,GENEVA
14461,GORHAM
14462,GROVELAND
14463,HALL
14464,HAMLIN
14466,HEMLOCK
14467,HENRIETTA
14468,HILTON
14469,BLOOMFIELD
14470,HOLLEY
14471,HONEOYE
14472,HONEOYE FALLS
14475,IONIA
14476,KENDALL
14477,KENT
14478,KEUKA PARK
14480,LAKEVILLE
14481,LEICESTER
14482,LE ROY
14485,LIMA
14487,LIVONIA
14488,LIVONIA
14489,LYONS
14502,MACEDON
14504,MANCHESTER
14505,MARION
14506,MENDON
14507,MIDDLESEX
14508,MORTON
14510,MOUNT MORRIS
14511,MUMFORD
14512,NAPLES
14513,NEWARK
14514,NORTH CHILI
14515,NORTH GREECE
14516,NORTH ROSE
14517,NUNDA
14518,PHELPS
14519,ONTARIO
14520,ONTARIO CENTER
14521,OVID
14522,PALMYRA
14525,PAVILION
14526,PENFIELD
14527,PENN YAN
14529,PERKINSVILLE
14530,PERRY
14532,PHELPS
14533,GENESEO
14534,PITTSFORD
14536,NUNDA
14537,PORT GIBSON
14538,PULTNEYVILLE
14539,RETSOF
14541,ROMULUS
14542,ROSE
14543,RUSH
14544,RUSHVILLE
14546,SCOTTSVILLE
14547,SENECA CASTLE
14548,SHORTSVILLE
14549,SILVER LAKE
14550,SILVER SPRINGS
14551,SODUS
14555,SODUS
14556,SONYEA
14557,SOUTH BYRON
14558,LIVONIA
14559,SPENCERPORT
14560,SPRINGWATER
14561,STANLEY
14563,UNION HILL
14564,VICTOR
14568,ONTARIO
14569,WARSAW
14571,WATERPORT
14572,WAYLAND
14580,WEBSTER
14585,WEST BLOOMFIELD
14586,HENRIETTA
14588,WILLARD
14589,WILLIAMSON
14590,WOLCOTT
14591,WYOMING
14592,YORK
14602,ROCHESTER
14603,ROCHESTER
14604,ROCHESTER
14605,ROCHESTER
14606,ROCHESTER
14607,ROCHESTER
14608,ROCHESTER
14609,ROCHESTER
14610,ROCHESTER
14611,ROCHESTER
14612,ROCHESTER
14613,ROCHESTER
14614,ROCHESTER
14615,ROCHESTER
14616,ROCHESTER
14617,ROCHESTER
14618,ROCHESTER
14619,ROCHESTER
14620,ROCHESTER
14621,ROCHESTER
14622,ROCHESTER
14623,ROCHESTER
14624,ROCHESTER
14625,ROCHESTER
14626,ROCHESTER
14692,ROCHESTER
14701,JAMESTOWN
14702,JAMESTOWN
14706,ALLEGANY
14707,ALLENTOWN
14708,BOLIVAR
14709,ANGELICA
14710,ASHVILLE
14711,BELFAST
14712,BEMUS POINT
14714,BLACK CREEK
14715,BOLIVAR
14716,BROCTON
14717,BELFAST
14718,CASSADAGA
14719,CATTARAUGUS
14720,CELORON
14721,CERES
14722,CHAUTAUQUA
14723,CHERRY CREEK
14724,CLYMER
14726,CONEWANGO VALLEY
14727,CUBA
14728,DEWITTVILLE
14729,CATTARAUGUS
14730,RANDOLPH
14731,ELLICOTTVILLE
14732,ELLINGTON
14733,FALCONER
14735,FILLMORE
14736,FINDLEY LAKE
14737,FRANKLINVILLE
14738,FREWSBURG
14739,FRIENDSHIP
14740,GERRY
14741,GREAT VALLEY
14742,GREENHURST
14743,HINSDALE
14744,HOUGHTON
14745,HUME
14747,KENNEDY
14748,KILL BUCK
14750,LAKEWOOD
14751,CONEWANGO VALLEY
14752,LILY DALE
14753,LIMESTONE
14754,LITTLE GENESEE
14755,LITTLE VALLEY
14756,DEWITTVILLE
14757,MAYVILLE
14758,LAKEWOOD
14760,OLEAN
14766,OTTO
14767,LAKEWOOD
14769,PORTLAND
14770,PORTVILLE
14772,RANDOLPH
14774,RICHBURG
14775,RIPLEY
14777,RUSHFORD
14778,SAINT BONAVENTURE
14779,SALAMANCA
14781,SHERMAN
14782,SINCLAIRVILLE
14783,STEAMBURG
14784,STOCKTON
14785,STOW
14786,WEST CLARKSVILLE
14787,WESTFIELD
14788,WESTONS MILLS
14801,ADDISON
14802,ALFRED
14803,ALFRED
14804,ALMOND
14805,ALPINE
14806,ANDOVER
14807,ARKPORT
14808,ATLANTA
14809,AVOCA
14810,BATH
14812,BEAVER DAMS
14813,BELMONT
14814,BIG FLATS
14815,TYRONE
14816,BREESPORT
14817,BROOKTONDALE
14818,BURDETT
14819,CAMERON MILLS
14820,CAMERON MILLS
14821,CAMPBELL
14822,CANASERAGA
14823,CANISTEO
14824,NEWFIELD
14825,CHEMUNG
14826,COHOCTON
14827,COOPERS PLAINS
14830,CORNING
14836,DALTON
14837,DUNDEE
14838,ERIN
14839,GREENWOOD
14840,HAMMONDSPORT
14841,HECTOR
14842,HIMROD
14843,HORNELL
14845,HORSEHEADS
14846,HUNT
14847,INTERLAKEN
14850,ITHACA
14851,ITHACA
14852,ITHACA
14854,JACKSONVILLE
14855,JASPER
14856,KANONA
14857,LAKEMONT
14858,LINDLEY
14859,LOCKWOOD
14860,LODI
14861,LOWMAN
14863,MECKLENBURG
14864,MILLPORT
14865,MONTOUR FALLS
14867,NEWFIELD
14869,ODESSA
14870,PAINTED POST
14871,PINE CITY
14872,PINE VALLEY
14873,PRATTSBURGH
14874,PULTENEY
14876,READING CENTER
14877,REXVILLE
14878,DUNDEE
14879,CAMPBELL
14880,SCIO
14881,SLATERVILLE SPRINGS
14882,ITHACA
14883,SPENCER
14884,SWAIN
14885,TROUPSBURG
14886,TRUMANSBURG
14887,TYRONE
14889,VAN ETTEN
14891,WATKINS GLEN
14892,WAVERLY
14893,WAYNE
14894,WELLSBURG
14895,WELLSVILLE
14897,REXVILLE
14898,ADDISON
14901,ELMIRA
14902,ELMIRA
14903,ELMIRA
14904,ELMIRA
14905,ELMIRA
15001,ALIQUIPPA
15003,AMBRIDGE
15004,ATLASBURG
15005,BADEN
15006,BAIRDFORD
15007,BAKERSTOWN
15009,BEAVER
15010,BEAVER FALLS
15012,BELLE VERNON
15014,NATRONA HEIGHTS
15015,WEXFORD
15017,BRIDGEVILLE
15018,BUENA VISTA
15019,BULGER
15020,BUNOLA
15021,BURGETTSTOWN
15022,CHARLEROI
15024,CHESWICK
15025,CLAIRTON
15026,CLINTON
15027,ROCHESTER
15028,COULTERS
15030,NEW KENSINGTON
15031,CUDDY
15032,CURTISVILLE
15033,DONORA
15034,DRAVOSBURG
15035,NORTH VERSAILLES
15037,ELIZABETH
15038,ELRAMA
15042,FREEDOM
15043,GEORGETOWN
15044,GIBSONIA
15045,GLASSPORT
15046,ALIQUIPPA
15047,GREENOCK
15049,HARWICK
15050,HOOKSTOWN
15051,INDIANOLA
15052,INDUSTRY
15053,JOFFRE
15054,LANGELOTH
15055,LAWRENCE
15056,AMBRIDGE
15057,MC DONALD
15059,MIDLAND
15060,MIDWAY
15061,MONACA
15062,MONESSEN
15063,MONONGAHELA
15064,MORGAN
15065,NATRONA HEIGHTS
15066,NEW BRIGHTON
15067,NEW EAGLE
15068,NEW KENSINGTON
15071,OAKDALE
15072,PRICEDALE
15074,ROCHESTER
15075,RURAL RIDGE
15076,RUSSELLTON
15077,SHIPPINGPORT
15078,SLOVAN
15081,SOUTH HEIGHTS
15082,STURGEON
15083,SUTERSVILLE
15084,TARENTUM
15085,TRAFFORD
15086,WEXFORD
15087,WEBSTER
15088,WEST ELIZABETH
15089,WEST NEWTON
15090,WEXFORD
15091,WILDWOOD
15095,WARRENDALE
15101,ALLISON PARK
15102,BETHEL PARK
15104,BRADDOCK
15106,CARNEGIE
15108,CORAOPOLIS
15110,DUQUESNE
15112,BRADDOCK
15116,GLENSHAW
15120,HOMESTEAD
15122,WEST MIFFLIN
15126,IMPERIAL
15127,INGOMAR
15129,SOUTH PARK
15131,MCKEESPORT
15132,MCKEESPORT
15133,MCKEESPORT
15134,MCKEESPORT
15135,MCKEESPORT
15136,MC KEES ROCKS
15137,NORTH VERSAILLES
15139,OAKMONT
15140,PITCAIRN
15142,PRESTO
15143,SEWICKLEY
15144,NEW KENSINGTON
15145,TURTLE CREEK
15146,MONROEVILLE
15147,VERONA
15148,NORTH VERSAILLES
15201,PITTSBURGH
15202,PITTSBURGH
15203,PITTSBURGH
15204,PITTSBURGH
15205,PITTSBURGH
15206,PITTSBURGH
15207,PITTSBURGH
15208,PITTSBURGH
15209,PITTSBURGH
15210,PITTSBURGH
15211,PITTSBURGH
15212,PITTSBURGH
15213,PITTSBURGH
15214,PITTSBURGH
15215,PITTSBURGH
15216,PITTSBURGH
15217,PITTSBURGH
15218,PITTSBURGH
15219,PITTSBURGH
15220,PITTSBURGH
15221,PITTSBURGH
15222,PITTSBURGH
15223,PITTSBURGH
15224,PITTSBURGH
15225,PITTSBURGH
15226,PITTSBURGH
15227,PITTSBURGH
15228,PITTSBURGH
15229,PITTSBURGH
15230,PITTSBURGH
15232,PITTSBURGH
15233,PITTSBURGH
15234,PITTSBURGH
15235,PITTSBURGH
15236,PITTSBURGH
15237,PITTSBURGH
15238,PITTSBURGH
15239,PITTSBURGH
15241,PITTSBURGH
15242,PITTSBURGH
15243,PITTSBURGH
15244,MONTOUR
15253,PITTSBURGH
15275,PITTSBURGH
15301,WASHINGTON
15310,ALEPPO
15311,WASHINGTON
15312,AVELLA
15313,BEALLSVILLE
15314,BENTLEYVILLE
15315,BOBTOWN
15316,BRAVE
15317,CANONSBURG
15320,CARMICHAELS
15321,CECIL
15322,CLARKSVILLE
15323,CLAYSVILLE
15324,COKEBURG
15325,CRUCIBLE
15327,BOBTOWN
15329,PROSPERITY
15330,EIGHTY FOUR
15331,ELLSWORTH
15332,FINLEYVILLE
15333,CLARKSVILLE
15334,WAYNESBURG
15336,GASTONVILLE
15337,GRAYSVILLE
15338,BOBTOWN
15340,AVELLA
15341,HOLBROOK
15342,HOUSTON
15344,CARMICHAELS
15345,CLARKSVILLE
15346,MATHER
15347,MEADOW LANDS
15348,MILLSBORO
15349,MOUNT MORRIS
15350,MUSE
15351,NEMACOLIN
15352,NEW FREEPORT
15353,NINEVEH
15357,RICES LANDING
15358,RICHEYVILLE
15359,ROGERSVILLE
15360,SCENERY HILL
15361,MC DONALD
15362,SPRAGGS
15363,STRABANE
15364,SYCAMORE
15365,TAYLORSTOWN
15366,VAN VOORHIS
15367,VENETIA
15368,VESTABURG
15370,WAYNESBURG
15376,WEST ALEXANDER
15377,WEST FINLEY
15378,WESTLAND
15379,WEST MIDDLETOWN
15380,WIND RIDGE
15401,UNIONTOWN
15411,ADDISON
15412,ALLENPORT
15413,ALLISON
15415,BRIER HILL
15416,BROWNFIELD
15417,BROWNSVILLE
15419,CALIFORNIA
15420,CARDALE
15421,CHALK HILL
15422,CHESTNUT RIDGE
15423,COAL CENTER
15424,CONFLUENCE
15425,CONNELLSVILLE
15427,BROWNSVILLE
15428,DAWSON
15430,DICKERSON RUN
15431,CONNELLSVILLE
15432,DUNLEVY
15433,BROWNSVILLE
15434,ROSCOE
15435,FAIRBANK
15436,FAIRCHANCE
15437,FARMINGTON
15438,FAYETTE CITY
15439,POINT MARION
15440,GIBBON GLADE
15442,BROWNSVILLE
15443,HIBBS
15444,HILLER
15445,HOPWOOD
15446,INDIAN HEAD
15447,ISABELLA
15448,JACOBS CREEK
15449,KEISTERVILLE
15450,LA BELLE
15454,LECKRONE
15455,LEISENRING
15456,LEMONT FURNACE
15458,MC CLELLANDTOWN
15459,FARMINGTON
15460,MARTIN
15461,MASONTOWN
15462,MELCROFT
15463,MERRITTSTOWN
15464,NORMALVILLE
15465,MOUNT BRADDOCK
15466,NEWELL
15468,NEW SALEM
15469,NORMALVILLE
15470,OHIOPYLE
15472,OLIVER
15473,PERRYOPOLIS
15474,POINT MARION
15475,REPUBLIC
15476,RONCO
15477,ROSCOE
15478,SMITHFIELD
15479,SMITHTON
15480,SMOCK
15482,STAR JUNCTION
15483,STOCKDALE
15484,ULEDI
15485,CONFLUENCE
15486,VANDERBILT
15488,WALTERSBURG
15489,WEST LEISENRING
15490,WHITE
15501,SOMERSET
15502,SOMERSET
15520,ACOSTA
15521,ALUM BANK
15522,BEDFORD
15530,SOMERSET
15531,BOSWELL
15532,BOYNTON
15533,BREEZEWOOD
15534,BUFFALO MILLS
15535,CLEARVILLE
15536,CRYSTAL SPRING
15537,EVERETT
15538,FAIRHOPE
15539,FISHERTOWN
15540,FORT HILL
15541,STOYSTOWN
15542,GARRETT
15544,GRAY
15545,HYNDMAN
15547,JENNERSTOWN
15549,FRIEDENS
15550,MANNS CHOICE
15551,MARKLETON
15552,MEYERSDALE
15553,NEW BALTIMORE
15554,NEW PARIS
15555,SOMERSET
15557,ROCKWOOD
15558,SALISBURY
15559,MANNS CHOICE
15560,SHANKSVILLE
15561,SIPESVILLE
15562,SPRINGS
15563,STOYSTOWN
15601,GREENSBURG
15610,ACME
15611,ADAMSBURG
15612,ALVERTON
15613,APOLLO
15615,IRWIN
15616,ARMBRUST
15617,ARONA
15618,AVONMORE
15619,BOVARD
15620,BRADENVILLE
15622,CHAMPION
15623,CLARIDGE
15624,CRABTREE
15625,DARRAGH
15626,DELMONT
15627,DERRY
15628,DONEGAL
15629,EAST VANDERGRIFT
15631,EVERSON
15632,MURRYSVILLE
15633,FORBES ROAD
15634,GRAPEVILLE
15635,HANNASTOWN
15636,IRWIN
15637,IRWIN
15638,HOSTETTER
15639,HUNKER
15640,HUTCHINSON
15641,HYDE PARK
15642,IRWIN
15644,JEANNETTE
15646,JONES MILLS
15647,LARIMER
15650,LATROBE
15655,LAUGHLINTOWN
15656,LEECHBURG
15658,LIGONIER
15660,IRWIN
15661,LATROBE
15662,LUXOR
15663,MADISON
15664,MAMMOTH
15665,MANOR
15666,MOUNT PLEASANT
15668,MURRYSVILLE
15670,NEW ALEXANDRIA
15671,NEW DERRY
15672,NEW STANTON
15673,NORTH APOLLO
15674,NORVELT
15675,PENN
15676,PLEASANT UNITY
15677,LAUGHLINTOWN
15678,IRWIN
15679,RUFFS DALE
15680,SALINA
15681,SALTSBURG
15682,SCHENLEY
15683,SCOTTDALE
15684,SLICKVILLE
15685,SOUTHWEST
15686,SPRING CHURCH
15687,STAHLSTOWN
15688,TARRS
15689,UNITED
15690,VANDERGRIFT
15691,MANOR
15692,WESTMORELAND CITY
15693,WHITNEY
15695,WYANO
15696,YOUNGSTOWN
15697,YOUNGWOOD
15698,YUKON
15701,INDIANA
15710,ALVERDA
15711,ANITA
15712,ARCADIA
15714,SPANGLER
15715,BIG RUN
15716,BLACK LICK
15717,BLAIRSVILLE
15720,BRUSH VALLEY
15721,CHERRY TREE
15722,CARROLLTOWN
15723,CREEKSIDE
15724,CHERRY TREE
15725,CLARKSBURG
15727,CLUNE
15728,CLYMER
15729,COMMODORE
15731,HOMER CITY
15732,CREEKSIDE
15733,DE LANCEY
15734,DIXONVILLE
15736,ELDERTON
15737,ELMORA
15738,EMEIGH
15739,CREEKSIDE
15741,GIPSY
15742,GLEN CAMPBELL
15744,HAMILTON
15745,HEILWOOD
15746,HILLSDALE
15747,HOME
15748,HOMER CITY
15752,KENT
15753,LA JOSE
15754,LUCERNEMINES
15756,MC INTYRE
15757,MAHAFFEY
15759,INDIANA
15762,NICKTOWN
15765,PENN RUN
15767,PUNXSUTAWNEY
15771,ROCHESTER MILLS
15772,ROSSITER
15773,SAINT BENEDICT
15774,SHELOCTA
15777,STARFORD
15778,TIMBLIN
15779,TORRANCE
15781,WALSTON
15801,DU BOIS
15821,BENEZETT
15823,BROCKPORT
15824,BROCKWAY
15825,BROOKVILLE
15827,BYRNEDALE
15828,SIGEL
15829,CORSICA
15831,KERSEY
15832,DRIFTWOOD
15834,EMPORIUM
15840,FALLS CREEK
15841,FORCE
15845,JOHNSONBURG
15846,KERSEY
15847,KNOX DALE
15848,DU BOIS
15849,PENFIELD
15851,REYNOLDSVILLE
15853,RIDGWAY
15856,ROCKTON
15857,SAINT MARYS
15860,SIGEL
15861,SINNAMAHONING
15863,STUMP CREEK
15864,SUMMERVILLE
15865,REYNOLDSVILLE
15868,WEEDVILLE
15870,WILCOX
15901,JOHNSTOWN
15902,JOHNSTOWN
15904,JOHNSTOWN
15905,JOHNSTOWN
15906,JOHNSTOWN
15907,JOHNSTOWN
15909,JOHNSTOWN
15920,ARMAGH
15921,SIDMAN
15922,BELSANO
15923,BOLIVAR
15924,CAIRNBROOK
15925,CASSANDRA
15926,WINDBER
15927,COLVER
15928,DAVIDSVILLE
15929,DILLTOWN
15930,DUNLO
15931,EBENSBURG
15934,ELTON
15935,HOLLSOPPLE
15936,HOOVERSVILLE
15937,JEROME
15938,PORTAGE
15940,LORETTO
15942,JOHNSTOWN
15943,NANTY GLO
15944,NEW FLORENCE
15945,JOHNSTOWN
15946,PORTAGE
15948,REVLOC
15949,ROBINSON
15951,SAINT MICHAEL
15952,SALIX
15954,SEWARD
15955,SIDMAN
15956,SOUTH FORK
15957,BELSANO
15958,PORTAGE
15959,TIRE HILL
15960,TWIN ROCKS
15961,NANTY GLO
15962,WILMORE
15963,WINDBER
16001,BUTLER
16002,BUTLER
16003,BUTLER
16020,BOYERS
16022,BRUIN
16023,SAXONBURG
16024,CALLERY
16025,CHICORA
16027,CONNOQUENESSING
16028,EAST BRADY
16029,EAST BUTLER
16030,EAU CLAIRE
16033,EVANS CITY
16034,CHICORA
16035,FORESTVILLE
16036,FOXBURG
16037,ZELIENOPLE
16038,HARRISVILLE
16039,BUTLER
16040,BOYERS
16041,KARNS CITY
16045,BUTLER
16046,MARS
16048,NORTH WASHINGTON
16049,PARKER
16050,PETROLIA
16051,PORTERSVILLE
16052,PROSPECT
16053,RENFREW
16054,SAINT PETERSBURG
16055,SARVER
16056,SAXONBURG
16057,SLIPPERY ROCK
16058,TURKEY CITY
16059,VALENCIA
16061,WEST SUNBURY
16063,ZELIENOPLE
16066,CRANBERRY TOWNSHIP
16101,NEW CASTLE
16102,NEW CASTLE
16103,NEW CASTLE
16105,NEW CASTLE
16107,NEW CASTLE
16110,ADAMSVILLE
16111,ATLANTIC
16112,BESSEMER
16113,CLARK
16114,CLARKS MILLS
16115,DARLINGTON
16116,EDINBURG
16117,ELLWOOD CITY
16120,ENON VALLEY
16121,SHARON
16123,ELLWOOD CITY
16124,FREDONIA
16125,GREENVILLE
16127,GROVE CITY
16130,GREENVILLE
16131,HARTSTOWN
16132,HILLSVILLE
16133,JACKSON CENTER
16134,JAMESTOWN
16136,KOPPEL
16137,MERCER
16140,NEW BEDFORD
16141,NEW GALILEE
16142,NEW WILMINGTON
16143,NEW WILMINGTON
16145,SANDY LAKE
16146,SHARON
16148,HERMITAGE
16150,SHARON
16151,SHEAKLEYVILLE
16153,SANDY LAKE
16154,TRANSFER
16155,VILLA MARIA
16156,VOLANT
16157,WAMPUM
16159,WEST MIDDLESEX
16160,WEST PITTSBURG
16161,WHEATLAND
16201,KITTANNING
16210,ADRIAN
16211,BEYER
16212,CADOGAN
16213,SLIGO
16214,CLARION
16217,COOKSBURG
16218,WORTHINGTON
16220,CROWN
16221,SLIGO
16222,DAYTON
16223,DISTANT
16224,NEW BETHLEHEM
16225,STRATTANVILLE
16226,FORD CITY
16229,FREEPORT
16230,HAWTHORN
16232,KNOX
16233,LEEPER
16234,LIMESTONE
16235,LUCINDA
16236,MC GRANN
16238,MANORVILLE
16239,MARIENVILLE
16240,MAYPORT
16242,NEW BETHLEHEM
16244,NU MINE
16245,OAK RIDGE
16246,PLUMVILLE
16248,RIMERSBURG
16249,RURAL VALLEY
16250,SAGAMORE
16254,SHIPPENVILLE
16255,RIMERSBURG
16256,SMICKSBURG
16258,STRATTANVILLE
16259,TEMPLETON
16260,COOKSBURG
16261,TEMPLETON
16262,WORTHINGTON
16263,YATESBORO
16301,OIL CITY
16311,CARLTON
16312,SUGAR GROVE
16313,CLARENDON
16314,COCHRANTON
16316,CONNEAUT LAKE
16317,COOPERSTOWN
16319,OIL CITY
16321,ENDEAVOR
16322,ENDEAVOR
16323,FRANKLIN
16326,FRYBURG
16327,COCHRANTON
16329,IRVINE
16331,KOSSUTH
16332,TYLERSBURG
16333,LUDLOW
16334,MARBLE
16335,MEADVILLE
16340,PITTSFIELD
16341,PLEASANTVILLE
16342,POLK
16343,RENO
16344,ROUSEVILLE
16345,RUSSELL
16346,OIL CITY
16347,SHEFFIELD
16350,SUGAR GROVE
16351,TIDIOUTE
16352,TIONA
16353,TIONESTA
16354,TITUSVILLE
16360,TITUSVILLE
16361,TYLERSBURG
16362,UTICA
16364,VENUS
16365,WARREN
16370,ENDEAVOR
16371,YOUNGSVILLE
16372,CLINTONVILLE
16373,EMLENTON
16374,KENNERDELL
16375,LAMARTINE
16401,ALBION
16402,CORRY
16403,CAMBRIDGE SPRINGS
16404,CENTERVILLE
16405,COLUMBUS
16406,CONNEAUTVILLE
16407,CORRY
16410,ALBION
16411,EAST SPRINGFIELD
16412,EDINBORO
16413,ELGIN
16415,FAIRVIEW
16416,GARLAND
16417,GIRARD
16420,GRAND VALLEY
16421,HARBORCREEK
16422,HARMONSBURG
16423,GIRARD
16424,LINESVILLE
16426,MC KEAN
16427,MILL VILLAGE
16428,NORTH EAST
16433,SAEGERTOWN
16434,SPARTANSBURG
16435,SPRINGBORO
16436,SPRING CREEK
16438,UNION CITY
16440,VENANGO
16441,WATERFORD
16442,WATTSBURG
16443,WEST SPRINGFIELD
16501,ERIE
16502,ERIE
16503,ERIE
16504,ERIE
16505,ERIE
16506,ERIE
16507,ERIE
16508,ERIE
16509,ERIE
16510,ERIE
16511,ERIE
16512,ERIE
16514,ERIE
16601,ALTOONA
16602,ALTOONA
16603,ALTOONA
16611,ALEXANDRIA
16613,ASHVILLE
16616,SMOKERUN
16617,BELLWOOD
16619,BLANDBURG
16620,BRISBIN
16621,BROAD TOP
16622,CALVIN
16623,CASSVILLE
16624,CHEST SPRINGS
16625,CLAYSBURG
16627,COALPORT
16630,CRESSON
16631,CURRYVILLE
16633,DEFIANCE
16634,DUDLEY
16635,DUNCANSVILLE
16636,DYSART
16637,EAST FREEDOM
16639,FALLENTIMBER
16640,FLINTON
16641,CRESSON
16644,GLASGOW
16646,HASTINGS
16647,HESSTON
16648,HOLLIDAYSBURG
16650,HOPEWELL
16651,HOUTZDALE
16652,HUNTINGDON
16655,IMLER
16656,IRVONA
16657,JAMES CREEK
16660,MC CONNELLSTOWN
16661,HOUTZDALE
16662,MARTINSBURG
16663,MORANN
16664,NEW ENTERPRISE
16665,NEWRY
16666,OSCEOLA MILLS
16667,OSTERBURG
16668,PATTON
16669,PETERSBURG
16671,HOUTZDALE
16672,RIDDLESBURG
16673,ROARING SPRING
16674,ROBERTSDALE
16677,OSCEOLA MILLS
16678,SAXTON
16679,SIX MILE RUN
16680,SMITHMILL
16681,SMOKERUN
16683,SPRUCE CREEK
16684,TIPTON
16685,BROAD TOP
16686,TYRONE
16689,WATERFALL
16691,WELLS TANNERY
16692,WESTOVER
16693,WILLIAMSBURG
16694,WOOD
16695,CURRYVILLE
16701,BRADFORD
16720,AUSTIN
16724,CROSBY
16725,CUSTER CITY
16726,CYCLONE
16727,DERRICK CITY
16729,DUKE CENTER
16730,EAST SMETHPORT
16731,ELDRED
16732,GIFFORD
16733,MOUNT JEWETT
16734,JAMES CITY
16735,KANE
16738,LEWIS RUN
16740,MOUNT JEWETT
16743,PORT ALLEGANY
16744,REW
16745,RIXFORD
16746,ROULETTE
16748,SHINGLEHOUSE
16749,SMETHPORT
16750,TURTLEPOINT
16801,STATE COLLEGE
16802,STATE COLLEGE
16803,STATE COLLEGE
16804,STATE COLLEGE
16805,STATE COLLEGE
16820,AARONSBURG
16821,ALLPORT
16822,BEECH CREEK
16823,BELLEFONTE
16825,WOODLAND
16826,BLANCHARD
16827,BOALSBURG
16828,CENTRE HALL
16829,CLARENCE
16830,CLEARFIELD
16832,COBURN
16833,CURWENSVILLE
16834,DRIFTING
16835,FLEMING
16836,FRENCHVILLE
16838,CURWENSVILLE
16840,HAWK RUN
16841,HOWARD
16843,HYDE
16844,PORT MATILDA
16845,KARTHAUS
16847,KYLERTOWN
16848,LAMAR
16849,LANSE
16851,LEMONT
16852,MADISONBURG
16853,MILESBURG
16854,MILLHEIM
16855,MINERAL SPRINGS
16856,MINGOVILLE
16858,MORRISDALE
16859,SNOW SHOE
16861,NEW MILLPORT
16863,OLANTA
16865,PENNSYLVANIA FURNACE
16866,PHILIPSBURG
16868,PINE GROVE MILLS
16870,PORT MATILDA
16871,KARTHAUS
16872,REBERSBURG
16873,SHAWVILLE
16874,SNOW SHOE
16875,SPRING MILLS
16876,WALLACETON
16877,TYRONE
16878,PHILIPSBURG
16879,WINBURNE
16881,WOODLAND
16882,WOODWARD
16901,WELLSBORO
16910,TROY
16911,ARNOT
16912,BLOSSBURG
16914,TROY
16915,COUDERSPORT
16917,COVINGTON
16920,ELKLAND
16921,GAINES
16922,GALETON
16923,COUDERSPORT
16925,TROY
16926,TROY
16928,WESTFIELD
16929,LAWRENCEVILLE
16930,LIBERTY
16932,MAINESBURG
16933,MANSFIELD
16935,WELLSBORO
16936,LAWRENCEVILLE
16937,MILLS
16938,MORRIS
16939,MORRIS RUN
16940,NELSON
16942,OSCEOLA
16943,SABINSVILLE
16945,SYLVANIA
16946,TIOGA
16947,TROY
16948,ULYSSES
16950,WESTFIELD
17001,CAMP HILL
17002,ALLENSVILLE
17003,ANNVILLE
17004,BELLEVILLE
17005,BERRYSBURG
17006,BLAIN
17007,BOILING SPRINGS
17009,BURNHAM
17010,CAMPBELLTOWN
17011,CAMP HILL
17013,CARLISLE
17014,MC ALISTERVILLE
17015,CARLISLE
17016,CORNWALL
17017,GRATZ
17018,DAUPHIN
17019,DILLSBURG
17020,DUNCANNON
17021,EAST WATERFORD
17022,ELIZABETHTOWN
17023,ELIZABETHVILLE
17024,ELLIOTTSBURG
17025,CAMP HILL
17026,FREDERICKSBURG
17027,GRANTHAM
17028,GRANTVILLE
17029,GRANVILLE
17030,GRATZ
17032,HALIFAX
17033,HERSHEY
17034,HIGHSPIRE
17035,PORT ROYAL
17036,HUMMELSTOWN
17037,ICKESBURG
17038,JONESTOWN
17039,KLEINFELTERSVILLE
17040,LANDISBURG
17041,LAWN
17042,CLEONA
17043,CAMP HILL
17044,LEWISTOWN
17045,LIVERPOOL
17046,LEBANON
17047,LOYSVILLE
17048,LYKENS
17049,MC ALISTERVILLE
17050,MECHANICSBURG
17051,MC VEYTOWN
17052,MAPLETON DEPOT
17053,MARYSVILLE
17054,MATTAWANA
17055,MECHANICSBURG
17056,MEXICO
17057,MIDDLETOWN
17058,MIFFLINTOWN
17059,MIFFLINTOWN
17060,MILL CREEK
17061,MILLERSBURG
17062,MILLERSTOWN
17063,MILROY
17064,MOUNT GRETNA
17065,CARLISLE
17066,MOUNT UNION
17067,MYERSTOWN
17068,NEW BLOOMFIELD
17069,NEW BUFFALO
17070,NEW CUMBERLAND
17072,NEW KINGSTOWN
17073,NEWMANSTOWN
17074,NEWPORT
17075,NEWTON HAMILTON
17076,OAKLAND MILLS
17077,JONESTOWN
17078,PALMYRA
17080,PILLOW
17081,PLAINFIELD
17082,PORT ROYAL
17083,QUENTIN
17084,REEDSVILLE
17085,REXMONT
17086,RICHFIELD
17087,RICHLAND
17088,SCHAEFFERSTOWN
17090,SHERMANS DALE
17094,THOMPSONTOWN
17097,WICONISCO
17098,WILLIAMSTOWN
17099,YEAGERTOWN
17101,HARRISBURG
17102,HARRISBURG
17103,HARRISBURG
17104,HARRISBURG
17105,HARRISBURG
17106,HARRISBURG
17108,HARRISBURG
17109,HARRISBURG
17110,HARRISBURG
17111,HARRISBURG
17112,HARRISBURG
17113,STEELTON
17129,HARRISBURG
17201,CHAMBERSBURG
17202,CHAMBERSBURG
17210,AMBERSON
17211,WARFORDSBURG
17212,NEEDMORE
17213,BLAIRS MILLS
17214,BLUE RIDGE SUMMIT
17215,BURNT CABINS
17217,DRY RUN
17219,DRY RUN
17220,DRY RUN
17221,FANNETTSBURG
17222,FAYETTEVILLE
17223,MC CONNELLSBURG
17224,FORT LOUDON
17225,GREENCASTLE
17228,MC CONNELLSBURG
17229,HUSTONTOWN
17231,LEMASTERS
17232,LURGAN
17233,MC CONNELLSBURG
17235,MARION
17236,MERCERSBURG
17237,MONT ALTO
17238,NEEDMORE
17240,NEWBURG
17241,NEWVILLE
17243,ORBISONIA
17244,ORRSTOWN
17246,PLEASANT HALL
17247,QUINCY
17249,ROCKHILL FURNACE
17250,ROUZERVILLE
17251,ROXBURY
17252,SAINT THOMAS
17253,SALTILLO
17254,SCOTLAND
17255,SHADE GAP
17256,SHADY GROVE
17257,SHIPPENSBURG
17260,SHIRLEYSBURG
17261,SOUTH MOUNTAIN
17262,SPRING RUN
17263,STATE LINE
17264,THREE SPRINGS
17265,UPPERSTRASBURG
17266,WALNUT BOTTOM
17267,WARFORDSBURG
17268,WAYNESBORO
17271,WILLOW HILL
17272,ZULLINGER
17301,ABBOTTSTOWN
17302,BROGUE
17303,ARENDTSVILLE
17304,ASPERS
17306,BENDERSVILLE
17307,BIGLERVILLE
17309,BROGUE
17310,CASHTOWN
17311,CODORUS
17312,CRALEY
17313,DALLASTOWN
17314,DELTA
17315,DOVER
17316,EAST BERLIN
17317,EAST PROSPECT
17318,EMIGSVILLE
17319,ETTERS
17320,FAIRFIELD
17321,DELTA
17322,FELTON
17323,FRANKLINTOWN
17324,ASPERS
17325,GETTYSBURG
17327,GLEN ROCK
17329,GLEN ROCK
17331,HANOVER
17339,LEWISBERRY
17340,LITTLESTOWN
17342,LOGANVILLE
17343,MC KNIGHTSTOWN
17344,MC SHERRYSTOWN
17345,MANCHESTER
17347,MOUNT WOLF
17349,NEW FREEDOM
17350,NEW OXFORD
17352,NEW PARK
17353,FAIRFIELD
17355,RAILROAD
17356,RED LION
17358,ROSSVILLE
17360,SEVEN VALLEYS
17361,SHREWSBURY
17362,SPRING GROVE
17363,STEWARTSTOWN
17364,THOMASVILLE
17365,WELLSVILLE
17366,WINDSOR
17368,WRIGHTSVILLE
17370,YORK HAVEN
17371,YORK NEW SALEM
17372,YORK SPRINGS
17401,YORK
17402,YORK
17403,YORK
17404,YORK
17405,YORK
17406,YORK
17407,YORK
17408,YORK
17501,AKRON
17502,BAINBRIDGE
17503,BART
17504,BAUSMAN
17505,SMOKETOWN
17506,BLUE BALL
17507,BOWMANSVILLE
17508,BROWNSTOWN
17509,CHRISTIANA
17512,COLUMBIA
17516,CONESTOGA
17517,DENVER
17519,NEW HOLLAND
17520,EAST PETERSBURG
17521,ELM
17522,EPHRATA
17527,GAP
17528,GOODVILLE
17529,GORDONVILLE
17532,HOLTWOOD
17533,HOPELAND
17534,INTERCOURSE
17535,GAP
17536,KIRKWOOD
17537,LAMPETER
17538,LANDISVILLE
17540,LEOLA
17543,LITITZ
17545,MANHEIM
17547,MARIETTA
17550,MAYTOWN
17551,MILLERSVILLE
17552,MOUNT JOY
17554,MOUNTVILLE
17555,NARVON
17557,NEW HOLLAND
17560,NEW PROVIDENCE
17562,PARADISE
17563,PEACH BOTTOM
17564,PENRYN
17565,PEQUEA
17566,QUARRYVILLE
17567,REAMSTOWN
17568,REFTON
17569,REINHOLDS
17570,RHEEMS
17572,RONKS
17575,SILVER SPRING
17576,SMOKETOWN
17578,STEVENS
17579,STRASBURG
17580,TALMAGE
17581,TERRE HILL
17582,WASHINGTON BORO
17584,WILLOW STREET
17585,WITMER
17601,LANCASTER
17602,LANCASTER
17603,LANCASTER
17604,LANCASTER
17605,LANCASTER
17606,LANCASTER
17607,LANCASTER
17608,LANCASTER
17701,WILLIAMSPORT
17702,WILLIAMSPORT
17703,WILLIAMSPORT
17720,ANTES FORT
17721,AVIS
17723,JERSEY SHORE
17724,CANTON
17726,CASTANEA
17727,JERSEY SHORE
17728,COGAN STATION
17729,RENOVO
17730,DEWART
17731,EAGLES MERE
17735,GROVER
17737,HUGHESVILLE
17740,JERSEY SHORE
17742,HUGHESVILLE
17744,LINDEN
17745,LOCK HAVEN
17747,LOGANTON
17748,MC ELHATTAN
17749,MC EWENSVILLE
17750,MACKEYVILLE
17751,LOCK HAVEN
17752,MONTGOMERY
17754,MONTOURSVILLE
17756,MUNCY
17758,MUNCY VALLEY
17760,NORTH BEND
17762,PICTURE ROCKS
17763,RALSTON
17764,RENOVO
17765,ROARING BRANCH
17768,SHUNK
17769,JERSEY SHORE
17771,TROUT RUN
17772,TURBOTVILLE
17774,UNITYVILLE
17776,WATERVILLE
17777,WATSONTOWN
17778,RENOVO
17779,WOOLRICH
17801,SUNBURY
17810,WEST MILTON
17812,BEAVER SPRINGS
17813,BEAVERTOWN
17814,BENTON
17815,BLOOMSBURG
17820,CATAWISSA
17821,DANVILLE
17823,SHAMOKIN
17824,ELYSBURG
17827,SELINSGROVE
17829,HARTLETON
17830,SUNBURY
17831,HUMMELS WHARF
17832,MARION HEIGHTS
17833,KREAMER
17834,SHAMOKIN
17835,LAURELTON
17837,LEWISBURG
17840,MOUNT CARMEL
17841,MC CLURE
17842,MIDDLEBURG
17844,MIFFLINBURG
17845,MIFFLINBURG
17846,MILLVILLE
17847,MILTON
17850,MONTANDON
17851,MOUNT CARMEL
17853,MOUNT PLEASANT MILLS
17855,NEW BERLIN
17856,WEST MILTON
17857,NORTHUMBERLAND
17858,NUMIDIA
17859,ORANGEVILLE
17860,PAXINOS
17861,PAXTONVILLE
17862,PENNS CREEK
17864,PORT TREVORTON
17865,POTTS GROVE
17866,SHAMOKIN
17868,RIVERSIDE
17870,SELINSGROVE
17872,SHAMOKIN
17876,SELINSGROVE
17878,BENTON
17880,MILLMONT
17881,SHAMOKIN
17882,TROXELVILLE
17884,WASHINGTONVILLE
17885,WEIKERT
17886,WEST MILTON
17887,WHITE DEER
17888,WILBURTON
17889,WINFIELD
17901,POTTSVILLE
17920,ARISTES
17921,ASHLAND
17922,AUBURN
17923,BRANCHDALE
17929,POTTSVILLE
17930,CUMBOLA
17931,FRACKVILLE
17933,FRIEDENSBURG
17934,FRACKVILLE
17935,ASHLAND
17936,GORDON
17938,HEGINS
17941,VALLEY VIEW
17943,LAVELLE
17944,LLEWELLYN
17945,LOCUSTDALE
17946,LOST CREEK
17948,MAHANOY CITY
17951,MAR LIN
17952,MARY D
17953,MIDDLEPORT
17954,MINERSVILLE
17959,NEW PHILADELPHIA
17960,NEW RINGGOLD
17961,ORWIGSBURG
17963,PINE GROVE
17964,PITMAN
17965,PORT CARBON
17967,RINGTOWN
17968,SACRAMENTO
17970,SAINT CLAIR
17972,POTTSVILLE
17974,POTTSVILLE
17976,SHENANDOAH
17978,SPRING GLEN
17979,SUMMIT STATION
17980,TOWER CITY
17981,PINE GROVE
17982,TUSCARORA
17983,VALLEY VIEW
17985,RINGTOWN
18002,BETHLEHEM
18011,ALBURTIS
18012,AQUASHICOLA
18013,BANGOR
18014,BATH
18015,BETHLEHEM
18016,BETHLEHEM
18017,BETHLEHEM
18018,BETHLEHEM
18020,ALLENTOWN
18030,BOWMANSTOWN
18031,BREINIGSVILLE
18032,ALLENTOWN
18034,CENTER VALLEY
18035,CHERRYVILLE
18036,COOPERSBURG
18037,COPLAY
18038,PALMERTON
18039,DURHAM
18040,EASTON
18041,EAST GREENVILLE
18042,EASTON
18043,EASTON
18044,EASTON
18045,EASTON
18046,EAST TEXAS
18049,EMMAUS
18051,FOGELSVILLE
18052,WHITEHALL
18053,GERMANSVILLE
18054,GREEN LANE
18055,HELLERTOWN
18056,HEREFORD
18058,KUNKLETOWN
18059,NORTHAMPTON
18060,LIMEPORT
18062,MACUNGIE
18063,MARTINS CREEK
18064,NAZARETH
18065,NEFFS
18066,NEW TRIPOLI
18067,NORTHAMPTON
18068,OLD ZIONSVILLE
18069,OREFIELD
18070,PALM
18071,PALMERTON
18072,PEN ARGYL
18073,RED HILL
18074,PERKIOMENVILLE
18076,RED HILL
18077,RIEGELSVILLE
18078,SCHNECKSVILLE
18079,SLATEDALE
18080,SLATINGTON
18081,SPRINGTOWN
18083,STOCKERTOWN
18084,SUMNEYTOWN
18085,TATAMY
18086,WALNUTPORT
18087,TREXLERTOWN
18088,WALNUTPORT
18091,WIND GAP
18092,HEREFORD
18101,ALLENTOWN
18102,ALLENTOWN
18103,ALLENTOWN
18104,ALLENTOWN
18105,ALLENTOWN
18106,ALLENTOWN
18109,ALLENTOWN
18201,HAZLETON
18202,HAZLETON
18210,ALBRIGHTSVILLE
18211,ANDREAS
18212,ASHFIELD
18214,TAMAQUA
18216,BEAVER MEADOWS
18218,COALDALE
18219,CONYNGHAM
18220,DELANO
18221,DRIFTON
18222,DRUMS
18223,EBERVALE
18224,FREELAND
18225,HARLEIGH
18229,JIM THORPE
18230,JUNEDALE
18231,KELAYRES
18232,LANSFORD
18234,LATTIMER MINES
18235,LEHIGHTON
18237,MCADOO
18239,MILNESVILLE
18240,NESQUEHONING
18241,NUREMBERG
18242,ONEIDA
18244,PARRYVILLE
18245,QUAKAKE
18246,ROCK GLEN
18247,SAINT JOHNS
18248,SHEPPTON
18249,SUGARLOAF
18250,SUMMIT HILL
18251,SYBERTSVILLE
18252,TAMAQUA
18254,TRESCKOW
18255,WEATHERLY
18256,WESTON
18301,EAST STROUDSBURG
18302,EAST STROUDSBURG
18320,ANALOMINK
18321,BARTONSVILLE
18322,BRODHEADSVILLE
18323,BUCK HILL FALLS
18324,BUSHKILL
18325,CANADENSIS
18326,CRESCO
18327,DELAWARE WATER GAP
18328,DINGMANS FERRY
18330,EFFORT
18331,BRODHEADSVILLE
18332,HENRYVILLE
18333,KRESGEVILLE
18334,POCONO SUMMIT
18335,MARSHALLS CREEK
18336,MATAMORAS
18337,MILFORD
18340,MILLRIFT
18342,CRESCO
18343,MOUNT BETHEL
18344,MOUNT POCONO
18346,POCONO SUMMIT
18347,POCONO LAKE
18349,SWIFTWATER
18350,POCONO PINES
18351,PORTLAND
18352,REEDERS
18353,SAYLORSBURG
18354,SCIOTA
18355,SCOTRUN
18356,SHAWNEE ON DELAWARE
18357,SKYTOP
18360,STROUDSBURG
18370,SWIFTWATER
18371,BUSHKILL
18372,TANNERSVILLE
18403,ARCHBALD
18405,BEACH LAKE
18407,CARBONDALE
18410,CHINCHILLA
18411,CLARKS SUMMIT
18413,CLIFFORD
18414,DALTON
18415,DAMASCUS
18416,MOSCOW
18417,EQUINUNK
18419,DALTON
18420,FLEETVILLE
18421,FOREST CITY
18424,GOULDSBORO
18425,GREELEY
18426,GREENTOWN
18427,HAMLIN
18428,HAWLEY
18430,FOREST CITY
18431,HONESDALE
18433,ARCHBALD
18434,OLYPHANT
18435,LACKAWAXEN
18436,LAKE ARIEL
18437,LAKE COMO
18438,HAWLEY
18439,LAKEWOOD
18440,LA PLUME
18441,NICHOLSON
18443,MILANVILLE
18444,MOSCOW
18445,NEWFOUNDLAND
18446,NICHOLSON
18447,OLYPHANT
18451,PAUPACK
18452,OLYPHANT
18453,FOREST CITY
18454,POYNTELLE
18455,LAKE COMO
18456,PROMPTON
18457,ROWLAND
18458,SHOHOLA
18459,SOUTH CANAAN
18461,LAKEWOOD
18462,STARRUCCA
18463,STERLING
18464,TAFTON
18465,SUSQUEHANNA
18466,TOBYHANNA
18469,TYLER HILL
18470,UNION DALE
18471,WAVERLY
18472,WAYMART
18473,WHITE MILLS
18501,SCRANTON
18502,SCRANTON
18503,SCRANTON
18504,SCRANTON
18505,SCRANTON
18507,TAYLOR
18508,SCRANTON
18509,SCRANTON
18510,SCRANTON
18512,DUNMORE
18517,TAYLOR
18518,TAYLOR
18519,SCRANTON
18602,BEAR CREEK
18603,BERWICK
18610,BLAKESLEE
18611,CAMBRA
18612,DALLAS
18614,DUSHORE
18615,PITTSTON
18616,DUSHORE
18617,NANTICOKE
18618,HARVEYS LAKE
18619,DUSHORE
18621,PLYMOUTH
18622,SHICKSHINNY
18623,LACEYVILLE
18624,LAKE HARMONY
18625,LAKE WINOLA
18626,LAPORTE
18627,LEHMAN
18628,LOPEZ
18629,MEHOOPANY
18630,MESHOPPEN
18631,MIFFLINVILLE
18632,MILDRED
18634,NANTICOKE
18635,NESCOPECK
18636,HARVEYS LAKE
18640,PITTSTON
18641,PITTSTON
18642,PITTSTON
18643,PITTSTON
18644,PITTSTON
18651,PLYMOUTH
18653,RANSOM
18654,HARVEYS LAKE
18655,SHICKSHINNY
18656,SWEET VALLEY
18657,TUNKHANNOCK
18660,WAPWALLOPEN
18661,WHITE HAVEN
18701,WILKES BARRE
18702,WILKES BARRE
18703,WILKES BARRE
18704,KINGSTON
18705,PLAINS
18706,WILKES BARRE
18707,MOUNTAIN TOP
18708,SHAVERTOWN
18709,LUZERNE
18710,WILKES BARRE
18773,WILKES BARRE
18801,MONTROSE
18810,SAYRE
18812,BRACKNEY
18813,BROOKLYN
18814,BURLINGTON
18816,DIMOCK
18817,EAST SMITHFIELD
18818,FRIENDSVILLE
18821,GREAT BEND
18822,HALLSTEAD
18823,KINGSLEY
18824,NICHOLSON
18825,JACKSON
18826,KINGSLEY
18828,LAWTON
18829,LE RAYSVILLE
18830,LITTLE MEADOWS
18831,TOWANDA
18832,TOWANDA
18833,NEW ALBANY
18834,NEW MILFORD
18837,ROME
18840,SAYRE
18842,SOUTH GIBSON
18843,SOUTH MONTROSE
18844,SPRINGVILLE
18845,STEVENSVILLE
18846,SUGAR RUN
18847,SUSQUEHANNA
18848,TOWANDA
18850,TOWANDA
18851,ROME
18853,WYALUSING
18854,WYSOX
18901,DOYLESTOWN
18902,DOYLESTOWN
18910,BEDMINSTER
18911,BLOOMING GLEN
18912,BUCKINGHAM
18913,CARVERSVILLE
18914,CHALFONT
18915,COLMAR
18916,DOYLESTOWN
18917,DUBLIN
18918,EARLINGTON
18920,ERWINNA
18921,FERNDALE
18922,FOREST GROVE
18923,FOUNTAINVILLE
18925,FURLONG
18927,HILLTOWN
18928,HOLICONG
18929,JAMISON
18930,KINTNERSVILLE
18931,LAHASKA
18932,LINE LEXINGTON
18933,POINT PLEASANT
18934,MECHANICSVILLE
18935,MILFORD SQUARE
18936,MONTGOMERYVILLE
18938,NEW HOPE
18940,NEWTOWN
18942,OTTSVILLE
18943,PENNS PARK
18944,PERKASIE
18946,PINEVILLE
18947,PIPERSVILLE
18949,PLUMSTEADVILLE
18950,POINT PLEASANT
18951,QUAKERTOWN
18953,REVERE
18954,RICHBORO
18955,RICHLANDTOWN
18956,RUSHLAND
18957,SALFORD
18958,SALFORDVILLE
18960,SELLERSVILLE
18962,SILVERDALE
18963,SOLEBURY
18964,TELFORD
18966,SOUTHAMPTON
18968,SPINNERSTOWN
18969,TELFORD
18970,TRUMBAUERSVILLE
18971,TYLERSPORT
18972,UPPER BLACK EDDY
18974,WARMINSTER
18976,WARRINGTON
18977,WASHINGTON CROSSING
18979,WOXALL
18980,WYCOMBE
18981,ZIONHILL
19001,ABINGTON
19002,AMBLER
19003,ARDMORE
19004,BALA CYNWYD
19006,HUNTINGDON VALLEY
19007,BRISTOL
19008,BROOMALL
19009,BRYN ATHYN
19010,BRYN MAWR
19012,ELKINS PARK
19013,CHESTER
19014,ASTON
19015,BROOKHAVEN
19016,CHESTER
19017,CHESTER HEIGHTS
19018,SECANE
19020,BENSALEM
19021,BENSALEM
19022,CHESTER
19023,SHARON HILL
19025,FORT WASHINGTON
19026,DREXEL HILL
19027,ELKINS PARK
19028,EDGEMONT
19029,NORWOOD
19030,FAIRLESS HILLS
19031,FLOURTOWN
19032,SHARON HILL
19033,FOLSOM
19034,FORT WASHINGTON
19035,GLADWYNE
19036,GLENOLDEN
19037,MEDIA
19038,GLENSIDE
19039,GRADYVILLE
19040,HATBORO
19041,ARDMORE
19043,NORWOOD
19044,AMBLER
19046,JENKINTOWN
19047,PENNDEL
19050,LANSDOWNE
19052,LENNI
19053,FEASTERVILLE TREVOSE
19054,LEVITTOWN
19055,LEVITTOWN
19056,LEVITTOWN
19057,LEVITTOWN
19058,LEVITTOWN
19060,MARCUS HOOK
19061,UPPER CHICHESTER
19063,MEDIA
19064,SPRINGFIELD
19065,MEDIA
19066,BALA CYNWYD
19067,YARDLEY
19070,MORTON
19072,NARBERTH
19073,NEWTOWN SQUARE
19074,NORWOOD
19075,ORELAND
19076,PROSPECT PARK
19078,RIDLEY PARK
19079,SHARON HILL
19081,SWARTHMORE
19082,UPPER DARBY
19083,HAVERTOWN
19085,VILLANOVA
19086,WALLINGFORD
19087,WAYNE
19090,WILLOW GROVE
19094,RIDLEY PARK
19095,WYNCOTE
19096,WYNNEWOOD
19101,PHILADELPHIA
19102,PHILADELPHIA
19103,PHILADELPHIA
19104,PHILADELPHIA
19105,PHILADELPHIA
19106,PHILADELPHIA
19107,PHILADELPHIA
19110,PHILADELPHIA
19111,PHILADELPHIA
19112,PHILADELPHIA
19113,NORWOOD
19114,PHILADELPHIA
19115,PHILADELPHIA
19116,PHILADELPHIA
19118,PHILADELPHIA
19119,PHILADELPHIA
19120,PHILADELPHIA
19121,PHILADELPHIA
19122,PHILADELPHIA
19123,PHILADELPHIA
19124,PHILADELPHIA
19125,PHILADELPHIA
19126,PHILADELPHIA
19127,PHILADELPHIA
19128,PHILADELPHIA
19129,PHILADELPHIA
19130,PHILADELPHIA
19131,PHILADELPHIA
19132,PHILADELPHIA
19133,PHILADELPHIA
19134,PHILADELPHIA
19135,PHILADELPHIA
19136,PHILADELPHIA
19137,PHILADELPHIA
19138,PHILADELPHIA
19139,PHILADELPHIA
19140,PHILADELPHIA
19141,PHILADELPHIA
19142,PHILADELPHIA
19143,PHILADELPHIA
19144,PHILADELPHIA
19145,PHILADELPHIA
19146,PHILADELPHIA
19147,PHILADELPHIA
19148,PHILADELPHIA
19149,PHILADELPHIA
19150,PHILADELPHIA
19151,PHILADELPHIA
19152,PHILADELPHIA
19153,PHILADELPHIA
19154,PHILADELPHIA
19155,PHILADELPHIA
19160,PHILADELPHIA
19176,PHILADELPHIA
19301,PAOLI
19310,ATGLEN
19311,AVONDALE
19312,BERWYN
19316,BRANDAMORE
19317,CHADDS FORD
19318,WEST GROVE
19319,CHEYNEY
19320,COATESVILLE
19330,COCHRANVILLE
19331,GLEN MILLS
19333,DEVON
19335,DOWNINGTOWN
19341,EXTON
19342,GLEN MILLS
19343,GLENMOORE
19344,HONEY BROOK
19346,KELTON
19347,KEMBLESVILLE
19348,KENNETT SQUARE
19350,LANDENBERG
19351,LEWISVILLE
19352,LINCOLN UNIVERSITY
19353,EXTON
19354,LYNDELL
19355,MALVERN
19357,MENDENHALL
19358,MODENA
19360,KEMBLESVILLE
19362,NOTTINGHAM
19363,OXFORD
19365,PARKESBURG
19366,POCOPSON
19367,POMEROY
19369,SADSBURYVILLE
19372,THORNDALE
19373,THORNTON
19374,TOUGHKENAMON
19375,UNIONVILLE
19376,WAGONTOWN
19380,WEST CHESTER
19381,WEST CHESTER
19382,SOUTHEASTERN
19390,WEST GROVE
19395,WESTTOWN
19398,SOUTHEASTERN
19399,SOUTHEASTERN
19401,CONSHOHOCKEN
19403,NORRISTOWN
19404,NORRISTOWN
19405,BRIDGEPORT
19406,KING OF PRUSSIA
19407,AUDUBON
19408,NORRISTOWN
19409,FAIRVIEW VILLAGE
19421,BIRCHRUNVILLE
19422,BLUE BELL
19423,SKIPPACK
19425,CHESTER SPRINGS
19426,COLLEGEVILLE
19428,CONSHOHOCKEN
19430,CREAMERY
19432,DEVAULT
19435,FREDERICK
19436,NORTH WALES
19437,GWYNEDD VALLEY
19438,HARLEYSVILLE
19440,HATFIELD
19442,KIMBERTON
19443,KULPSVILLE
19444,LAFAYETTE HILL
19446,LANSDALE
19450,LEDERACH
19451,HARLEYSVILLE
19453,SOUTHEASTERN
19454,NORTH WALES
19456,OAKS
19457,PARKER FORD
19460,PHOENIXVILLE
19462,PLYMOUTH MEETING
19464,POTTSTOWN
19465,POTTSTOWN
19468,ROYERSFORD
19470,SAINT PETERS
19472,SASSAMANSVILLE
19473,SCHWENKSVILLE
19474,SKIPPACK
19475,SPRING CITY
19477,NORTH WALES
19478,ZIEGLERVILLE
19480,UWCHLAND
19481,VALLEY FORGE
19482,VALLEY FORGE
19484,VALLEY FORGE
19486,WEST POINT
19490,WORCESTER
19492,ZIEGLERVILLE
19501,ADAMSTOWN
19503,BALLY
19504,BARTO
19505,BECHTELSVILLE
19506,BERNVILLE
19507,BETHEL
19508,BIRDSBORO
19510,BLANDON
19511,BOWERS
19512,BOYERTOWN
19516,CENTERPORT
19518,DOUGLASSVILLE
19520,ELVERSON
19522,FLEETWOOD
19523,GEIGERTOWN
19525,GILBERTSVILLE
19526,HAMBURG
19529,KEMPTON
19530,KUTZTOWN
19533,LEESPORT
19534,HAMBURG
19535,OLEY
19536,LYON STATION
19538,MAXATAWNY
19539,MERTZTOWN
19540,MOHNTON
19541,MOHRSVILLE
19543,MORGANTOWN
19544,MOUNT AETNA
19545,NEW BERLINVILLE
19547,OLEY
19548,PINE FORGE
19549,PORT CLINTON
19550,REHRERSBURG
19551,ROBESONIA
19554,SHARTLESVILLE
19555,SHOEMAKERSVILLE
19559,STRAUSSTOWN
19560,TEMPLE
19562,TOPTON
19564,VIRGINVILLE
19565,WERNERSVILLE
19567,WOMELSDORF
19601,READING
19602,READING
19603,READING
19604,READING
19605,READING
19606,READING
19607,READING
19608,READING
19609,READING
19610,READING
19611,READING
19612,READING
19701,BEAR
19702,BEAR
19703,CLAYMONT
19706,DELAWARE CITY
19707,HOCKESSIN
19708,KIRKWOOD
19709,MIDDLETOWN
19710,MONTCHANIN
19711,NEWARK
19713,NEWARK
19714,NEWARK
19715,NEWARK
19717,NEWARK
19720,NEW CASTLE
19730,ODESSA
19731,PORT PENN
19732,ROCKLAND
19733,SAINT GEORGES
19734,MIDDLETOWN
19736,YORKLYN
19801,WILMINGTON
19802,WILMINGTON
19803,WILMINGTON
19804,WILMINGTON
19805,WILMINGTON
19806,WILMINGTON
19807,WILMINGTON
19808,WILMINGTON
19809,WILMINGTON
19810,WILMINGTON
19850,NEW CASTLE
19880,NEW CASTLE
19899,WILMINGTON
19901,DOVER
19902,DOVER AFB
19903,DOVER
19904,DOVER
19905,DOVER
19930,BETHANY BEACH
19931,BETHEL
19933,BRIDGEVILLE
19934,CAMDEN WYOMING
19936,CHESWOLD
19938,CLAYTON
19939,DAGSBORO
19940,DELMAR
19941,ELLENDALE
19943,FELTON
19944,FRANKFORD
19945,FRANKFORD
19946,FELTON
19947,GEORGETOWN
19950,GREENWOOD
19951,GEORGETOWN
19952,HARRINGTON
19953,HARTLY
19954,HOUSTON
19955,KENTON
19956,LAUREL
19958,LEWES
19960,LINCOLN
19961,LITTLE CREEK
19962,MAGNOLIA
19963,MILFORD
19964,MARYDEL
19966,MILLSBORO
19967,BETHANY BEACH
19968,MILTON
19969,NASSAU
19970,BETHANY BEACH
19971,REHOBOTH BEACH
19973,SEAFORD
19975,SELBYVILLE
19977,SMYRNA
19979,VIOLA
19980,WOODSIDE
20001,WASHINGTON
20002,WASHINGTON
20003,WASHINGTON
20004,WASHINGTON
20005,WASHINGTON
20006,WASHINGTON
20007,WASHINGTON
20008,WASHINGTON
20009,WASHINGTON
20010,WASHINGTON
20011,WASHINGTON
20012,WASHINGTON
20013,WASHINGTON
20015,WASHINGTON
20016,WASHINGTON
20017,WASHINGTON
20018,WASHINGTON
20019,WASHINGTON
20020,WASHINGTON
20024,WASHINGTON
20026,WASHINGTON
20027,WASHINGTON
20029,WASHINGTON
20030,WASHINGTON
20032,BOLLING AFB
20033,WASHINGTON
20035,WASHINGTON
20036,WASHINGTON
20037,WASHINGTON
20038,WASHINGTON
20039,WASHINGTON
20040,WASHINGTON
20041,STERLING
20043,WASHINGTON
20044,WASHINGTON
20045,WASHINGTON
20056,WASHINGTON
20090,WASHINGTON
20091,WASHINGTON
20105,CENTREVILLE
20106,AMISSVILLE
20108,MANASSAS
20109,MANASSAS
20110,MANASSAS
20111,MANASSAS
20112,MANASSAS
20113,MANASSAS PARK
20115,MARSHALL
20116,MARSHALL
20117,MIDDLEBURG
20118,MIDDLEBURG
20119,BRISTOW
20120,CENTREVILLE
20121,CENTREVILLE
20122,CENTREVILLE
20124,CENTREVILLE
20128,ORLEAN
20129,LEESBURG
20131,PHILOMONT
20132,PURCELLVILLE
20134,PURCELLVILLE
20135,BLUEMONT
20136,BRISTOW
20137,BROAD RUN
20138,CALVERTON
20139,CASANOVA
20140,RECTORTOWN
20141,PURCELLVILLE
20142,ROUND HILL
20143,CATHARPIN
20144,DELAPLANE
20146,DULLES
20147,DULLES
20148,DULLES
20151,CHANTILLY
20152,CHANTILLY
20153,CHANTILLY
20155,GAINESVILLE
20156,GAINESVILLE
20158,PURCELLVILLE
20159,HAMILTON
20160,LINCOLN
20164,STERLING
20165,STERLING
20166,STERLING
20167,STERLING
20168,HAYMARKET
20169,GAINESVILLE
20170,HERNDON
20171,HERNDON
20172,HERNDON
20175,LEESBURG
20176,LEESBURG
20177,LEESBURG
20178,LEESBURG
20180,LOVETTSVILLE
20181,BRISTOW
20182,NOKESVILLE
20184,UPPERVILLE
20185,UPPERVILLE
20186,WARRENTON
20187,WARRENTON
20188,WARRENTON
20190,RESTON
20191,RESTON
20194,RESTON
20195,RESTON
20197,LOVETTSVILLE
20198,THE PLAINS
20601,WALDORF
20602,WALDORF
20603,WALDORF
20604,WALDORF
20606,ABELL
20607,ACCOKEEK
20608,HUGHESVILLE
20609,AVENUE
20610,BARSTOW
20611,FAULKNER
20612,BENEDICT
20613,BRANDYWINE
20615,BROOMES ISLAND
20616,BRYANS ROAD
20617,BRYANTOWN
20618,BUSHWOOD
20619,CALIFORNIA
20620,CALLAWAY
20621,CHAPTICO
20622,CHARLOTTE HALL
20623,BRANDYWINE
20624,CLEMENTS
20625,COBB ISLAND
20626,COLTONS POINT
20627,COMPTON
20628,DAMERON
20632,FAULKNER
20634,GREAT MILLS
20636,HOLLYWOOD
20637,HUGHESVILLE
20639,HUNTINGTOWN
20640,INDIAN HEAD
20645,NEWBURG
20646,LA PLATA
20650,LEONARDTOWN
20653,LEXINGTON PARK
20656,LOVEVILLE
20657,LUSBY
20658,MARBURY
20659,MECHANICSVILLE
20660,MORGANZA
20661,MOUNT VICTORIA
20662,NANJEMOY
20664,NEWBURG
20667,LEXINGTON PARK
20670,LEXINGTON PARK
20674,PINEY POINT
20675,POMFRET
20676,PORT REPUBLIC
20677,PORT TOBACCO
20678,PRINCE FREDERICK
20680,RIDGE
20684,SAINT INIGOES
20685,SAINT LEONARD
20686,SAINT MARYS CITY
20687,RIDGE
20688,SOLOMONS
20689,HUNTINGTOWN
20690,VALLEY LEE
20692,VALLEY LEE
20693,WELCOME
20695,WALDORF
20701,ANNAPOLIS JUNCTION
20703,LANHAM
20704,BELTSVILLE
20705,BELTSVILLE
20706,LANHAM
20707,LAUREL
20708,LAUREL
20709,LAUREL
20710,HYATTSVILLE
20711,LOTHIAN
20712,HYATTSVILLE
20714,NORTH BEACH
20715,BOWIE
20716,BOWIE
20717,BOWIE
20718,BOWIE
20719,BOWIE
20720,BOWIE
20721,BOWIE
20722,BRENTWOOD
20723,LAUREL
20724,LAUREL
20725,LAUREL
20726,LAUREL
20731,CAPITOL HEIGHTS
20732,CHESAPEAKE BEACH
20733,CHURCHTON
20735,CLINTON
20736,OWINGS
20737,HYATTSVILLE
20738,RIVERDALE
20740,COLLEGE PARK
20741,COLLEGE PARK
20743,CAPITOL HEIGHTS
20744,FORT WASHINGTON
20745,OXON HILL
20746,SUITLAND
20747,DISTRICT HEIGHTS
20748,TEMPLE HILLS
20749,FORT WASHINGTON
20750,OXON HILL
20751,DEALE
20752,SUITLAND
20753,DISTRICT HEIGHTS
20754,DUNKIRK
20755,FORT GEORGE G MEADE
20757,TEMPLE HILLS
20758,FRIENDSHIP
20759,FULTON
20762,SUITLAND
20763,SAVAGE
20764,SHADY SIDE
20765,GALESVILLE
20768,GREENBELT
20769,GLENN DALE
20770,GREENBELT
20772,UPPER MARLBORO
20773,UPPER MARLBORO
20774,UPPER MARLBORO
20775,UPPER MARLBORO
20776,HARWOOD
20777,HIGHLAND
20778,SHADY SIDE
20779,TRACYS LANDING
20781,HYATTSVILLE
20782,HYATTSVILLE
20783,HYATTSVILLE
20784,HYATTSVILLE
20785,HYATTSVILLE
20787,HYATTSVILLE
20788,HYATTSVILLE
20791,CAPITOL HEIGHTS
20792,UPPER MARLBORO
20794,JESSUP
20812,GLEN ECHO
20813,CHEVY CHASE
20814,BETHESDA
20815,BETHESDA
20816,BETHESDA
20817,BETHESDA
20818,CABIN JOHN
20824,CHEVY CHASE
20825,CHEVY CHASE
20827,BETHESDA
20830,OLNEY
20832,OLNEY
20833,BROOKEVILLE
20837,POOLESVILLE
20838,BARNESVILLE
20839,POOLESVILLE
20841,BOYDS
20842,DICKERSON
20847,ROCKVILLE
20848,ROCKVILLE
20849,ROCKVILLE
20850,ROCKVILLE
20851,ROCKVILLE
20852,ROCKVILLE
20853,ROCKVILLE
20854,POTOMAC
20855,DERWOOD
20859,POTOMAC
20860,ASHTON
20861,ASHTON
20866,BURTONSVILLE
20868,SPENCERVILLE
20871,CLARKSBURG
20872,DAMASCUS
20874,GERMANTOWN
20875,GERMANTOWN
20876,GERMANTOWN
20877,GAITHERSBURG
20878,GAITHERSBURG
20879,MONTGOMERY VILLAGE
20880,WASHINGTON GROVE
20882,DAMASCUS
20883,GAITHERSBURG
20884,GAITHERSBURG
20885,GAITHERSBURG
20886,MONTGOMERY VILLAGE
20891,ROCKVILLE
20895,KENSINGTON
20896,GARRETT PARK
20898,GAITHERSBURG
20901,SILVER SPRING
20902,SILVER SPRING
20903,SILVER SPRING
20904,SILVER SPRING
20905,SILVER SPRING
20906,SILVER SPRING
20907,SILVER SPRING
20908,SILVER SPRING
20910,SILVER SPRING
20911,SILVER SPRING
20912,SILVER SPRING
20913,TAKOMA PARK
20914,SILVER SPRING
20915,SILVER SPRING
20916,SILVER SPRING
20918,SILVER SPRING
21001,ABERDEEN
21005,ABERDEEN PROVING GROUND
21009,ABINGDON
21010,GUNPOWDER
21012,ARNOLD
21013,BALDWIN
21014,BEL AIR
21015,BEL AIR
21017,BELCAMP
21018,BENSON
21022,BROOKLANDVILLE
21023,BUTLER
21027,CHASE
21028,CHURCHVILLE
21029,CLARKSVILLE
21030,COCKEYSVILLE
21031,COCKEYSVILLE
21032,CROWNSVILLE
21034,DARLINGTON
21035,DAVIDSONVILLE
21036,CLARKSVILLE
21037,EDGEWATER
21040,EDGEWOOD
21041,ELLICOTT CITY
21042,ELLICOTT CITY
21043,ELLICOTT CITY
21044,COLUMBIA
21045,COLUMBIA
21046,COLUMBIA
21047,FALLSTON
21048,FINKSBURG
21050,FOREST HILL
21051,FORK
21052,DUNDALK
21053,FREELAND
21054,GAMBRILLS
21056,GIBSON ISLAND
21057,BALDWIN
21060,GLEN BURNIE
21061,GLEN BURNIE
21071,GLYNDON
21074,HAMPSTEAD
21075,ELKRIDGE
21076,HANOVER
21078,HAVRE DE GRACE
21082,BALDWIN
21084,JARRETTSVILLE
21085,JOPPA
21087,KINGSVILLE
21090,LINTHICUM HEIGHTS
21093,LUTHERVILLE TIMONIUM
21094,LUTHERVILLE TIMONIUM
21102,MANCHESTER
21104,RANDALLSTOWN
21105,MARYLAND LINE
21106,MAYO
21108,MILLERSVILLE
21111,MONKTON
21113,MILLERSVILLE
21114,CROFTON
21117,OWINGS MILLS
21120,PARKTON
21122,SEVERNA PARK
21123,PASADENA
21128,NOTTINGHAM
21130,PERRYMAN
21131,PHOENIX
21132,PYLESVILLE
21133,RANDALLSTOWN
21136,REISTERSTOWN
21139,RIDERWOOD
21140,EDGEWATER
21144,SEVERN
21146,SEVERNA PARK
21150,SIMPSONVILLE
21152,SPARKS GLENCOE
21153,STEVENSON
21154,STREET
21155,HAMPSTEAD
21156,UPPER FALLS
21157,WESTMINSTER
21158,WESTMINSTER
21160,STREET
21161,WHITE HALL
21162,NOTTINGHAM
21163,RANDALLSTOWN
21201,BALTIMORE
21202,BALTIMORE
21203,BALTIMORE
21204,TOWSON
21205,BALTIMORE
21206,BALTIMORE
21207,GWYNN OAK
21208,PIKESVILLE
21209,BALTIMORE
21210,BALTIMORE
21211,BALTIMORE
21212,BALTIMORE
21213,BALTIMORE
21214,BALTIMORE
21215,BALTIMORE
21216,BALTIMORE
21217,BALTIMORE
21218,BALTIMORE
21219,DUNDALK
21220,MIDDLE RIVER
21221,ESSEX
21222,DUNDALK
21223,BALTIMORE
21224,BALTIMORE
21225,BROOKLYN
21226,BROOKLYN
21227,HALETHORPE
21228,CATONSVILLE
21229,BALTIMORE
21230,BROOKLYN
21231,BALTIMORE
21234,PARKVILLE
21236,NOTTINGHAM
21237,ROSEDALE
21239,BALTIMORE
21240,MILLERSVILLE
21244,WINDSOR MILL
21270,BALTIMORE
21281,BALTIMORE
21282,PIKESVILLE
21284,TOWSON
21285,TOWSON
21286,TOWSON
21297,BALTIMORE
21401,ANNAPOLIS
21402,ANNAPOLIS
21403,ANNAPOLIS
21404,ANNAPOLIS
21409,ANNAPOLIS
21412,ANNAPOLIS
21501,CUMBERLAND
21502,CUMBERLAND
21503,CUMBERLAND
21504,CUMBERLAND
21505,CUMBERLAND
21520,ACCIDENT
21521,BARTON
21523,BLOOMINGTON
21524,CORRIGANVILLE
21528,ECKHART MINES
21529,ELLERSLIE
21530,FLINTSTONE
21531,ACCIDENT
21532,FROSTBURG
21536,GRANTSVILLE
21538,KITZMILLER
21539,LONACONING
21540,WESTERNPORT
21541,MC HENRY
21543,MIDLOTHIAN
21545,FROSTBURG
21550,OAKLAND
21555,OLDTOWN
21556,PINTO
21557,RAWLINGS
21560,SPRING GAP
21561,SWANTON
21562,WESTERNPORT
21601,EASTON
21607,BARCLAY
21609,BETHLEHEM
21610,BETTERTON
21612,BOZMAN
21613,CAMBRIDGE
21617,CENTREVILLE
21619,CHESTER
21620,CHESTERTOWN
21622,CHURCH CREEK
21623,CHURCH HILL
21625,CORDOVA
21626,CAMBRIDGE
21627,CAMBRIDGE
21628,CRUMPTON
21629,DENTON
21631,EAST NEW MARKET
21632,FEDERALSBURG
21634,FISHING CREEK
21635,GALENA
21636,GOLDSBORO
21638,GRASONVILLE
21639,GREENSBORO
21640,GOLDSBORO
21641,HILLSBORO
21643,HURLOCK
21644,INGLESIDE
21645,KENNEDYVILLE
21647,WITTMAN
21648,WOOLFORD
21649,MARYDEL
21650,GALENA
21651,MILLINGTON
21652,BOZMAN
21653,NEWCOMB
21654,EASTON
21655,PRESTON
21657,QUEEN ANNE
21658,QUEENSTOWN
21659,HURLOCK
21660,RIDGELY
21661,ROCK HALL
21662,ROYAL OAK
21663,SAINT MICHAELS
21664,SECRETARY
21665,WITTMAN
21666,STEVENSVILLE
21667,WORTON
21668,SUDLERSVILLE
21669,TAYLORS ISLAND
21670,TEMPLEVILLE
21671,TILGHMAN
21672,CAMBRIDGE
21673,CAMBRIDGE
21675,CAMBRIDGE
21676,WITTMAN
21677,WOOLFORD
21678,WORTON
21679,WYE MILLS
21701,FREDERICK
21702,FREDERICK
21703,FREDERICK
21704,FREDERICK
21705,FREDERICK
21710,ADAMSTOWN
21711,BIG POOL
21713,BOONSBORO
21714,BRADDOCK HEIGHTS
21716,BRUNSWICK
21717,BUCKEYSTOWN
21718,BURKITTSVILLE
21719,CASCADE
21720,CAVETOWN
21721,CHEWSVILLE
21722,CLEAR SPRING
21723,WOODBINE
21727,EMMITSBURG
21733,FAIRPLAY
21734,FUNKSTOWN
21737,GLENELG
21738,GLENWOOD
21740,HAGERSTOWN
21741,HAGERSTOWN
21742,HAGERSTOWN
21747,HAGERSTOWN
21750,HANCOCK
21754,NEW MARKET
21755,JEFFERSON
21756,KEEDYSVILLE
21757,KEYMAR
21758,BRUNSWICK
21762,LIBERTYTOWN
21765,LISBON
21766,HANCOCK
21767,MAUGANSVILLE
21769,MIDDLETOWN
21770,MONROVIA
21771,MOUNT AIRY
21773,MYERSVILLE
21774,NEW MARKET
21775,NEW MIDWAY
21776,NEW WINDSOR
21777,POINT OF ROCKS
21778,ROCKY RIDGE
21779,BOONSBORO
21780,SABILLASVILLE
21782,SHARPSBURG
21783,SMITHSBURG
21784,SYKESVILLE
21787,TANEYTOWN
21788,THURMONT
21790,POINT OF ROCKS
21791,UNION BRIDGE
21793,WALKERSVILLE
21794,SYKESVILLE
21795,WILLIAMSPORT
21797,WOODBINE
21798,WOODSBORO
21801,SALISBURY
21802,SALISBURY
21803,SALISBURY
21804,SALISBURY
21810,ALLEN
21811,BERLIN
21813,BISHOPVILLE
21814,BIVALVE
21817,CRISFIELD
21821,DEAL ISLAND
21822,EDEN
21824,EWELL
21826,FRUITLAND
21829,GIRDLETREE
21830,HEBRON
21835,LINKWOOD
21836,WESTOVER
21837,MARDELA SPRINGS
21838,CRISFIELD
21840,NANTICOKE
21841,NEWARK
21842,OCEAN CITY
21843,OCEAN CITY
21849,PARSONSBURG
21850,PITTSVILLE
21851,POCOMOKE CITY
21853,PRINCESS ANNE
21856,QUANTICO
21861,SHARPTOWN
21862,BERLIN
21863,SNOW HILL
21864,GIRDLETREE
21865,TYASKIN
21866,TYLERTON
21867,UPPER FAIRMOUNT
21869,MARDELA SPRINGS
21871,PRINCESS ANNE
21872,WHALEYVILLE
21874,WILLARDS
21875,LAUREL
21901,NORTH EAST
21902,PERRY POINT
21903,PERRYVILLE
21904,PORT DEPOSIT
21911,RISING SUN
21912,WARWICK
21913,CECILTON
21914,CHARLESTOWN
21915,CHESAPEAKE CITY
21916,CHILDS
21917,COLORA
21918,CONOWINGO
21919,EARLEVILLE
21920,ELK MILLS
21921,ELKTON
21922,ELKTON
21930,GALENA
22003,ANNANDALE
22009,BURKE
22015,BURKE
22025,WOODBRIDGE
22026,DUMFRIES
22027,DUNN LORING
22030,FAIRFAX
22031,FAIRFAX
22032,FAIRFAX
22033,CHANTILLY
22035,MERRIFIELD
22038,FAIRFAX
22039,FAIRFAX
22040,FALLS CHURCH
22041,FALLS CHURCH
22042,FAIRFAX
22043,FAIRFAX
22044,FALLS CHURCH
22046,FALLS CHURCH
22060,FORT BELVOIR
22066,GREAT FALLS
22079,LORTON
22101,MC LEAN
22102,MC LEAN
22103,MC LEAN
22106,MC LEAN
22116,MERRIFIELD
22121,MOUNT VERNON
22122,NEWINGTON
22124,OAKTON
22125,OCCOQUAN
22134,QUANTICO
22150,SPRINGFIELD
22151,BURKE
22152,SPRINGFIELD
22153,SPRINGFIELD
22172,TRIANGLE
22180,VIENNA
22181,OAKTON
22182,VIENNA
22183,VIENNA
22191,WOODBRIDGE
22192,WOODBRIDGE
22193,WOODBRIDGE
22194,WOODBRIDGE
22195,WOODBRIDGE
22199,LORTON
22201,ARLINGTON
22202,ARLINGTON
22203,ARLINGTON
22204,ARLINGTON
22205,ARLINGTON
22206,ARLINGTON
22207,ARLINGTON
22209,ARLINGTON
22210,ARLINGTON
22211,ARLINGTON
22213,ARLINGTON
22215,ARLINGTON
22216,ARLINGTON
22219,ARLINGTON
22301,ALEXANDRIA
22302,ALEXANDRIA
22303,ALEXANDRIA
22304,ALEXANDRIA
22305,ALEXANDRIA
22306,ALEXANDRIA
22307,ALEXANDRIA
22308,ALEXANDRIA
22309,ALEXANDRIA
22310,ALEXANDRIA
22311,ALEXANDRIA
22312,ALEXANDRIA
22313,ALEXANDRIA
22314,ALEXANDRIA
22315,ALEXANDRIA
22320,ALEXANDRIA
22401,FREDERICKSBURG
22402,FREDERICKSBURG
22403,FREDERICKSBURG
22404,FREDERICKSBURG
22405,FREDERICKSBURG
22406,FREDERICKSBURG
22407,FREDERICKSBURG
22408,FREDERICKSBURG
22427,BOWLING GREEN
22430,STAFFORD
22432,BURGESS
22433,LOCUST GROVE
22435,CALLAO
22436,CARET
22437,CENTER CROSS
22438,CHAMPLAIN
22442,HAGUE
22443,COLONIAL BEACH
22446,CORBIN
22448,DAHLGREN
22451,DOGUE
22454,DUNNSVILLE
22456,BURGESS
22460,FARNHAM
22463,GARRISONVILLE
22469,HAGUE
22471,HARTWOOD
22472,HAYNESVILLE
22473,HEATHSVILLE
22476,CHAMPLAIN
22480,IRVINGTON
22481,JERSEY
22482,KILMARNOCK
22485,KING GEORGE
22488,KINSALE
22501,LADYSMITH
22503,LANCASTER
22504,TAPPAHANNOCK
22507,LIVELY
22508,LOCUST GROVE
22509,TAPPAHANNOCK
22511,CALLAO
22513,MERRY POINT
22514,BOWLING GREEN
22517,MOLLUSK
22520,MONTROSS
22523,MORATTICO
22524,MOUNT HOLLY
22526,NINDE
22528,LIVELY
22529,OLDHAMS
22530,OPHELIA
22534,PARTLOW
22535,PORT ROYAL
22538,FREDERICKSBURG
22539,REEDVILLE
22542,RHOADESVILLE
22545,RUBY
22546,RUTHER GLEN
22547,SEALSTON
22548,SHARPS
22551,SPOTSYLVANIA
22553,SPOTSYLVANIA
22554,STAFFORD
22555,STAFFORD
22556,STAFFORD
22560,TAPPAHANNOCK
22565,THORNBURG
22567,UNIONVILLE
22570,HAYNESVILLE
22572,WARSAW
22576,IRVINGTON
22577,SANDY POINT
22578,WHITE STONE
22579,WICOMICO CHURCH
22580,WOODFORD
22601,WINCHESTER
22602,WINCHESTER
22603,WINCHESTER
22604,WINCHESTER
22610,BENTONVILLE
22611,BERRYVILLE
22620,BOYCE
22623,FRONT ROYAL
22624,CLEAR BROOK
22625,CROSS JUNCTION
22627,FLINT HILL
22630,FRONT ROYAL
22637,CROSS JUNCTION
22639,HUME
22640,FRONT ROYAL
22641,STRASBURG
22642,LINDEN
22643,LINDEN
22644,MAURERTOWN
22645,MIDDLETOWN
22646,MILLWOOD
22650,FRONT ROYAL
22652,FORT VALLEY
22654,STAR TANNERY
22655,STEPHENS CITY
22656,STEPHENSON
22657,STRASBURG
22660,MAURERTOWN
22663,BOYCE
22664,WOODSTOCK
22701,CULPEPER
22709,MADISON
22711,MADISON
22712,BEALETON
22713,BOSTON
22714,BRANDY STATION
22715,BRIGHTWOOD
22718,ELKWOOD
22719,MADISON
22720,SUMERDUCK
22723,HOOD
22724,CULPEPER
22725,BRIGHTWOOD
22726,LIGNUM
22727,MADISON
22728,BEALETON
22729,MITCHELLS
22730,MADISON
22731,MADISON
22732,MADISON
22733,CULPEPER
22734,BEALETON
22735,CULPEPER
22736,LIGNUM
22737,RIXEYVILLE
22738,MADISON
22739,MIDLAND
22740,SPERRYVILLE
22741,CULPEPER
22742,SUMERDUCK
22743,MADISON
22747,WASHINGTON
22748,WOLFTOWN
22749,BOSTON
22801,HARRISONBURG
22802,HARRISONBURG
22803,HARRISONBURG
22810,BASYE
22811,BERGTON
22812,BRIDGEWATER
22815,BROADWAY
22820,CRIDERS
22821,DAYTON
22824,EDINBURG
22827,ELKTON
22830,BROADWAY
22831,DAYTON
22833,LACEY SPRING
22834,HARRISONBURG
22835,LURAY
22840,MC GAHEYSVILLE
22841,HARRISONBURG
22842,MOUNT JACKSON
22843,BRIDGEWATER
22844,NEW MARKET
22845,ORKNEY SPRINGS
22846,HARRISONBURG
22847,QUICKSBURG
22849,SHENANDOAH
22850,SINGERS GLEN
22851,STANLEY
22853,TIMBERVILLE
22901,CHARLOTTESVILLE
22902,CHARLOTTESVILLE
22903,CHARLOTTESVILLE
22905,CHARLOTTESVILLE
22906,CHARLOTTESVILLE
22911,CHARLOTTESVILLE
22920,AFTON
22922,ARRINGTON
22923,BARBOURSVILLE
22924,BATESVILLE
22931,COVESVILLE
22932,CROZET
22935,STANARDSVILLE
22936,EARLYSVILLE
22937,ESMONT
22938,FABER
22939,FISHERSVILLE
22940,FREE UNION
22942,GORDONSVILLE
22943,GREENWOOD
22945,IVY
22946,KEENE
22947,KESWICK
22948,LOCUST DALE
22949,LOVINGSTON
22952,LYNDHURST
22957,ORANGE
22958,NELLYSFORD
22959,NORTH GARDEN
22960,ORANGE
22963,PALMYRA
22964,PINEY RIVER
22965,QUINQUE
22967,ROSELAND
22968,RUCKERSVILLE
22969,SCHUYLER
22971,LOVINGSTON
22972,SOMERSET
22973,STANARDSVILLE
22974,TROY
22976,ROSELAND
22980,WAYNESBORO
22987,WHITE HALL
23001,ACHILLES
23002,AMELIA COURT HOUSE
23003,ARK
23004,ARVONIA
23005,ASHLAND
23009,AYLETT
23011,BARHAMSVILLE
23015,BEAVERDAM
23018,BENA
23022,BREMO BLUFF
23023,SAINT STEPHENS CHURCH
23024,BUMPASS
23025,NORTH
23027,CARTERSVILLE
23030,CHARLES CITY
23032,CHURCH VIEW
23035,COBBS CREEK
23038,COLUMBIA
23039,CROZIER
23040,CUMBERLAND
23043,DELTAVILLE
23045,MATHEWS
23047,DOSWELL
23050,COBBS CREEK
23055,FORK UNION
23056,FOSTER
23058,GLEN ALLEN
23059,GLEN ALLEN
23060,GLEN ALLEN
23061,GLOUCESTER
23062,GLOUCESTER POINT
23063,GOOCHLAND
23064,GRIMSTEAD
23065,GOOCHLAND
23066,GWYNN
23067,HADENSVILLE
23068,HALLIEFORD
23069,HANOVER
23070,DELTAVILLE
23071,HARTFIELD
23072,HAYES
23075,HENRICO
23076,HUDGINS
23079,URBANNA
23083,JETERSVILLE
23084,COLUMBIA
23085,KING AND QUEEN COURT HOUSE
23086,AYLETT
23089,LANEXA
23090,LIGHTFOOT
23091,SHACKLEFORDS
23092,HARTFIELD
23093,LOUISA
23102,MAIDENS
23103,MANAKIN SABOT
23106,AYLETT
23108,SHACKLEFORDS
23109,MATHEWS
23110,MATTAPONI
23111,MECHANICSVILLE
23112,MIDLOTHIAN
23113,MIDLOTHIAN
23114,MIDLOTHIAN
23115,MILLERS TAVERN
23116,MECHANICSVILLE
23117,MINERAL
23119,MATHEWS
23120,MIDLOTHIAN
23123,NEW CANTON
23124,NEW KENT
23125,MATHEWS
23126,NEWTOWN
23127,NORGE
23128,NORTH
23129,MAIDENS
23130,MATHEWS
23131,ORDINARY
23138,MATHEWS
23139,POWHATAN
23140,PROVIDENCE FORGE
23141,QUINTON
23146,ROCKVILLE
23147,RUTHVILLE
23148,SAINT STEPHENS CHURCH
23149,SALUDA
23150,SANDSTON
23153,GOOCHLAND
23154,WARE NECK
23156,SHACKLEFORDS
23161,SAINT STEPHENS CHURCH
23162,STUDLEY
23163,MATHEWS
23168,TOANO
23169,TOPPING
23170,LOUISA
23175,URBANNA
23176,TOPPING
23177,AYLETT
23178,WARE NECK
23180,URBANNA
23181,WEST POINT
23183,WHITE MARSH
23184,WICOMICO
23185,WILLIAMSBURG
23187,WILLIAMSBURG
23188,WILLIAMSBURG
23192,MONTPELIER
23218,RICHMOND
23219,RICHMOND
23220,RICHMOND
23221,RICHMOND
23222,RICHMOND
23223,RICHMOND
23224,RICHMOND
23225,RICHMOND
23226,RICHMOND
23227,RICHMOND
23228,HENRICO
23229,HENRICO
23230,RICHMOND
23231,HENRICO
23233,HENRICO
23234,NORTH CHESTERFIELD
23235,NORTH CHESTERFIELD
23236,NORTH CHESTERFIELD
23237,NORTH CHESTERFIELD
23238,HENRICO
23241,RICHMOND
23242,HENRICO
23250,HENRICO
23255,HENRICO
23260,RICHMOND
23261,RICHMOND
23285,RICHMOND
23294,HENRICO
23301,ACCOMAC
23302,ASSAWOMAN
23303,ATLANTIC
23304,BATTERY PARK
23306,BELLE HAVEN
23307,NASSAWADOX
23308,BLOXOM
23310,CAPE CHARLES
23313,CAPEVILLE
23314,CARROLLTON
23315,CARRSVILLE
23316,CHERITON
23320,CHESAPEAKE
23321,CHESAPEAKE
23322,CHESAPEAKE
23323,CHESAPEAKE
23324,CHESAPEAKE
23325,CHESAPEAKE
23327,CHESAPEAKE
23328,CHESAPEAKE
23336,CHINCOTEAGUE ISLAND
23337,CHINCOTEAGUE ISLAND
23341,CRADDOCKVILLE
23347,EASTVILLE
23350,EXMORE
23354,FRANKTOWN
23356,HORNTOWN
23357,ACCOMAC
23359,BLOXOM
23389,HARBORTON
23395,HORNTOWN
23397,ISLE OF WIGHT
23398,JAMESVILLE
23401,KELLER
23404,LOCUSTVILLE
23405,MACHIPONGO
23407,MAPPSVILLE
23408,MARIONVILLE
23410,MELFA
23412,NELSONIA
23413,NASSAWADOX
23414,NELSONIA
23415,NEW CHURCH
23416,OAK HALL
23417,ONANCOCK
23418,ONLEY
23420,PAINTER
23421,PARKSLEY
23422,PUNGOTEAGUE
23423,QUINBY
23424,RESCUE
23426,BLOXOM
23427,SAXIS
23430,SMITHFIELD
23431,SMITHFIELD
23432,SUFFOLK
23433,SUFFOLK
23434,SUFFOLK
23435,SUFFOLK
23436,SUFFOLK
23437,SUFFOLK
23438,SUFFOLK
23439,SUFFOLK
23440,TANGIER
23441,TASLEY
23442,OAK HALL
23443,TOWNSEND
23450,VIRGINIA BEACH
23451,VIRGINIA BEACH
23452,VIRGINIA BEACH
23453,VIRGINIA BEACH
23454,VIRGINIA BEACH
23455,VIRGINIA BEACH
23456,VIRGINIA BEACH
23457,VIRGINIA BEACH
23462,VIRGINIA BEACH
23464,VIRGINIA BEACH
23466,VIRGINIA BEACH
23467,VIRGINIA BEACH
23471,VIRGINIA BEACH
23480,WACHAPREAGUE
23483,ATLANTIC
23486,WILLIS WHARF
23487,WINDSOR
23488,OAK HALL
23501,NORFOLK
23502,NORFOLK
23503,NORFOLK
23504,NORFOLK
23505,NORFOLK
23507,NORFOLK
23508,NORFOLK
23509,NORFOLK
23510,NORFOLK
23511,NORFOLK
23513,NORFOLK
23514,NORFOLK
23517,NORFOLK
23518,NORFOLK
23523,NORFOLK
23541,NORFOLK
23601,NEWPORT NEWS
23602,NEWPORT NEWS
23603,NEWPORT NEWS
23604,FORT EUSTIS
23605,NEWPORT NEWS
23606,NEWPORT NEWS
23607,NEWPORT NEWS
23608,NEWPORT NEWS
23609,NEWPORT NEWS
23612,NEWPORT NEWS
23651,HAMPTON
23661,HAMPTON
23662,POQUOSON
23663,HAMPTON
23664,HAMPTON
23665,HAMPTON
23666,HAMPTON
23669,HAMPTON
23670,HAMPTON
23690,YORKTOWN
23692,YORKTOWN
23693,YORKTOWN
23694,LACKEY
23696,SEAFORD
23701,PORTSMOUTH
23702,PORTSMOUTH
23703,PORTSMOUTH
23704,PORTSMOUTH
23705,PORTSMOUTH
23707,PORTSMOUTH
23801,FORT LEE
23803,PETERSBURG
23804,PETERSBURG
23805,PETERSBURG
23821,ALBERTA
23824,BLACKSTONE
23827,BOYKINS
23828,BRANCHVILLE
23829,CAPRON
23830,CARSON
23831,CHESTER
23832,CHESTERFIELD
23833,CHURCH ROAD
23834,COLONIAL HEIGHTS
23836,CHESTER
23837,COURTLAND
23838,CHESTERFIELD
23839,WAKEFIELD
23840,DEWITT
23841,DINWIDDIE
23842,DISPUTANTA
23843,DOLPHIN
23844,CAPRON
23845,EBONY
23846,WAKEFIELD
23847,EMPORIA
23850,CHURCH ROAD
23851,FRANKLIN
23856,FREEMAN
23857,GASBURG
23860,HOPEWELL
23866,IVOR
23867,JARRATT
23868,LAWRENCEVILLE
23872,MC KENNEY
23874,NEWSOMS
23875,PRINCE GEORGE
23878,SEDLEY
23879,SKIPPERS
23881,SPRING GROVE
23882,STONY CREEK
23883,SURRY
23884,SUSSEX
23885,SUTHERLAND
23887,LAWRENCEVILLE
23888,WAKEFIELD
23889,ALBERTA
23890,WAVERLY
23893,LAWRENCEVILLE
23894,CHURCH ROAD
23897,JARRATT
23898,IVOR
23899,CLAREMONT
23901,FARMVILLE
23915,BASKERVILLE
23917,BOYDTON
23919,BRACEY
23920,BRODNAX
23921,BUCKINGHAM
23922,BURKEVILLE
23923,CHARLOTTE COURT HOUSE
23924,CHASE CITY
23927,CLARKSVILLE
23930,CREWE
23934,CHARLOTTE COURT HOUSE
23936,DILLWYN
23937,CHARLOTTE COURT HOUSE
23938,DUNDAS
23939,EVERGREEN
23942,BURKEVILLE
23944,KENBRIDGE
23947,KEYSVILLE
23950,LA CROSSE
23952,VICTORIA
23954,BURKEVILLE
23955,NOTTOWAY
23958,PAMPLIN
23959,CHARLOTTE COURT HOUSE
23960,FARMVILLE
23962,CHARLOTTE COURT HOUSE
23963,PAMPLIN
23964,CHASE CITY
23966,FARMVILLE
23967,CHARLOTTE COURT HOUSE
23968,CHASE CITY
23970,SOUTH HILL
23974,VICTORIA
23976,WYLLIESBURG
24001,ROANOKE
24002,ROANOKE
24003,ROANOKE
24004,ROANOKE
24005,ROANOKE
24006,ROANOKE
24007,ROANOKE
24008,ROANOKE
24009,ROANOKE
24010,ROANOKE
24011,ROANOKE
24012,ROANOKE
24013,ROANOKE
24014,ROANOKE
24015,ROANOKE
24016,ROANOKE
24017,ROANOKE
24018,ROANOKE
24019,ROANOKE
24020,ROANOKE
24022,ROANOKE
24023,ROANOKE
24024,ROANOKE
24025,ROANOKE
24026,ROANOKE
24027,ROANOKE
24028,ROANOKE
24029,ROANOKE
24030,ROANOKE
24031,ROANOKE
24032,ROANOKE
24033,ROANOKE
24034,ROANOKE
24035,ROANOKE
24036,ROANOKE
24037,ROANOKE
24038,ROANOKE
24053,ARARAT
24054,AXTON
24055,BASSETT
24058,BELSPRING
24059,BENT MOUNTAIN
24060,BLACKSBURG
24062,BLACKSBURG
24063,BLACKSBURG
24064,BLUE RIDGE
24065,BOONES MILL
24066,BUCHANAN
24067,CALLAWAY
24068,CHRISTIANSBURG
24069,CASCADE
24070,CATAWBA
24072,CHECK
24073,CHRISTIANSBURG
24076,CLAUDVILLE
24077,CLOVERDALE
24078,COLLINSVILLE
24079,COPPER HILL
24082,CRITZ
24083,DALEVILLE
24084,DUBLIN
24085,EAGLE ROCK
24086,EGGLESTON
24087,ELLISTON
24088,FERRUM
24089,COLLINSVILLE
24090,FINCASTLE
24091,FLOYD
24092,GLADE HILL
24093,GLEN LYN
24095,GOODVIEW
24101,HARDY
24102,HENRY
24104,HUDDLESTON
24105,INDIAN VALLEY
24111,MC COY
24112,MARTINSVILLE
24114,MARTINSVILLE
24115,MARTINSVILLE
24120,MEADOWS OF DAN
24121,MONETA
24122,MONTVALE
24124,NARROWS
24126,NEWBERN
24127,NEW CASTLE
24128,NEWPORT
24129,RADFORD
24132,PARROTT
24133,PATRICK SPRINGS
24134,PEARISBURG
24136,PEMBROKE
24137,PENHOOK
24138,PILOT
24139,PITTSVILLE
24141,RADFORD
24143,RADFORD
24146,REDWOOD
24147,RICH CREEK
24148,RIDGEWAY
24149,RINER
24150,RIPPLEMEAD
24151,ROCKY MOUNT
24153,SALEM
24162,SHAWSVILLE
24165,SPENCER
24167,STAFFORDSVILLE
24168,STANLEYTOWN
24171,STUART
24174,THAXTON
24175,TROUTVILLE
24176,UNION HALL
24177,VESTA
24179,VINTON
24184,WIRTZ
24185,WOOLWINE
24201,BRISTOL
24202,BRISTOL
24203,BRISTOL
24209,BRISTOL
24210,ABINGDON
24211,ABINGDON
24212,ABINGDON
24216,APPALACHIA
24217,HONAKER
24218,BEN HUR
24219,BIG STONE GAP
24220,HAYSI
24221,BLACKWATER
24224,CASTLEWOOD
24225,CLEVELAND
24226,CLINCHCO
24228,CLINTWOOD
24230,COEBURN
24236,DAMASCUS
24237,NORA
24239,DAVENPORT
24243,DRYDEN
24244,DUFFIELD
24245,DUNGANNON
24246,EAST STONE GAP
24248,EWING
24250,GATE CITY
24251,GATE CITY
24256,HAYSI
24258,GATE CITY
24260,HONAKER
24263,JONESVILLE
24265,KEOKEE
24266,LEBANON
24270,GATE CITY
24271,NICKELSVILLE
24272,NORA
24273,NORTON
24277,PENNINGTON GAP
24279,POUND
24280,ROSEDALE
24281,EWING
24282,PENNINGTON GAP
24283,CASTLEWOOD
24290,GATE CITY
24292,WHITETOP
24293,WISE
24301,PULASKI
24311,ATKINS
24312,AUSTINVILLE
24313,BARREN SPRINGS
24314,BASTIAN
24315,BLAND
24316,CHILHOWIE
24317,CANA
24318,CERES
24319,CHILHOWIE
24323,CROCKETT
24324,DRAPER
24325,DUGSPUR
24326,ELK CREEK
24327,EMORY
24328,FANCY GAP
24330,FRIES
24333,GALAX
24340,GLADE SPRING
24343,HILLSVILLE
24347,HIWASSEE
24348,INDEPENDENCE
24350,AUSTINVILLE
24351,LAMBSBURG
24352,LAUREL FORK
24354,MARION
24360,MAX MEADOWS
24361,GLADE SPRING
24363,MOUTH OF WILSON
24366,ROCKY GAP
24368,RURAL RETREAT
24370,SALTVILLE
24374,SPEEDWELL
24375,SUGAR GROVE
24377,CHILHOWIE
24378,TROUTDALE
24380,WILLIS
24381,GALAX
24382,WYTHEVILLE
24401,STAUNTON
24402,STAUNTON
24411,AUGUSTA SPRINGS
24412,BACOVA
24413,BLUE GRASS
24415,BROWNSBURG
24416,BUENA VISTA
24421,CHURCHVILLE
24422,CLIFTON FORGE
24426,COVINGTON
24430,CRAIGSVILLE
24431,CRIMORA
24432,CHURCHVILLE
24433,DOE HILL
24435,FAIRFIELD
24437,MOUNT SIDNEY
24439,GOSHEN
24440,GREENVILLE
24441,GROTTOES
24442,MC DOWELL
24445,HOT SPRINGS
24448,IRON GATE
24450,LEXINGTON
24457,LOW MOOR
24458,MC DOWELL
24459,MIDDLEBROOK
24460,MILLBORO
24463,MINT SPRING
24464,MONTEBELLO
24465,MONTEREY
24467,MOUNT SIDNEY
24469,NEW HOPE
24471,GROTTOES
24472,GREENVILLE
24473,ROCKBRIDGE BATHS
24474,SELMA
24476,STEELES TAVERN
24477,STUARTS DRAFT
24479,CHURCHVILLE
24482,VERONA
24483,FAIRFIELD
24484,HOT SPRINGS
24485,CHURCHVILLE
24486,WEYERS CAVE
24487,MILLBORO
24501,LYNCHBURG
24502,LYNCHBURG
24503,LYNCHBURG
24504,LYNCHBURG
24505,LYNCHBURG
24506,LYNCHBURG
24517,ALTAVISTA
24520,ALTON
24521,AMHERST
24522,APPOMATTOX
24523,BEDFORD
24526,BIG ISLAND
24527,BLAIRS
24528,BROOKNEAL
24529,BUFFALO JUNCTION
24530,CALLANDS
24531,CHATHAM
24533,CLIFFORD
24534,CLOVER
24535,CLUSTER SPRINGS
24536,COLEMAN FALLS
24538,CONCORD
24539,CRYSTAL HILL
24540,DANVILLE
24541,DANVILLE
24543,DANVILLE
24549,DRY FORK
24550,EVINGTON
24551,FOREST
24553,GLADSTONE
24554,GLADYS
24555,GLASGOW
24556,GOODE
24557,GRETNA
24558,HALIFAX
24563,HURT
24565,CHATHAM
24566,BLAIRS
24569,GLADYS
24571,LYNCH STATION
24572,MADISON HEIGHTS
24574,MONROE
24576,NARUNA
24577,NATHALIE
24578,NATURAL BRIDGE
24579,NATURAL BRIDGE STATION
24580,NELSON
24586,RINGGOLD
24588,RUSTBURG
24589,SCOTTSBURG
24590,SCOTTSVILLE
24592,SOUTH BOSTON
24593,SPOUT SPRING
24594,SUTHERLIN
24595,AMHERST
24597,VERNON HILL
24598,VIRGILINA
24599,WINGINA
24601,AMONATE
24602,BANDY
24603,BIG ROCK
24604,BISHOP
24605,BLUEFIELD
24606,BOISSEVAIN
24607,BREAKS
24608,TAZEWELL
24609,CEDAR BLUFF
24612,DORAN
24613,FALLS MILLS
24614,GRUNDY
24619,HORSEPEN
24620,HURLEY
24622,CEDAR BLUFF
24624,KEEN MOUNTAIN
24627,MAVISDALE
24628,MAXIE
24630,NORTH TAZEWELL
24631,OAKWOOD
24634,PILGRIMS KNOB
24635,POCAHONTAS
24637,POUNDING MILL
24639,RAVEN
24641,RICHLANDS
24646,ROWE
24649,SWORDS CREEK
24651,TAZEWELL
24656,GRUNDY
24657,RICHLANDS
24658,WOLFORD
24701,BLUEFIELD
24712,ATHENS
24714,LASHMEET
24715,BRAMWELL
24716,BUD
24719,COVEL
24726,BUD
24729,MATOAKA
24731,KEGLEY
24732,KELLYSVILLE
24733,LASHMEET
24736,MATOAKA
24737,MONTCALM
24738,NEMOURS
24739,PRINCETON
24740,PRINCETON
24747,ROCK
24801,WELCH
24808,ANAWALT
24811,AVONDALE
24813,RAYSAL
24815,BERWIND
24816,BIG SANDY
24817,BRADSHAW
24818,BRENTON
24822,CLEAR FORK
24823,COAL MOUNTAIN
24826,CUCUMBER
24827,CYCLONE
24828,DAVY
24829,NORTHFORK
24830,ELBERT
24831,NORTHFORK
24834,OCEANA
24836,GARY
24839,HANOVER
24843,RODERFIELD
24844,RODERFIELD
24845,IKES FORK
24846,PANTHER
24847,ITMANN
24848,JENKINJONES
24849,JESSE
24850,JOLO
24851,JUSTICE
24853,KIMBALL
24854,KOPPERSTON
24857,OCEANA
24860,JESSE
24861,MAYBEURY
24862,PANTHER
24866,NEWHALL
24867,NEW RICHMOND
24868,NORTHFORK
24869,RODERFIELD
24870,OCEANA
24871,PAGETON
24872,PANTHER
24873,PAYNESVILLE
24874,PINEVILLE
24878,PREMIER
24879,RAYSAL
24880,ROCK VIEW
24881,RODERFIELD
24882,SIMON
24884,SQUIRE
24887,SWITCHBACK
24888,THORPE
24892,WAR
24894,WARRIORMINE
24895,WILCOE
24898,WYOMING
24901,LEWISBURG
24910,ALDERSON
24915,GREEN BANK
24916,ALDERSON
24918,BALLARD
24920,BARTOW
24924,BUCKEYE
24925,CALDWELL
24927,GREEN BANK
24931,CRAWLEY
24934,DUNMORE
24935,FOREST HILL
24938,FRANKFORD
24941,GAP MILLS
24944,GREEN BANK
24945,GREENVILLE
24946,HILLSBORO
24951,LINDSIDE
24954,MARLINTON
24957,MAXWELTON
24963,PETERSTOWN
24966,RENICK
24970,RONCEVERTE
24976,SINKS GROVE
24977,ALDERSON
24981,TALCOTT
24983,UNION
24985,TALCOTT
24986,WHITE SULPHUR SPRINGS
24991,WILLIAMSBURG
24993,UNION
25002,BOOMER
25003,ALUM CREEK
25005,AMMA
25007,ARNETT
25008,WHITESVILLE
25009,NELLIS
25011,BANCROFT
25015,BELLE
25019,BICKMORE
25021,BIM
25022,BLAIR
25024,BLOOMINGROSE
25025,CHARLESTON
25026,BLUE CREEK
25028,VAN
25030,CLENDENIN
25031,BOOMER
25033,BUFFALO
25035,CABIN CREEK
25036,CANNELTON
25039,CEDAR GROVE
25040,CHARLTON HEIGHTS
25043,CLAY
25044,CLEAR CREEK
25045,CLENDENIN
25047,CLOTHIER
25049,COMFORT
25051,COSTA
25053,DANVILLE
25054,DAWES
25057,MOUNT CARBON
25059,DIXIE
25060,DOROTHY
25061,DRYBRANCH
25062,NAOMA
25063,DUCK
25064,DUNBAR
25067,EAST BANK
25070,ELEANOR
25071,ELKVIEW
25075,ESKDALE
25076,ETHEL
25079,FALLING ROCK
25081,FOSTER
25082,FRAZIERS BOTTOM
25083,GALLAGHER
25085,GAULEY BRIDGE
25086,GLASGOW
25088,CLENDENIN
25090,GLEN FERRIS
25093,GORDON
25102,HANDLEY
25103,HANSFORD
25106,HENDERSON
25107,HERNSHAW
25108,HEWETT
25109,HOMETOWN
25110,HUGHESTON
25111,INDORE
25112,INSTITUTE
25113,IVYDALE
25114,JEFFREY
25115,MOUNT CARBON
25118,KIMBERLY
25119,KINCAID
25121,LAKE
25123,LEON
25124,KENNA
25125,LIZEMORES
25126,LONDON
25130,MADISON
25132,MAMMOTH
25133,MAYSEL
25134,MIAMI
25136,MONTGOMERY
25139,MOUNT CARBON
25140,NAOMA
25141,CLAY
25142,NELLIS
25143,NITRO
25148,ORGAS
25149,OTTAWA
25154,PEYTONA
25156,PINCH
25159,POCA
25160,CEDAR GROVE
25161,POWELLTON
25162,PRATT
25164,PROCIOUS
25165,RACINE
25168,RED HOUSE
25169,NELLIS
25173,ROBSON
25174,ROCK CREEK
25177,SAINT ALBANS
25181,SETH
25183,SHARPLES
25186,SMITHERS
25193,SYLVESTER
25201,TAD
25202,ALUM CREEK
25203,TURTLE CREEK
25204,TWILIGHT
25205,UNEEDA
25206,VAN
25208,WHARTON
25209,WHITESVILLE
25211,WIDEN
25213,WINFIELD
25214,WINIFREDE
25231,KENNA
25234,ARNOLDSBURG
25235,CHLOE
25239,COTTAGEVILLE
25241,EVANS
25243,GANDEEVILLE
25244,GAY
25247,HARTFORD
25248,KENNA
25251,LOONEYVILLE
25252,LE ROY
25253,LETART
25259,LOONEYVILLE
25260,MASON
25261,ARNOLDSBURG
25262,MILLWOOD
25265,NEW HAVEN
25266,NEWTON
25267,NORMANTOWN
25268,ARNOLDSBURG
25270,SPENCER
25271,RIPLEY
25275,SANDYVILLE
25276,SPENCER
25285,WALLBACK
25286,WALTON
25287,MASON
25301,CHARLESTON
25302,CHARLESTON
25303,SOUTH CHARLESTON
25304,CHARLESTON
25305,CHARLESTON
25306,CHARLESTON
25309,SOUTH CHARLESTON
25311,CHARLESTON
25312,CHARLESTON
25313,CHARLESTON
25314,CHARLESTON
25315,CHARLESTON
25320,CHARLESTON
25321,CHARLESTON
25322,CHARLESTON
25323,CHARLESTON
25324,CHARLESTON
25325,CHARLESTON
25326,CHARLESTON
25327,CHARLESTON
25328,CHARLESTON
25329,CHARLESTON
25330,CHARLESTON
25331,CHARLESTON
25332,CHARLESTON
25333,CHARLESTON
25334,CHARLESTON
25335,CHARLESTON
25336,CHARLESTON
25337,CHARLESTON
25338,CHARLESTON
25339,CHARLESTON
25356,CHARLESTON
25357,CHARLESTON
25358,SOUTH CHARLESTON
25360,CHARLESTON
25361,CHARLESTON
25362,CHARLESTON
25364,CHARLESTON
25365,CHARLESTON
25375,CHARLESTON
25387,SOUTH CHARLESTON
25401,MARTINSBURG
25402,MARTINSBURG
25403,MARTINSBURG
25404,MARTINSBURG
25405,MARTINSBURG
25411,BERKELEY SPRINGS
25413,BUNKER HILL
25414,CHARLES TOWN
25419,FALLING WATERS
25420,GERRARDSTOWN
25422,GREAT CACAPON
25423,HARPERS FERRY
25425,HARPERS FERRY
25427,HEDGESVILLE
25428,INWOOD
25430,KEARNEYSVILLE
25431,PAW PAW
25434,PAW PAW
25437,PAW PAW
25438,RANSON
25441,RIPPON
25442,SHENANDOAH JUNCTION
25443,SHEPHERDSTOWN
25444,SLANESVILLE
25446,SUMMIT POINT
25501,ALKOL
25502,APPLE GROVE
25503,APPLE GROVE
25504,BARBOURSVILLE
25505,BIG CREEK
25506,BRANCHLAND
25507,CEREDO
25508,CHAPMANVILLE
25510,CULLODEN
25511,DUNLOW
25512,EAST LYNN
25514,FORT GAY
25515,GALLIPOLIS FERRY
25517,GENOA
25520,APPLE GROVE
25521,GRIFFITHSVILLE
25523,HAMLIN
25524,HARTS
25526,HURRICANE
25529,ALKOL
25530,KENOVA
25534,RANGER
25535,LAVALETTE
25537,BARBOURSVILLE
25540,MIDKIFF
25541,MILTON
25545,BARBOURSVILLE
25547,PECKS MILL
25550,POINT PLEASANT
25555,PRICHARD
25557,RANGER
25559,SALT ROCK
25560,SCOTT DEPOT
25562,SHOALS
25564,SOD
25565,ALKOL
25567,SUMERCO
25569,TEAYS
25570,WAYNE
25571,WEST HAMLIN
25573,HAMLIN
25601,LOGAN
25606,ACCOVILLE
25607,AMHERSTDALE
25608,BAISDEN
25611,BRUNO
25612,LOGAN
25614,LOGAN
25617,DAVIN
25621,GILBERT
25624,HENLAWSON
25625,HOLDEN
25628,KISTLER
25630,LORADO
25632,LOGAN
25634,MALLORY
25635,MAN
25637,MOUNT GAY
25638,OMAR
25639,PEACH CREEK
25644,SARAH ANN
25646,STOLLINGS
25647,SWITZER
25649,VERDUNVILLE
25650,VERNER
25651,WHARNCLIFFE
25652,WHITMAN
25653,WILKINSON
25654,LOGAN
25661,WILLIAMSON
25666,BREEDEN
25667,CHATTAROY
25669,CRUM
25670,DELBARTON
25671,DINGESS
25672,EDGARTON
25674,KERMIT
25676,LENORE
25678,MATEWAN
25685,NAUGATUCK
25688,NORTH MATEWAN
25690,RAGLAND
25691,RAWL
25692,RED JACKET
25696,VARNEY
25699,WILSONDALE
25701,HUNTINGTON
25702,HUNTINGTON
25703,HUNTINGTON
25704,HUNTINGTON
25705,HUNTINGTON
25706,HUNTINGTON
25707,HUNTINGTON
25708,HUNTINGTON
25709,HUNTINGTON
25710,HUNTINGTON
25711,HUNTINGTON
25712,HUNTINGTON
25713,HUNTINGTON
25714,HUNTINGTON
25715,HUNTINGTON
25716,HUNTINGTON
25717,HUNTINGTON
25718,HUNTINGTON
25719,HUNTINGTON
25720,HUNTINGTON
25721,HUNTINGTON
25722,HUNTINGTON
25723,HUNTINGTON
25724,HUNTINGTON
25725,HUNTINGTON
25726,HUNTINGTON
25727,HUNTINGTON
25728,HUNTINGTON
25729,HUNTINGTON
25772,HUNTINGTON
25773,HUNTINGTON
25774,HUNTINGTON
25775,HUNTINGTON
25776,HUNTINGTON
25777,HUNTINGTON
25778,HUNTINGTON
25779,HUNTINGTON
25801,BECKLEY
25802,BECKLEY
25810,ALLEN JUNCTION
25811,STEPHENSON
25812,ANSTED
25813,BEAVER
25817,BOLT
25818,BRADLEY
25820,SPANISHBURG
25823,COAL CITY
25825,COOL RIDGE
25826,CORINNE
25827,CRAB ORCHARD
25831,DANESE
25832,DANIELS
25836,ECCLES
25837,EDMOND
25839,FAIRDALE
25840,FAYETTEVILLE
25841,COOL RIDGE
25843,COOL RIDGE
25844,GLEN DANIEL
25845,GLEN FORK
25846,GLEN JEAN
25848,GLEN ROGERS
25849,LESTER
25851,HARPER
25853,HELEN
25854,HICO
25855,HILLTOP
25857,JOSEPHINE
25862,LANSING
25864,LAYLAND
25865,LESTER
25866,LOCHGELLY
25868,LOOKOUT
25870,MULLENS
25871,MABSCOTT
25873,MAC ARTHUR
25875,MC GRAWS
25876,MC GRAWS
25878,MIDWAY
25879,MINDEN
25880,BECKLEY
25882,MULLENS
25901,OAK HILL
25902,COOL RIDGE
25904,PAX
25906,PINEY VIEW
25907,PRINCE
25908,PRINCEWICK
25909,PROSPERITY
25911,RALEIGH
25915,RHODELL
25916,GLEN FORK
25917,SCARBRO
25918,SHADY SPRING
25919,SKELTON
25920,SOPHIA
25921,SOPHIA
25922,SPANISHBURG
25927,STANAFORD
25928,STEPHENSON
25932,SURVEYOR
25936,GLEN JEAN
25938,VICTOR
25942,LOOKOUT
25943,ALLEN JUNCTION
25951,HINTON
25958,CHARMCO
25962,RAINELLE
25966,MEADOW BRIDGE
25969,JUMPING BRANCH
25971,LERONA
25972,LESLIE
25976,MEADOW BRIDGE
25977,MEADOW CREEK
25978,HINTON
25979,PIPESTEM
25981,QUINWOOD
25984,RUPERT
25985,SANDSTONE
25986,SPRING DALE
25989,WHITE OAK
26003,WHEELING
26030,BEECH BOTTOM
26031,BENWOOD
26032,BETHANY
26033,CAMERON
26034,CHESTER
26035,COLLIERS
26036,DALLAS
26037,FOLLANSBEE
26038,GLEN DALE
26039,CAMERON
26040,MCMECHEN
26041,MOUNDSVILLE
26047,NEW CUMBERLAND
26050,CHESTER
26055,MOUNDSVILLE
26056,NEW MANCHESTER
26058,SHORT CREEK
26059,TRIADELPHIA
26060,VALLEY GROVE
26062,WEIRTON
26070,WELLSBURG
26075,WINDSOR HEIGHTS
26101,PARKERSBURG
26102,PARKERSBURG
26103,PARKERSBURG
26104,PARKERSBURG
26105,VIENNA
26133,BELLEVILLE
26134,BELMONT
26136,BIG BEND
26137,BIG SPRINGS
26138,GRANTSVILLE
26141,GRANTSVILLE
26142,DAVISVILLE
26143,ELIZABETH
26146,FRIENDLY
26147,GRANTSVILLE
26148,GRANTSVILLE
26149,MIDDLEBOURNE
26150,MINERAL WELLS
26151,GRANTSVILLE
26152,GRANTSVILLE
26155,NEW MARTINSVILLE
26159,PADEN CITY
26160,ELIZABETH
26161,CAIRO
26164,RAVENSWOOD
26167,READER
26169,MINERAL WELLS
26170,SAINT MARYS
26175,SISTERSVILLE
26178,SMITHVILLE
26180,WALKER
26181,WASHINGTON
26184,WAVERLY
26187,WILLIAMSTOWN
26201,BUCKHANNON
26202,FENWICK
26203,ERBACON
26205,CRAIGSVILLE
26206,COWEN
26208,COWEN
26210,ADRIAN
26215,WALKERSVILLE
26217,DIANA
26218,FRENCH CREEK
26222,WALKERSVILLE
26224,HELVETIA
26228,WALKERSVILLE
26229,LORENTZ
26230,PICKENS
26234,WALKERSVILLE
26237,BUCKHANNON
26238,BUCKHANNON
26241,ELKINS
26250,BELINGTON
26253,BEVERLY
26254,BOWDEN
26257,COALTON
26259,DAILEY
26260,DAVIS
26261,RICHWOOD
26263,DRYFORK
26264,DURBIN
26266,UPPERGLADE
26267,BUCKHANNON
26268,BOWDEN
26269,HAMBLETON
26270,HARMAN
26271,HENDRICKS
26273,HUTTONSVILLE
26275,JUNIOR
26276,KERENS
26278,MABIE
26280,MILL CREEK
26283,MONTROSE
26285,COALTON
26287,PARSONS
26288,WEBSTER SPRINGS
26289,RED CREEK
26291,SLATYFORK
26292,THOMAS
26293,VALLEY BEND
26294,VALLEY HEAD
26296,HARMAN
26298,BERGOO
26301,CLARKSBURG
26302,CLARKSBURG
26320,ALMA
26321,ALUM BRIDGE
26323,ANMOORE
26325,AUBURN
26327,PULLMAN
26330,BRIDGEPORT
26335,BURNSVILLE
26337,CAIRO
26339,WEST UNION
26342,TROY
26343,WALKERSVILLE
26346,ELLENBORO
26347,FLEMINGTON
26348,FOLSOM
26349,GALLOWAY
26351,GLENVILLE
26354,GRAFTON
26361,GYPSY
26362,HARRISVILLE
26366,LUMBERPORT
26369,HEPZIBAH
26372,HORNER
26374,NEWBURG
26376,IRELAND
26377,JACKSONBURG
26378,JANE LEW
26384,BURNSVILLE
26385,LOST CREEK
26386,LUMBERPORT
26404,MEADOWBROOK
26405,MOATSVILLE
26408,CLARKSBURG
26410,NEWBURG
26411,WEST UNION
26412,ORLANDO
26415,PENNSBORO
26416,PHILIPPI
26419,PINE GROVE
26421,PULLMAN
26422,REYNOLDSVILLE
26424,ROSEMONT
26425,ROWLESBURG
26426,SALEM
26430,SAND FORK
26431,SHINNSTON
26434,WEST UNION
26435,SIMPSON
26436,SMITHBURG
26437,SMITHFIELD
26438,SPELTER
26440,GRAFTON
26443,TROY
26444,NEWBURG
26447,WALKERSVILLE
26448,WALLACE
26451,WEST MILFORD
26452,WESTON
26456,WEST UNION
26463,WYATT
26501,MORGANTOWN
26504,MORGANTOWN
26505,MORGANTOWN
26506,MORGANTOWN
26507,MORGANTOWN
26508,MORGANTOWN
26519,KINGWOOD
26520,ARTHURDALE
26521,BLACKSVILLE
26525,BRUCETON MILLS
26527,CASSVILLE
26531,DELLSLOW
26534,GRANVILLE
26537,KINGWOOD
26541,MAIDSVILLE
26542,MASONTOWN
26544,PENTRESS
26546,PURSGLOVE
26547,REEDSVILLE
26554,FAIRMONT
26555,FAIRMONT
26559,BARRACKVILLE
26562,MANNINGTON
26563,CAROLINA
26566,COLFAX
26568,ENTERPRISE
26570,FAIRVIEW
26571,FARMINGTON
26572,FOUR STATES
26574,GRANT TOWN
26575,HUNDRED
26576,IDAMAY
26578,KINGMONT
26581,LITTLETON
26582,MANNINGTON
26587,RACHEL
26588,RIVESVILLE
26590,WANA
26591,WORTHINGTON
26601,SUTTON
26610,BIRCH RIVER
26611,SUTTON
26615,SUTTON
26617,DILLE
26619,SUTTON
26621,FLATWOODS
26623,FRAMETOWN
26624,GASSAWAY
26627,FLATWOODS
26629,LITTLE BIRCH
26631,GASSAWAY
26636,ROSEDALE
26638,ROSEDALE
26651,SUMMERSVILLE
26656,BELVA
26660,CALVIN
26662,CANVAS
26667,DRENNEN
26671,GILBOA
26675,KESLERS CROSS LANES
26676,LEIVASY
26678,MOUNT LOOKOUT
26679,MOUNT NEBO
26680,NALLEN
26681,NETTIE
26684,MOUNT NEBO
26690,GAULEY BRIDGE
26691,SUMMERSVILLE
26704,AUGUSTA
26705,AURORA
26707,BAYARD
26710,BURLINGTON
26711,CAPON BRIDGE
26714,AUGUSTA
26716,EGLON
26717,ELK GARDEN
26719,FORT ASHBY
26720,GORMANIA
26722,GREEN SPRING
26726,KEYSER
26731,BURLINGTON
26739,MOUNT STORM
26743,NEW CREEK
26750,KEYSER
26753,RIDGELEY
26755,RIO
26757,ROMNEY
26761,AUGUSTA
26763,GREEN SPRING
26764,TERRA ALTA
26767,WILEY FORD
26801,BAKER
26802,BRANDYWINE
26804,CIRCLEVILLE
26807,FRANKLIN
26808,HIGH VIEW
26810,LOST CITY
26812,MATHIAS
26814,RIVERTON
26815,SUGAR GROVE
26817,BLOOMERY
26818,MOOREFIELD
26823,CAPON SPRINGS
26833,MAYSVILLE
26836,MOOREFIELD
26838,MOOREFIELD
26845,OLD FIELDS
26847,PETERSBURG
26851,WARDENSVILLE
26852,PURGITSVILLE
26855,CABINS
26865,YELLOW SPRING
26866,FRANKLIN
26884,SENECA ROCKS
26886,ONEGO
27006,ADVANCE
27007,ARARAT
27009,BELEWS CREEK
27010,BETHANIA
27011,BOONVILLE
27012,CLEMMONS
27013,CLEVELAND
27014,COOLEEMEE
27016,DANBURY
27017,DOBSON
27018,EAST BEND
27019,GERMANTON
27020,HAMPTONVILLE
27021,KING
27022,LAWSONVILLE
27023,LEWISVILLE
27024,LOWGAP
27025,MADISON
27027,MAYODAN
27028,MOCKSVILLE
27030,MOUNT AIRY
27040,PFAFFTOWN
27041,PILOT MOUNTAIN
27042,PINE HALL
27043,PINNACLE
27045,RURAL HALL
27046,SANDY RIDGE
27047,EAST BEND
27048,STONEVILLE
27049,TOAST
27050,TOBACCOVILLE
27051,WALKERTOWN
27052,WALNUT COVE
27053,WESTFIELD
27054,WOODLEAF
27055,YADKINVILLE
27101,WINSTON SALEM
27102,WINSTON SALEM
27103,WINSTON SALEM
27104,WINSTON SALEM
27105,WINSTON SALEM
27106,WINSTON SALEM
27107,WINSTON SALEM
27113,WINSTON SALEM
27114,WINSTON SALEM
27115,WINSTON SALEM
27116,WINSTON SALEM
27117,WINSTON SALEM
27120,WINSTON SALEM
27127,WINSTON SALEM
27130,WINSTON SALEM
27201,ALAMANCE
27202,GIBSONVILLE
27203,ASHEBORO
27204,ASHEBORO
27205,ASHEBORO
27207,BEAR CREEK
27208,BENNETT
27209,BISCOE
27212,YANCEYVILLE
27213,BONLEE
27214,BROWNS SUMMIT
27215,BURLINGTON
27216,BURLINGTON
27217,BURLINGTON
27228,PITTSBORO
27229,CANDOR
27230,CEDAR FALLS
27231,CEDAR GROVE
27233,CLIMAX
27235,COLFAX
27239,DENTON
27242,CANDOR
27243,EFLAND
27244,ELON
27247,ETHER
27248,FRANKLINVILLE
27249,GIBSONVILLE
27252,GOLDSTON
27253,GRAHAM
27256,GULF
27258,HAW RIVER
27259,HIGHFALLS
27260,HIGH POINT
27261,HIGH POINT
27262,HIGH POINT
27263,ARCHDALE
27264,ARCHDALE
27265,HIGH POINT
27278,HILLSBOROUGH
27281,JACKSON SPRINGS
27282,JAMESTOWN
27283,LIBERTY
27284,KERNERSVILLE
27285,KERNERSVILLE
27288,EDEN
27289,EDEN
27291,LEASBURG
27292,LEXINGTON
27293,LEXINGTON
27295,LEXINGTON
27298,LIBERTY
27299,LINWOOD
27301,MC LEANSVILLE
27302,MEBANE
27305,MILTON
27306,MOUNT GILEAD
27310,OAK RIDGE
27311,PELHAM
27312,PITTSBORO
27313,PLEASANT GARDEN
27314,PROSPECT HILL
27315,PELHAM
27316,ASHEBORO
27317,RANDLEMAN
27320,REIDSVILLE
27323,REIDSVILLE
27325,ROBBINS
27326,PELHAM
27330,SANFORD
27331,SANFORD
27332,SANFORD
27340,SAXAPAHAW
27341,ROBBINS
27342,SEDALIA
27343,SEMORA
27344,SILER CITY
27349,SNOW CAMP
27350,RANDLEMAN
27351,SOUTHMONT
27355,LIBERTY
27356,STAR
27357,STOKESDALE
27358,SUMMERFIELD
27359,GRAHAM
27360,THOMASVILLE
27361,THOMASVILLE
27370,TRINITY
27371,TROY
27373,WALLBURG
27374,WELCOME
27375,WENTWORTH
27376,WEST END
27377,WHITSETT
27379,YANCEYVILLE
27401,GREENSBORO
27402,GREENSBORO
27403,GREENSBORO
27404,GREENSBORO
27405,GREENSBORO
27406,GREENSBORO
27407,GREENSBORO
27408,GREENSBORO
27409,GREENSBORO
27410,GREENSBORO
27415,GREENSBORO
27416,GREENSBORO
27417,GREENSBORO
27419,GREENSBORO
27420,GREENSBORO
27425,GREENSBORO
27427,GREENSBORO
27429,GREENSBORO
27435,GREENSBORO
27438,GREENSBORO
27455,GREENSBORO
27501,ANGIER
27502,APEX
27503,ROUGEMONT
27504,BENSON
27505,BROADWAY
27506,BUIES CREEK
27507,BULLOCK
27508,BUNN
27509,BUTNER
27510,CARRBORO
27511,CARY
27512,CARY
27513,CARY
27514,CHAPEL HILL
27515,CHAPEL HILL
27516,CARRBORO
27517,CHAPEL HILL
27518,CARY
27519,CARY
27520,CLAYTON
27521,COATS
27522,CREEDMOOR
27523,APEX
27524,FOUR OAKS
27525,FRANKLINTON
27526,FUQUAY VARINA
27527,CLAYTON
27528,CLAYTON
27529,GARNER
27530,GOLDSBORO
27532,GOLDSBORO
27533,GOLDSBORO
27534,GOLDSBORO
27536,HENDERSON
27537,HENDERSON
27539,HOLLY SPRINGS
27540,FUQUAY VARINA
27541,HURDLE MILLS
27542,KENLY
27543,KIPLING
27544,KITTRELL
27545,KNIGHTDALE
27546,LILLINGTON
27549,LOUISBURG
27551,MACON
27552,MAMERS
27553,MANSON
27555,MICRO
27556,MIDDLEBURG
27557,MIDDLESEX
27559,MONCURE
27560,MORRISVILLE
27562,NEW HILL
27563,NORLINA
27565,OXFORD
27568,SELMA
27569,PRINCETON
27570,RIDGEWAY
27571,ROLESVILLE
27572,ROUGEMONT
27573,ROXBORO
27574,ROXBORO
27576,SELMA
27577,SMITHFIELD
27581,STEM
27582,STOVALL
27583,TIMBERLAKE
27584,TOWNSVILLE
27586,MACON
27587,WAKE FOREST
27588,WAKE FOREST
27589,WARRENTON
27591,WENDELL
27592,WILLOW SPRING
27593,WILSONS MILLS
27594,WISE
27596,YOUNGSVILLE
27597,ZEBULON
27601,RALEIGH
27602,RALEIGH
27603,RALEIGH
27604,RALEIGH
27605,RALEIGH
27606,RALEIGH
27607,RALEIGH
27608,RALEIGH
27609,RALEIGH
27610,RALEIGH
27611,RALEIGH
27612,RALEIGH
27613,RALEIGH
27614,RALEIGH
27615,RALEIGH
27616,RALEIGH
27617,RALEIGH
27619,RALEIGH
27620,RALEIGH
27622,RALEIGH
27623,RALEIGH
27624,RALEIGH
27626,RALEIGH
27627,RALEIGH
27628,RALEIGH
27629,RALEIGH
27636,RALEIGH
27650,RALEIGH
27658,RALEIGH
27661,RALEIGH
27675,RALEIGH
27701,DURHAM
27702,DURHAM
27703,DURHAM
27704,DURHAM
27705,DURHAM
27707,DURHAM
27709,DURHAM
27712,DURHAM
27713,DURHAM
27715,DURHAM
27717,DURHAM
27722,DURHAM
27801,ROCKY MOUNT
27802,ROCKY MOUNT
27803,ROCKY MOUNT
27804,ROCKY MOUNT
27805,AULANDER
27806,AURORA
27807,BAILEY
27808,BATH
27809,BATTLEBORO
27810,BELHAVEN
27811,BELLARTHUR
27812,BETHEL
27813,BLACK CREEK
27814,BLOUNTS CREEK
27816,CASTALIA
27817,CHOCOWINITY
27818,COMO
27819,CONETOE
27820,CONWAY
27821,EDWARD
27822,ELM CITY
27823,ENFIELD
27824,ENGELHARD
27825,EVERETTS
27826,ENGELHARD
27827,FALKLAND
27828,FARMVILLE
27829,FARMVILLE
27830,FREMONT
27831,GARYSBURG
27832,GASTON
27833,GREENVILLE
27834,GREENVILLE
27835,GREENVILLE
27836,GREENVILLE
27837,GRIMESLAND
27839,HALIFAX
27840,HAMILTON
27841,HASSELL
27842,HENRICO
27843,HOBGOOD
27844,HOLLISTER
27845,JACKSON
27846,JAMESVILLE
27847,KELFORD
27849,LEWISTON WOODVILLE
27850,LITTLETON
27851,LUCAMA
27852,MACCLESFIELD
27853,JACKSON
27855,MURFREESBORO
27856,NASHVILLE
27857,OAK CITY
27858,GREENVILLE
27860,BELHAVEN
27861,ROBERSONVILLE
27862,PENDLETON
27863,PIKEVILLE
27864,PINETOPS
27865,PINETOWN
27866,JACKSON
27867,POTECASI
27868,RED OAK
27869,RICH SQUARE
27870,ROANOKE RAPIDS
27871,ROBERSONVILLE
27872,ROXOBEL
27873,SARATOGA
27874,SCOTLAND NECK
27875,SCRANTON
27876,SEABOARD
27877,SEVERN
27878,SHARPSBURG
27879,SIMPSON
27880,BAILEY
27881,SPEED
27882,SPRING HOPE
27883,STANTONSBURG
27884,STOKES
27885,ENGELHARD
27886,TARBORO
27887,TILLERY
27888,WALSTONBURG
27889,WASHINGTON
27890,ROANOKE RAPIDS
27891,WHITAKERS
27892,WILLIAMSTON
27893,WILSON
27894,WILSON
27895,WILSON
27896,WILSON
27897,RICH SQUARE
27906,ELIZABETH CITY
27907,ELIZABETH CITY
27909,ELIZABETH CITY
27910,AHOSKIE
27915,AVON
27916,AYDLETT
27917,BARCO
27919,BELVIDERE
27920,BUXTON
27921,CAMDEN
27922,COFIELD
27923,COINJOCK
27924,COLERAIN
27925,COLUMBIA
27926,CORAPEAKE
27927,COROLLA
27928,CRESWELL
27929,BARCO
27932,EDENTON
27935,EURE
27936,FRISCO
27937,GATES
27938,GATESVILLE
27939,GRANDY
27941,HARBINGER
27942,HARRELLSVILLE
27943,HATTERAS
27944,HERTFORD
27946,HERTFORD
27947,JARVISBURG
27948,KILL DEVIL HILLS
27949,KITTY HAWK
27950,KNOTTS ISLAND
27953,MANNS HARBOR
27954,MANTEO
27956,MAPLE
27957,MERRY HILL
27958,MOYOCK
27959,NAGS HEAD
27960,OCRACOKE
27962,PLYMOUTH
27964,POINT HARBOR
27965,GRANDY
27966,GRANDY
27967,POWELLSVILLE
27968,RODANTHE
27969,RODUCO
27970,CRESWELL
27972,RODANTHE
27973,CAMDEN
27974,CAMDEN
27976,SOUTH MILLS
27978,MANNS HARBOR
27979,SUNBURY
27980,HERTFORD
27981,WANCHESE
27982,RODANTHE
27983,WINDSOR
27985,WINFALL
27986,WINTON
28001,ALBEMARLE
28002,ALBEMARLE
28006,ALEXIS
28007,ANSONVILLE
28009,BADIN
28010,MOORESVILLE
28012,BELMONT
28016,BESSEMER CITY
28017,BOILING SPRINGS
28018,BOSTIC
28019,CAROLEEN
28020,CASAR
28021,CHERRYVILLE
28023,CHINA GROVE
28024,CLIFFSIDE
28025,CONCORD
28026,CONCORD
28027,CONCORD
28031,CORNELIUS
28032,BELMONT
28033,CROUSE
28034,DALLAS
28036,DAVIDSON
28037,DENVER
28038,EARL
28039,EAST SPENCER
28040,ELLENBORO
28041,FAITH
28042,FALLSTON
28043,FOREST CITY
28052,GASTONIA
28053,GASTONIA
28054,GASTONIA
28055,GASTONIA
28056,GASTONIA
28070,HUNTERSVILLE
28071,GOLD HILL
28072,GRANITE QUARRY
28073,GROVER
28074,HARRIS
28075,HARRISBURG
28076,HENRIETTA
28077,HIGH SHOALS
28078,HUNTERSVILLE
28079,INDIAN TRAIL
28080,IRON STATION
28081,KANNAPOLIS
28082,KANNAPOLIS
28083,KANNAPOLIS
28086,KINGS MOUNTAIN
28088,LANDIS
28089,LATTIMORE
28090,LAWNDALE
28091,LILESVILLE
28092,LINCOLNTON
28093,LINCOLNTON
28097,LOCUST
28098,LOWELL
28101,MC ADENVILLE
28102,MC FARLAN
28103,MARSHVILLE
28104,MATTHEWS
28105,MATTHEWS
28106,MATTHEWS
28107,MIDLAND
28108,MINERAL SPRINGS
28109,MISENHEIMER
28110,MONROE
28111,MONROE
28112,MONROE
28114,MOORESBORO
28115,MOORESVILLE
28117,MOORESVILLE
28119,MORVEN
28120,MOUNT HOLLY
28123,MOORESVILLE
28124,MOUNT PLEASANT
28125,MOORESVILLE
28126,NEWELL
28127,NEW LONDON
28128,NORWOOD
28129,OAKBORO
28130,PAW CREEK
28133,PEACHLAND
28134,PINEVILLE
28135,POLKTON
28136,SHELBY
28137,RICHFIELD
28138,ROCKWELL
28139,RUTHERFORDTON
28144,SALISBURY
28145,SALISBURY
28146,SALISBURY
28147,SALISBURY
28150,SHELBY
28151,SHELBY
28152,SHELBY
28159,SPENCER
28160,RUTHERFORDTON
28163,STANFIELD
28164,MOUNT HOLLY
28166,TROUTMAN
28167,RUTHERFORDTON
28168,VALE
28169,CHERRYVILLE
28170,WADESBORO
28173,WAXHAW
28174,WINGATE
28201,CHARLOTTE
28202,CHARLOTTE
28203,CHARLOTTE
28204,CHARLOTTE
28205,CHARLOTTE
28206,CHARLOTTE
28207,CHARLOTTE
28208,CHARLOTTE
28209,CHARLOTTE
28210,CHARLOTTE
28211,CHARLOTTE
28212,CHARLOTTE
28213,CHARLOTTE
28214,CHARLOTTE
28215,CHARLOTTE
28216,CHARLOTTE
28217,CHARLOTTE
28218,CHARLOTTE
28219,CHARLOTTE
28220,CHARLOTTE
28221,CHARLOTTE
28222,CHARLOTTE
28224,CHARLOTTE
28226,CHARLOTTE
28227,MINT HILL
28229,CHARLOTTE
28230,CHARLOTTE
28231,CHARLOTTE
28232,CHARLOTTE
28233,CHARLOTTE
28234,CHARLOTTE
28235,CHARLOTTE
28236,CHARLOTTE
28237,CHARLOTTE
28241,CHARLOTTE
28247,CHARLOTTE
28256,CHARLOTTE
28262,CHARLOTTE
28266,CHARLOTTE
28269,CHARLOTTE
28270,MATTHEWS
28271,CHARLOTTE
28272,CHARLOTTE
28273,CHARLOTTE
28277,CHARLOTTE
28278,CHARLOTTE
28297,CHARLOTTE
28299,CHARLOTTE
28301,FAYETTEVILLE
28302,FAYETTEVILLE
28303,FAYETTEVILLE
28304,FAYETTEVILLE
28305,FAYETTEVILLE
28306,FAYETTEVILLE
28307,FORT BRAGG
28309,FAYETTEVILLE
28311,FAYETTEVILLE
28312,FAYETTEVILLE
28314,FAYETTEVILLE
28315,ABERDEEN
28318,AUTRYVILLE
28320,BLADENBORO
28323,BUNNLEVEL
28325,CALYPSO
28326,CAMERON
28327,CARTHAGE
28328,CLINTON
28329,CLINTON
28330,CORDOVA
28331,CUMBERLAND
28332,DUBLIN
28333,DUDLEY
28334,DUNN
28335,DUNN
28337,ELIZABETHTOWN
28338,ELLERBE
28339,DUNN
28340,FAIRMONT
28341,FAISON
28342,FALCON
28343,GIBSON
28344,DUNN
28345,HAMLET
28347,MARSTON
28348,HOPE MILLS
28349,KENANSVILLE
28350,LAKEVIEW
28351,LAUREL HILL
28352,LAURINBURG
28353,LAURINBURG
28355,LEMON SPRINGS
28356,LINDEN
28357,HOPE MILLS
28358,LUMBERTON
28359,LUMBERTON
28360,LUMBERTON
28362,MARIETTA
28363,MARSTON
28364,MAXTON
28365,MOUNT OLIVE
28366,NEWTON GROVE
28367,NORMAN
28368,OLIVIA
28369,FAIRMONT
28370,PINEHURST
28371,HOPE MILLS
28372,PEMBROKE
28373,PINEBLUFF
28374,PINEHURST
28375,PROCTORVILLE
28376,RAEFORD
28377,RED SPRINGS
28378,REX
28379,ROCKINGHAM
28380,ROCKINGHAM
28382,ROSEBORO
28383,ROWLAND
28384,SAINT PAULS
28385,SALEMBURG
28386,RED SPRINGS
28387,SOUTHERN PINES
28388,SOUTHERN PINES
28390,SPRING LAKE
28391,STEDMAN
28392,SAINT PAULS
28393,TURKEY
28394,VASS
28395,WADE
28396,WAGRAM
28398,WARSAW
28399,ELIZABETHTOWN
28401,WILMINGTON
28402,WILMINGTON
28403,WILMINGTON
28404,WILMINGTON
28405,WILMINGTON
28406,WILMINGTON
28408,WILMINGTON
28409,WILMINGTON
28411,WILMINGTON
28412,WILMINGTON
28420,ASH
28421,ATKINSON
28422,BOLIVIA
28423,BOLTON
28424,BRUNSWICK
28425,BURGAW
28428,CAROLINA BEACH
28429,CASTLE HAYNE
28430,CERRO GORDO
28431,CHADBOURN
28432,CLARENDON
28433,CLARKTON
28434,COUNCIL
28435,CURRIE
28436,DELCO
28438,EVERGREEN
28439,FAIR BLUFF
28441,GARLAND
28442,HALLSBORO
28443,HAMPSTEAD
28444,HARRELLS
28445,HOLLY RIDGE
28447,IVANHOE
28448,KELLY
28449,KURE BEACH
28450,LAKE WACCAMAW
28451,LELAND
28452,LONGWOOD
28453,MAGNOLIA
28454,BURGAW
28455,NAKINA
28456,RIEGELWOOD
28457,ROCKY POINT
28458,ROSE HILL
28459,SHALLOTTE
28460,SNEADS FERRY
28461,BALD HEAD ISLAND
28462,SUPPLY
28463,TABOR CITY
28464,TEACHEY
28465,OAK ISLAND
28466,WALLACE
28467,OCEAN ISLE BEACH
28468,OCEAN ISLE BEACH
28469,OCEAN ISLE BEACH
28470,SHALLOTTE
28472,WHITEVILLE
28478,WILLARD
28479,WINNABOW
28480,WRIGHTSVILLE BEACH
28501,KINSTON
28502,KINSTON
28503,KINSTON
28504,KINSTON
28508,ALBERTSON
28509,ALLIANCE
28510,ARAPAHOE
28511,ATLANTIC
28512,ATLANTIC BEACH
28513,AYDEN
28515,BAYBORO
28516,BEAUFORT
28518,BEULAVILLE
28519,BRIDGETON
28520,CEDAR ISLAND
28521,BEULAVILLE
28522,COMFORT
28523,COVE CITY
28524,DAVIS
28525,DEEP RUN
28526,DOVER
28527,ERNUL
28528,GLOUCESTER
28529,GRANTSBORO
28530,GRIFTON
28531,HARKERS ISLAND
28532,HAVELOCK
28537,HOBUCKEN
28538,HOOKERTON
28539,HUBERT
28540,JACKSONVILLE
28541,JACKSONVILLE
28543,JACKSONVILLE
28544,JACKSONVILLE
28546,JACKSONVILLE
28547,JACKSONVILLE
28551,LA GRANGE
28552,HOBUCKEN
28553,MARSHALLBERG
28554,MAURY
28555,MAYSVILLE
28556,MERRITT
28557,MOREHEAD CITY
28560,NEW BERN
28561,NEW BERN
28562,NEW BERN
28563,NEW BERN
28564,NEW BERN
28570,NEWPORT
28571,ORIENTAL
28572,PINK HILL
28573,POLLOCKSVILLE
28574,RICHLANDS
28575,ATLANTIC BEACH
28577,SEALEVEL
28578,LA GRANGE
28579,SMYRNA
28580,SNOW HILL
28581,SEALEVEL
28582,SWANSBORO
28583,STONEWALL
28584,SWANSBORO
28585,TRENTON
28586,VANCEBORO
28587,BAYBORO
28589,SMYRNA
28590,WINTERVILLE
28594,EMERALD ISLE
28601,HICKORY
28602,HICKORY
28603,HICKORY
28604,BANNER ELK
28605,BLOWING ROCK
28606,BOOMER
28607,BOONE
28609,CATAWBA
28610,CLAREMONT
28611,COLLETTSVILLE
28612,CONNELLY SPRINGS
28613,CONOVER
28615,CRESTON
28616,CROSSNORE
28617,CRUMPLER
28618,DEEP GAP
28619,DREXEL
28621,ELKIN
28622,ELK PARK
28623,ENNICE
28624,FERGUSON
28625,STATESVILLE
28626,BOONE
28627,GLADE VALLEY
28628,GLEN ALPINE
28629,GLENDALE SPRINGS
28630,GRANITE FALLS
28631,GRASSY CREEK
28634,HARMONY
28635,HAYS
28636,HIDDENITE
28637,HILDEBRAN
28638,HUDSON
28640,JEFFERSON
28641,JONAS RIDGE
28642,JONESVILLE
28643,LANSING
28644,LAUREL SPRINGS
28645,LENOIR
28646,LINVILLE
28647,LINVILLE FALLS
28649,MC GRADY
28650,MAIDEN
28651,MILLERS CREEK
28652,MINNEAPOLIS
28653,MONTEZUMA
28654,MORAVIAN FALLS
28655,MORGANTON
28657,NEWLAND
28658,NEWTON
28659,NORTH WILKESBORO
28660,HARMONY
28661,PATTERSON
28662,PINEOLA
28663,PINEY CREEK
28664,MINNEAPOLIS
28665,PURLEAR
28666,ICARD
28667,RHODHISS
28668,ROARING GAP
28669,ROARING RIVER
28670,RONDA
28671,RUTHERFORD COLLEGE
28672,SPARTA
28673,SHERRILLS FORD
28675,SPARTA
28676,STATE ROAD
28677,STATESVILLE
28678,STONY POINT
28679,ZIONVILLE
28680,MORGANTON
28681,TAYLORSVILLE
28682,SHERRILLS FORD
28683,STATE ROAD
28684,BOONE
28685,HAYS
28687,STATESVILLE
28688,TURNERSBURG
28689,HARMONY
28690,VALDESE
28691,BANNER ELK
28692,VILAS
28693,LANSING
28694,WEST JEFFERSON
28697,WILKESBORO
28698,ZIONVILLE
28699,SCOTTS
28701,ALEXANDER
28702,ALMOND
28704,ARDEN
28705,BAKERSVILLE
28707,BALSAM
28708,BALSAM GROVE
28709,BARNARDSVILLE
28710,BAT CAVE
28711,BLACK MOUNTAIN
28712,BREVARD
28713,BRYSON CITY
28714,BURNSVILLE
28715,CANDLER
28716,CANTON
28717,CASHIERS
28718,CEDAR MOUNTAIN
28719,CHEROKEE
28720,CHIMNEY ROCK
28721,CLYDE
28722,COLUMBUS
28723,CULLOWHEE
28724,DANA
28725,DILLSBORO
28726,EAST FLAT ROCK
28727,EDNEYVILLE
28728,ENKA
28729,ETOWAH
28730,FAIRVIEW
28731,EAST FLAT ROCK
28732,FLETCHER
28733,FONTANA DAM
28734,FRANKLIN
28735,FAIRVIEW
28736,GLENVILLE
28737,MARION
28738,WAYNESVILLE
28739,HENDERSONVILLE
28740,BURNSVILLE
28741,HIGHLANDS
28742,HORSE SHOE
28743,HOT SPRINGS
28744,FRANKLIN
28745,LAKE JUNALUSKA
28746,LAKE LURE
28747,LAKE TOXAWAY
28748,LEICESTER
28749,LITTLE SWITZERLAND
28750,LYNN
28751,MAGGIE VALLEY
28752,MARION
28753,WEAVERVILLE
28754,MARS HILL
28755,BURNSVILLE
28756,COLUMBUS
28757,MONTREAT
28758,MOUNTAIN HOME
28759,HORSE SHOE
28760,NAPLES
28761,NEBO
28762,OLD FORT
28763,OTTO
28765,PENLAND
28766,PENROSE
28768,BREVARD
28770,RIDGECREST
28771,ROBBINSVILLE
28772,ROSMAN
28773,SALUDA
28774,SAPPHIRE
28775,HIGHLANDS
28776,SKYLAND
28777,SPRUCE PINE
28778,SWANNANOA
28779,SYLVA
28781,ANDREWS
28782,TRYON
28783,CULLOWHEE
28784,ZIRCONIA
28785,WAYNESVILLE
28786,WAYNESVILLE
28787,WEAVERVILLE
28788,SYLVA
28789,WHITTIER
28790,SALUDA
28791,HENDERSONVILLE
28792,HENDERSONVILLE
28793,HENDERSONVILLE
28801,ASHEVILLE
28802,ASHEVILLE
28803,ASHEVILLE
28804,ASHEVILLE
28805,ASHEVILLE
28806,ASHEVILLE
28813,ASHEVILLE
28814,ASHEVILLE
28815,ASHEVILLE
28816,ASHEVILLE
28901,ANDREWS
28902,BRASSTOWN
28903,CULBERSON
28904,HAYESVILLE
28905,MARBLE
28906,MURPHY
28909,HAYESVILLE
29001,ALCOLU
29002,BALLENTINE
29003,BAMBERG
29006,LEESVILLE
29009,BETHUNE
29010,BISHOPVILLE
29014,BLACKSTOCK
29015,BLAIR
29016,BLYTHEWOOD
29018,BOWMAN
29020,CAMDEN
29021,CAMDEN
29030,CAMERON
29031,CARLISLE
29032,BETHUNE
29033,WEST COLUMBIA
29036,CHAPIN
29037,SALUDA
29038,BAMBERG
29039,CORDOVA
29040,DALZELL
29041,DAVIS STATION
29042,DENMARK
29044,EASTOVER
29045,ELGIN
29046,ELLIOTT
29047,ELLOREE
29048,EUTAWVILLE
29051,GABLE
29052,EASTOVER
29053,GASTON
29054,GILBERT
29055,GREAT FALLS
29056,GREELEYVILLE
29058,HEATH SPRINGS
29059,HOLLY HILL
29061,HOPKINS
29062,HORATIO
29063,IRMO
29065,JENKINSVILLE
29067,KERSHAW
29069,LAMAR
29070,LEESVILLE
29071,LEXINGTON
29072,LEXINGTON
29073,LEXINGTON
29074,LIBERTY HILL
29075,CHAPIN
29078,LUGOFF
29079,LYDIA
29080,LYNCHBURG
29081,EHRHARDT
29082,EHRHARDT
29101,BETHUNE
29102,MANNING
29104,MAYESVILLE
29105,LEESVILLE
29107,NEESES
29108,NEWBERRY
29111,NEW ZION
29112,NORTH
29113,DENMARK
29114,OLANTA
29115,ORANGEBURG
29116,ORANGEBURG
29118,ORANGEBURG
29122,PEAK
29123,PELION
29125,PINEWOOD
29126,POMARIA
29127,PROSPERITY
29128,REMBERT
29129,LEESVILLE
29130,RIDGEWAY
29133,ORANGEBURG
29135,SAINT MATTHEWS
29137,SALLEY
29138,SALUDA
29142,SANTEE
29145,NEWBERRY
29146,SPRINGFIELD
29147,STATE PARK
29148,SUMMERTON
29150,SUMTER
29151,SUMTER
29152,SHAW AFB
29153,SUMTER
29154,SUMTER
29160,SWANSEA
29161,TIMMONSVILLE
29162,TURBEVILLE
29163,VANCE
29164,WAGENER
29166,LEESVILLE
29168,WEDGEFIELD
29169,WEST COLUMBIA
29170,WEST COLUMBIA
29171,WEST COLUMBIA
29172,WEST COLUMBIA
29175,KERSHAW
29177,WHITE ROCK
29178,WHITMIRE
29180,WINNSBORO
29201,COLUMBIA
29202,COLUMBIA
29203,COLUMBIA
29204,COLUMBIA
29205,COLUMBIA
29206,COLUMBIA
29207,COLUMBIA
29209,COLUMBIA
29210,COLUMBIA
29211,COLUMBIA
29212,COLUMBIA
29221,COLUMBIA
29223,COLUMBIA
29224,COLUMBIA
29229,COLUMBIA
29230,COLUMBIA
29240,COLUMBIA
29250,COLUMBIA
29260,COLUMBIA
29290,COLUMBIA
29301,SPARTANBURG
29302,SPARTANBURG
29303,SPARTANBURG
29304,SPARTANBURG
29305,SPARTANBURG
29306,SPARTANBURG
29307,SPARTANBURG
29316,BOILING SPRINGS
29320,ARCADIA
29321,BUFFALO
29322,CAMPOBELLO
29323,CHESNEE
29324,CLIFTON
29325,CLINTON
29329,CONVERSE
29330,COWPENS
29331,CROSS ANCHOR
29332,CROSS HILL
29333,DRAYTON
29334,DUNCAN
29335,ENOREE
29336,FAIRFOREST
29338,FINGERVILLE
29340,GAFFNEY
29341,GAFFNEY
29342,GAFFNEY
29346,GLENDALE
29348,GRAMLING
29349,INMAN
29351,CLINTON
29353,JONESVILLE
29355,CLINTON
29356,LANDRUM
29360,LAURENS
29364,LOCKHART
29365,LYMAN
29368,MAYO
29369,MOORE
29370,MOUNTVILLE
29372,PACOLET
29373,PACOLET MILLS
29374,PAULINE
29375,REIDVILLE
29376,ROEBUCK
29377,STARTEX
29378,UNA
29379,UNION
29384,WATERLOO
29385,LYMAN
29386,WHITE STONE
29388,WOODRUFF
29401,CHARLESTON
29402,CHARLESTON
29403,CHARLESTON
29404,NORTH CHARLESTON
29405,NORTH CHARLESTON
29406,NORTH CHARLESTON
29407,CHARLESTON
29410,NORTH CHARLESTON
29412,CHARLESTON
29413,CHARLESTON
29414,CHARLESTON
29415,NORTH CHARLESTON
29416,CHARLESTON
29417,CHARLESTON
29418,NORTH CHARLESTON
29419,NORTH CHARLESTON
29420,NORTH CHARLESTON
29422,CHARLESTON
29423,NORTH CHARLESTON
29426,ADAMS RUN
29429,AWENDAW
29431,BONNEAU
29432,BRANCHVILLE
29434,CORDESVILLE
29435,COTTAGEVILLE
29436,CROSS
29437,DORCHESTER
29438,EDISTO ISLAND
29439,FOLLY BEACH
29440,GEORGETOWN
29442,GEORGETOWN
29445,GOOSE CREEK
29446,GREEN POND
29448,HARLEYVILLE
29449,HOLLYWOOD
29450,HUGER
29451,ISLE OF PALMS
29452,JACKSONBORO
29453,JAMESTOWN
29455,JOHNS ISLAND
29456,LADSON
29457,JOHNS ISLAND
29458,MC CLELLANVILLE
29461,MONCKS CORNER
29464,MOUNT PLEASANT
29465,MOUNT PLEASANT
29466,MOUNT PLEASANT
29468,PINEVILLE
29469,MONCKS CORNER
29470,RAVENEL
29471,REEVESVILLE
29472,RIDGEVILLE
29474,COTTAGEVILLE
29475,RUFFIN
29476,RUSSELLVILLE
29477,SAINT GEORGE
29479,SAINT STEPHEN
29481,RUFFIN
29482,ISLE OF PALMS
29483,SUMMERVILLE
29484,SUMMERVILLE
29485,SUMMERVILLE
29486,SUMMERVILLE
29487,WADMALAW ISLAND
29488,WALTERBORO
29492,NORTH CHARLESTON
29493,WILLIAMS
29501,FLORENCE
29502,FLORENCE
29503,FLORENCE
29504,FLORENCE
29505,FLORENCE
29506,FLORENCE
29510,ANDREWS
29511,AYNOR
29512,BENNETTSVILLE
29516,BENNETTSVILLE
29518,CADES
29519,CENTENARY
29520,CHERAW
29525,CLIO
29526,CONWAY
29527,CONWAY
29528,CONWAY
29530,COWARD
29532,DARLINGTON
29536,DILLON
29540,DARLINGTON
29541,EFFINGHAM
29543,FORK
29544,AYNOR
29545,GREEN SEA
29546,GRESHAM
29547,DILLON
29550,HARTSVILLE
29551,HARTSVILLE
29554,HEMINGWAY
29555,JOHNSONVILLE
29556,KINGSTREE
29560,LAKE CITY
29563,LAKE VIEW
29564,LANE
29565,LATTA
29566,LITTLE RIVER
29567,LITTLE ROCK
29568,LONGS
29569,LORIS
29570,MC COLL
29571,MARION
29572,MYRTLE BEACH
29574,MULLINS
29575,SURFSIDE BEACH
29576,MURRELLS INLET
29577,MYRTLE BEACH
29578,MYRTLE BEACH
29579,MYRTLE BEACH
29580,NESMITH
29581,NICHOLS
29582,NORTH MYRTLE BEACH
29583,PAMPLICO
29584,PATRICK
29585,PAWLEYS ISLAND
29587,SURFSIDE BEACH
29588,MYRTLE BEACH
29589,RAINS
29590,SALTERS
29591,SCRANTON
29592,SELLERS
29593,BENNETTSVILLE
29594,TATUM
29596,WALLACE
29597,NORTH MYRTLE BEACH
29598,NORTH MYRTLE BEACH
29601,GREENVILLE
29602,GREENVILLE
29603,GREENVILLE
29604,GREENVILLE
29605,GREENVILLE
29606,GREENVILLE
29607,GREENVILLE
29608,GREENVILLE
29609,GREENVILLE
29610,GREENVILLE
29611,GREENVILLE
29612,GREER
29615,GREENVILLE
29616,GREENVILLE
29617,GREENVILLE
29620,ABBEVILLE
29621,ANDERSON
29622,ANDERSON
29623,ANDERSON
29624,ANDERSON
29625,ANDERSON
29626,ANDERSON
29627,BELTON
29628,CALHOUN FALLS
29630,CENTRAL
29631,CLEMSON
29633,CLEMSON
29635,CLEVELAND
29636,CONESTEE
29638,DONALDS
29639,DUE WEST
29640,EASLEY
29641,EASLEY
29642,EASLEY
29643,FAIR PLAY
29644,FOUNTAIN INN
29645,GRAY COURT
29646,GREENWOOD
29648,GREENWOOD
29649,GREENWOOD
29650,GREER
29651,GREER
29652,GREER
29653,HODGES
29654,HONEA PATH
29655,IVA
29656,LA FRANCE
29657,LIBERTY
29658,LONG CREEK
29659,LOWNDESVILLE
29661,MARIETTA
29662,MAULDIN
29664,MOUNTAIN REST
29665,NEWRY
29666,NINETY SIX
29667,NORRIS
29669,PELZER
29670,PENDLETON
29671,PICKENS
29672,SENECA
29673,PIEDMONT
29675,RICHLAND
29676,SALEM
29677,SANDY SPRINGS
29678,SENECA
29679,SENECA
29680,SIMPSONVILLE
29681,SIMPSONVILLE
29682,SIX MILE
29683,SLATER
29684,IVA
29685,PICKENS
29686,SALEM
29687,TAYLORS
29688,TIGERVILLE
29689,TOWNVILLE
29690,TRAVELERS REST
29691,WALHALLA
29692,WARE SHOALS
29693,WESTMINSTER
29696,WEST UNION
29697,WILLIAMSTON
29702,BLACKSBURG
29703,BOWLING GREEN
29704,CATAWBA
29706,CHESTER
29707,FORT MILL
29708,FORT MILL
29709,CHESTERFIELD
29710,CLOVER
29712,EDGEMOOR
29714,FORT LAWN
29715,FORT MILL
29716,FORT MILL
29717,HICKORY GROVE
29718,JEFFERSON
29720,LANCASTER
29721,LANCASTER
29726,MC CONNELLS
29727,CHESTERFIELD
29728,PAGELAND
29729,LANCASTER
29730,ROCK HILL
29731,ROCK HILL
29732,ROCK HILL
29741,CHESTERFIELD
29742,SHARON
29743,SMYRNA
29744,VAN WYCK
29745,YORK
29801,AIKEN
29802,AIKEN
29803,AIKEN
29804,AIKEN
29805,AIKEN
29809,NEW ELLENTON
29810,ALLENDALE
29812,BARNWELL
29813,BARNWELL
29816,BATH
29817,BLACKVILLE
29819,BRADLEY
29821,CLARKS HILL
29822,CLEARWATER
29824,EDGEFIELD
29826,ELKO
29827,FAIRFAX
29828,GLOVERVILLE
29829,GRANITEVILLE
29831,JACKSON
29832,JOHNSTON
29834,LANGLEY
29835,MC CORMICK
29836,ALLENDALE
29838,CLARKS HILL
29839,MONTMORENCI
29840,MOUNT CARMEL
29841,NORTH AUGUSTA
29842,NORTH AUGUSTA
29843,DENMARK
29844,PARKSVILLE
29845,PLUM BRANCH
29846,SYCAMORE
29847,TRENTON
29848,TROY
29849,ULMER
29850,VAUCLUSE
29851,WARRENVILLE
29853,WILLISTON
29856,WINDSOR
29860,NORTH AUGUSTA
29861,NORTH AUGUSTA
29901,BEAUFORT
29902,BEAUFORT
29903,BEAUFORT
29904,BEAUFORT
29905,PARRIS ISLAND
29906,BEAUFORT
29907,BEAUFORT
29909,OKATIE
29910,BLUFFTON
29911,BRUNSON
29915,HILTON HEAD ISLAND
29916,EARLY BRANCH
29918,ESTILL
29920,SAINT HELENA ISLAND
29921,FURMAN
29922,ESTILL
29923,GIFFORD
29924,HAMPTON
29925,HILTON HEAD ISLAND
29926,HILTON HEAD ISLAND
29927,HARDEEVILLE
29928,HILTON HEAD ISLAND
29929,ISLANDTON
29931,LOBECO
29932,LURAY
29933,HAMPTON
29934,PINELAND
29935,PORT ROYAL
29936,RIDGELAND
29938,HILTON HEAD ISLAND
29940,SEABROOK
29941,SHELDON
29943,RIDGELAND
29944,VARNVILLE
29945,YEMASSEE
30002,AVONDALE ESTATES
30003,NORCROSS
30004,ALPHARETTA
30005,ALPHARETTA
30006,MARIETTA
30007,MARIETTA
30008,MARIETTA
30009,ALPHARETTA
30010,PEACHTREE CORNERS
30011,AUBURN
30012,CONYERS
30013,CONYERS
30014,COVINGTON
30015,COVINGTON
30016,COVINGTON
30017,GRAYSON
30018,JERSEY
30019,DACULA
30021,CLARKSTON
30022,ALPHARETTA
30023,ALPHARETTA
30024,SUWANEE
30025,SOCIAL CIRCLE
30028,CUMMING
30029,DULUTH
30030,DECATUR
30031,DECATUR
30032,DECATUR
30033,DECATUR
30034,DECATUR
30035,DECATUR
30036,DECATUR
30037,DECATUR
30038,LITHONIA
30039,SNELLVILLE
30040,CUMMING
30041,CUMMING
30042,LAWRENCEVILLE
30043,LAWRENCEVILLE
30044,DULUTH
30045,LAWRENCEVILLE
30046,LAWRENCEVILLE
30047,LILBURN
30048,LILBURN
30049,LAWRENCEVILLE
30052,LOGANVILLE
30054,OXFORD
30055,MANSFIELD
30056,NEWBORN
30058,LITHONIA
30060,MARIETTA
30061,MARIETTA
30062,MARIETTA
30064,MARIETTA
30065,MARIETTA
30066,MARIETTA
30067,MARIETTA
30068,MARIETTA
30070,PORTERDALE
30071,DULUTH
30072,PINE LAKE
30074,LITHONIA
30075,ROSWELL
30076,ROSWELL
30077,ROSWELL
30078,SNELLVILLE
30079,CLARKSTON
30080,SMYRNA
30081,SMYRNA
30082,SMYRNA
30083,STONE MOUNTAIN
30084,TUCKER
30085,TUCKER
30086,STONE MOUNTAIN
30087,STONE MOUNTAIN
30088,STONE MOUNTAIN
30091,NORCROSS
30092,PEACHTREE CORNERS
30093,DULUTH
30094,CONYERS
30095,DULUTH
30096,DULUTH
30097,DULUTH
30101,ACWORTH
30102,ACWORTH
30103,ADAIRSVILLE
30104,ARAGON
30105,ARMUCHEE
30106,ATLANTA
30107,BALL GROUND
30108,BOWDON
30109,BOWDON JUNCTION
30110,BREMEN
30111,CLARKDALE
30112,CARROLLTON
30113,BUCHANAN
30114,CANTON
30115,CANTON
30116,CARROLLTON
30117,CARROLLTON
30120,CARTERSVILLE
30121,CARTERSVILLE
30122,LITHIA SPRINGS
30123,CASSVILLE
30124,CAVE SPRING
30125,CEDARTOWN
30126,MABLETON
30127,POWDER SPRINGS
30129,COOSA
30132,DALLAS
30133,DOUGLASVILLE
30134,DOUGLASVILLE
30135,DOUGLASVILLE
30137,CARTERSVILLE
30139,FAIRMOUNT
30140,FELTON
30141,DALLAS
30142,HOLLY SPRINGS
30143,JASPER
30144,KENNESAW
30145,KINGSTON
30146,LEBANON
30147,LINDALE
30148,JASPER
30150,MOUNT ZION
30151,NELSON
30152,ACWORTH
30153,ROCKMART
30154,DOUGLASVILLE
30156,KENNESAW
30157,DALLAS
30160,KENNESAW
30161,ROME
30162,ROME
30164,ROME
30165,ROME
30168,AUSTELL
30169,CANTON
30170,ROOPVILLE
30171,RYDAL
30172,SHANNON
30173,SILVER CREEK
30175,JASPER
30176,TALLAPOOSA
30177,JASPER
30178,TAYLORSVILLE
30179,TEMPLE
30180,VILLA RICA
30182,TALLAPOOSA
30183,WALESKA
30184,WHITE
30185,WHITESBURG
30187,DOUGLASVILLE
30188,WOODSTOCK
30189,WOODSTOCK
30204,BARNESVILLE
30205,BROOKS
30206,CONCORD
30212,EXPERIMENT
30213,FAIRBURN
30214,FAYETTEVILLE
30215,FAYETTEVILLE
30216,FLOVILLA
30217,FRANKLIN
30218,GAY
30220,GRANTVILLE
30222,GREENVILLE
30223,GRIFFIN
30224,GRIFFIN
30228,HAMPTON
30229,HARALSON
30230,HOGANSVILLE
30233,JACKSON
30234,JENKINSBURG
30236,JONESBORO
30237,JONESBORO
30238,JONESBORO
30240,LAGRANGE
30241,LAGRANGE
30248,LOCUST GROVE
30250,LOVEJOY
30251,LUTHERSVILLE
30252,MCDONOUGH
30253,MCDONOUGH
30256,MEANSVILLE
30257,MILNER
30258,CONCORD
30259,MORELAND
30260,FOREST PARK
30261,LAGRANGE
30263,NEWNAN
30264,NEWNAN
30265,NEWNAN
30266,ORCHARD HILL
30268,PALMETTO
30269,PEACHTREE CITY
30271,NEWNAN
30272,RED OAK
30273,REX
30274,RIVERDALE
30275,SARGENT
30276,SENOIA
30277,SHARPSBURG
30281,STOCKBRIDGE
30284,SUNNY SIDE
30285,THE ROCK
30286,THOMASTON
30287,MORROW
30288,CONLEY
30289,TURIN
30290,TYRONE
30291,UNION CITY
30292,WILLIAMSON
30293,WOODBURY
30294,ELLENWOOD
30295,ZEBULON
30296,RIVERDALE
30297,FOREST PARK
30298,FOREST PARK
30301,ATLANTA
30302,ATLANTA
30303,ATLANTA
30305,ATLANTA
30306,ATLANTA
30307,ATLANTA
30308,ATLANTA
30309,ATLANTA
30310,ATLANTA
30311,ATLANTA
30312,ATLANTA
30313,ATLANTA
30314,ATLANTA
30315,ATLANTA
30316,ATLANTA
30317,ATLANTA
30318,ATLANTA
30319,BROOKHAVEN
30320,ATLANTA
30321,ATLANTA
30324,ATLANTA
30325,ATLANTA
30326,ATLANTA
30327,ATLANTA
30328,SANDY SPRINGS
30329,BROOKHAVEN
30331,ATLANTA
30333,ATLANTA
30336,ATLANTA
30337,ATLANTA
30338,BROOKHAVEN
30339,ATLANTA
30340,ATLANTA
30341,ATLANTA
30342,SANDY SPRINGS
30343,ATLANTA
30344,ATLANTA
30345,BROOKHAVEN
30346,ATLANTA
30348,ATLANTA
30349,ATLANTA
30350,SANDY SPRINGS
30353,ATLANTA
30354,ATLANTA
30355,ATLANTA
30356,ATLANTA
30357,ATLANTA
30358,SANDY SPRINGS
30359,ATLANTA
30360,ATLANTA
30361,ATLANTA
30362,ATLANTA
30363,ATLANTA
30364,ATLANTA
30366,ATLANTA
30374,ATLANTA
30377,ATLANTA
30401,SWAINSBORO
30410,AILEY
30411,ALAMO
30412,ALSTON
30413,BARTOW
30414,BELLVILLE
30415,BROOKLET
30417,CLAXTON
30420,COBBTOWN
30421,COLLINS
30423,DAISY
30424,DOVER
30425,GARFIELD
30426,GIRARD
30427,GLENNVILLE
30428,GLENWOOD
30429,HAGAN
30434,BARTOW
30436,LYONS
30438,CLAXTON
30439,METTER
30441,MIDVILLE
30442,MILLEN
30445,MOUNT VERNON
30446,NEWINGTON
30448,NUNEZ
30449,OLIVER
30450,PORTAL
30451,PULASKI
30452,REGISTER
30453,REIDSVILLE
30454,ROCKLEDGE
30455,ROCKY FORD
30456,SARDIS
30457,SOPERTON
30458,STATESBORO
30459,STATESBORO
30461,STATESBORO
30464,STILLMORE
30467,SYLVANIA
30470,SOPERTON
30471,TWIN CITY
30473,UVALDA
30474,VIDALIA
30475,VIDALIA
30477,WADLEY
30501,GAINESVILLE
30502,CHESTNUT MOUNTAIN
30503,GAINESVILLE
30504,GAINESVILLE
30506,GAINESVILLE
30507,GAINESVILLE
30510,ALTO
30511,BALDWIN
30512,BLAIRSVILLE
30513,BLUE RIDGE
30514,BLAIRSVILLE
30515,BUFORD
30516,BOWERSVILLE
30517,BRASELTON
30518,BUFORD
30519,BUFORD
30520,CANON
30521,CARNESVILLE
30522,BLUE RIDGE
30523,CLARKESVILLE
30525,CLAYTON
30527,CLERMONT
30528,CLEVELAND
30529,COMMERCE
30530,COMMERCE
30531,CORNELIA
30533,DAHLONEGA
30534,DAWSONVILLE
30535,CORNELIA
30536,ELLIJAY
30537,CLAYTON
30538,EASTANOLLEE
30539,EAST ELLIJAY
30540,ELLIJAY
30541,BLUE RIDGE
30542,FLOWERY BRANCH
30543,GILLSVILLE
30545,CLEVELAND
30546,HIAWASSEE
30547,HOMER
30548,HOSCHTON
30549,JEFFERSON
30552,LAKEMONT
30553,LAVONIA
30554,LULA
30555,BLUE RIDGE
30557,MARTIN
30558,MAYSVILLE
30559,BLUE RIDGE
30560,BLUE RIDGE
30562,RABUN GAP
30563,CORNELIA
30564,MURRAYVILLE
30565,COMMERCE
30566,FLOWERY BRANCH
30567,PENDERGRASS
30568,CLAYTON
30571,CLEVELAND
30572,DAHLONEGA
30573,TALLULAH FALLS
30575,PENDERGRASS
30576,LAKEMONT
30577,TOCCOA
30580,TURNERVILLE
30581,WILEY
30582,YOUNG HARRIS
30601,ATHENS
30603,ATHENS
30604,ATHENS
30605,ATHENS
30606,ATHENS
30607,ATHENS
30608,ATHENS
30619,ARNOLDSVILLE
30620,BETHLEHEM
30621,BISHOP
30622,BOGART
30623,BOSTWICK
30624,BOWMAN
30625,BUCKHEAD
30627,CARLTON
30628,COLBERT
30629,COMER
30630,CRAWFORD
30631,CRAWFORDVILLE
30633,DANIELSVILLE
30634,BOWMAN
30635,ELBERTON
30638,FARMINGTON
30639,FRANKLIN SPRINGS
30641,GOOD HOPE
30642,GREENSBORO
30643,HARTWELL
30645,HIGH SHOALS
30646,HULL
30647,ILA
30648,LEXINGTON
30650,MADISON
30655,MONROE
30656,MONROE
30660,RAYLE
30662,ROYSTON
30663,RUTLEDGE
30664,SHARON
30665,WHITE PLAINS
30666,STATHAM
30667,STEPHENS
30668,TIGNALL
30669,UNION POINT
30671,STEPHENS
30673,WASHINGTON
30677,WATKINSVILLE
30678,UNION POINT
30680,WINDER
30683,WINTERVILLE
30701,CALHOUN
30703,CALHOUN
30705,CHATSWORTH
30707,CHICKAMAUGA
30708,CISCO
30710,COHUTTA
30711,CRANDALL
30719,DALTON
30720,DALTON
30721,DALTON
30722,DALTON
30724,ETON
30725,FLINTSTONE
30726,GRAYSVILLE
30728,LA FAYETTE
30730,LYERLY
30731,MENLO
30732,OAKMAN
30733,PLAINVILLE
30734,RANGER
30735,RESACA
30736,RINGGOLD
30738,RISING FAWN
30739,ROCK SPRING
30740,ROCKY FACE
30741,ROSSVILLE
30742,FORT OGLETHORPE
30746,SUGAR VALLEY
30747,SUMMERVILLE
30750,LOOKOUT MOUNTAIN
30751,TENNGA
30752,TRENTON
30753,TRION
30755,TUNNEL HILL
30756,VARNELL
30757,WILDWOOD
30802,APPLING
30803,AVERA
30805,BLYTHE
30806,DEARING
30807,CAMAK
30808,DEARING
30809,EVANS
30810,GIBSON
30812,GRACEWOOD
30813,GROVETOWN
30814,HARLEM
30815,HEPHZIBAH
30816,KEYSVILLE
30817,LINCOLNTON
30818,WRENS
30819,THOMSON
30820,MITCHELL
30821,NORWOOD
30822,PERKINS
30823,STAPLETON
30824,THOMSON
30828,WARRENTON
30830,WAYNESBORO
30833,WRENS
30901,AUGUSTA
30903,AUGUSTA
30904,AUGUSTA
30905,AUGUSTA
30906,AUGUSTA
30907,AUGUSTA
30909,AUGUSTA
30914,AUGUSTA
30916,AUGUSTA
30917,AUGUSTA
30919,AUGUSTA
31001,ABBEVILLE
31002,ADRIAN
31003,ALLENTOWN
31004,BOLINGBROKE
31005,BONAIRE
31006,BUTLER
31007,BYROMVILLE
31008,BYRON
31009,CADWELL
31010,CORDELE
31011,CHAUNCEY
31012,CHESTER
31013,CLINCHFIELD
31014,COCHRAN
31015,CORDELE
31016,CULLODEN
31017,ALLENTOWN
31018,DAVISBORO
31019,DEXTER
31020,DRY BRANCH
31021,DUBLIN
31022,DUDLEY
31023,EASTMAN
31024,EATONTON
31025,ELKO
31027,EAST DUBLIN
31028,CENTERVILLE
31029,FORSYTH
31030,FORT VALLEY
31031,GORDON
31032,GRAY
31033,GRAY
31034,HARDWICK
31035,WRIGHTSVILLE
31036,HAWKINSVILLE
31037,MC RAE HELENA
31038,HILLSBORO
31039,HOWARD
31040,DUBLIN
31041,IDEAL
31042,IRWINTON
31044,JEFFERSONVILLE
31045,JEWELL
31046,JULIETTE
31047,KATHLEEN
31049,KITE
31051,LILLY
31052,LIZELLA
31054,MC INTYRE
31055,MC RAE HELENA
31057,MARSHALLVILLE
31058,MAUK
31059,MILLEDGEVILLE
31060,MC RAE HELENA
31061,MILLEDGEVILLE
31063,MONTEZUMA
31064,MONTICELLO
31065,MONTROSE
31066,MUSELLA
31067,OCONEE
31068,MONTEZUMA
31069,PERRY
31070,PINEHURST
31071,PINEVIEW
31072,PITTS
31075,RENTZ
31076,REYNOLDS
31077,RHINE
31078,ROBERTA
31079,ROCHELLE
31081,BUTLER
31082,SANDERSVILLE
31083,SCOTLAND
31085,SHADY DALE
31086,SMARR
31087,SPARTA
31088,WARNER ROBINS
31089,TENNILLE
31090,TOOMSBORO
31091,UNADILLA
31092,VIENNA
31093,WARNER ROBINS
31094,SANDERSVILLE
31095,WARNER ROBINS
31096,WRIGHTSVILLE
31097,FORSYTH
31098,WARNER ROBINS
31099,WARNER ROBINS
31106,ATLANTA
31107,ATLANTA
31119,BROOKHAVEN
31126,ATLANTA
31131,ATLANTA
31139,ATLANTA
31141,ATLANTA
31145,ATLANTA
31146,ATLANTA
31150,SANDY SPRINGS
31156,SANDY SPRINGS
31201,MACON
31202,MACON
31203,MACON
31204,MACON
31205,MACON
31206,MACON
31208,MACON
31210,MACON
31211,MACON
31216,MACON
31217,MACON
31220,MACON
31221,MACON
31301,ALLENHURST
31302,BLOOMINGDALE
31303,CLYO
31304,CRESCENT
31305,DARIEN
31307,EDEN
31308,ELLABELL
31309,RICHMOND HILL
31310,HINESVILLE
31312,GUYTON
31313,HINESVILLE
31315,FORT STEWART
31316,HINESVILLE
31318,MELDRIM
31319,MERIDIAN
31320,MIDWAY
31321,PEMBROKE
31322,POOLER
31323,RICEBORO
31324,RICHMOND HILL
31326,RINCON
31327,SAPELO ISLAND
31328,TYBEE ISLAND
31329,SPRINGFIELD
31331,TOWNSEND
31333,WALTHOURVILLE
31401,SAVANNAH
31402,SAVANNAH
31403,SAVANNAH
31404,SAVANNAH
31405,SAVANNAH
31406,SAVANNAH
31407,SAVANNAH
31408,SAVANNAH
31409,SAVANNAH
31410,SAVANNAH
31411,SAVANNAH
31412,SAVANNAH
31414,SAVANNAH
31415,SAVANNAH
31416,SAVANNAH
31418,SAVANNAH
31419,SAVANNAH
31420,SAVANNAH
31501,WAYCROSS
31502,WAYCROSS
31503,WAYCROSS
31510,ALMA
31512,AMBROSE
31513,BAXLEY
31515,BAXLEY
31516,BLACKSHEAR
31518,BRISTOL
31519,BROXTON
31520,BRUNSWICK
31521,BRUNSWICK
31522,SAINT SIMONS ISLAND
31523,BRUNSWICK
31525,BRUNSWICK
31527,BRUNSWICK
31532,DENTON
31533,DOUGLAS
31534,DOUGLAS
31535,DOUGLAS
31537,FOLKSTON
31539,HAZLEHURST
31542,HOBOKEN
31543,HOBOKEN
31544,BROXTON
31545,JESUP
31546,JESUP
31547,KINGS BAY
31548,KINGSLAND
31549,LUMBER CITY
31550,WAYCROSS
31551,MERSHON
31552,NICHOLLS
31553,NAHUNTA
31554,NICHOLLS
31555,ODUM
31556,OFFERMAN
31557,PATTERSON
31558,SAINT MARYS
31560,SCREVEN
31561,SAINT SIMONS ISLAND
31562,SAINT GEORGE
31563,SURRENCY
31564,WARESBORO
31565,WAVERLY
31566,WAYNESVILLE
31567,WEST GREEN
31568,WHITE OAK
31569,WOODBINE
31598,JESUP
31601,VALDOSTA
31602,VALDOSTA
31603,VALDOSTA
31604,VALDOSTA
31605,VALDOSTA
31606,VALDOSTA
31620,ADEL
31622,ALAPAHA
31623,ARGYLE
31624,AXSON
31625,BARNEY
31626,BOSTON
31627,CECIL
31629,DIXIE
31630,DU PONT
31631,FARGO
31632,HAHIRA
31634,HOMERVILLE
31635,LAKELAND
31636,LAKE PARK
31637,LENOX
31638,MORVEN
31639,NASHVILLE
31641,LAKELAND
31642,PEARSON
31643,QUITMAN
31645,RAY CITY
31647,SPARKS
31648,STATENVILLE
31649,LAKELAND
31650,WILLACOOCHEE
31701,ALBANY
31702,ALBANY
31703,ALBANY
31705,ALBANY
31706,ALBANY
31707,ALBANY
31708,ALBANY
31709,AMERICUS
31711,ANDERSONVILLE
31712,ARABI
31714,ASHBURN
31716,BACONTON
31719,AMERICUS
31720,BARWICK
31721,ALBANY
31722,BERLIN
31727,BROOKFIELD
31730,CAMILLA
31733,CHULA
31735,COBB
31738,COOLIDGE
31743,DE SOTO
31744,DOERUN
31747,ELLENTON
31749,ENIGMA
31750,FITZGERALD
31753,FUNSTON
31756,HARTSFIELD
31757,THOMASVILLE
31758,THOMASVILLE
31763,LEESBURG
31764,DE SOTO
31765,MEIGS
31768,MOULTRIE
31769,MYSTIC
31771,NORMAN PARK
31772,OAKFIELD
31773,OCHLOCKNEE
31774,OCILLA
31775,OMEGA
31776,MOULTRIE
31778,PAVO
31779,PELHAM
31780,PLAINS
31781,POULAN
31782,PUTNEY
31783,ASHBURN
31784,SALE CITY
31787,SMITHVILLE
31788,MOULTRIE
31789,SUMNER
31790,SYCAMORE
31791,SYLVESTER
31792,THOMASVILLE
31793,TIFTON
31794,TIFTON
31795,TY TY
31796,WARWICK
31798,WRAY
31799,THOMASVILLE
31801,BOX SPRINGS
31803,BUENA VISTA
31804,CATAULA
31805,CUSSETA
31806,ELLAVILLE
31807,ELLERSLIE
31808,FORTSON
31810,GENEVA
31811,HAMILTON
31812,JUNCTION CITY
31814,CUSSETA
31815,LUMPKIN
31816,MANCHESTER
31820,MIDLAND
31821,OMAHA
31822,PINE MOUNTAIN
31823,PINE MOUNTAIN VALLEY
31824,PRESTON
31825,RICHLAND
31826,MANCHESTER
31827,TALBOTTON
31829,COLUMBUS
31830,MANCHESTER
31831,WAVERLY HALL
31832,WESTON
31833,WEST POINT
31836,WOODLAND
31901,COLUMBUS
31902,COLUMBUS
31903,COLUMBUS
31904,COLUMBUS
31905,COLUMBUS
31906,COLUMBUS
31907,COLUMBUS
31908,COLUMBUS
31909,COLUMBUS
31914,COLUMBUS
31917,COLUMBUS
31995,FORT BENNING
32003,ORANGE PARK
32004,PONTE VEDRA BEACH
32006,FLEMING ISLAND
32007,BOSTWICK
32008,BRANFORD
32009,BRYCEVILLE
32011,CALLAHAN
32013,DAY
32024,LAKE CITY
32025,LAKE CITY
32030,ORANGE PARK
32033,ELKTON
32034,FERNANDINA BEACH
32035,FERNANDINA BEACH
32038,FORT WHITE
32040,GLEN SAINT MARY
32041,YULEE
32042,GRAHAM
32043,GREEN COVE SPRINGS
32044,HAMPTON
32046,HILLIARD
32050,MIDDLEBURG
32052,JASPER
32053,JENNINGS
32054,LAKE BUTLER
32055,LAKE CITY
32056,LAKE CITY
32058,LAWTEY
32059,LEE
32060,LIVE OAK
32062,MC ALPIN
32063,MACCLENNY
32064,LIVE OAK
32065,ORANGE PARK
32066,MAYO
32067,ORANGE PARK
32068,MIDDLEBURG
32071,O BRIEN
32073,ORANGE PARK
32079,PENNEY FARMS
32080,SAINT AUGUSTINE
32081,PONTE VEDRA BEACH
32082,PONTE VEDRA BEACH
32083,RAIFORD
32084,SAINT AUGUSTINE
32085,SAINT AUGUSTINE
32086,SAINT AUGUSTINE
32087,GLEN SAINT MARY
32091,STARKE
32092,SAINT AUGUSTINE
32094,WELLBORN
32095,SAINT AUGUSTINE
32096,WHITE SPRINGS
32097,YULEE
32102,ASTOR
32105,BARBERVILLE
32110,BUNNELL
32111,CANDLER
32112,CRESCENT CITY
32113,CITRA
32114,DAYTONA BEACH
32115,DAYTONA BEACH
32116,DAYTONA BEACH
32117,DAYTONA BEACH
32118,DAYTONA BEACH
32119,DAYTONA BEACH
32120,DAYTONA BEACH
32121,SOUTH DAYTONA
32122,DAYTONA BEACH
32123,PORT ORANGE
32124,DAYTONA BEACH
32125,DAYTONA BEACH
32126,DAYTONA BEACH
32127,PORT ORANGE
32128,PORT ORANGE
32129,PORT ORANGE
32130,DE LEON SPRINGS
32131,EAST PALATKA
32132,EDGEWATER
32133,EASTLAKE WEIR
32134,FORT MC COY
32135,PALM COAST
32136,FLAGLER BEACH
32137,PALM COAST
32138,GRANDIN
32139,GEORGETOWN
32140,FLORAHOME
32141,EDGEWATER
32142,PALM COAST
32143,PALM COAST
32145,HASTINGS
32147,HOLLISTER
32148,INTERLACHEN
32157,POMONA PARK
32158,LADY LAKE
32159,LADY LAKE
32160,LAKE GENEVA
32162,LADY LAKE
32163,LADY LAKE
32164,PALM COAST
32168,NEW SMYRNA BEACH
32169,NEW SMYRNA BEACH
32170,NEW SMYRNA BEACH
32173,ORMOND BEACH
32174,ORMOND BEACH
32175,ORMOND BEACH
32176,ORMOND BEACH
32177,PALATKA
32178,PALATKA
32179,OCKLAWAHA
32180,PIERSON
32181,POMONA PARK
32182,ORANGE SPRINGS
32183,OCKLAWAHA
32185,PUTNAM HALL
32187,SAN MATEO
32189,SATSUMA
32190,PIERSON
32192,SPARR
32193,WELAKA
32195,WEIRSDALE
32201,JACKSONVILLE
32202,JACKSONVILLE
32203,JACKSONVILLE
32204,JACKSONVILLE
32205,JACKSONVILLE
32206,JACKSONVILLE
32207,JACKSONVILLE
32208,JACKSONVILLE
32209,JACKSONVILLE
32210,JACKSONVILLE
32211,JACKSONVILLE
32212,JACKSONVILLE
32216,JACKSONVILLE
32217,JACKSONVILLE
32218,JACKSONVILLE
32219,JACKSONVILLE
32220,JACKSONVILLE
32221,JACKSONVILLE
32222,JACKSONVILLE
32223,JACKSONVILLE
32224,ATLANTIC BEACH
32225,JACKSONVILLE
32226,JACKSONVILLE
32227,ATLANTIC BEACH
32228,JACKSONVILLE
32231,JACKSONVILLE
32232,JACKSONVILLE
32233,ATLANTIC BEACH
32234,JACKSONVILLE
32235,JACKSONVILLE
32236,JACKSONVILLE
32238,JACKSONVILLE
32239,JACKSONVILLE
32240,JACKSONVILLE BEACH
32241,JACKSONVILLE
32244,JACKSONVILLE
32245,JACKSONVILLE
32246,JACKSONVILLE
32247,JACKSONVILLE
32250,JACKSONVILLE BEACH
32254,JACKSONVILLE
32255,JACKSONVILLE
32256,JACKSONVILLE
32257,JACKSONVILLE
32258,JACKSONVILLE
32259,JACKSONVILLE
32260,SAINT JOHNS
32266,ATLANTIC BEACH
32277,JACKSONVILLE
32301,TALLAHASSEE
32302,TALLAHASSEE
32303,TALLAHASSEE
32304,TALLAHASSEE
32305,TALLAHASSEE
32308,TALLAHASSEE
32309,TALLAHASSEE
32310,TALLAHASSEE
32311,TALLAHASSEE
32312,TALLAHASSEE
32314,TALLAHASSEE
32315,TALLAHASSEE
32316,TALLAHASSEE
32317,TALLAHASSEE
32318,TALLAHASSEE
32320,APALACHICOLA
32321,BRISTOL
32322,CARRABELLE
32323,CARRABELLE
32324,CHATTAHOOCHEE
32326,CRAWFORDVILLE
32327,CRAWFORDVILLE
32328,EASTPOINT
32329,APALACHICOLA
32330,GREENSBORO
32331,GREENVILLE
32332,GRETNA
32333,HAVANA
32334,HOSFORD
32336,LAMONT
32337,LLOYD
32340,MADISON
32341,MADISON
32343,MIDWAY
32344,MONTICELLO
32345,MONTICELLO
32346,PANACEA
32347,PERRY
32348,PERRY
32350,MADISON
32351,QUINCY
32352,QUINCY
32353,QUINCY
32355,SAINT MARKS
32356,SALEM
32358,SOPCHOPPY
32359,STEINHATCHEE
32360,HOSFORD
32361,WACISSA
32362,WOODVILLE
32401,PANAMA CITY
32402,PANAMA CITY
32403,PANAMA CITY
32404,PANAMA CITY
32405,PANAMA CITY
32406,PANAMA CITY
32407,PANAMA CITY BEACH
32408,PANAMA CITY
32409,PANAMA CITY
32411,PANAMA CITY
32412,PANAMA CITY
32413,PANAMA CITY BEACH
32417,PANAMA CITY BEACH
32420,ALFORD
32421,ALTHA
32422,ARGYLE
32423,GREENWOOD
32424,BLOUNTSTOWN
32425,BONIFAY
32426,CAMPBELLTON
32427,BONIFAY
32428,CHIPLEY
32430,CLARKSVILLE
32431,COTTONDALE
32432,CYPRESS
32433,DEFUNIAK SPRINGS
32435,DEFUNIAK SPRINGS
32437,EBRO
32438,FOUNTAIN
32439,FREEPORT
32440,GRACEVILLE
32442,GRAND RIDGE
32443,GREENWOOD
32444,LYNN HAVEN
32445,MALONE
32446,MARIANNA
32447,MARIANNA
32448,MARIANNA
32449,WEWAHITCHKA
32455,PONCE DE LEON
32456,PORT SAINT JOE
32457,PORT SAINT JOE
32459,SANTA ROSA BEACH
32460,SNEADS
32461,PANAMA CITY BEACH
32462,VERNON
32463,WAUSAU
32464,WESTVILLE
32465,WEWAHITCHKA
32466,YOUNGSTOWN
32501,PENSACOLA
32502,PENSACOLA
32503,PENSACOLA
32504,PENSACOLA
32505,PENSACOLA
32506,PENSACOLA
32507,PENSACOLA
32508,PENSACOLA
32513,PENSACOLA
32514,PENSACOLA
32516,PENSACOLA
32522,PENSACOLA
32523,PENSACOLA
32524,PENSACOLA
32526,PENSACOLA
32530,BAGDAD
32531,BAKER
32533,CANTONMENT
32534,PENSACOLA
32535,CENTURY
32536,CRESTVIEW
32539,CRESTVIEW
32540,DESTIN
32541,DESTIN
32542,EGLIN AFB
32544,MARY ESTHER
32547,FORT WALTON BEACH
32548,FORT WALTON BEACH
32549,FORT WALTON BEACH
32550,MIRAMAR BEACH
32560,GONZALEZ
32561,GULF BREEZE
32562,GULF BREEZE
32563,GULF BREEZE
32564,BAKER
32565,JAY
32566,NAVARRE
32567,LAUREL HILL
32568,MC DAVID
32569,MARY ESTHER
32570,MILTON
32571,MILTON
32572,MILTON
32577,MOLINO
32578,NICEVILLE
32579,FORT WALTON BEACH
32580,NICEVILLE
32583,MILTON
32588,NICEVILLE
32591,PENSACOLA
32601,GAINESVILLE
32603,GAINESVILLE
32604,GAINESVILLE
32605,GAINESVILLE
32606,GAINESVILLE
32607,GAINESVILLE
32608,GAINESVILLE
32609,GAINESVILLE
32614,GAINESVILLE
32615,ALACHUA
32616,ALACHUA
32617,ANTHONY
32618,ARCHER
32619,BELL
32621,BRONSON
32622,BROOKER
32625,CEDAR KEY
32626,CHIEFLAND
32627,GAINESVILLE
32628,CROSS CITY
32631,EARLETON
32633,EVINSTON
32634,FAIRFIELD
32635,GAINESVILLE
32639,GULF HAMMOCK
32640,HAWTHORNE
32641,GAINESVILLE
32643,HIGH SPRINGS
32644,CHIEFLAND
32648,HORSESHOE BEACH
32653,GAINESVILLE
32654,ISLAND GROVE
32655,HIGH SPRINGS
32656,KEYSTONE HEIGHTS
32658,LA CROSSE
32662,LOCHLOOSA
32663,LOWELL
32664,MC INTOSH
32666,MELROSE
32667,MICANOPY
32668,MORRISTON
32669,NEWBERRY
32680,OLD TOWN
32681,ORANGE LAKE
32683,OTTER CREEK
32686,REDDICK
32692,SUWANNEE
32693,TRENTON
32694,WALDO
32696,WILLISTON
32697,LAKE BUTLER
32701,ALTAMONTE SPRINGS
32702,ALTOONA
32703,APOPKA
32704,APOPKA
32706,CASSADAGA
32707,CASSELBERRY
32708,WINTER SPRINGS
32709,CHRISTMAS
32710,CLARCONA
32712,APOPKA
32713,ORANGE CITY
32714,ALTAMONTE SPRINGS
32715,ALTAMONTE SPRINGS
32716,ALTAMONTE SPRINGS
32718,CASSELBERRY
32719,WINTER SPRINGS
32720,DELAND
32721,DELAND
32724,DELAND
32725,ENTERPRISE
32726,EUSTIS
32727,EUSTIS
32728,DELTONA
32730,CASSELBERRY
32732,GENEVA
32733,GOLDENROD
32735,GRAND ISLAND
32736,EUSTIS
32738,DELTONA
32739,DELTONA
32744,LAKE HELEN
32746,LAKE MARY
32747,LAKE MONROE
32750,LONGWOOD
32751,EATONVILLE
32752,LONGWOOD
32753,DEBARY
32754,MIMS
32756,MOUNT DORA
32757,MOUNT DORA
32759,OAK HILL
32762,OVIEDO
32763,ORANGE CITY
32764,OSTEEN
32765,OVIEDO
32766,OVIEDO
32767,PAISLEY
32768,PLYMOUTH
32771,SANFORD
32772,SANFORD
32773,SANFORD
32774,ORANGE CITY
32775,SCOTTSMOOR
32776,SORRENTO
32777,TANGERINE
32778,TAVARES
32779,LONGWOOD
32780,TITUSVILLE
32781,TITUSVILLE
32783,TITUSVILLE
32784,UMATILLA
32789,WINTER PARK
32790,WINTER PARK
32791,LONGWOOD
32792,WINTER PARK
32793,WINTER PARK
32794,MAITLAND
32795,LAKE MARY
32796,TITUSVILLE
32798,ZELLWOOD
32801,ORLANDO
32802,ORLANDO
32803,ORLANDO
32804,ORLANDO
32805,ORLANDO
32806,ORLANDO
32807,ORLANDO
32808,ORLANDO
32809,ORLANDO
32810,ORLANDO
32811,ORLANDO
32812,ORLANDO
32814,ORLANDO
32815,COCOA
32817,ORLANDO
32818,ORLANDO
32819,ORLANDO
32820,ORLANDO
32821,ORLANDO
32822,ORLANDO
32824,ORLANDO
32825,ORLANDO
32826,ORLANDO
32827,ORLANDO
32828,ORLANDO
32829,ORLANDO
32830,ORLANDO
32832,ORLANDO
32833,ORLANDO
32835,ORLANDO
32836,ORLANDO
32837,ORLANDO
32839,ORLANDO
32853,ORLANDO
32854,ORLANDO
32855,ORLANDO
32856,ORLANDO
32857,ORLANDO
32858,ORLANDO
32859,ORLANDO
32860,ORLANDO
32861,ORLANDO
32862,ORLANDO
32867,ORLANDO
32868,ORLANDO
32869,ORLANDO
32872,ORLANDO
32877,ORLANDO
32878,ORLANDO
32901,MELBOURNE
32902,MELBOURNE
32903,MELBOURNE
32904,MELBOURNE
32905,PALM BAY
32906,PALM BAY
32907,PALM BAY
32908,PALM BAY
32909,PALM BAY
32910,PALM BAY
32911,PALM BAY
32912,MELBOURNE
32920,CAPE CANAVERAL
32922,COCOA
32923,COCOA
32924,COCOA
32925,PATRICK AIR FORCE BASE
32926,COCOA
32927,COCOA
32931,COCOA BEACH
32932,COCOA BEACH
32934,MELBOURNE
32935,MELBOURNE
32936,MELBOURNE
32937,SATELLITE BEACH
32940,MELBOURNE
32941,MELBOURNE
32948,FELLSMERE
32949,GRANT
32950,MALABAR
32951,MELBOURNE BEACH
32952,MERRITT ISLAND
32953,MERRITT ISLAND
32954,MERRITT ISLAND
32955,ROCKLEDGE
32956,ROCKLEDGE
32957,ROSELAND
32958,SEBASTIAN
32959,SHARPES
32960,VERO BEACH
32961,VERO BEACH
32962,VERO BEACH
32963,VERO BEACH
32964,VERO BEACH
32965,VERO BEACH
32966,VERO BEACH
32967,VERO BEACH
32968,VERO BEACH
32969,VERO BEACH
32970,WABASSO
32971,WABASSO
32976,SEBASTIAN
32978,SEBASTIAN
33001,LONG KEY
33002,HIALEAH
33004,DANIA
33008,HALLANDALE BEACH
33009,HALLANDALE BEACH
33010,HIALEAH
33011,HIALEAH
33012,HIALEAH
33013,HIALEAH
33014,MIAMI LAKES
33015,HIALEAH
33016,HIALEAH
33017,HIALEAH
33018,HIALEAH
33019,HOLLYWOOD
33020,HOLLYWOOD
33021,HOLLYWOOD
33022,HOLLYWOOD
33023,HOLLYWOOD
33024,PEMBROKE PINES
33025,MIRAMAR
33026,PEMBROKE PINES
33027,MIRAMAR
33028,PEMBROKE PINES
33029,PEMBROKE PINES
33030,HOMESTEAD
33031,HOMESTEAD
33032,HOMESTEAD
33033,HOMESTEAD
33034,HOMESTEAD
33035,HOMESTEAD
33036,ISLAMORADA
33037,KEY LARGO
33040,KEY WEST
33041,KEY WEST
33042,SUMMERLAND KEY
33043,BIG PINE KEY
33045,KEY WEST
33050,MARATHON
33051,KEY COLONY BEACH
33052,MARATHON
33054,OPA LOCKA
33055,MIAMI GARDENS
33056,MIAMI GARDENS
33060,POMPANO BEACH
33061,POMPANO BEACH
33062,POMPANO BEACH
33063,POMPANO BEACH
33064,POMPANO BEACH
33065,POMPANO BEACH
33066,POMPANO BEACH
33067,CORAL SPRINGS
33068,POMPANO BEACH
33069,POMPANO BEACH
33070,TAVERNIER
33071,POMPANO BEACH
33073,POMPANO BEACH
33074,LIGHTHOUSE POINT
33075,CORAL SPRINGS
33076,POMPANO BEACH
33077,CORAL SPRINGS
33081,HOLLYWOOD
33082,PEMBROKE PINES
33083,HOLLYWOOD
33084,PEMBROKE PINES
33090,HOMESTEAD
33092,HOMESTEAD
33093,MARGATE
33097,COCONUT CREEK
33101,MIAMI
33102,MIAMI
33109,MIAMI BEACH
33114,CORAL GABLES
33116,MIAMI
33119,MIAMI BEACH
33122,MIAMI
33124,CORAL GABLES
33125,MIAMI
33126,MIAMI
33127,MIAMI
33128,MIAMI
33129,MIAMI
33130,MIAMI
33131,MIAMI
33132,MIAMI
33133,MIAMI
33134,CORAL GABLES
33135,MIAMI
33136,MIAMI
33137,MIAMI
33138,MIAMI
33139,MIAMI BEACH
33140,MIAMI BEACH
33141,MIAMI BEACH
33142,MIAMI
33143,SOUTH MIAMI
33144,MIAMI
33145,MIAMI
33146,MIAMI
33147,MIAMI
33149,KEY BISCAYNE
33150,MIAMI
33152,MIAMI
33153,MIAMI
33154,MIAMI BEACH
33155,MIAMI
33156,MIAMI
33157,MIAMI
33158,MIAMI
33160,NORTH MIAMI BEACH
33161,NORTH MIAMI
33162,NORTH MIAMI
33163,MIAMI
33164,NORTH MIAMI BEACH
33165,MIAMI
33166,MIAMI
33167,MIAMI
33168,MIAMI
33169,MIAMI
33170,MIAMI
33172,DORAL
33173,MIAMI
33174,MIAMI
33175,MIAMI
33176,MIAMI
33177,MIAMI
33178,MIAMI
33179,MIAMI
33180,HALLANDALE BEACH
33181,NORTH MIAMI
33182,MIAMI
33183,MIAMI
33184,MIAMI
33185,MIAMI
33186,MIAMI
33187,MIAMI
33189,MIAMI
33190,MIAMI
33193,MIAMI
33194,MIAMI
33196,MIAMI
33197,MIAMI
33222,DORAL
33231,MIAMI
33233,MIAMI
33234,CORAL GABLES
33238,MIAMI
33239,MIAMI BEACH
33242,MIAMI
33243,SOUTH MIAMI
33245,MIAMI
33247,MIAMI
33255,MIAMI
33256,MIAMI
33257,MIAMI
33261,NORTH MIAMI
33265,MIAMI
33266,MIAMI
33269,MIAMI
33280,MIAMI
33283,MIAMI
33296,MIAMI
33301,OAKLAND PARK
33302,FORT LAUDERDALE
33303,FORT LAUDERDALE
33304,OAKLAND PARK
33305,OAKLAND PARK
33306,OAKLAND PARK
33307,OAKLAND PARK
33308,OAKLAND PARK
33309,OAKLAND PARK
33310,OAKLAND PARK
33311,OAKLAND PARK
33312,OAKLAND PARK
33313,OAKLAND PARK
33314,DAVIE
33315,OAKLAND PARK
33316,FORT LAUDERDALE
33317,PLANTATION
33318,PLANTATION
33319,LAUDERHILL
33320,TAMARAC
33321,TAMARAC
33322,FORT LAUDERDALE
33323,FORT LAUDERDALE
33324,PLANTATION
33325,WESTON
33326,WESTON
33327,WESTON
33328,DAVIE
33329,DAVIE
33330,FORT LAUDERDALE
33331,FORT LAUDERDALE
33332,FORT LAUDERDALE
33334,OAKLAND PARK
33335,FORT LAUDERDALE
33338,FORT LAUDERDALE
33339,FORT LAUDERDALE
33340,OAKLAND PARK
33345,FORT LAUDERDALE
33346,FORT LAUDERDALE
33348,FORT LAUDERDALE
33351,TAMARAC
33355,DAVIE
33359,FORT LAUDERDALE
33388,PLANTATION
33394,OAKLAND PARK
33401,WEST PALM BEACH
33402,WEST PALM BEACH
33403,WEST PALM BEACH
33404,RIVIERA BEACH
33405,WEST PALM BEACH
33406,WEST PALM BEACH
33407,RIVIERA BEACH
33408,NORTH PALM BEACH
33409,WEST PALM BEACH
33410,PALM BEACH GARDENS
33411,ROYAL PALM BEACH
33412,RIVIERA BEACH
33413,WEST PALM BEACH
33414,WELLINGTON
33415,WEST PALM BEACH
33416,WEST PALM BEACH
33417,WEST PALM BEACH
33418,PALM BEACH GARDENS
33419,RIVIERA BEACH
33420,PALM BEACH GARDENS
33421,ROYAL PALM BEACH
33422,WEST PALM BEACH
33424,BOYNTON BEACH
33425,BOYNTON BEACH
33426,BOYNTON BEACH
33427,BOCA RATON
33428,BOCA RATON
33429,BOCA RATON
33430,BELLE GLADE
33431,BOCA RATON
33432,BOCA RATON
33433,BOCA RATON
33434,BOCA RATON
33435,BOYNTON BEACH
33436,BOYNTON BEACH
33437,BOYNTON BEACH
33438,CANAL POINT
33440,CLEWISTON
33441,DEERFIELD BEACH
33442,DEERFIELD BEACH
33443,DEERFIELD BEACH
33444,DELRAY BEACH
33445,DELRAY BEACH
33446,DELRAY BEACH
33448,DELRAY BEACH
33449,GREENACRES
33454,GREENACRES
33455,HOBE SOUND
33458,JUPITER
33459,SOUTH BAY
33460,LAKE WORTH BEACH
33461,LAKE WORTH
33462,LAKE WORTH
33463,GREENACRES
33465,LANTANA
33466,LAKE WORTH
33467,GREENACRES
33468,JUPITER
33469,JUPITER
33470,LOXAHATCHEE
33471,MOORE HAVEN
33472,BOYNTON BEACH
33473,BOYNTON BEACH
33474,BOYNTON BEACH
33475,HOBE SOUND
33476,PAHOKEE
33477,JUPITER
33478,JUPITER
33480,PALM BEACH
33481,BOCA RATON
33482,DELRAY BEACH
33483,DELRAY BEACH
33484,DELRAY BEACH
33486,BOCA RATON
33487,BOCA RATON
33488,BOCA RATON
33493,BELLE GLADE
33496,BOCA RATON
33497,BOCA RATON
33498,BOCA RATON
33503,BALM
33508,BRANDON
33509,BRANDON
33510,BRANDON
33511,BRANDON
33513,BUSHNELL
33514,CENTER HILL
33521,COLEMAN
33523,DADE CITY
33524,CRYSTAL SPRINGS
33525,DADE CITY
33526,DADE CITY
33527,DOVER
33530,DURANT
33534,GIBSONTON
33537,LACOOCHEE
33538,LAKE PANASOFFKEE
33539,ZEPHYRHILLS
33540,ZEPHYRHILLS
33541,ZEPHYRHILLS
33542,ZEPHYRHILLS
33543,ZEPHYRHILLS
33544,ZEPHYRHILLS
33545,ZEPHYRHILLS
33547,LITHIA
33548,LUTZ
33549,LUTZ
33550,MANGO
33556,ODESSA
33558,LUTZ
33559,LUTZ
33563,PLANT CITY
33564,PLANT CITY
33565,PLANT CITY
33566,PLANT CITY
33567,PLANT CITY
33568,RIVERVIEW
33569,RIVERVIEW
33570,APOLLO BEACH
33571,SUN CITY CENTER
33572,APOLLO BEACH
33573,SUN CITY CENTER
33574,SAINT LEO
33575,RUSKIN
33576,SAN ANTONIO
33578,RIVERVIEW
33579,RIVERVIEW
33583,SEFFNER
33584,SEFFNER
33585,SUMTERVILLE
33586,SUN CITY
33587,SYDNEY
33592,THONOTOSASSA
33593,TRILBY
33594,VALRICO
33595,VALRICO
33596,VALRICO
33597,WEBSTER
33598,WIMAUMA
33601,TAMPA
33602,TAMPA
33603,TAMPA
33604,TAMPA
33605,TAMPA
33606,TAMPA
33607,TAMPA
33608,TAMPA
33609,TAMPA
33610,TAMPA
33611,TAMPA
33612,TAMPA
33613,TAMPA
33614,TAMPA
33615,TAMPA
33616,TAMPA
33617,TEMPLE TERRACE
33618,TAMPA
33619,TAMPA
33621,TAMPA
33622,TAMPA
33623,TAMPA
33624,TAMPA
33625,TAMPA
33626,TAMPA
33629,TAMPA
33630,TAMPA
33631,TAMPA
33634,TAMPA
33635,TAMPA
33637,TEMPLE TERRACE
33646,TAMPA
33647,TAMPA
33672,TAMPA
33673,TAMPA
33674,TAMPA
33675,TAMPA
33677,TAMPA
33679,TAMPA
33680,TAMPA
33681,TAMPA
33682,TAMPA
33684,TAMPA
33685,TAMPA
33687,TEMPLE TERRACE
33688,TAMPA
33689,TAMPA
33694,TAMPA
33701,SAINT PETERSBURG
33702,SAINT PETERSBURG
33703,SAINT PETERSBURG
33704,SAINT PETERSBURG
33705,SAINT PETERSBURG
33706,ST PETE BEACH
33707,SAINT PETERSBURG
33708,MADEIRA BEACH
33709,SAINT PETERSBURG
33710,SAINT PETERSBURG
33711,SAINT PETERSBURG
33712,SAINT PETERSBURG
33713,SAINT PETERSBURG
33714,SAINT PETERSBURG
33715,SAINT PETERSBURG
33716,SAINT PETERSBURG
33731,SAINT PETERSBURG
33732,SAINT PETERSBURG
33733,SAINT PETERSBURG
33734,SAINT PETERSBURG
33736,ST PETE BEACH
33738,MADEIRA BEACH
33741,ST PETE BEACH
33742,SAINT PETERSBURG
33743,SAINT PETERSBURG
33744,BAY PINES
33747,SAINT PETERSBURG
33755,CLEARWATER
33756,CLEARWATER
33757,CLEARWATER
33758,CLEARWATER
33759,CLEARWATER
33760,CLEARWATER
33761,CLEARWATER
33762,CLEARWATER
33763,CLEARWATER
33764,CLEARWATER
33765,CLEARWATER
33766,CLEARWATER
33767,CLEARWATER
33770,LARGO
33771,LARGO
33772,SEMINOLE
33773,LARGO
33774,SEMINOLE
33775,SEMINOLE
33776,SEMINOLE
33777,SEMINOLE
33778,LARGO
33779,LARGO
33780,PINELLAS PARK
33781,PINELLAS PARK
33782,PINELLAS PARK
33784,SAINT PETERSBURG
33785,INDIAN ROCKS BEACH
33786,INDIAN ROCKS BEACH
33801,LAKELAND
33802,LAKELAND
33803,LAKELAND
33804,LAKELAND
33805,LAKELAND
33806,LAKELAND
33807,LAKELAND
33809,LAKELAND
33810,LAKELAND
33811,LAKELAND
33812,LAKELAND
33813,LAKELAND
33815,LAKELAND
33820,BARTOW
33823,AUBURNDALE
33825,AVON PARK
33826,AVON PARK
33827,BABSON PARK
33830,BARTOW
33831,BARTOW
33834,BOWLING GREEN
33835,BRADLEY
33836,DAVENPORT
33837,DAVENPORT
33838,DUNDEE
33839,EAGLE LAKE
33840,EATON PARK
33841,FORT MEADE
33843,FROSTPROOF
33844,HAINES CITY
33845,HAINES CITY
33846,HIGHLAND CITY
33847,HOMELAND
33848,INTERCESSION CITY
33849,KATHLEEN
33850,LAKE ALFRED
33851,LAKE HAMILTON
33852,LAKE PLACID
33853,LAKE WALES
33854,LAKESHORE
33855,INDIAN LAKE ESTATES
33856,NALCREST
33857,LORIDA
33858,LOUGHMAN
33859,LAKE WALES
33860,MULBERRY
33862,LAKE PLACID
33863,NICHOLS
33865,ONA
33868,POLK CITY
33870,SEBRING
33871,SEBRING
33872,SEBRING
33873,WAUCHULA
33875,SEBRING
33876,SEBRING
33877,WAVERLY
33880,WINTER HAVEN
33881,WINTER HAVEN
33882,WINTER HAVEN
33883,WINTER HAVEN
33884,WINTER HAVEN
33885,WINTER HAVEN
33890,ZOLFO SPRINGS
33896,DAVENPORT
33897,DAVENPORT
33898,LAKE WALES
33901,FORT MYERS
33902,FORT MYERS
33903,NORTH FORT MYERS
33904,CAPE CORAL
33905,FORT MYERS
33906,FORT MYERS
33907,FORT MYERS
33908,FORT MYERS
33909,CAPE CORAL
33910,CAPE CORAL
33912,FORT MYERS
33913,FORT MYERS
33914,CAPE CORAL
33915,CAPE CORAL
33916,FORT MYERS
33917,NORTH FORT MYERS
33918,NORTH FORT MYERS
33919,FORT MYERS
33920,ALVA
33921,BOCA GRANDE
33922,BOKEELIA
33924,CAPTIVA
33927,PORT CHARLOTTE
33928,ESTERO
33929,ESTERO
33930,FELDA
33931,FORT MYERS
33932,FORT MYERS BEACH
33935,LABELLE
33936,LEHIGH ACRES
33938,PORT CHARLOTTE
33944,LABELLE
33945,BOKEELIA
33946,PLACIDA
33947,PLACIDA
33948,PORT CHARLOTTE
33949,PORT CHARLOTTE
33950,PUNTA GORDA
33951,PUNTA GORDA
33952,PORT CHARLOTTE
33953,PORT CHARLOTTE
33954,PORT CHARLOTTE
33955,PUNTA GORDA
33956,SAINT JAMES CITY
33957,SANIBEL
33960,VENUS
33966,FORT MYERS
33967,FORT MYERS
33970,LEHIGH ACRES
33971,LEHIGH ACRES
33972,LEHIGH ACRES
33973,LEHIGH ACRES
33974,LEHIGH ACRES
33975,LABELLE
33976,LEHIGH ACRES
33980,PUNTA GORDA
33981,PORT CHARLOTTE
33982,PUNTA GORDA
33983,PUNTA GORDA
33990,CAPE CORAL
33991,CAPE CORAL
33993,MATLACHA
33994,FORT MYERS
34101,NAPLES
34102,NAPLES
34103,NAPLES
34104,NAPLES
34105,NAPLES
34106,NAPLES
34108,NAPLES
34109,NAPLES
34110,NAPLES
34112,NAPLES
34113,NAPLES
34114,NAPLES
34116,NAPLES
34117,NAPLES
34119,NAPLES
34120,NAPLES
34133,BONITA SPRINGS
34134,BONITA SPRINGS
34135,BONITA SPRINGS
34136,BONITA SPRINGS
34137,EVERGLADES CITY
34138,EVERGLADES CITY
34139,EVERGLADES CITY
34140,GOODLAND
34141,OCHOPEE
34142,IMMOKALEE
34143,IMMOKALEE
34145,MARCO ISLAND
34146,MARCO ISLAND
34201,BRADENTON
34202,BRADENTON
34203,BRADENTON
34204,BRADENTON
34205,BRADENTON
34206,BRADENTON
34207,BRADENTON
34208,BRADENTON
34209,BRADENTON
34210,BRADENTON
34211,BRADENTON
34212,BRADENTON
34215,CORTEZ
34216,ANNA MARIA
34217,BRADENTON BEACH
34218,BRADENTON BEACH
34219,PARRISH
34220,PALMETTO
34221,PALMETTO
34222,ELLENTON
34223,ENGLEWOOD
34224,ENGLEWOOD
34228,LONGBOAT KEY
34229,OSPREY
34230,SARASOTA
34231,SARASOTA
34232,SARASOTA
34233,SARASOTA
34234,SARASOTA
34235,SARASOTA
34236,SARASOTA
34237,SARASOTA
34238,SARASOTA
34239,SARASOTA
34240,SARASOTA
34241,SARASOTA
34242,SARASOTA
34243,SARASOTA
34250,TERRA CEIA
34251,MYAKKA CITY
34264,ONECO
34265,ARCADIA
34266,ARCADIA
34267,FORT OGDEN
34268,NOCATEE
34269,ARCADIA
34270,TALLEVAST
34272,LAUREL
34274,NOKOMIS
34275,NOKOMIS
34276,SARASOTA
34277,SARASOTA
34280,BRADENTON
34281,BRADENTON
34282,BRADENTON
34284,VENICE
34285,VENICE
34286,NORTH PORT
34287,NORTH PORT
34288,NORTH PORT
34289,NORTH PORT
34290,NORTH PORT
34291,NORTH PORT
34292,VENICE
34293,VENICE
34295,ENGLEWOOD
34420,BELLEVIEW
34421,BELLEVIEW
34423,CRYSTAL RIVER
34428,CRYSTAL RIVER
34429,CRYSTAL RIVER
34430,DUNNELLON
34431,DUNNELLON
34432,DUNNELLON
34433,DUNNELLON
34434,LECANTO
34436,FLORAL CITY
34441,HERNANDO
34442,LECANTO
34445,HOLDER
34446,HOMOSASSA
34447,HOMOSASSA
34448,HOMOSASSA
34449,INGLIS
34450,INVERNESS
34451,INVERNESS
34452,INVERNESS
34453,INVERNESS
34460,LECANTO
34461,LECANTO
34464,BEVERLY HILLS
34465,LECANTO
34470,OCALA
34471,OCALA
34472,OCALA
34473,OCALA
34474,OCALA
34475,OCALA
34476,OCALA
34477,OCALA
34478,OCALA
34479,OCALA
34480,OCALA
34481,OCALA
34482,OCALA
34483,OCALA
34484,OXFORD
34487,HOMOSASSA
34488,SILVER SPRINGS
34489,SILVER SPRINGS
34491,SUMMERFIELD
34492,SUMMERFIELD
34498,INGLIS
34601,BROOKSVILLE
34602,BROOKSVILLE
34603,BROOKSVILLE
34604,BROOKSVILLE
34605,BROOKSVILLE
34606,SPRING HILL
34607,SPRING HILL
34608,SPRING HILL
34609,BROOKSVILLE
34610,BROOKSVILLE
34611,SPRING HILL
34613,BROOKSVILLE
34614,BROOKSVILLE
34636,ISTACHATTA
34637,LAND O LAKES
34638,LAND O LAKES
34639,LAND O LAKES
34652,NEW PORT RICHEY
34653,NEW PORT RICHEY
34654,NEW PORT RICHEY
34655,NEW PORT RICHEY
34656,NEW PORT RICHEY
34660,OZONA
34661,NOBLETON
34667,HUDSON
34668,PORT RICHEY
34669,HUDSON
34673,PORT RICHEY
34674,HUDSON
34677,OLDSMAR
34679,HUDSON
34680,ELFERS
34681,CRYSTAL BEACH
34682,PALM HARBOR
34683,PALM HARBOR
34684,PALM HARBOR
34685,PALM HARBOR
34688,TARPON SPRINGS
34689,TARPON SPRINGS
34690,TARPON SPRINGS
34691,TARPON SPRINGS
34692,HOLIDAY
34695,SAFETY HARBOR
34697,DUNEDIN
34698,DUNEDIN
34705,ASTATULA
34711,CLERMONT
34712,CLERMONT
34713,CLERMONT
34714,CLERMONT
34715,CLERMONT
34731,FRUITLAND PARK
34734,GOTHA
34736,GROVELAND
34737,HOWEY IN THE HILLS
34739,KENANSVILLE
34740,OAKLAND
34741,KISSIMMEE
34742,KISSIMMEE
34743,KISSIMMEE
34744,KISSIMMEE
34745,KISSIMMEE
34746,KISSIMMEE
34747,KISSIMMEE
34748,LEESBURG
34749,LEESBURG
34753,MASCOTTE
34755,MINNEOLA
34756,MONTVERDE
34758,KISSIMMEE
34759,KISSIMMEE
34760,OAKLAND
34761,OCOEE
34762,LEESBURG
34769,SAINT CLOUD
34770,SAINT CLOUD
34771,SAINT CLOUD
34772,SAINT CLOUD
34773,SAINT CLOUD
34777,WINTER GARDEN
34778,WINTER GARDEN
34785,WILDWOOD
34786,WINDERMERE
34787,WINTER GARDEN
34788,LEESBURG
34789,LEESBURG
34797,YALAHA
34945,FORT PIERCE
34946,FORT PIERCE
34947,FORT PIERCE
34948,FORT PIERCE
34949,FORT PIERCE
34950,FORT PIERCE
34951,FORT PIERCE
34952,PORT SAINT LUCIE
34953,PORT SAINT LUCIE
34954,FORT PIERCE
34956,INDIANTOWN
34957,JENSEN BEACH
34958,JENSEN BEACH
34972,OKEECHOBEE
34973,OKEECHOBEE
34974,OKEECHOBEE
34979,FORT PIERCE
34981,FORT PIERCE
34982,FORT PIERCE
34983,FORT PIERCE
34984,PORT SAINT LUCIE
34985,PORT SAINT LUCIE
34986,FORT PIERCE
34987,PORT SAINT LUCIE
34988,PORT SAINT LUCIE
34990,PALM CITY
34991,PALM CITY
34992,PORT SALERNO
34994,STUART
34995,STUART
34996,STUART
34997,STUART
35004,MOODY
35005,ADAMSVILLE
35006,ADGER
35007,ALABASTER
35010,ALEXANDER CITY
35011,ALEXANDER CITY
35013,ALLGOOD
35014,ALPINE
35015,ALTON
35016,ARAB
35019,BAILEYTON
35020,BESSEMER
35021,BESSEMER
35022,BESSEMER
35023,HUEYTOWN
35031,BLOUNTSVILLE
35032,BON AIR
35033,BREMEN
35034,BRENT
35035,BRIERFIELD
35036,BROOKSIDE
35038,DORA
35040,CALERA
35042,CENTREVILLE
35043,CHELSEA
35044,CHILDERSBURG
35045,CLANTON
35046,CLANTON
35048,CLAY
35049,CLEVELAND
35051,COLUMBIANA
35053,CRANE HILL
35054,CROPWELL
35055,CULLMAN
35056,CULLMAN
35057,CULLMAN
35058,CULLMAN
35060,DOCENA
35061,DOLOMITE
35062,DORA
35063,EMPIRE
35064,FAIRFIELD
35068,FULTONDALE
35070,GARDEN CITY
35071,GARDENDALE
35072,GOODWATER
35073,DORA
35074,GREEN POND
35077,HANCEVILLE
35078,HARPERSVILLE
35079,HAYDEN
35080,HELENA
35082,SYLACAUGA
35083,HOLLY POND
35085,JEMISON
35087,JOPPA
35089,ALEXANDER CITY
35091,KIMBERLY
35094,LEEDS
35096,LINCOLN
35097,LOCUST FORK
35098,CRANE HILL
35111,MC CALLA
35112,MARGARET
35114,ALABASTER
35115,MONTEVALLO
35116,GARDENDALE
35117,GARDENDALE
35118,MULGA
35119,NEW CASTLE
35120,ODENVILLE
35121,ONEONTA
35123,PALMERDALE
35124,PELHAM
35125,PELL CITY
35126,PINSON
35127,PLEASANT GROVE
35128,PELL CITY
35130,QUINTON
35131,RAGLAND
35133,PINSON
35135,PELL CITY
35136,ROCKFORD
35137,SAGINAW
35139,GRAYSVILLE
35142,SHANNON
35143,SHELBY
35146,SPRINGVILLE
35147,STERRETT
35148,SUMITON
35149,SYCAMORE
35150,SYLACAUGA
35151,SYLACAUGA
35160,TALLADEGA
35161,TALLADEGA
35171,THORSBY
35172,WARRIOR
35173,TRUSSVILLE
35175,UNION GROVE
35176,STERRETT
35178,VINCENT
35179,VINEMONT
35180,WARRIOR
35181,WATSON
35182,WATTSVILLE
35183,WEOGUFKA
35184,WEST BLOCTON
35185,WESTOVER
35186,WILSONVILLE
35187,WILTON
35188,WOODSTOCK
35201,BIRMINGHAM
35202,BIRMINGHAM
35203,BIRMINGHAM
35204,BIRMINGHAM
35205,BIRMINGHAM
35206,BIRMINGHAM
35207,BIRMINGHAM
35208,BIRMINGHAM
35209,BIRMINGHAM
35210,IRONDALE
35211,BIRMINGHAM
35212,BIRMINGHAM
35213,BIRMINGHAM
35214,BIRMINGHAM
35215,CENTER POINT
35216,BIRMINGHAM
35217,BIRMINGHAM
35218,BIRMINGHAM
35219,HOMEWOOD
35220,CENTER POINT
35221,BIRMINGHAM
35222,BIRMINGHAM
35223,VESTAVIA
35224,BIRMINGHAM
35226,HOOVER
35228,BIRMINGHAM
35231,BIRMINGHAM
35232,BIRMINGHAM
35233,BIRMINGHAM
35234,BIRMINGHAM
35235,CENTER POINT
35236,HOOVER
35238,BIRMINGHAM
35242,BIRMINGHAM
35243,VESTAVIA
35244,HOOVER
35253,BIRMINGHAM
35255,BIRMINGHAM
35259,BIRMINGHAM
35260,HOOVER
35261,BIRMINGHAM
35266,VESTAVIA HILLS
35283,BIRMINGHAM
35401,TUSCALOOSA
35402,TUSCALOOSA
35403,TUSCALOOSA
35404,TUSCALOOSA
35405,TUSCALOOSA
35406,TUSCALOOSA
35407,TUSCALOOSA
35440,ABERNANT
35441,AKRON
35442,ALICEVILLE
35443,BOLIGEE
35444,BROOKWOOD
35446,BUHL
35447,CARROLLTON
35448,CLINTON
35449,COALING
35452,COKER
35453,COTTONDALE
35456,DUNCANVILLE
35458,ELROD
35459,EMELLE
35460,EPES
35461,ETHELSVILLE
35462,EUTAW
35463,FOSTERS
35464,GAINESVILLE
35466,GORDO
35469,FOSTERS
35470,LIVINGSTON
35471,ETHELSVILLE
35473,NORTHPORT
35474,MOUNDVILLE
35475,NORTHPORT
35476,NORTHPORT
35477,PANOLA
35478,PETERSON
35480,FOSTERS
35481,REFORM
35482,SAMANTHA
35486,TUSCALOOSA
35490,VANCE
35491,WEST GREENE
35501,JASPER
35502,JASPER
35503,JASPER
35504,JASPER
35540,ADDISON
35541,ARLEY
35542,BANKSTON
35543,BEAR CREEK
35544,BEAVERTON
35545,BELK
35546,BERRY
35548,BRILLIANT
35549,CARBON HILL
35550,CORDOVA
35551,HALEYVILLE
35552,DETROIT
35553,DOUBLE SPRINGS
35554,CARBON HILL
35555,FAYETTE
35559,GLEN ALLEN
35560,GOODSPRINGS
35563,GUIN
35564,HACKLEBURG
35565,HALEYVILLE
35570,HAMILTON
35571,HACKLEBURG
35572,HOUSTON
35573,KANSAS
35574,KENNEDY
35575,LYNN
35576,MILLPORT
35577,NATURAL BRIDGE
35578,NAUVOO
35579,OAKMAN
35580,PARRISH
35581,PHIL CAMPBELL
35582,RED BAY
35584,SIPSEY
35585,SPRUCE PINE
35586,SULLIGENT
35587,TOWNLEY
35592,VERNON
35593,RED BAY
35594,WINFIELD
35601,DECATUR
35602,DECATUR
35603,DECATUR
35609,DECATUR
35610,ANDERSON
35611,ATHENS
35612,ATHENS
35613,ATHENS
35614,ATHENS
35615,BELLE MINA
35616,CHEROKEE
35617,CLOVERDALE
35618,COURTLAND
35619,DANVILLE
35620,ELKMONT
35621,EVA
35622,FALKVILLE
35630,FLORENCE
35631,FLORENCE
35633,FLORENCE
35634,FLORENCE
35640,HARTSELLE
35643,HILLSBORO
35645,KILLEN
35646,LEIGHTON
35647,ELKMONT
35648,LEXINGTON
35649,MOORESVILLE
35650,MOULTON
35651,MOUNT HOPE
35652,ROGERSVILLE
35653,RUSSELLVILLE
35654,RUSSELLVILLE
35660,SHEFFIELD
35661,MUSCLE SHOALS
35662,MUSCLE SHOALS
35670,SOMERVILLE
35671,TANNER
35672,TOWN CREEK
35673,TRINITY
35674,TUSCUMBIA
35677,WATERLOO
35739,ARDMORE
35740,BRIDGEPORT
35741,BROWNSBORO
35742,CAPSHAW
35744,DUTTON
35745,PRINCETON
35747,GRANT
35748,GURLEY
35749,HARVEST
35750,HAZEL GREEN
35752,HOLLYWOOD
35754,LACEYS SPRING
35755,LANGSTON
35756,MADISON
35757,MADISON
35758,MADISON
35759,MERIDIANVILLE
35760,NEW HOPE
35761,NEW MARKET
35762,NORMAL
35763,OWENS CROSS ROADS
35764,PAINT ROCK
35765,PISGAH
35766,PRINCETON
35767,RYLAND
35768,SCOTTSBORO
35769,SCOTTSBORO
35771,SECTION
35772,STEVENSON
35773,TONEY
35774,GURLEY
35775,VALHERMOSO SPRINGS
35776,WOODVILLE
35801,HUNTSVILLE
35802,HUNTSVILLE
35803,HUNTSVILLE
35804,HUNTSVILLE
35805,HUNTSVILLE
35806,HUNTSVILLE
35807,HUNTSVILLE
35808,HUNTSVILLE
35810,HUNTSVILLE
35811,HUNTSVILLE
35812,HUNTSVILLE
35813,HUNTSVILLE
35814,HUNTSVILLE
35815,HUNTSVILLE
35816,HUNTSVILLE
35824,HUNTSVILLE
35901,GADSDEN
35902,GADSDEN
35903,GADSDEN
35904,GADSDEN
35905,GADSDEN
35906,GADSDEN
35907,GADSDEN
35950,ALBERTVILLE
35951,ALBERTVILLE
35952,ALTOONA
35953,ASHVILLE
35954,ATTALLA
35956,BOAZ
35957,BOAZ
35958,BRYANT
35959,CEDAR BLUFF
35960,CENTRE
35961,COLLINSVILLE
35962,CROSSVILLE
35963,DAWSON
35964,DOUGLAS
35966,FLAT ROCK
35967,FORT PAYNE
35968,FORT PAYNE
35971,FYFFE
35972,GALLANT
35973,CEDAR BLUFF
35974,GERALDINE
35975,GERALDINE
35976,GUNTERSVILLE
35978,HENAGAR
35979,HIGDON
35980,HORTON
35981,IDER
35983,LEESBURG
35984,MENTONE
35986,RAINSVILLE
35987,STEELE
35988,SYLVANIA
35989,VALLEY HEAD
35990,WALNUT GROVE
36003,AUTAUGAVILLE
36005,BANKS
36006,BILLINGSLEY
36009,BRANTLEY
36010,BRUNDIDGE
36013,PIKE ROAD
36015,CHAPMAN
36016,CLAYTON
36017,CLIO
36020,COOSADA
36022,DEATSVILLE
36024,ECLECTIC
36025,ELMORE
36026,EQUALITY
36027,EUFAULA
36028,DOZIER
36029,FITZPATRICK
36030,FOREST HOME
36031,FORT DAVIS
36032,FORT DEPOSIT
36033,GEORGIANA
36034,GLENWOOD
36035,GOSHEN
36036,GRADY
36037,GREENVILLE
36038,GANTT
36040,HAYNEVILLE
36041,HIGHLAND HOME
36042,GREENVILLE
36043,HOPE HULL
36046,LAPINE
36047,LETOHATCHEE
36048,LOUISVILLE
36049,LUVERNE
36051,DEATSVILLE
36052,PIKE ROAD
36053,MIDWAY
36054,MILLBROOK
36057,PIKE ROAD
36064,PIKE ROAD
36065,PINE LEVEL
36066,PRATTVILLE
36067,PRATTVILLE
36068,PRATTVILLE
36069,RAMER
36071,LUVERNE
36072,EUFAULA
36075,SHORTER
36078,TALLASSEE
36079,TROY
36080,TITUS
36081,TROY
36083,TUSKEGEE
36087,TUSKEGEE INSTITUTE
36088,TUSKEGEE
36089,UNION SPRINGS
36091,DEATSVILLE
36092,WETUMPKA
36093,WETUMPKA
36101,MONTGOMERY
36102,MONTGOMERY
36103,MONTGOMERY
36104,MONTGOMERY
36105,MONTGOMERY
36106,MONTGOMERY
36107,MONTGOMERY
36108,MONTGOMERY
36109,MONTGOMERY
36110,MONTGOMERY
36111,MONTGOMERY
36113,MONTGOMERY
36115,MONTGOMERY
36116,MONTGOMERY
36117,MONTGOMERY
36120,MONTGOMERY
36121,MONTGOMERY
36123,MONTGOMERY
36124,MONTGOMERY
36125,MONTGOMERY
36201,ANNISTON
36202,ANNISTON
36203,ANNISTON
36204,ANNISTON
36205,ANNISTON
36206,ANNISTON
36207,ANNISTON
36250,ALEXANDRIA
36251,ASHLAND
36253,BYNUM
36254,CHOCCOLOCCO
36255,CRAGFORD
36256,DAVISTON
36257,DE ARMANVILLE
36258,DELTA
36260,EASTABOGA
36261,HEFLIN
36262,FRUITHURST
36263,GRAHAM
36264,HEFLIN
36265,JACKSONVILLE
36266,LINEVILLE
36267,ASHLAND
36268,OXFORD
36269,MUSCADINE
36271,OHATCHEE
36272,PIEDMONT
36273,RANBURNE
36274,ROANOKE
36275,SPRING GARDEN
36276,WADLEY
36277,WEAVER
36278,WEDOWEE
36279,OHATCHEE
36280,WOODLAND
36301,DOTHAN
36302,DOTHAN
36303,DOTHAN
36304,DOTHAN
36305,DOTHAN
36310,ABBEVILLE
36311,ARITON
36312,ASHFORD
36313,BELLWOOD
36314,BLACK
36316,CHANCELLOR
36317,ABBEVILLE
36318,COFFEE SPRINGS
36319,COLUMBIA
36320,COTTONWOOD
36321,COWARTS
36322,DALEVILLE
36323,ELBA
36330,ENTERPRISE
36331,ENTERPRISE
36340,GENEVA
36343,GORDON
36344,HARTFORD
36345,HEADLAND
36346,JACK
36349,SLOCOMB
36350,MIDLAND CITY
36351,NEW BROCKTON
36352,NEWTON
36353,HEADLAND
36360,OZARK
36361,OZARK
36362,DALEVILLE
36370,PANSEY
36371,PINCKARD
36373,SHORTERVILLE
36374,OZARK
36375,SLOCOMB
36376,WEBB
36401,EVERGREEN
36420,ANDALUSIA
36421,ANDALUSIA
36425,BEATRICE
36426,BREWTON
36427,BREWTON
36432,CASTLEBERRY
36435,CAMDEN
36436,FULTON
36439,EXCEL
36441,FLOMATON
36442,FLORALA
36444,FRANKLIN
36445,FRISCO CITY
36446,FULTON
36451,GROVE HILL
36453,KINSTON
36454,REPTON
36455,LOCKHART
36456,MC KENZIE
36458,MEXIA
36460,MONROEVILLE
36461,MONROEVILLE
36467,OPP
36470,PERDUE HILL
36471,PETERMAN
36473,REPTON
36474,RED LEVEL
36475,REPTON
36476,RIVER FALLS
36477,SAMSON
36480,URIAH
36481,VREDENBURGH
36482,GROVE HILL
36483,WING
36502,ATMORE
36504,ATMORE
36505,AXIS
36507,BAY MINETTE
36509,BAYOU LA BATRE
36511,BON SECOUR
36512,BUCKS
36513,CALVERT
36518,CHATOM
36521,CHUNCHULA
36522,CITRONELLE
36523,CODEN
36524,COFFEEVILLE
36525,CREOLA
36526,DAPHNE
36527,DAPHNE
36528,DAUPHIN ISLAND
36529,DEER PARK
36530,ELBERTA
36532,FAIRHOPE
36533,FAIRHOPE
36535,FOLEY
36536,FOLEY
36538,FRANKVILLE
36539,FRUITDALE
36540,GAINESTOWN
36541,GRAND BAY
36542,GULF SHORES
36543,ATMORE
36544,IRVINGTON
36545,JACKSON
36547,GULF SHORES
36548,LEROY
36549,LILLIAN
36550,LITTLE RIVER
36551,LOXLEY
36553,MC INTOSH
36555,MAGNOLIA SPRINGS
36556,MALCOLM
36558,MILLRY
36559,MONTROSE
36560,MOUNT VERNON
36561,ORANGE BEACH
36562,PERDIDO
36564,POINT CLEAR
36567,ROBERTSDALE
36568,SAINT ELMO
36569,SAINT STEPHENS
36571,SARALAND
36572,SATSUMA
36574,ROBERTSDALE
36575,SEMMES
36576,SILVERHILL
36577,DAPHNE
36578,BAY MINETTE
36579,BAY MINETTE
36580,SUMMERDALE
36582,THEODORE
36583,TIBBIE
36584,FRUITDALE
36585,MC INTOSH
36587,WILMER
36590,THEODORE
36601,MOBILE
36602,MOBILE
36603,MOBILE
36604,MOBILE
36605,MOBILE
36606,MOBILE
36607,MOBILE
36608,MOBILE
36609,MOBILE
36610,MOBILE
36611,MOBILE
36612,MOBILE
36613,MOBILE
36615,MOBILE
36616,MOBILE
36617,MOBILE
36618,MOBILE
36619,MOBILE
36633,MOBILE
36640,MOBILE
36652,MOBILE
36660,MOBILE
36663,MOBILE
36670,MOBILE
36671,CHICKASAW
36685,MOBILE
36689,MOBILE
36691,MOBILE
36693,MOBILE
36695,MOBILE
36701,SELMA
36702,SELMA
36703,SELMA
36720,CATHERINE
36722,ARLINGTON
36723,BOYKIN
36726,CAMDEN
36727,THOMASVILLE
36728,CATHERINE
36732,DEMOPOLIS
36736,DIXONS MILLS
36738,FAUNSDALE
36740,FORKLAND
36741,FURMAN
36742,GALLION
36744,GREENSBORO
36748,LINDEN
36749,JONES
36750,MAPLESVILLE
36751,LOWER PEACH TREE
36752,LOWNDESBORO
36753,PINE APPLE
36754,ARLINGTON
36756,MARION
36758,PLANTERSVILLE
36759,MARION JUNCTION
36761,MINTER
36763,MYRTLEWOOD
36764,NANAFALIA
36765,NEWBERN
36766,OAK HILL
36767,ORRVILLE
36768,PINE APPLE
36769,PINE HILL
36775,SARDIS
36776,SAWYERVILLE
36782,SWEET WATER
36783,LINDEN
36784,THOMASVILLE
36785,TYLER
36786,UNIONTOWN
36790,STANTON
36792,RANDOLPH
36793,MAPLESVILLE
36801,OPELIKA
36803,OPELIKA
36804,OPELIKA
36830,AUBURN
36831,AUBURN
36832,AUBURN
36850,CAMP HILL
36851,COTTONTON
36852,CUSSETA
36853,DADEVILLE
36854,VALLEY
36855,FIVE POINTS
36856,FORT MITCHELL
36858,HATCHECHUBBEE
36860,HURTSBORO
36861,JACKSONS GAP
36862,LAFAYETTE
36863,LANETT
36865,NOTASULGA
36866,NOTASULGA
36867,PHENIX CITY
36868,PHENIX CITY
36869,PHENIX CITY
36870,PHENIX CITY
36871,PITTSVIEW
36874,SALEM
36875,SEALE
36877,SMITHS STATION
36879,AUBURN
36901,BELLAMY
36904,BUTLER
36907,CUBA
36908,GILBERTOWN
36910,LISMAN
36912,LISMAN
36913,GILBERTOWN
36915,BUTLER
36916,PENNINGTON
36919,SILAS
36921,TOXEY
36922,WARD
36925,YORK
37010,ADAMS
37011,ANTIOCH
37012,ALEXANDRIA
37013,ANTIOCH
37014,ARRINGTON
37015,ASHLAND CITY
37016,AUBURNTOWN
37018,BEECHGROVE
37019,BELFAST
37020,BELL BUCKLE
37022,BETHPAGE
37023,BIG ROCK
37024,BRENTWOOD
37025,BON AQUA
37026,BRADYVILLE
37027,BRENTWOOD
37028,BUMPUS MILLS
37029,BURNS
37030,CARTHAGE
37031,CASTALIAN SPRINGS
37032,CEDAR HILL
37033,CENTERVILLE
37034,CHAPEL HILL
37035,ASHLAND CITY
37036,CHARLOTTE
37037,CHRISTIANA
37040,CLARKSVILLE
37041,CLARKSVILLE
37042,CLARKSVILLE
37043,CLARKSVILLE
37046,ARRINGTON
37047,CORNERSVILLE
37048,COTTONTOWN
37049,CROSS PLAINS
37050,CUMBERLAND CITY
37051,CUMBERLAND FURNACE
37052,CUNNINGHAM
37055,DICKSON
37056,DICKSON
37057,DIXON SPRINGS
37058,DOVER
37059,DOWELLTOWN
37060,EAGLEVILLE
37061,ERIN
37062,FAIRVIEW
37064,FRANKLIN
37065,FRANKLIN
37066,GALLATIN
37067,FRANKLIN
37068,FRANKLIN
37069,FRANKLIN
37070,GOODLETTSVILLE
37071,GLADEVILLE
37072,GOODLETTSVILLE
37073,GOODLETTSVILLE
37074,HARTSVILLE
37075,HENDERSONVILLE
37076,HERMITAGE
37077,HENDERSONVILLE
37078,HURRICANE MILLS
37079,INDIAN MOUND
37080,JOELTON
37082,KINGSTON SPRINGS
37083,LAFAYETTE
37085,LASCASSAS
37086,LA VERGNE
37087,LEBANON
37088,LEBANON
37090,LEBANON
37091,LEWISBURG
37095,LIBERTY
37096,LINDEN
37097,LOBELVILLE
37098,LYLES
37101,MC EWEN
37110,MCMINNVILLE
37111,MCMINNVILLE
37115,MADISON
37116,MADISON
37118,LASCASSAS
37121,MOUNT JULIET
37122,MOUNT JULIET
37127,MURFREESBORO
37128,MURFREESBORO
37129,MURFREESBORO
37130,MURFREESBORO
37133,MURFREESBORO
37134,NEW JOHNSONVILLE
37135,NOLENSVILLE
37137,NUNNELLY
37138,OLD HICKORY
37141,CROSS PLAINS
37142,CUNNINGHAM
37143,PEGRAM
37144,PETERSBURG
37145,PLEASANT SHADE
37146,PLEASANT VIEW
37148,PORTLAND
37149,READYVILLE
37150,RED BOILING SPRINGS
37151,RIDDLETON
37152,RIDGETOP
37153,ROCKVALE
37160,SHELBYVILLE
37162,SHELBYVILLE
37165,SLAYDEN
37166,SMITHVILLE
37167,SMYRNA
37171,CUNNINGHAM
37172,SPRINGFIELD
37174,SPRING HILL
37175,STEWART
37178,ERIN
37179,THOMPSONS STATION
37180,UNIONVILLE
37181,VANLEER
37183,WARTRACE
37184,WATERTOWN
37185,WAVERLY
37186,WESTMORELAND
37187,WHITE BLUFF
37188,WHITE HOUSE
37189,MADISON
37190,WOODBURY
37191,CLARKSVILLE
37201,NASHVILLE
37202,NASHVILLE
37203,NASHVILLE
37204,NASHVILLE
37205,NASHVILLE
37206,NASHVILLE
37207,NASHVILLE
37208,NASHVILLE
37209,NASHVILLE
37210,NASHVILLE
37211,NASHVILLE
37212,NASHVILLE
37213,NASHVILLE
37214,NASHVILLE
37215,NASHVILLE
37216,NASHVILLE
37217,NASHVILLE
37218,NASHVILLE
37219,NASHVILLE
37220,NASHVILLE
37221,NASHVILLE
37222,NASHVILLE
37224,NASHVILLE
37228,NASHVILLE
37229,NASHVILLE
37230,NASHVILLE
37238,NASHVILLE
37301,ALTAMONT
37302,APISON
37303,ATHENS
37305,BEERSHEBA SPRINGS
37306,BELVIDERE
37307,BENTON
37308,BIRCHWOOD
37309,CALHOUN
37310,CHARLESTON
37311,CLEVELAND
37312,CLEVELAND
37313,COALMONT
37314,TELLICO PLAINS
37315,COLLEGEDALE
37316,TENNGA
37317,COPPERHILL
37318,COWAN
37320,CLEVELAND
37321,DAYTON
37322,DECATUR
37323,CLEVELAND
37324,DECHERD
37325,DELANO
37326,DUCKTOWN
37327,DUNLAP
37328,ELORA
37329,ATHENS
37330,ESTILL SPRINGS
37331,ETOWAH
37332,EVENSVILLE
37333,FARNER
37334,FAYETTEVILLE
37335,FLINTVILLE
37336,GEORGETOWN
37337,SPRING CITY
37338,GRAYSVILLE
37339,GRUETLI LAAGER
37340,GUILD
37341,HARRISON
37342,HILLSBORO
37343,HIXSON
37345,HUNTLAND
37347,JASPER
37348,KELSO
37349,MANCHESTER
37350,LOOKOUT MOUNTAIN
37351,HIXSON
37352,LYNCHBURG
37353,MC DONALD
37354,MADISONVILLE
37355,MANCHESTER
37356,MONTEAGLE
37357,MANCHESTER
37359,MULBERRY
37360,NORMANDY
37361,BENTON
37362,OLD FORT
37363,OOLTEWAH
37364,CLEVELAND
37365,PALMER
37366,PELHAM
37367,PIKEVILLE
37369,DELANO
37370,RICEVILLE
37371,ATHENS
37373,SALE CREEK
37374,SEQUATCHIE
37375,SEWANEE
37376,SEWANEE
37377,SIGNAL MOUNTAIN
37378,SMARTT
37379,SODDY DAISY
37380,SOUTH PITTSBURG
37381,SPRING CITY
37382,SUMMITVILLE
37384,SODDY DAISY
37385,TELLICO PLAINS
37387,MONTEAGLE
37388,TULLAHOMA
37391,TURTLETOWN
37394,VIOLA
37396,WHITESIDE
37397,WHITWELL
37398,WINCHESTER
37401,CHATTANOOGA
37402,CHATTANOOGA
37403,CHATTANOOGA
37404,CHATTANOOGA
37405,CHATTANOOGA
37406,CHATTANOOGA
37407,CHATTANOOGA
37408,CHATTANOOGA
37409,CHATTANOOGA
37410,CHATTANOOGA
37411,CHATTANOOGA
37412,CHATTANOOGA
37414,CHATTANOOGA
37415,CHATTANOOGA
37416,CHATTANOOGA
37419,CHATTANOOGA
37421,CHATTANOOGA
37422,CHATTANOOGA
37424,CHATTANOOGA
37450,CHATTANOOGA
37601,JOHNSON CITY
37602,JOHNSON CITY
37604,JOHNSON CITY
37605,JOHNSON CITY
37615,JOHNSON CITY
37616,AFTON
37617,BLOUNTVILLE
37618,BLUFF CITY
37620,BRISTOL
37621,BRISTOL
37625,BRISTOL
37640,BUTLER
37641,CHUCKEY
37642,CHURCH HILL
37643,JOHNSON CITY
37644,ELIZABETHTON
37645,CHURCH HILL
37650,ERWIN
37656,FALL BRANCH
37657,FLAG POND
37658,HAMPTON
37659,JONESBOROUGH
37660,KINGSPORT
37662,KINGSPORT
37663,KINGSPORT
37664,KINGSPORT
37665,KINGSPORT
37681,LIMESTONE
37682,MILLIGAN
37683,MOUNTAIN CITY
37684,MOUNTAIN HOME
37686,PINEY FLATS
37687,ROAN MOUNTAIN
37688,SHADY VALLEY
37690,TELFORD
37691,TRADE
37692,ERWIN
37694,WATAUGA
37701,ALCOA
37705,ANDERSONVILLE
37707,HARROGATE
37708,BEAN STATION
37709,BLAINE
37710,BRICEVILLE
37711,BULLS GAP
37713,BYBEE
37714,CARYVILLE
37715,CLAIRFIELD
37716,CLINTON
37717,CLINTON
37719,COALFIELD
37721,CORRYTON
37722,COSBY
37723,CRAB ORCHARD
37724,CUMBERLAND GAP
37725,DANDRIDGE
37726,DEER LODGE
37727,DEL RIO
37729,LA FOLLETTE
37730,EAGAN
37731,EIDSON
37732,ELGIN
37737,FRIENDSVILLE
37738,GATLINBURG
37742,GREENBACK
37743,GREENEVILLE
37744,GREENEVILLE
37745,GREENEVILLE
37748,HARRIMAN
37752,HARROGATE
37753,COSBY
37754,HEISKELL
37755,HELENWOOD
37756,HUNTSVILLE
37757,JACKSBORO
37760,JEFFERSON CITY
37762,JELLICO
37763,KINGSTON
37764,KODAK
37766,LA FOLLETTE
37769,ROCKY TOP
37770,LANCING
37771,LENOIR CITY
37772,LENOIR CITY
37773,NEW TAZEWELL
37774,LOUDON
37777,LOUISVILLE
37779,LUTTRELL
37801,MARYVILLE
37802,MARYVILLE
37803,MARYVILLE
37804,MARYVILLE
37806,MASCOT
37807,MAYNARDVILLE
37809,MOSHEIM
37810,MOHAWK
37811,BEAN STATION
37813,MORRISTOWN
37814,MORRISTOWN
37815,MORRISTOWN
37816,MORRISTOWN
37818,MOSHEIM
37819,JELLICO
37820,NEW MARKET
37821,NEWPORT
37822,NEWPORT
37824,NEW TAZEWELL
37825,NEW TAZEWELL
37826,NIOTA
37828,NORRIS
37829,OAKDALE
37830,OAK RIDGE
37831,OAK RIDGE
37840,OLIVER SPRINGS
37841,ONEIDA
37843,PARROTTSVILLE
37845,PETROS
37846,PHILADELPHIA
37847,HUNTSVILLE
37849,POWELL
37852,ROBBINS
37853,ROCKFORD
37854,ROCKWOOD
37857,ROGERSVILLE
37860,RUSSELLVILLE
37861,RUTLEDGE
37862,SEVIERVILLE
37863,PIGEON FORGE
37864,SEVIERVILLE
37865,SEYMOUR
37866,SHARPS CHAPEL
37867,HARROGATE
37868,PIGEON FORGE
37869,SNEEDVILLE
37870,SPEEDWELL
37871,STRAWBERRY PLAINS
37872,SUNBRIGHT
37873,SURGOINSVILLE
37874,SWEETWATER
37876,SEVIERVILLE
37877,TALBOTT
37878,MARYVILLE
37879,NEW TAZEWELL
37880,TEN MILE
37881,THORN HILL
37882,TOWNSEND
37885,VONORE
37886,WALLAND
37887,WARTBURG
37888,WASHBURN
37890,WHITE PINE
37891,WHITESBURG
37892,WINFIELD
37901,KNOXVILLE
37902,KNOXVILLE
37909,KNOXVILLE
37912,KNOXVILLE
37914,KNOXVILLE
37915,KNOXVILLE
37916,KNOXVILLE
37917,KNOXVILLE
37918,KNOXVILLE
37919,KNOXVILLE
37920,KNOXVILLE
37921,KNOXVILLE
37922,KNOXVILLE
37923,KNOXVILLE
37924,KNOXVILLE
37927,KNOXVILLE
37928,KNOXVILLE
37929,KNOXVILLE
37930,KNOXVILLE
37931,KNOXVILLE
37932,KNOXVILLE
37933,KNOXVILLE
37934,KNOXVILLE
37938,KNOXVILLE
37939,KNOXVILLE
37940,KNOXVILLE
37950,KNOXVILLE
38001,ALAMO
38002,ARLINGTON
38004,ATOKA
38006,BELLS
38007,DYERSBURG
38008,BOLIVAR
38010,MASON
38011,BRIGHTON
38012,BROWNSVILLE
38014,BRUNSWICK
38015,BURLISON
38016,CORDOVA
38017,COLLIERVILLE
38018,CORDOVA
38019,COVINGTON
38021,CROCKETT MILLS
38023,DRUMMONDS
38024,DYERSBURG
38025,DYERSBURG
38027,COLLIERVILLE
38028,EADS
38029,ELLENDALE
38030,FINLEY
38034,FRIENDSHIP
38036,GALLAWAY
38037,GATES
38039,GRAND JUNCTION
38040,HALLS
38041,HENNING
38042,HICKORY VALLEY
38044,HORNSBY
38046,LA GRANGE
38047,LENOX
38048,OAKLAND
38049,MASON
38050,MAURY CITY
38052,MIDDLETON
38053,MILLINGTON
38054,MILLINGTON
38057,MOSCOW
38058,MUNFORD
38059,NEWBERN
38060,OAKLAND
38061,POCAHONTAS
38063,RIPLEY
38066,ROSSVILLE
38067,SAULSBURY
38068,SOMERVILLE
38069,STANTON
38070,TIGRETT
38071,TIPTON
38075,WHITEVILLE
38076,SOMERVILLE
38077,WYNNBURG
38079,TIPTONVILLE
38080,RIDGELY
38083,MILLINGTON
38088,CORDOVA
38101,MEMPHIS
38103,MEMPHIS
38104,MEMPHIS
38105,MEMPHIS
38106,MEMPHIS
38107,MEMPHIS
38108,MEMPHIS
38109,MEMPHIS
38111,MEMPHIS
38112,MEMPHIS
38113,MEMPHIS
38114,MEMPHIS
38115,MEMPHIS
38116,MEMPHIS
38117,MEMPHIS
38118,MEMPHIS
38119,MEMPHIS
38120,MEMPHIS
38122,MEMPHIS
38124,MEMPHIS
38125,MEMPHIS
38126,MEMPHIS
38127,MEMPHIS
38128,MEMPHIS
38130,MEMPHIS
38131,MEMPHIS
38132,MEMPHIS
38133,MEMPHIS
38134,MEMPHIS
38135,MEMPHIS
38137,MEMPHIS
38138,GERMANTOWN
38139,GERMANTOWN
38141,MEMPHIS
38157,MEMPHIS
38167,MEMPHIS
38168,MEMPHIS
38173,MEMPHIS
38174,MEMPHIS
38175,MEMPHIS
38177,MEMPHIS
38181,MEMPHIS
38182,MEMPHIS
38183,GERMANTOWN
38184,MEMPHIS
38186,MEMPHIS
38187,MEMPHIS
38190,MEMPHIS
38201,MC KENZIE
38220,ATWOOD
38221,BIG SANDY
38222,BUCHANAN
38223,COMO
38224,COTTAGE GROVE
38225,DRESDEN
38226,DUKEDOM
38229,DRESDEN
38230,GREENFIELD
38231,HENRY
38232,HORNBEAK
38233,KENTON
38235,MC LEMORESVILLE
38236,MANSFIELD
38237,MARTIN
38240,OBION
38241,PALMERSVILLE
38242,PARIS
38251,PURYEAR
38253,RIVES
38255,GREENFIELD
38256,SPRINGVILLE
38257,FULTON
38258,ATWOOD
38259,TRIMBLE
38260,TROY
38261,UNION CITY
38271,WOODLAND MILLS
38281,UNION CITY
38301,JACKSON
38302,JACKSON
38303,JACKSON
38305,JACKSON
38308,JACKSON
38310,ADAMSVILLE
38311,BATH SPRINGS
38313,BEECH BLUFF
38314,JACKSON
38315,BETHEL SPRINGS
38316,BRADFORD
38317,BRUCETON
38318,BRUCETON
38320,CAMDEN
38321,CEDAR GROVE
38324,CLARKSBURG
38326,COUNCE
38327,ADAMSVILLE
38329,DECATURVILLE
38330,DYER
38332,ENVILLE
38333,EVA
38334,FINGER
38337,GADSDEN
38338,GIBSON
38339,GUYS
38340,HENDERSON
38341,HOLLADAY
38342,BRUCETON
38343,HUMBOLDT
38344,HUNTINGDON
38345,LURAY
38346,IDLEWILD
38347,JACKS CREEK
38348,LAVINIA
38351,LEXINGTON
38352,LURAY
38355,MEDINA
38356,MEDON
38357,MICHIE
38358,MILAN
38359,MILLEDGEVILLE
38361,MORRIS CHAPEL
38362,OAKFIELD
38363,PARSONS
38365,PICKWICK DAM
38366,PINSON
38367,RAMER
38368,REAGAN
38369,DYER
38370,SALTILLO
38371,SARDIS
38372,SAVANNAH
38374,SCOTTS HILL
38375,SELMER
38376,SHILOH
38378,SPRING CREEK
38379,SELMER
38380,SUGAR TREE
38381,TOONE
38382,TRENTON
38387,WESTPORT
38388,WILDERSVILLE
38389,YORKVILLE
38390,YUMA
38391,DENMARK
38392,MERCER
38393,CHEWALLA
38401,COLUMBIA
38402,COLUMBIA
38425,CLIFTON
38449,ARDMORE
38450,COLLINWOOD
38451,CULLEOKA
38452,CYPRESS INN
38454,DUCK RIVER
38455,ELKTON
38456,ETHRIDGE
38457,LEOMA
38459,FRANKEWING
38460,GOODSPRING
38461,HAMPSHIRE
38462,HOHENWALD
38463,IRON CITY
38464,LAWRENCEBURG
38468,LEOMA
38469,LORETTO
38471,COLLINWOOD
38472,LYNNVILLE
38473,MINOR HILL
38474,MOUNT PLEASANT
38475,CLIFTON
38476,WILLIAMSPORT
38477,PROSPECT
38478,PULASKI
38481,SAINT JOSEPH
38482,SANTA FE
38483,SUMMERTOWN
38485,WAYNESBORO
38486,WESTPOINT
38487,WILLIAMSPORT
38488,TAFT
38501,COOKEVILLE
38502,COOKEVILLE
38503,COOKEVILLE
38504,ALLARDT
38506,COOKEVILLE
38541,ALLONS
38542,ALPINE
38543,ALPINE
38544,BAXTER
38545,BLOOMINGTON SPRINGS
38547,BRUSH CREEK
38548,BUFFALO VALLEY
38549,BYRDSTOWN
38550,CAMPAIGN
38551,CELINA
38552,CHESTNUT MOUND
38553,CLARKRANGE
38554,CRAWFORD
38555,CROSSVILLE
38556,JAMESTOWN
38557,CROSSVILLE
38558,CROSSVILLE
38559,DOYLE
38560,CHESTNUT MOUND
38562,GAINESBORO
38563,GORDONSVILLE
38564,CHESTNUT MOUND
38565,CLARKRANGE
38567,HICKMAN
38568,HILHAM
38570,LIVINGSTON
38571,CROSSVILLE
38572,CROSSVILLE
38573,MONROE
38574,MONTEREY
38575,MOSS
38577,PALL MALL
38578,PLEASANT HILL
38580,RICKMAN
38581,ROCK ISLAND
38582,SILVER POINT
38583,SPARTA
38585,SPENCER
38587,WALLING
38588,GAINESBORO
38589,LIVINGSTON
38601,ABBEVILLE
38602,ARKABUTLA
38603,ASHLAND
38606,BATESVILLE
38610,BLUE MOUNTAIN
38611,BYHALIA
38614,CLARKSDALE
38617,COAHOMA
38618,COLDWATER
38619,COMO
38620,COURTLAND
38621,CRENSHAW
38622,CROWDER
38623,DARLING
38625,DUMAS
38626,DUNDEE
38627,ETTA
38629,FALKNER
38631,FRIARS POINT
38632,HERNANDO
38633,HICKORY FLAT
38634,HOLLY SPRINGS
38635,HOLLY SPRINGS
38637,HORN LAKE
38638,INDEPENDENCE
38639,JONESTOWN
38641,LAKE CORMORANT
38642,LAMAR
38643,LAMBERT
38645,CLARKSDALE
38646,MARKS
38647,ASHLAND
38649,HOLLY SPRINGS
38650,MYRTLE
38651,NESBIT
38652,NEW ALBANY
38654,OLIVE BRANCH
38655,OXFORD
38658,POPE
38659,POTTS CAMP
38661,RED BANKS
38663,RIPLEY
38664,ROBINSONVILLE
38665,SARAH
38666,SARDIS
38668,SENATOBIA
38670,SLEDGE
38671,SOUTHAVEN
38672,SOUTHAVEN
38673,OXFORD
38674,FALKNER
38676,TUNICA
38679,VICTORIA
38680,WALLS
38683,WALNUT
38685,WATERFORD
38701,GREENVILLE
38702,GREENVILLE
38703,GREENVILLE
38704,GREENVILLE
38720,ALLIGATOR
38721,ANGUILLA
38722,ARCOLA
38723,AVON
38725,BENOIT
38726,BEULAH
38730,BOYLE
38732,CLEVELAND
38736,DODDSVILLE
38737,DREW
38739,DUBLIN
38740,DUNCAN
38744,GLEN ALLAN
38745,GRACE
38746,GUNNISON
38748,HOLLANDALE
38751,INDIANOLA
38753,INVERNESS
38754,ISOLA
38756,LELAND
38759,MERIGOLD
38760,METCALFE
38761,MOORHEAD
38762,MOUND BAYOU
38764,PACE
38767,RENA LARA
38768,ROME
38769,ROSEDALE
38771,RULEVILLE
38772,SHAW
38773,SHAW
38774,SHELBY
38776,STONEVILLE
38778,SUNFLOWER
38780,WAYSIDE
38781,WINSTONVILLE
38801,TUPELO
38802,TUPELO
38803,TUPELO
38804,TUPELO
38820,ALGOMA
38821,AMORY
38824,BALDWYN
38825,BECKER
38826,BELDEN
38827,BELMONT
38828,BLUE SPRINGS
38829,BOONEVILLE
38833,BURNSVILLE
38834,CORINTH
38835,CORINTH
38838,DENNIS
38839,DERMA
38841,ECRU
38843,FULTON
38844,GATTMAN
38846,GLEN
38847,BELMONT
38848,GREENWOOD SPRINGS
38849,GUNTOWN
38850,HOULKA
38851,HOUSTON
38852,IUKA
38855,MANTACHIE
38856,MARIETTA
38857,MOOREVILLE
38858,NETTLETON
38860,OKOLONA
38862,PLANTERSVILLE
38863,PONTOTOC
38864,PONTOTOC
38865,RIENZI
38866,SALTILLO
38868,SHANNON
38869,SHERMAN
38870,AMORY
38871,PONTOTOC
38873,TISHOMINGO
38874,TOCCOPOLA
38876,TREMONT
38877,VAN VLEET
38878,VARDAMAN
38879,VERONA
38880,WHEELER
38901,GRENADA
38902,GRENADA
38915,BRUCE
38916,CALHOUN CITY
38917,CARROLLTON
38920,CASCILLA
38921,CHARLESTON
38922,COFFEEVILLE
38923,COILA
38924,CRUGER
38925,DUCK HILL
38927,ENID
38928,GLENDORA
38929,GORE SPRINGS
38930,GREENWOOD
38935,GREENWOOD
38940,HOLCOMB
38941,ITTA BENA
38943,MC CARLEY
38944,MINTER CITY
38946,MORGAN CITY
38947,NORTH CARROLLTON
38948,OAKLAND
38950,PHILIPP
38951,PITTSBORO
38952,SCHLATER
38953,GRENADA
38954,SIDON
38957,SUMNER
38961,TILLATOBA
38962,TIPPO
38963,TUTWILER
38964,VANCE
38965,WATER VALLEY
38966,WEBB
38967,WINONA
39038,BELZONI
39039,BENTON
39040,BENTONIA
39041,BOLTON
39042,BRANDON
39043,BRANDON
39044,BRAXTON
39045,CAMDEN
39046,CANTON
39047,BRANDON
39051,CARTHAGE
39054,CARY
39056,CLINTON
39057,CONEHATTA
39059,CRYSTAL SPRINGS
39060,CLINTON
39062,D LO
39063,DURANT
39066,EDWARDS
39067,ETHEL
39069,FAYETTE
39071,FLORA
39073,FLORENCE
39074,FOREST
39077,GALLMAN
39078,GEORGETOWN
39079,GOODMAN
39080,HARPERVILLE
39082,HARRISVILLE
39083,HAZLEHURST
39086,HERMANVILLE
39087,HILLSBORO
39088,HOLLY BLUFF
39090,KOSCIUSKO
39092,LAKE
39094,LENA
39095,LEXINGTON
39096,LORMAN
39097,LOUISE
39098,LUDLOW
39108,MC COOL
39109,MADDEN
39110,MADISON
39111,MAGEE
39113,MAYERSVILLE
39114,MENDENHALL
39116,MIZE
39117,MORTON
39119,MOUNT OLIVE
39120,NATCHEZ
39121,NATCHEZ
39122,NATCHEZ
39130,MADISON
39140,NEWHEBRON
39144,PATTISON
39145,PELAHATCHIE
39146,PICKENS
39148,PINEY WOODS
39149,PINOLA
39150,PORT GIBSON
39151,PUCKETT
39152,PULASKI
39153,RALEIGH
39154,RAYMOND
39156,REDWOOD
39157,RIDGELAND
39158,RIDGELAND
39159,ROLLING FORK
39160,SALLIS
39161,SANDHILL
39162,SATARTIA
39163,SHARON
39165,SIBLEY
39166,SILVER CITY
39167,STAR
39168,TAYLORSVILLE
39169,TCHULA
39170,TERRY
39173,TINSLEY
39174,TOUGALOO
39175,UTICA
39176,VAIDEN
39177,VALLEY PARK
39179,PICKENS
39180,VICKSBURG
39181,VICKSBURG
39182,VICKSBURG
39183,VICKSBURG
39189,WALNUT GROVE
39190,WASHINGTON
39191,WESSON
39192,WEST
39193,WHITFIELD
39194,YAZOO CITY
39201,JACKSON
39202,JACKSON
39203,JACKSON
39204,JACKSON
39205,JACKSON
39206,JACKSON
39207,JACKSON
39208,PEARL
39209,JACKSON
39211,JACKSON
39212,JACKSON
39213,JACKSON
39215,JACKSON
39216,JACKSON
39218,RICHLAND
39225,JACKSON
39232,FLOWOOD
39236,JACKSON
39269,JACKSON
39272,BYRAM
39282,JACKSON
39283,JACKSON
39284,JACKSON
39286,JACKSON
39288,PEARL
39289,JACKSON
39296,JACKSON
39298,FLOWOOD
39301,MERIDIAN
39302,MERIDIAN
39303,MERIDIAN
39304,MERIDIAN
39305,MERIDIAN
39307,MERIDIAN
39320,BAILEY
39322,BUCKATUNNA
39323,CHUNKY
39324,CLARA
39325,COLLINSVILLE
39326,DALEVILLE
39327,DECATUR
39328,DE KALB
39330,ENTERPRISE
39332,HICKORY
39335,LAUDERDALE
39336,LAWRENCE
39337,LITTLE ROCK
39338,LOUIN
39339,LOUISVILLE
39341,MACON
39342,MARION
39345,NEWTON
39346,NOXAPATER
39347,PACHUTA
39348,PAULDING
39350,CHOCTAW
39352,PORTERVILLE
39354,PRESTON
39355,QUITMAN
39356,ROSE HILL
39358,SCOOBA
39359,SEBASTOPOL
39360,SHUBUTA
39361,SHUQUALAK
39362,STATE LINE
39363,STONEWALL
39364,TOOMSUBA
39365,UNION
39366,VOSSBURG
39367,WAYNESBORO
39401,HATTIESBURG
39402,HATTIESBURG
39403,HATTIESBURG
39404,HATTIESBURG
39421,BASSFIELD
39422,BAY SPRINGS
39423,BEAUMONT
39425,BROOKLYN
39426,CARRIERE
39427,BASSFIELD
39428,COLLINS
39429,COLUMBIA
39436,EASTABUCHIE
39437,ELLISVILLE
39439,HEIDELBERG
39440,LAUREL
39441,LAUREL
39442,LAUREL
39443,LAUREL
39451,LEAKESVILLE
39452,LUCEDALE
39455,LUMBERTON
39456,BEAUMONT
39457,MC NEILL
39459,MOSELLE
39461,NEELY
39462,NEW AUGUSTA
39463,NICHOLSON
39464,OVETT
39465,PETAL
39466,PICAYUNE
39470,POPLARVILLE
39474,PRENTISS
39475,PURVIS
39476,RICHTON
39477,SANDERSVILLE
39478,SANDY HOOK
39479,SEMINARY
39480,SOSO
39481,STRINGER
39482,SUMRALL
39483,FOXWORTH
39501,GULFPORT
39502,GULFPORT
39503,GULFPORT
39505,GULFPORT
39506,GULFPORT
39507,GULFPORT
39520,BAY SAINT LOUIS
39521,BAY SAINT LOUIS
39525,BAY SAINT LOUIS
39530,BILOXI
39531,BILOXI
39532,DIBERVILLE
39533,BILOXI
39534,BILOXI
39535,BILOXI
39540,DIBERVILLE
39552,ESCATAWPA
39553,GAUTIER
39555,HURLEY
39556,KILN
39558,BAY SAINT LOUIS
39560,LONG BEACH
39561,MC HENRY
39562,MOSS POINT
39563,MOSS POINT
39564,OCEAN SPRINGS
39565,VANCLEAVE
39566,OCEAN SPRINGS
39567,PASCAGOULA
39568,PASCAGOULA
39569,PASCAGOULA
39571,PASS CHRISTIAN
39572,BAY SAINT LOUIS
39573,PERKINSTON
39574,SAUCIER
39576,BAY SAINT LOUIS
39577,WIGGINS
39581,PASCAGOULA
39601,BROOKHAVEN
39602,BROOKHAVEN
39603,BROOKHAVEN
39629,BOGUE CHITTO
39630,BUDE
39631,CENTREVILLE
39633,CROSBY
39635,FERNWOOD
39638,GLOSTER
39641,JAYESS
39643,KOKOMO
39645,LIBERTY
39647,MC CALL CREEK
39648,MCCOMB
39649,MCCOMB
39652,MAGNOLIA
39653,MEADVILLE
39654,MONTICELLO
39656,OAK VALE
39657,OSYKA
39661,ROXIE
39662,BOGUE CHITTO
39663,SILVER CREEK
39664,SMITHDALE
39665,SONTAG
39666,SUMMIT
39667,TYLERTOWN
39668,UNION CHURCH
39669,WOODVILLE
39701,COLUMBUS
39702,COLUMBUS
39703,COLUMBUS
39704,COLUMBUS
39705,COLUMBUS
39730,ABERDEEN
39735,ACKERMAN
39736,ARTESIA
39737,BELLEFONTAINE
39739,BROOKSVILLE
39740,CALEDONIA
39741,CEDARBLUFF
39743,CRAWFORD
39744,EUPORA
39745,FRENCH CAMP
39746,HAMILTON
39747,KILMICHAEL
39750,MABEN
39751,MANTEE
39752,MATHISTON
39755,PHEBA
39756,PRAIRIE
39759,STARKVILLE
39760,STARKVILLE
39762,MISSISSIPPI STATE
39766,STEENS
39767,STEWART
39769,STURGIS
39771,WALTHALL
39772,WEIR
39773,WEST POINT
39776,WOODLAND
39813,ARLINGTON
39815,ATTAPULGUS
39817,BAINBRIDGE
39818,BAINBRIDGE
39819,BAINBRIDGE
39823,BLAKELY
39824,BLUFFTON
39825,BRINSON
39826,BRONWOOD
39827,CAIRO
39828,CAIRO
39829,CALVARY
39832,CEDAR SPRINGS
39834,WHIGHAM
39836,COLEMAN
39837,COLQUITT
39840,CUTHBERT
39841,DAMASCUS
39842,DAWSON
39845,DONALSONVILLE
39846,EDISON
39851,FORT GAINES
39852,FOWLSTOWN
39854,GEORGETOWN
39859,IRON CITY
39861,JAKIN
39862,LEARY
39866,MORGAN
39870,NEWTON
39877,PARROTT
39885,SASSER
39886,SHELLMAN
39897,WHIGHAM
40003,BAGDAD
40004,BARDSTOWN
40006,BEDFORD
40007,BETHLEHEM
40008,BLOOMFIELD
40009,BRADFORDSVILLE
40010,BUCKNER
40011,CAMPBELLSBURG
40012,BLOOMFIELD
40013,COXS CREEK
40014,CRESTWOOD
40018,EASTWOOD
40019,EMINENCE
40020,FAIRFIELD
40022,FINCHVILLE
40023,FISHERVILLE
40025,GLENVIEW
40026,GOSHEN
40027,HARRODS CREEK
40031,LA GRANGE
40033,LEBANON
40036,EMINENCE
40037,LEBANON
40040,MACKVILLE
40045,MILTON
40046,WADDY
40047,MOUNT WASHINGTON
40048,NAZARETH
40050,EMINENCE
40051,NEW HAVEN
40052,NEW HAVEN
40055,PENDLETON
40056,PEWEE VALLEY
40057,EMINENCE
40058,PORT ROYAL
40059,PROSPECT
40060,LEBANON
40062,LEBANON
40063,SAINT MARY
40065,SHELBYVILLE
40066,SHELBYVILLE
40067,SIMPSONVILLE
40068,EMINENCE
40069,SPRINGFIELD
40070,PENDLETON
40071,TAYLORSVILLE
40075,CAMPBELLSBURG
40076,WADDY
40077,WESTPORT
40078,SPRINGFIELD
40104,BATTLETOWN
40107,BOSTON
40108,BRANDENBURG
40109,BROOKS
40110,SHEPHERDSVILLE
40111,CLOVERPORT
40115,CUSTER
40117,BRANDENBURG
40118,FAIRDALE
40119,MC DANIELS
40121,FORT KNOX
40129,HILLVIEW
40140,GARFIELD
40142,GUSTON
40143,HARDINSBURG
40144,HARNED
40145,HARNED
40146,IRVINGTON
40150,LEBANON JUNCTION
40152,HARNED
40153,MC QUADY
40155,FORT KNOX
40157,BRANDENBURG
40159,RADCLIFF
40160,RADCLIFF
40161,BRANDENBURG
40162,RINEYVILLE
40165,SHEPHERDSVILLE
40170,STEPHENSPORT
40175,VINE GROVE
40176,IRVINGTON
40177,FORT KNOX
40178,HARNED
40201,LOUISVILLE
40202,LOUISVILLE
40203,LOUISVILLE
40204,LOUISVILLE
40205,LOUISVILLE
40206,LOUISVILLE
40207,LOUISVILLE
40208,LOUISVILLE
40209,LOUISVILLE
40210,LOUISVILLE
40211,LOUISVILLE
40212,LOUISVILLE
40213,LOUISVILLE
40214,LOUISVILLE
40215,LOUISVILLE
40216,LOUISVILLE
40217,LOUISVILLE
40218,LOUISVILLE
40219,LOUISVILLE
40220,LOUISVILLE
40221,LOUISVILLE
40222,LOUISVILLE
40223,LOUISVILLE
40224,LOUISVILLE
40228,LOUISVILLE
40229,LOUISVILLE
40231,LOUISVILLE
40232,LOUISVILLE
40233,LOUISVILLE
40241,LOUISVILLE
40242,LOUISVILLE
40243,LOUISVILLE
40245,LOUISVILLE
40250,LOUISVILLE
40251,LOUISVILLE
40252,LOUISVILLE
40253,LOUISVILLE
40255,LOUISVILLE
40256,LOUISVILLE
40257,LOUISVILLE
40258,LOUISVILLE
40259,LOUISVILLE
40268,LOUISVILLE
40269,LOUISVILLE
40270,LOUISVILLE
40272,LOUISVILLE
40285,LOUISVILLE
40290,LOUISVILLE
40291,LOUISVILLE
40293,LOUISVILLE
40295,LOUISVILLE
40298,LOUISVILLE
40299,LOUISVILLE
40310,BURGIN
40311,CARLISLE
40312,CLAY CITY
40313,CLEARFIELD
40316,DENNISTON
40317,ELLIOTTVILLE
40319,FARMERS
40322,FRENCHBURG
40324,GEORGETOWN
40328,GRAVEL SWITCH
40330,HARRODSBURG
40334,FRENCHBURG
40336,IRVINE
40337,JEFFERSONVILLE
40339,KEENE
40340,NICHOLASVILLE
40342,LAWRENCEBURG
40346,FRENCHBURG
40347,MIDWAY
40348,MILLERSBURG
40351,MOREHEAD
40353,MOUNT STERLING
40355,NEW LIBERTY
40356,NICHOLASVILLE
40357,NORTH MIDDLETOWN
40358,OLYMPIA
40359,OWENTON
40360,OWINGSVILLE
40361,PARIS
40362,PARIS
40363,PERRY PARK
40370,SADIEVILLE
40371,OWINGSVILLE
40372,LAWRENCEBURG
40374,OWINGSVILLE
40379,STAMPING GROUND
40380,STANTON
40383,VERSAILLES
40385,WACO
40387,FRENCHBURG
40390,WILMORE
40391,WINCHESTER
40392,WINCHESTER
40402,ANNVILLE
40403,BEREA
40405,BIGHILL
40409,BRODHEAD
40410,BRYANTSVILLE
40419,CRAB ORCHARD
40422,DANVILLE
40423,DANVILLE
40434,GRAY HAWK
40437,HUSTONVILLE
40440,JUNCTION CITY
40442,KINGS MOUNTAIN
40444,LANCASTER
40445,LIVINGSTON
40447,MC KEE
40448,MC KINNEY
40452,PARKSVILLE
40456,MOUNT VERNON
40460,MOUNT VERNON
40461,BEREA
40464,DANVILLE
40468,DANVILLE
40472,IRVINE
40473,MOUNT VERNON
40475,RICHMOND
40476,RICHMOND
40481,MC KEE
40484,STANFORD
40486,ANNVILLE
40489,WAYNESBURG
40492,WILDIE
40502,LEXINGTON
40503,LEXINGTON
40504,LEXINGTON
40505,LEXINGTON
40507,LEXINGTON
40508,LEXINGTON
40509,LEXINGTON
40510,LEXINGTON
40511,LEXINGTON
40512,LEXINGTON
40513,LEXINGTON
40514,LEXINGTON
40515,LEXINGTON
40516,LEXINGTON
40517,LEXINGTON
40522,LEXINGTON
40523,LEXINGTON
40524,LEXINGTON
40533,LEXINGTON
40544,LEXINGTON
40555,LEXINGTON
40574,LEXINGTON
40575,LEXINGTON
40576,LEXINGTON
40577,LEXINGTON
40578,LEXINGTON
40579,LEXINGTON
40580,LEXINGTON
40581,LEXINGTON
40582,LEXINGTON
40583,LEXINGTON
40588,LEXINGTON
40591,LEXINGTON
40601,FRANKFORT
40602,FRANKFORT
40604,FRANKFORT
40701,CORBIN
40702,CORBIN
40729,EAST BERNSTADT
40730,EMLYN
40734,GRAY
40737,CORBIN
40740,CORBIN
40741,LONDON
40742,LONDON
40743,LONDON
40744,LONDON
40745,LONDON
40755,PITTSBURG
40759,ROCKHOLDS
40763,SILER
40769,WILLIAMSBURG
40771,WOODBINE
40801,EVARTS
40803,ASHER
40806,BAXTER
40807,BENHAM
40808,BIG LAUREL
40810,BLEDSOE
40813,CALVIN
40815,CAWOOD
40819,COLDIRON
40820,CRANKS
40823,CUMBERLAND
40824,LOYALL
40826,CUMBERLAND
40827,ESSIE
40828,EVARTS
40829,GRAYS KNOB
40831,HARLAN
40840,HARLAN
40843,CLOSPLINT
40844,HOSKINSTON
40847,KENVIR
40849,LEJUNIOR
40854,LOYALL
40855,LYNCH
40856,MIRACLE
40862,PARTRIDGE
40863,PATHFORK
40865,PUTNEY
40868,STINNETT
40870,TOTZ
40873,HARLAN
40874,ASHER
40902,ARJAY
40903,ARTEMUS
40906,BARBOURVILLE
40913,BEVERLY
40914,BIG CREEK
40915,BARBOURVILLE
40921,BRYANTS STORE
40923,CANNON
40927,CLOSPLINT
40930,DEWITT
40932,FALL ROCK
40935,BARBOURVILLE
40939,FOURMILE
40940,FRAKES
40941,GARRARD
40943,GIRDLER
40944,GOOSE ROCK
40949,HEIDRICK
40955,INGRAM
40962,MANCHESTER
40965,MIDDLESBORO
40972,ONEIDA
40977,PINEVILLE
40979,ROARK
40981,ONEIDA
40982,SCALF
40983,SEXTONS CREEK
40988,PINEVILLE
40995,ARTEMUS
41001,ALEXANDRIA
41002,AUGUSTA
41003,BERRY
41004,BROOKSVILLE
41005,BURLINGTON
41006,BUTLER
41007,CALIFORNIA
41008,CARROLLTON
41010,CORINTH
41011,COVINGTON
41012,COVINGTON
41014,COVINGTON
41015,ERLANGER
41016,COVINGTON
41017,LAKESIDE PARK
41018,ERLANGER
41022,FLORENCE
41030,CRITTENDEN
41031,CYNTHIANA
41033,DE MOSSVILLE
41034,DOVER
41035,DRY RIDGE
41039,EWING
41040,FALMOUTH
41041,FLEMINGSBURG
41042,FLORENCE
41043,CALIFORNIA
41044,BROOKSVILLE
41045,WARSAW
41046,GLENCOE
41048,HEBRON
41049,HILLSBORO
41051,INDEPENDENCE
41052,JONESVILLE
41055,MAYSLICK
41056,MAYSVILLE
41059,ALEXANDRIA
41063,MORNING VIEW
41064,MOUNT OLIVET
41071,NEWPORT
41072,NEWPORT
41073,BELLEVUE
41074,NEWPORT
41075,FORT THOMAS
41076,HIGHLAND HEIGHTS
41080,PETERSBURG
41081,PLUMMERS LANDING
41083,GLENCOE
41085,SILVER GROVE
41086,SANDERS
41091,UNION
41092,VERONA
41093,WALLINGFORD
41094,WALTON
41095,WARSAW
41096,WASHINGTON
41097,WILLIAMSTOWN
41098,CARROLLTON
41101,HUNTINGTON
41102,HUNTINGTON
41105,ASHLAND
41121,GREENUP
41124,BLAINE
41129,CATLETTSBURG
41132,GRAYSON
41135,VANCEBURG
41139,FLATWOODS
41141,GARRISON
41142,GRAHN
41143,GRAYSON
41144,GREENUP
41146,GRAYSON
41159,LOUISA
41164,OLIVE HILL
41166,GARRISON
41168,CATLETTSBURG
41169,RUSSELL
41171,SANDY HOOK
41173,SOLDIER
41174,SOUTH PORTSMOUTH
41175,SOUTH SHORE
41179,VANCEBURG
41180,GRAYSON
41181,WILLARD
41183,WORTHINGTON
41189,TOLLESBORO
41201,LOUISA
41203,BEAUTY
41204,BOONS CAMP
41214,INEZ
41216,PAINTSVILLE
41219,FLATGAP
41222,HAGERHILL
41224,INEZ
41230,LOUISA
41231,INEZ
41232,LOWMANSVILLE
41234,MEALLY
41238,OIL SPRINGS
41240,PAINTSVILLE
41250,INEZ
41254,PAINTSVILLE
41255,PAINTSVILLE
41256,STAFFORDSVILLE
41257,PAINTSVILLE
41260,PAINTSVILLE
41262,INEZ
41263,PAINTSVILLE
41264,PAINTSVILLE
41265,PAINTSVILLE
41267,INEZ
41268,PAINTSVILLE
41274,PAINTSVILLE
41301,CAMPTON
41310,JACKSON
41311,BEATTYVILLE
41314,BOONEVILLE
41317,JACKSON
41332,HAZEL GREEN
41339,JACKSON
41348,JACKSON
41360,CAMPTON
41365,CAMPTON
41366,JACKSON
41367,JACKSON
41368,SAINT HELENS
41385,JACKSON
41386,VINCENT
41390,JACKSON
41397,ZOE
41408,CANNEL CITY
41413,CROCKETT
41421,WEST LIBERTY
41425,EZEL
41426,FALCON
41451,MALONE
41464,SALYERSVILLE
41465,SALYERSVILLE
41472,WEST LIBERTY
41501,PIKEVILLE
41502,PIKEVILLE
41503,WILLIAMSON
41512,ASHCAMP
41513,BELCHER
41514,BELFRY
41517,BURDINE
41519,BELFRY
41520,DORTON
41522,ELKHORN CITY
41524,FEDSCREEK
41527,FOREST HILLS
41528,PHELPS
41531,HARDY
41534,HELLIER
41537,JENKINS
41538,JONANCY
41539,KIMPER
41540,LICK CREEK
41542,ELKHORN CITY
41543,MC ANDREWS
41544,MC CARR
41547,PHELPS
41548,MOUTHCARD
41549,DORTON
41553,PHELPS
41554,PHELPS
41555,BELFRY
41557,PIKEVILLE
41558,BELFRY
41559,REGINA
41560,ROBINSON CREEK
41561,REGINA
41562,PIKEVILLE
41564,BELFRY
41566,ELKHORN CITY
41568,PHELPS
41571,PIKEVILLE
41572,VIRGIE
41601,ALLEN
41602,AUXIER
41603,ALLEN
41604,HAROLD
41605,BETSY LAYNE
41606,BEVINSVILLE
41607,BLUE RIVER
41615,ALLEN
41616,DAVID
41621,DWALE
41622,LACKEY
41630,GARRETT
41631,GRETHEL
41635,HAROLD
41636,HI HAT
41640,GARRETT
41642,ALLEN
41643,LACKEY
41645,ALLEN
41647,MC DOWELL
41649,ALLEN
41650,MC DOWELL
41651,MC DOWELL
41653,PRESTONSBURG
41655,ALLEN
41659,STANVILLE
41660,HAROLD
41666,GARRETT
41667,WEEKSBURY
41669,WHEELWRIGHT
41701,HAZARD
41702,HAZARD
41712,ARY
41713,AVAWAM
41714,BEAR BRANCH
41719,BONNYMAN
41721,BONNYMAN
41722,BULAN
41723,HAZARD
41725,HINDMAN
41727,CHAVIES
41729,HAZARD
41731,CORNETTSVILLE
41735,DELPHIA
41736,DICE
41739,BULAN
41740,EMMALENA
41743,FISTY
41745,HAZARD
41746,HAPPY
41749,HYDEN
41751,JEFF
41754,KRYPTON
41759,HAZARD
41762,HYDEN
41763,HAZARD
41764,WOOTON
41766,HYDEN
41772,HAZARD
41773,HAZARD
41774,JEFF
41775,HYDEN
41776,WOOTON
41777,WOOTON
41778,YERKES
41804,BLACKEY
41810,CROMONA
41812,ISOM
41815,WHITESBURG
41817,HINDMAN
41821,HAZARD
41822,HINDMAN
41824,ISOM
41825,JACKHORN
41826,JEREMIAH
41828,TOPMOST
41831,HINDMAN
41832,WHITESBURG
41834,LITTCARR
41835,MC ROBERTS
41836,HINDMAN
41837,MAYKING
41838,MAYKING
41839,HAZARD
41840,NEON
41843,PINE TOP
41844,HINDMAN
41845,ISOM
41847,REDFOX
41848,ROXANA
41849,MAYKING
41855,MAYKING
41858,WHITESBURG
41862,HINDMAN
42001,PADUCAH
42002,PADUCAH
42003,PADUCAH
42020,DEXTER
42021,ARLINGTON
42022,BANDANA
42023,BARDWELL
42024,BARLOW
42025,BENTON
42027,BOAZ
42028,BURNA
42029,CALVERT CITY
42031,CLINTON
42032,COLUMBUS
42033,CRAYNE
42035,CUNNINGHAM
42036,DEXTER
42037,CRAYNE
42038,EDDYVILLE
42039,FANCY FARM
42040,FARMINGTON
42041,FULTON
42044,GILBERTSVILLE
42045,GILBERTSVILLE
42047,HAMPTON
42048,BENTON
42049,HAZEL
42050,HICKMAN
42051,HICKORY
42053,KEVIL
42054,KIRKSEY
42055,EDDYVILLE
42056,LA CENTER
42058,LEDBETTER
42060,LOVELACEVILLE
42061,LOWES
42063,SEDALIA
42064,MARION
42066,MAYFIELD
42069,MELBER
42071,MURRAY
42076,MURRAY
42078,SALEM
42079,MAYFIELD
42081,SMITHLAND
42082,BENTON
42083,TILINE
42085,FULTON
42086,WEST PADUCAH
42087,WICKLIFFE
42088,WINGO
42101,BOWLING GREEN
42102,BOWLING GREEN
42103,BOWLING GREEN
42104,BOWLING GREEN
42120,ADOLPHUS
42122,ALVATON
42127,CAVE CITY
42129,EDMONTON
42133,FOUNTAIN RUN
42134,FRANKLIN
42135,FRANKLIN
42140,GAMALIEL
42141,GLASGOW
42142,GLASGOW
42152,HISEVILLE
42154,KNOB LICK
42159,OAKLAND
42160,CAVE CITY
42163,BROWNSVILLE
42164,SCOTTSVILLE
42166,SUMMER SHADE
42167,TOMPKINSVILLE
42170,FRANKLIN
42171,SMITHS GROVE
42201,ABERDEEN
42202,ADAIRVILLE
42204,ALLENSVILLE
42206,AUBURN
42207,BEE SPRING
42210,BROWNSVILLE
42211,CADIZ
42214,CENTER
42215,CADIZ
42216,CLIFTY
42217,CROFTON
42219,MORGANTOWN
42220,ELKTON
42221,FAIRVIEW
42223,FORT CAMPBELL
42232,GRACEY
42234,GUTHRIE
42236,HERNDON
42240,HOPKINSVILLE
42241,HOPKINSVILLE
42252,JETSON
42256,LEWISBURG
42259,BROWNSVILLE
42261,MORGANTOWN
42262,OAK GROVE
42265,RUSSELLVILLE
42266,HOPKINSVILLE
42273,ROCHESTER
42274,ROCKFIELD
42276,RUSSELLVILLE
42285,SWEEDEN
42286,GUTHRIE
42288,WOODBURY
42301,OWENSBORO
42302,OWENSBORO
42303,OWENSBORO
42304,OWENSBORO
42320,BEAVER DAM
42321,DRAKESBORO
42322,CALHOUN
42323,BEECHMONT
42324,BEECHMONT
42325,BREMEN
42326,DRAKESBORO
42327,CALHOUN
42328,CENTERTOWN
42330,CENTRAL CITY
42332,CLEATON
42333,BEAVER DAM
42334,OWENSBORO
42337,DRAKESBORO
42339,DUNMOR
42343,FORDSVILLE
42344,GRAHAM
42345,GREENVILLE
42347,HARTFORD
42348,HAWESVILLE
42349,BEAVER DAM
42350,ISLAND
42351,LEWISPORT
42352,LIVERMORE
42354,MC HENRY
42355,LEWISPORT
42366,PHILPOT
42367,CENTRAL CITY
42368,FORDSVILLE
42369,ROCKPORT
42370,ROSINE
42372,CALHOUN
42374,SOUTH CARROLLTON
42376,UTICA
42378,WHITESVILLE
42404,CLAY
42406,CORYDON
42408,DAWSON SPRINGS
42409,DIXON
42410,EARLINGTON
42411,FREDONIA
42413,HANSON
42419,HENDERSON
42420,HENDERSON
42431,MADISONVILLE
42436,MADISONVILLE
42437,MORGANFIELD
42440,MORTONS GAP
42441,MANITOU
42442,NORTONVILLE
42444,POOLE
42445,PRINCETON
42450,PROVIDENCE
42451,HENDERSON
42452,ROBARDS
42453,SAINT CHARLES
42455,SEBREE
42456,SEBREE
42457,CORYDON
42458,HENDERSON
42459,STURGIS
42460,SULLIVAN
42461,UNIONTOWN
42462,MORGANFIELD
42463,WHEATCROFT
42464,WHITE PLAINS
42501,SOMERSET
42502,SOMERSET
42503,SOMERSET
42518,BRONSTON
42519,BURNSIDE
42528,DUNNVILLE
42533,FERGUSON
42539,LIBERTY
42541,MIDDLEBURG
42544,NANCY
42553,SCIENCE HILL
42558,BURNSIDE
42564,SOMERSET
42566,LIBERTY
42567,EUBANK
42602,ALBANY
42603,ALPHA
42629,JAMESTOWN
42631,MARSHES SIDING
42633,MONTICELLO
42634,PARKERS LAKE
42635,PINE KNOT
42638,REVELO
42642,RUSSELL SPRINGS
42647,STEARNS
42649,PINE KNOT
42653,WHITLEY CITY
42701,ELIZABETHTOWN
42702,ELIZABETHTOWN
42712,BIG CLIFTY
42713,BONNIEVILLE
42715,BREEDING
42716,BUFFALO
42717,BURKESVILLE
42718,CAMPBELLSVILLE
42719,CAMPBELLSVILLE
42721,CANEYVILLE
42722,HARDYVILLE
42724,CECILIA
42726,CLARKSON
42728,COLUMBIA
42729,CUB RUN
42732,EASTVIEW
42733,CAMPBELLSVILLE
42740,ELIZABETHTOWN
42743,GREENSBURG
42746,HARDYVILLE
42748,HODGENVILLE
42749,HORSE CAVE
42754,LEITCHFIELD
42755,LEITCHFIELD
42757,HODGENVILLE
42758,MANNSVILLE
42759,MARROWBONE
42762,MILLWOOD
42764,MOUNT SHERMAN
42765,MUNFORDVILLE
42776,SONORA
42782,GREENSBURG
42784,UPTON
42788,WHITE MILLS
43001,ALEXANDRIA
43002,DUBLIN
43003,ASHLEY
43004,BLACKLICK
43005,BLADENSBURG
43006,BRINKHAVEN
43007,RAYMOND
43008,BUCKEYE LAKE
43009,CABLE
43010,CATAWBA
43011,CENTERBURG
43013,CENTERBURG
43014,DANVILLE
43015,DELAWARE
43016,DUBLIN
43017,DUBLIN
43018,ETNA
43019,FREDERICKTOWN
43021,GALENA
43022,GAMBIER
43023,GRANVILLE
43025,HEBRON
43026,HILLIARD
43028,HOWARD
43029,IRWIN
43030,JACKSONTOWN
43031,JOHNSTOWN
43033,KIRKERSVILLE
43035,LEWIS CENTER
43036,RICHWOOD
43037,MARTINSBURG
43040,MARYSVILLE
43044,MECHANICSBURG
43045,MILFORD CENTER
43046,MILLERSPORT
43048,MOUNT LIBERTY
43050,MOUNT VERNON
43054,NEW ALBANY
43055,NEWARK
43056,HEATH
43058,HEATH
43060,NORTH LEWISBURG
43061,OSTRANDER
43062,PATASKALA
43064,PLAIN CITY
43065,POWELL
43066,RADNOR
43067,RAYMOND
43068,REYNOLDSBURG
43070,ROSEWOOD
43071,SAINT LOUISVILLE
43072,SAINT PARIS
43073,SUMMIT STATION
43074,SUNBURY
43076,THORNVILLE
43077,UNIONVILLE CENTER
43078,URBANA
43080,UTICA
43081,WESTERVILLE
43082,WESTERVILLE
43083,WESTVILLE
43084,MECHANICSBURG
43085,COLUMBUS
43086,WESTERVILLE
43102,AMANDA
43103,ASHVILLE
43105,BALTIMORE
43106,BLOOMINGBURG
43107,BREMEN
43109,BRICE
43110,CANAL WINCHESTER
43111,CARBON HILL
43112,CANAL WINCHESTER
43113,CIRCLEVILLE
43115,CLARKSBURG
43116,ORIENT
43117,HARRISBURG
43119,GALLOWAY
43123,GROVE CITY
43125,GROVEPORT
43126,HARRISBURG
43127,LOGAN
43128,JEFFERSONVILLE
43130,LANCASTER
43135,LAURELVILLE
43136,CANAL WINCHESTER
43137,LOCKBOURNE
43138,LOGAN
43140,LONDON
43142,MILLEDGEVILLE
43143,MOUNT STERLING
43144,BUCHTEL
43145,NEW HOLLAND
43146,ORIENT
43147,PICKERINGTON
43148,BREMEN
43149,ROCKBRIDGE
43150,BREMEN
43151,SEDALIA
43152,LAURELVILLE
43153,JEFFERSONVILLE
43154,AMANDA
43155,SUGAR GROVE
43156,TARLTON
43157,THURSTON
43158,UNION FURNACE
43160,WASHINGTON COURT HOUSE
43162,WEST JEFFERSON
43164,WILLIAMSPORT
43201,COLUMBUS
43202,COLUMBUS
43203,COLUMBUS
43204,COLUMBUS
43205,COLUMBUS
43206,COLUMBUS
43207,COLUMBUS
43209,COLUMBUS
43210,COLUMBUS
43211,COLUMBUS
43212,COLUMBUS
43213,COLUMBUS
43214,COLUMBUS
43215,COLUMBUS
43216,COLUMBUS
43217,COLUMBUS
43218,COLUMBUS
43219,COLUMBUS
43220,COLUMBUS
43221,COLUMBUS
43222,COLUMBUS
43223,COLUMBUS
43224,COLUMBUS
43226,COLUMBUS
43227,COLUMBUS
43228,COLUMBUS
43229,COLUMBUS
43230,COLUMBUS
43231,COLUMBUS
43232,COLUMBUS
43234,COLUMBUS
43235,COLUMBUS
43236,COLUMBUS
43240,WESTERVILLE
43301,MARION
43302,MARION
43310,BELLE CENTER
43311,BELLEFONTAINE
43314,CALEDONIA
43315,CARDINGTON
43316,CAREY
43317,CHESTERVILLE
43318,DE GRAFF
43319,EAST LIBERTY
43320,EDISON
43321,FULTON
43322,GREEN CAMP
43323,HARPSTER
43324,HUNTSVILLE
43325,IBERIA
43326,KENTON
43331,LAKEVIEW
43332,LA RUE
43334,MARENGO
43336,MIDDLEBURG
43337,MORRAL
43338,MOUNT GILEAD
43340,KENTON
43341,NEW BLOOMINGTON
43342,RICHWOOD
43343,DE GRAFF
43344,RICHWOOD
43345,KENTON
43346,ROUNDHEAD
43347,BELLEFONTAINE
43348,RUSSELLS POINT
43350,SPARTA
43351,UPPER SANDUSKY
43356,WALDO
43357,BELLEFONTAINE
43358,WEST MANSFIELD
43359,WHARTON
43360,BELLEFONTAINE
43402,BOWLING GREEN
43406,BRADNER
43407,BURGOON
43408,CLAY CENTER
43410,CLYDE
43412,CURTICE
43413,CYGNET
43414,DUNBRIDGE
43416,ELMORE
43420,FREMONT
43430,GENOA
43431,GIBSONBURG
43432,GENOA
43433,GYPSUM
43434,HARBOR VIEW
43435,GIBSONBURG
43436,PORT CLINTON
43437,JERRY CITY
43438,KELLEYS ISLAND
43439,LACARNE
43440,LAKESIDE MARBLEHEAD
43441,LEMOYNE
43442,GIBSONBURG
43443,LUCKEY
43445,GENOA
43446,MIDDLE BASS
43447,MILLBURY
43449,OAK HARBOR
43450,PEMBERVILLE
43451,PORTAGE
43452,PORT CLINTON
43456,PUT IN BAY
43457,RISINGSUN
43458,ROCKY RIDGE
43460,ROSSFORD
43462,RUDOLPH
43463,STONY RIDGE
43464,CLYDE
43465,WALBRIDGE
43466,PEMBERVILLE
43467,WEST MILLGROVE
43468,WILLISTON
43469,WOODVILLE
43501,ALVORDTON
43502,ARCHBOLD
43504,BERKEY
43505,BLAKESLEE
43506,BRYAN
43510,COLTON
43511,CUSTAR
43512,DEFIANCE
43515,DELTA
43516,DESHLER
43517,EDGERTON
43518,EDGERTON
43520,FARMER
43521,FAYETTE
43522,GRAND RAPIDS
43524,DESHLER
43525,BOWLING GREEN
43526,HICKSVILLE
43527,HOLGATE
43528,HOLLAND
43529,HOYTVILLE
43530,JEWELL
43531,PIONEER
43532,LIBERTY CENTER
43533,LYONS
43534,GRAND RAPIDS
43535,MALINTA
43536,HICKSVILLE
43537,MAUMEE
43540,METAMORA
43542,MONCLOVA
43543,MONTPELIER
43545,NAPOLEON
43547,NEAPOLIS
43548,NEW BAVARIA
43549,BRYAN
43551,PERRYSBURG
43552,PERRYSBURG
43553,PETTISVILLE
43554,PIONEER
43555,RIDGEVILLE CORNERS
43556,SHERWOOD
43557,STRYKER
43558,SWANTON
43560,SYLVANIA
43565,TONTOGANY
43566,WATERVILLE
43567,WAUSEON
43569,WESTON
43570,WEST UNITY
43571,WHITEHOUSE
43603,TOLEDO
43604,TOLEDO
43605,TOLEDO
43606,TOLEDO
43607,TOLEDO
43608,TOLEDO
43609,TOLEDO
43610,TOLEDO
43611,TOLEDO
43612,TOLEDO
43613,TOLEDO
43614,TOLEDO
43615,TOLEDO
43616,OREGON
43617,TOLEDO
43619,OREGON
43620,TOLEDO
43623,TOLEDO
43635,TOLEDO
43697,TOLEDO
43699,TOLEDO
43701,ZANESVILLE
43702,ZANESVILLE
43711,AVA
43713,BARNESVILLE
43716,BEALLSVILLE
43717,BELLE VALLEY
43718,BELMONT
43719,BETHESDA
43720,BLUE ROCK
43721,GRATIOT
43722,BUFFALO
43723,BYESVILLE
43724,CALDWELL
43725,CAMBRIDGE
43727,CHANDLERSVILLE
43728,CHESTERHILL
43730,CORNING
43731,CROOKSVILLE
43732,CUMBERLAND
43733,DERWENT
43734,DUNCAN FALLS
43735,EAST FULTONHAM
43739,GLENFORD
43740,GRATIOT
43747,WOODSFIELD
43748,JUNCTION CITY
43749,CAMBRIDGE
43754,LEWISVILLE
43755,LORE CITY
43756,MCCONNELSVILLE
43758,MALTA
43759,MORRISTOWN
43760,GLENFORD
43761,MOXAHALA
43762,NEW CONCORD
43764,NEW LEXINGTON
43766,NEW LEXINGTON
43767,NEW CONCORD
43768,OLD WASHINGTON
43771,PHILO
43772,PLEASANT CITY
43773,QUAKER CITY
43777,ROSEVILLE
43778,QUAKER CITY
43780,SENECAVILLE
43782,NEW LEXINGTON
43783,SOMERSET
43786,STAFFORD
43787,MCCONNELSVILLE
43788,SUMMERFIELD
43791,WHITE COTTAGE
43793,WOODSFIELD
43802,ADAMSVILLE
43803,BAKERSVILLE
43804,BALTIC
43811,CONESVILLE
43812,COSHOCTON
43821,DRESDEN
43822,FRAZEYSBURG
43824,FRESNO
43830,NASHPORT
43832,NEWCOMERSTOWN
43836,PLAINFIELD
43837,NEWCOMERSTOWN
43840,BALTIC
43842,TRINWAY
43843,WALHONDING
43844,WARSAW
43845,WEST LAFAYETTE
43901,ADENA
43903,AMSTERDAM
43905,BARTON
43906,BELLAIRE
43907,CADIZ
43908,BERGHOLZ
43909,BLAINE
43910,BLOOMINGDALE
43912,BRIDGEPORT
43913,BRILLIANT
43915,CLARINGTON
43916,COLERAIN
43917,DILLONVALE
43920,EAST LIVERPOOL
43925,EAST SPRINGFIELD
43926,EMPIRE
43927,SAINT CLAIRSVILLE
43928,GLENCOE
43930,HAMMONDSVILLE
43931,HANNIBAL
43932,IRONDALE
43933,JACOBSBURG
43934,LANSING
43935,MARTINS FERRY
43937,MAYNARD
43938,MINGO JUNCTION
43939,MOUNT PLEASANT
43940,NEFFS
43941,SMITHFIELD
43942,POWHATAN POINT
43943,MARTINS FERRY
43944,RICHMOND
43945,SALINEVILLE
43946,SARDIS
43947,SHADYSIDE
43948,SMITHFIELD
43950,SAINT CLAIRSVILLE
43951,LAFFERTY
43952,STEUBENVILLE
43953,STEUBENVILLE
43961,STRATTON
43962,SUMMITVILLE
43963,MARTINS FERRY
43964,TORONTO
43967,WARNOCK
43968,WELLSVILLE
43970,AMSTERDAM
43971,MARTINS FERRY
43972,SAINT CLAIRSVILLE
43973,FREEPORT
43974,HARRISVILLE
43976,HOPEDALE
43977,HOLLOWAY
43981,NEW ATHENS
43983,PIEDMONT
43984,JEWETT
43985,HOLLOWAY
43986,HOPEDALE
43988,SCIO
44001,AMHERST
44003,ANDOVER
44004,ASHTABULA
44005,ASHTABULA
44010,AUSTINBURG
44011,AVON
44012,AVON LAKE
44017,BEREA
44021,BURTON
44022,CHAGRIN FALLS
44023,CHAGRIN FALLS
44024,CHARDON
44026,CHESTERLAND
44028,COLUMBIA STATION
44030,CONNEAUT
44032,DORSET
44033,EAST CLARIDON
44035,ELYRIA
44036,ELYRIA
44039,NORTH RIDGEVILLE
44040,GATES MILLS
44041,GENEVA
44044,GRAFTON
44045,GRAND RIVER
44046,HUNTSBURG
44047,JEFFERSON
44048,ASHTABULA
44049,KIPTON
44050,LAGRANGE
44052,LORAIN
44053,LORAIN
44054,LORAIN
44055,LORAIN
44056,MACEDONIA
44057,MADISON
44060,MENTOR
44061,MENTOR
44062,MIDDLEFIELD
44064,CHARDON
44065,BURTON
44067,MACEDONIA
44068,NORTH KINGSVILLE
44070,NORTH OLMSTED
44072,NOVELTY
44074,OBERLIN
44076,ORWELL
44077,FAIRPORT HARBOR
44080,PARKMAN
44081,MADISON
44082,PIERPONT
44084,ROCK CREEK
44085,ORWELL
44086,MADISON
44087,TWINSBURG
44088,UNIONVILLE
44089,VERMILION
44090,WELLINGTON
44092,WICKLIFFE
44093,ANDOVER
44094,WILLOUGHBY
44095,WILLOWICK
44096,WILLOUGHBY
44097,WILLOWICK
44099,ORWELL
44101,CLEVELAND
44102,CLEVELAND
44103,CLEVELAND
44104,CLEVELAND
44105,CLEVELAND
44106,CLEVELAND
44107,LAKEWOOD
44108,CLEVELAND
44109,CLEVELAND
44110,CLEVELAND
44111,CLEVELAND
44112,CLEVELAND HEIGHTS
44113,CLEVELAND
44114,CLEVELAND
44115,CLEVELAND
44116,ROCKY RIVER
44117,EUCLID
44118,CLEVELAND HEIGHTS
44119,CLEVELAND
44120,CLEVELAND
44121,CLEVELAND
44122,BEACHWOOD
44123,EUCLID
44124,CLEVELAND
44125,CLEVELAND
44126,CLEVELAND
44127,CLEVELAND
44128,CLEVELAND
44129,CLEVELAND
44130,CLEVELAND
44131,INDEPENDENCE
44132,EUCLID
44133,NORTH ROYALTON
44134,CLEVELAND
44135,CLEVELAND
44136,STRONGSVILLE
44137,BEDFORD
44138,OLMSTED FALLS
44139,SOLON
44140,BAY VILLAGE
44141,BROADVIEW HEIGHTS
44142,CLEVELAND
44143,CLEVELAND
44144,CLEVELAND
44145,WESTLAKE
44146,BEDFORD
44147,BROADVIEW HEIGHTS
44149,STRONGSVILLE
44181,CLEVELAND
44199,CLEVELAND
44201,ATWATER
44202,AURORA
44203,BARBERTON
44210,BATH
44211,KENT
44212,BRUNSWICK
44214,LODI
44215,CHIPPEWA LAKE
44216,CLINTON
44217,CRESTON
44221,CUYAHOGA FALLS
44222,CUYAHOGA FALLS
44223,CUYAHOGA FALLS
44224,STOW
44230,DOYLESTOWN
44231,GARRETTSVILLE
44232,GREEN
44233,HINCKLEY
44234,HIRAM
44235,HOMERVILLE
44236,HUDSON
44240,KENT
44241,KENT
44250,LAKEMORE
44251,WESTFIELD CENTER
44253,MEDINA
44254,LODI
44255,MANTUA
44256,MEDINA
44258,MEDINA
44260,MOGADORE
44262,MUNROE FALLS
44264,PENINSULA
44265,RANDOLPH
44266,RAVENNA
44270,RITTMAN
44272,ROOTSTOWN
44273,SEVILLE
44274,SHARON CENTER
44275,SPENCER
44276,CRESTON
44278,TALLMADGE
44280,VALLEY CITY
44281,WADSWORTH
44282,WADSWORTH
44285,WAYLAND
44286,RICHFIELD
44287,WEST SALEM
44288,WINDHAM
44301,AKRON
44302,AKRON
44303,AKRON
44304,AKRON
44305,AKRON
44306,AKRON
44307,AKRON
44308,AKRON
44309,AKRON
44310,AKRON
44311,AKRON
44312,AKRON
44313,FAIRLAWN
44314,AKRON
44319,AKRON
44320,AKRON
44321,COPLEY
44333,FAIRLAWN
44334,FAIRLAWN
44372,FAIRLAWN
44401,BERLIN CENTER
44402,BRISTOLVILLE
44403,BROOKFIELD
44404,KINSMAN
44405,CAMPBELL
44406,CANFIELD
44408,COLUMBIANA
44410,CORTLAND
44411,DEERFIELD
44412,DIAMOND
44413,EAST PALESTINE
44415,ELKTON
44416,ELLSWORTH
44417,KINSMAN
44418,CORTLAND
44420,GIRARD
44422,GREENFORD
44423,HANOVERTON
44424,HARTFORD
44425,HUBBARD
44427,HANOVERTON
44428,KINSMAN
44429,LAKE MILTON
44430,LEAVITTSBURG
44431,LEETONIA
44432,LISBON
44436,LOWELLVILLE
44437,GIRARD
44438,MASURY
44439,MESOPOTAMIA
44440,NILES
44441,EAST PALESTINE
44442,NEW MIDDLETOWN
44443,NEW SPRINGFIELD
44444,NEWTON FALLS
44445,NEW WATERFORD
44446,NILES
44449,NORTH BENTON
44450,NORTH BLOOMFIELD
44451,NORTH JACKSON
44452,NORTH LIMA
44453,ORANGEVILLE
44454,PETERSBURG
44455,LISBON
44460,SALEM
44470,SOUTHINGTON
44471,STRUTHERS
44473,VIENNA
44481,WARREN
44482,WARREN
44483,WARREN
44484,WARREN
44485,WARREN
44490,WASHINGTONVILLE
44491,BRISTOLVILLE
44493,WINONA
44501,YOUNGSTOWN
44502,YOUNGSTOWN
44503,YOUNGSTOWN
44504,YOUNGSTOWN
44505,YOUNGSTOWN
44506,YOUNGSTOWN
44507,YOUNGSTOWN
44509,YOUNGSTOWN
44510,YOUNGSTOWN
44511,YOUNGSTOWN
44512,YOUNGSTOWN
44513,YOUNGSTOWN
44514,YOUNGSTOWN
44515,YOUNGSTOWN
44601,ALLIANCE
44606,APPLE CREEK
44607,AUGUSTA
44608,BEACH CITY
44609,BELOIT
44610,BERLIN
44611,BIG PRAIRIE
44612,BOLIVAR
44613,NAVARRE
44614,CANAL FULTON
44615,CARROLLTON
44617,CHARM
44618,DALTON
44619,DAMASCUS
44620,DELLROY
44621,DENNISON
44622,DOVER
44624,DUNDEE
44625,EAST ROCHESTER
44626,EAST SPARTA
44627,FREDERICKSBURG
44628,GLENMONT
44629,GNADENHUTTEN
44630,GREENTOWN
44632,HARTVILLE
44633,HOLMESVILLE
44634,ALLIANCE
44636,KIDRON
44637,KILLBUCK
44638,LAKEVILLE
44639,LEESVILLE
44640,LIMAVILLE
44641,LOUISVILLE
44643,MAGNOLIA
44644,MALVERN
44645,MARSHALLVILLE
44646,MASSILLON
44647,MASSILLON
44648,MASSILLON
44650,MAXIMO
44651,MECHANICSTOWN
44652,MIDDLEBRANCH
44653,MIDVALE
44654,MILLERSBURG
44656,MINERAL CITY
44657,MINERVA
44659,MOUNT EATON
44660,MILLERSBURG
44661,NASHVILLE
44662,NAVARRE
44663,NEW PHILADELPHIA
44665,NORTH GEORGETOWN
44666,NORTH LAWRENCE
44667,ORRVILLE
44669,MINERVA
44670,ROBERTSVILLE
44671,SANDYVILLE
44672,SEBRING
44675,SHERRODSVILLE
44676,SHREVE
44677,SMITHVILLE
44678,SOMERDALE
44680,STRASBURG
44681,SUGARCREEK
44682,TUSCARAWAS
44683,UHRICHSVILLE
44685,UNIONTOWN
44687,WALNUT CREEK
44688,WAYNESBURG
44689,BEACH CITY
44690,WINESBURG
44691,WOOSTER
44695,BOWERSTON
44697,ZOAR
44699,UHRICHSVILLE
44701,CANTON
44702,CANTON
44703,CANTON
44704,CANTON
44705,CANTON
44706,CANTON
44707,CANTON
44708,CANTON
44709,CANTON
44710,CANTON
44711,CANTON
44714,CANTON
44718,CANTON
44720,NORTH CANTON
44721,CANTON
44730,EAST CANTON
44735,CANTON
44802,ALVADA
44804,ARCADIA
44805,ASHLAND
44807,ATTICA
44809,BASCOM
44811,BELLEVUE
44813,BELLVILLE
44814,BERLIN HEIGHTS
44815,BETTSVILLE
44816,WAKEMAN
44817,FOSTORIA
44818,BLOOMVILLE
44820,BUCYRUS
44822,BUTLER
44824,CASTALIA
44825,CHATFIELD
44826,COLLINS
44827,CRESTLINE
44828,FLAT ROCK
44830,FOSTORIA
44833,GALION
44836,GREEN SPRINGS
44837,GREENWICH
44838,HAYESVILLE
44839,HURON
44840,JEROMESVILLE
44841,KANSAS
44842,LOUDONVILLE
44843,BUTLER
44844,MC CUTCHENVILLE
44846,MILAN
44847,MONROEVILLE
44848,NANKIN
44849,BUCYRUS
44850,NEW HAVEN
44851,NEW LONDON
44853,NEW RIEGEL
44854,ATTICA
44855,GREENWICH
44856,CRESTLINE
44857,NORWALK
44859,NEW LONDON
44860,OCEOLA
44861,OLD FORT
44862,ONTARIO
44864,PERRYSVILLE
44865,PLYMOUTH
44866,JEROMESVILLE
44867,REPUBLIC
44870,SANDUSKY
44871,SANDUSKY
44874,SAVANNAH
44875,SHELBY
44878,PLYMOUTH
44880,SPENCER
44881,SULPHUR SPRINGS
44882,SYCAMORE
44883,TIFFIN
44887,SHELBY
44889,WAKEMAN
44890,WILLARD
44901,MANSFIELD
44902,MANSFIELD
44903,MANSFIELD
44904,LEXINGTON
44905,MANSFIELD
44906,MANSFIELD
44907,MANSFIELD
45001,ADDYSTON
45002,CLEVES
45003,COLLEGE CORNER
45005,FRANKLIN
45011,FAIRFIELD
45012,HAMILTON
45013,HAMILTON
45014,FAIRFIELD
45015,FAIRFIELD
45018,FAIRFIELD
45030,HARRISON
45032,HARVEYSBURG
45034,KINGS MILLS
45036,LEBANON
45039,MAINEVILLE
45040,MASON
45041,MIAMITOWN
45042,MIDDLETOWN
45044,MIDDLETOWN
45050,MONROE
45052,NORTH BEND
45053,OKEANA
45054,LEBANON
45055,OVERPECK
45056,OXFORD
45061,ROSS
45062,SEVEN MILE
45063,SHANDON
45064,SOMERVILLE
45065,SOUTH LEBANON
45066,SPRINGBORO
45067,TRENTON
45068,WAYNESVILLE
45069,WEST CHESTER
45070,WEST ELKTON
45071,WEST CHESTER
45101,ABERDEEN
45102,AMELIA
45103,BATAVIA
45105,BENTONVILLE
45106,BETHEL
45107,BLANCHESTER
45112,CHILO
45113,CLARKSVILLE
45115,DECATUR
45118,FAYETTEVILLE
45119,FEESBURG
45120,FELICITY
45121,GEORGETOWN
45122,GOSHEN
45123,GREENFIELD
45130,HAMERSVILLE
45131,HIGGINSPORT
45132,HIGHLAND
45133,HILLSBORO
45135,LEESBURG
45140,LOVELAND
45142,LYNCHBURG
45144,MANCHESTER
45146,NEW VIENNA
45147,MIAMIVILLE
45148,NEW VIENNA
45150,MILFORD
45152,MORROW
45153,MOSCOW
45154,MOUNT ORAB
45155,MOWRYSTOWN
45156,CHILO
45157,NEW RICHMOND
45158,NEWTONSVILLE
45159,NEW VIENNA
45160,OWENSVILLE
45162,MORROW
45164,PORT WILLIAM
45166,REESVILLE
45167,RIPLEY
45168,GEORGETOWN
45169,SABINA
45171,SARDINIA
45172,SINKING SPRING
45174,MILFORD
45176,BATAVIA
45177,WILMINGTON
45201,CINCINNATI
45202,CINCINNATI
45203,CINCINNATI
45204,CINCINNATI
45205,CINCINNATI
45206,CINCINNATI
45207,CINCINNATI
45208,CINCINNATI
45209,CINCINNATI
45211,CINCINNATI
45212,CINCINNATI
45213,CINCINNATI
45214,CINCINNATI
45215,CINCINNATI
45216,CINCINNATI
45217,CINCINNATI
45218,CINCINNATI
45219,CINCINNATI
45220,CINCINNATI
45222,CINCINNATI
45223,CINCINNATI
45224,CINCINNATI
45225,CINCINNATI
45226,CINCINNATI
45227,CINCINNATI
45229,CINCINNATI
45230,CINCINNATI
45231,CINCINNATI
45232,CINCINNATI
45233,CINCINNATI
45236,CINCINNATI
45237,CINCINNATI
45238,CINCINNATI
45239,CINCINNATI
45240,CINCINNATI
45241,CINCINNATI
45242,CINCINNATI
45243,CINCINNATI
45244,CINCINNATI
45245,CINCINNATI
45246,CINCINNATI
45247,CINCINNATI
45248,CINCINNATI
45249,CINCINNATI
45250,CINCINNATI
45251,CINCINNATI
45252,CINCINNATI
45253,CINCINNATI
45254,CINCINNATI
45255,CINCINNATI
45258,CINCINNATI
45262,CINCINNATI
45275,HEBRON
45280,CINCINNATI
45301,ALPHA
45302,ANNA
45303,ANSONIA
45304,ARCANUM
45305,BELLBROOK
45306,BOTKINS
45307,BOWERSVILLE
45308,BRADFORD
45309,BROOKVILLE
45310,BURKETTSVILLE
45311,CAMDEN
45312,CASSTOWN
45314,CEDARVILLE
45315,CLAYTON
45317,CASSTOWN
45318,COVINGTON
45319,DONNELSVILLE
45320,EATON
45321,ELDORADO
45322,ENGLEWOOD
45323,ENON
45324,FAIRBORN
45325,GERMANTOWN
45326,PIQUA
45327,GERMANTOWN
45328,GETTYSBURG
45330,GRATIS
45331,GREENVILLE
45332,HOLLANSBURG
45333,HOUSTON
45334,JACKSON CENTER
45335,JAMESTOWN
45336,KETTLERSVILLE
45337,LAURA
45338,LEWISBURG
45339,PLEASANT HILL
45340,JACKSON CENTER
45341,MEDWAY
45342,MIAMISBURG
45343,MIAMISBURG
45344,NEW CARLISLE
45345,NEW LEBANON
45346,NEW MADISON
45347,NEW PARIS
45348,ROSSBURG
45349,NORTH HAMPTON
45350,NORTH STAR
45351,OSGOOD
45352,PALESTINE
45354,PHILLIPSBURG
45356,PIQUA
45358,PITSBURG
45359,PLEASANT HILL
45360,PORT JEFFERSON
45361,POTSDAM
45362,ROSSBURG
45363,RUSSIA
45365,SIDNEY
45368,SOUTH CHARLESTON
45369,SOUTH VIENNA
45370,SPRING VALLEY
45371,TIPP CITY
45372,TREMONT CITY
45373,TROY
45377,VANDALIA
45378,VERONA
45380,VERSAILLES
45381,WEST ALEXANDRIA
45382,ARCANUM
45383,WEST MILTON
45384,WILBERFORCE
45385,XENIA
45387,YELLOW SPRINGS
45388,VERSAILLES
45389,CHRISTIANSBURG
45390,UNION CITY
45401,DAYTON
45402,DAYTON
45403,DAYTON
45404,DAYTON
45405,DAYTON
45406,DAYTON
45409,OAKWOOD
45410,DAYTON
45413,DAYTON
45414,DAYTON
45415,DAYTON
45416,DAYTON
45417,DAYTON
45419,OAKWOOD
45420,DAYTON
45424,DAYTON
45426,DAYTON
45428,DAYTON
45429,DAYTON
45430,DAYTON
45431,DAYTON
45432,DAYTON
45433,DAYTON
45434,DAYTON
45437,DAYTON
45439,DAYTON
45440,DAYTON
45441,DAYTON
45449,DAYTON
45458,DAYTON
45459,DAYTON
45475,DAYTON
45490,DAYTON
45501,SPRINGFIELD
45502,SPRINGFIELD
45503,SPRINGFIELD
45504,SPRINGFIELD
45505,SPRINGFIELD
45506,SPRINGFIELD
45601,CHILLICOTHE
45612,BAINBRIDGE
45613,BEAVER
45614,BIDWELL
45616,BLUE CREEK
45617,BOURNEVILLE
45618,CHERRY FORK
45619,CHESAPEAKE
45620,CHESHIRE
45621,COALTON
45623,CROWN CITY
45628,FRANKFORT
45629,FRANKLIN FURNACE
45630,FRIENDSHIP
45631,GALLIPOLIS
45634,WELLSTON
45636,FRANKLIN FURNACE
45638,IRONTON
45640,JACKSON
45643,KERR
45644,KINGSTON
45645,IRONTON
45646,LATHAM
45647,CHILLICOTHE
45648,LUCASVILLE
45651,MC ARTHUR
45652,LUCASVILLE
45653,MINFORD
45654,MC ARTHUR
45656,OAK HILL
45657,OTWAY
45658,GALLIPOLIS
45659,IRONTON
45660,PEEBLES
45661,PIKETON
45662,PORTSMOUTH
45663,PORTSMOUTH
45669,PROCTORVILLE
45671,OTWAY
45672,CHILLICOTHE
45673,RICHMOND DALE
45674,RIO GRANDE
45677,SCIOTO FURNACE
45678,SCOTTOWN
45679,SEAMAN
45680,SOUTH POINT
45681,BAINBRIDGE
45682,SOUTH WEBSTER
45683,BEAVER
45684,PORTSMOUTH
45685,OAK HILL
45686,VINTON
45688,WATERLOO
45690,WAVERLY
45692,WELLSTON
45693,WEST UNION
45694,WHEELERSBURG
45695,VINTON
45696,WILLOW WOOD
45697,WINCHESTER
45698,ZALESKI
45701,ATHENS
45710,ALBANY
45711,AMESVILLE
45712,VINCENT
45713,BARTLETT
45714,BELPRE
45715,BEVERLY
45716,BUCHTEL
45719,CHAUNCEY
45720,CHESTER
45723,COOLVILLE
45724,CUTLER
45727,LOWELL
45729,VINCENT
45732,GLOUSTER
45734,NEW MATAMORAS
45735,COOLVILLE
45739,HOCKINGPORT
45740,JACKSONVILLE
45741,MIDDLEPORT
45742,BELPRE
45743,LONG BOTTOM
45744,LOWELL
45745,LOWER SALEM
45750,MARIETTA
45760,MIDDLEPORT
45761,MILLFIELD
45764,NELSONVILLE
45766,ALBANY
45767,NEW MATAMORAS
45768,NEWPORT
45769,POMEROY
45770,PORTLAND
45771,RACINE
45772,COOLVILLE
45773,RENO
45775,MIDDLEPORT
45778,STEWART
45779,SYRACUSE
45780,THE PLAINS
45782,GLOUSTER
45783,TUPPERS PLAINS
45784,VINCENT
45786,BEVERLY
45788,LOWELL
45801,LIMA
45802,LIMA
45804,LIMA
45805,LIMA
45806,CRIDERSVILLE
45807,ELIDA
45808,BLUFFTON
45810,ADA
45812,ADA
45813,ANTWERP
45814,ARLINGTON
45817,BLUFFTON
45820,CAIRO
45821,CECIL
45822,CELINA
45826,CHICKASAW
45827,CLOVERDALE
45828,COLDWATER
45830,COLUMBUS GROVE
45831,CONTINENTAL
45832,CONVOY
45833,DELPHOS
45835,DOLA
45836,DUNKIRK
45839,FINDLAY
45840,FINDLAY
45843,FOREST
45844,DELPHOS
45845,FORT LORAMIE
45846,FORT RECOVERY
45848,GLANDORF
45849,GROVER HILL
45850,HARROD
45851,HAVILAND
45853,KALIDA
45855,LATTY
45856,LEIPSIC
45858,MC COMB
45859,MC GUFFEY
45860,MARIA STEIN
45861,MELROSE
45862,MENDON
45863,DELPHOS
45864,MILLER CITY
45865,MINSTER
45866,MONTEZUMA
45867,MOUNT BLANCHARD
45868,BLUFFTON
45869,NEW BREMEN
45870,NEW HAMPSHIRE
45871,NEW KNOXVILLE
45872,NORTH BALTIMORE
45873,OAKWOOD
45874,OHIO CITY
45875,OTTAWA
45876,OTTOVILLE
45877,PANDORA
45879,PAULDING
45880,PAYNE
45881,BLUFFTON
45882,ROCKFORD
45883,SAINT HENRY
45884,SAINT JOHNS
45885,SAINT MARYS
45886,SCOTT
45887,SPENCERVILLE
45888,UNIOPOLIS
45889,MC COMB
45890,VANLUE
45891,VAN WERT
45893,VAUGHNSVILLE
45894,DELPHOS
45895,WAPAKONETA
45896,WAYNESFIELD
45897,ARLINGTON
45898,ROCKFORD
45899,WREN
46001,ALEXANDRIA
46011,ANDERSON
46012,ANDERSON
46013,ANDERSON
46015,ANDERSON
46016,ANDERSON
46017,ANDERSON
46018,ANDERSON
46030,ARCADIA
46031,ATLANTA
46032,CARMEL
46033,CARMEL
46034,CICERO
46035,COLFAX
46036,ELWOOD
46037,FISHERS
46038,FISHERS
46039,FOREST
46040,FORTVILLE
46041,FRANKFORT
46044,ANDERSON
46047,HOBBS
46048,INGALLS
46049,KEMPTON
46050,KIRKLIN
46051,ANDERSON
46052,LEBANON
46055,MCCORDSVILLE
46056,MARKLEVILLE
46057,MICHIGANTOWN
46058,FRANKFORT
46060,NOBLESVILLE
46061,NOBLESVILLE
46062,NOBLESVILLE
46063,ORESTES
46064,PENDLETON
46065,FRANKFORT
46067,SEDALIA
46068,SHARPSVILLE
46069,SHERIDAN
46070,ALEXANDRIA
46071,THORNTOWN
46072,TIPTON
46074,WESTFIELD
46075,WHITESTOWN
46076,WINDFALL
46077,ZIONSVILLE
46082,CARMEL
46102,ADVANCE
46103,AMO
46104,ARLINGTON
46105,BAINBRIDGE
46106,BARGERSVILLE
46107,BEECH GROVE
46111,BROOKLYN
46112,BROWNSBURG
46113,CAMBY
46115,CARTHAGE
46117,CHARLOTTESVILLE
46118,CLAYTON
46120,CLOVERDALE
46121,COATESVILLE
46122,DANVILLE
46123,DANVILLE
46124,EDINBURGH
46125,EMINENCE
46126,FAIRLAND
46127,FALMOUTH
46128,FILLMORE
46130,FOUNTAINTOWN
46131,FRANKLIN
46133,GLENWOOD
46135,GREENCASTLE
46140,GREENFIELD
46142,GREENWOOD
46143,GREENWOOD
46144,GWYNNEVILLE
46147,BROWNSBURG
46148,KNIGHTSTOWN
46149,BROWNSBURG
46150,MANILLA
46151,MARTINSVILLE
46154,MAXWELL
46156,MILROY
46157,MONROVIA
46158,MOORESVILLE
46160,MORGANTOWN
46161,MORRISTOWN
46163,NEW PALESTINE
46164,EDINBURGH
46165,NORTH SALEM
46166,PARAGON
46167,BROWNSBURG
46168,PLAINFIELD
46171,REELSVILLE
46172,ROACHDALE
46173,RUSHVILLE
46175,RUSSELLVILLE
46176,SHELBYVILLE
46180,STILESVILLE
46181,TRAFALGAR
46182,WALDRON
46183,WEST NEWTON
46184,WHITELAND
46186,KNIGHTSTOWN
46201,INDIANAPOLIS
46202,INDIANAPOLIS
46203,INDIANAPOLIS
46204,INDIANAPOLIS
46205,INDIANAPOLIS
46206,INDIANAPOLIS
46207,INDIANAPOLIS
46208,INDIANAPOLIS
46214,INDIANAPOLIS
46216,INDIANAPOLIS
46217,INDIANAPOLIS
46218,INDIANAPOLIS
46219,INDIANAPOLIS
46220,INDIANAPOLIS
46221,INDIANAPOLIS
46222,INDIANAPOLIS
46224,INDIANAPOLIS
46225,INDIANAPOLIS
46226,INDIANAPOLIS
46227,INDIANAPOLIS
46228,INDIANAPOLIS
46229,INDIANAPOLIS
46230,INDIANAPOLIS
46231,INDIANAPOLIS
46234,INDIANAPOLIS
46235,INDIANAPOLIS
46236,INDIANAPOLIS
46237,INDIANAPOLIS
46239,INDIANAPOLIS
46240,INDIANAPOLIS
46241,INDIANAPOLIS
46242,INDIANAPOLIS
46244,INDIANAPOLIS
46247,INDIANAPOLIS
46250,INDIANAPOLIS
46251,INDIANAPOLIS
46253,INDIANAPOLIS
46254,INDIANAPOLIS
46256,INDIANAPOLIS
46259,INDIANAPOLIS
46260,INDIANAPOLIS
46268,INDIANAPOLIS
46278,INDIANAPOLIS
46280,INDIANAPOLIS
46290,INDIANAPOLIS
46301,BEVERLY SHORES
46302,BOONE GROVE
46303,CEDAR LAKE
46304,CHESTERTON
46307,CROWN POINT
46308,CROWN POINT
46310,DEMOTTE
46311,DYER
46312,EAST CHICAGO
46319,GRIFFITH
46320,HAMMOND
46321,MUNSTER
46322,HIGHLAND
46323,HAMMOND
46324,HAMMOND
46325,HAMMOND
46327,HAMMOND
46340,HANNA
46341,HEBRON
46342,HOBART
46345,KINGSBURY
46346,KINGSFORD HEIGHTS
46347,KOUTS
46348,LA CROSSE
46349,LAKE VILLAGE
46350,LA PORTE
46352,LA PORTE
46356,LOWELL
46360,MICHIGAN CITY
46361,MICHIGAN CITY
46365,MILL CREEK
46366,NORTH JUDSON
46368,PORTAGE
46371,ROLLING PRAIRIE
46372,ROSELAWN
46373,SAINT JOHN
46374,LA CROSSE
46375,SCHERERVILLE
46376,SCHNEIDER
46377,SHELBY
46379,SUMAVA RESORTS
46382,UNION MILLS
46383,VALPARAISO
46384,VALPARAISO
46385,VALPARAISO
46390,WANATAH
46391,WESTVILLE
46392,WHEATFIELD
46393,HOBART
46394,WHITING
46401,GARY
46402,GARY
46403,GARY
46404,GARY
46405,GARY
46406,GARY
46407,GARY
46408,GARY
46409,GARY
46410,MERRILLVILLE
46411,MERRILLVILLE
46501,ARGOS
46502,ATWOOD
46504,BOURBON
46506,BREMEN
46507,BRISTOL
46508,BURKET
46510,CLAYPOOL
46511,CULVER
46513,DONALDSON
46514,ELKHART
46515,ELKHART
46516,ELKHART
46517,ELKHART
46524,BOURBON
46526,GOSHEN
46527,GOSHEN
46528,GOSHEN
46530,GRANGER
46531,GROVERTOWN
46532,HAMLET
46534,KNOX
46536,SOUTH BEND
46537,LAPAZ
46538,LEESBURG
46539,BOURBON
46540,MIDDLEBURY
46542,MILFORD
46543,MILLERSBURG
46544,MISHAWAKA
46545,MISHAWAKA
46546,MISHAWAKA
46550,NAPPANEE
46552,NEW CARLISLE
46553,NEW PARIS
46554,NORTH LIBERTY
46555,NORTH WEBSTER
46556,NOTRE DAME
46561,MISHAWAKA
46562,PIERCETON
46563,PLYMOUTH
46565,SHIPSHEWANA
46567,SYRACUSE
46570,ARGOS
46571,TOPEKA
46573,NAPPANEE
46574,WALKERTON
46580,WARSAW
46581,WARSAW
46582,WARSAW
46590,WARSAW
46595,WYATT
46601,SOUTH BEND
46613,SOUTH BEND
46614,SOUTH BEND
46615,SOUTH BEND
46616,SOUTH BEND
46617,SOUTH BEND
46619,SOUTH BEND
46624,SOUTH BEND
46628,SOUTH BEND
46634,SOUTH BEND
46635,SOUTH BEND
46637,SOUTH BEND
46660,SOUTH BEND
46680,SOUTH BEND
46701,ALBION
46702,ANDREWS
46703,ANGOLA
46704,ARCOLA
46705,ASHLEY
46706,AUBURN
46710,AVILLA
46711,BERNE
46713,HUNTINGTON
46714,BLUFFTON
46721,BUTLER
46723,CHURUBUSCO
46725,COLUMBIA CITY
46730,CORUNNA
46731,CRAIGVILLE
46732,CROMWELL
46733,DECATUR
46737,FREMONT
46738,GARRETT
46740,BERNE
46741,GRABILL
46742,BUTLER
46743,HARLAN
46745,HOAGLAND
46746,HOWE
46747,HUDSON
46748,HUNTERTOWN
46750,HUNTINGTON
46755,KENDALLVILLE
46759,KEYSTONE
46760,KIMMELL
46761,LAGRANGE
46763,LAOTTO
46764,COLUMBIA CITY
46765,LEO
46766,LIBERTY CENTER
46767,LIGONIER
46769,BERNE
46770,MARKLE
46771,MONGO
46772,MONROE
46773,MONROEVILLE
46774,NEW HAVEN
46776,ORLAND
46777,OSSIAN
46779,ANGOLA
46780,PLEASANT MILLS
46781,PONETO
46782,PREBLE
46783,ROANOKE
46784,ROME CITY
46785,SAINT JOE
46786,SOUTH MILFORD
46787,SOUTH WHITLEY
46788,LEO
46789,STROH
46791,UNIONDALE
46792,WARREN
46793,WATERLOO
46794,WAWAKA
46795,WOLCOTTVILLE
46796,WOLFLAKE
46797,WOODBURN
46798,OSSIAN
46799,ZANESVILLE
46801,FORT WAYNE
46802,FORT WAYNE
46803,FORT WAYNE
46804,FORT WAYNE
46805,FORT WAYNE
46806,FORT WAYNE
46807,FORT WAYNE
46808,FORT WAYNE
46809,FORT WAYNE
46814,FORT WAYNE
46815,FORT WAYNE
46816,FORT WAYNE
46818,FORT WAYNE
46819,FORT WAYNE
46825,FORT WAYNE
46835,FORT WAYNE
46845,FORT WAYNE
46850,FORT WAYNE
46851,FORT WAYNE
46852,FORT WAYNE
46853,FORT WAYNE
46854,FORT WAYNE
46855,FORT WAYNE
46856,FORT WAYNE
46857,FORT WAYNE
46858,FORT WAYNE
46859,FORT WAYNE
46860,FORT WAYNE
46861,FORT WAYNE
46862,FORT WAYNE
46863,FORT WAYNE
46864,FORT WAYNE
46865,FORT WAYNE
46866,FORT WAYNE
46867,FORT WAYNE
46868,FORT WAYNE
46869,FORT WAYNE
46885,FORT WAYNE
46895,FORT WAYNE
46896,FORT WAYNE
46898,FORT WAYNE
46899,FORT WAYNE
46901,KOKOMO
46902,KOKOMO
46903,KOKOMO
46904,KOKOMO
46910,AKRON
46911,AMBOY
46913,FLORA
46914,BUNKER HILL
46915,BURLINGTON
46916,BURROWS
46917,CAMDEN
46919,CONVERSE
46920,CUTLER
46921,PERU
46922,DELONG
46923,DELPHI
46926,DENVER
46928,FAIRMOUNT
46929,FLORA
46931,FULTON
46932,GALVESTON
46933,GAS CITY
46936,GREENTOWN
46937,HEMLOCK
46938,GAS CITY
46939,KEWANNA
46940,LA FONTAINE
46941,LAGRO
46942,LAKE CICOTT
46943,NORTH MANCHESTER
46945,LEITERS FORD
46946,LIBERTY MILLS
46947,LOGANSPORT
46950,LOGANSPORT
46951,MACY
46952,MARION
46953,MARION
46957,MATTHEWS
46958,MEXICO
46960,MONTEREY
46962,NORTH MANCHESTER
46965,OAKFORD
46970,PERU
46974,ROANN
46975,ROCHESTER
46978,LOGANSPORT
46979,RUSSIAVILLE
46980,SERVIA
46982,NORTH MANCHESTER
46984,SOMERSET
46985,STAR CITY
46986,GREENTOWN
46987,SWEETSER
46988,TWELVE MILE
46989,UPLAND
46990,URBANA
46991,MARION
46992,WABASH
46994,LOGANSPORT
46996,WINAMAC
46998,KOKOMO
47001,AURORA
47003,COLLEGE CORNER
47006,BATESVILLE
47010,BATH
47012,BROOKVILLE
47016,BROOKVILLE
47017,CROSS PLAINS
47018,DILLSBORO
47019,EAST ENTERPRISE
47020,FLORENCE
47021,FRIENDSHIP
47022,GUILFORD
47023,HOLTON
47024,LAUREL
47025,LAWRENCEBURG
47030,LAUREL
47031,MILAN
47032,MOORES HILL
47033,MORRIS
47034,NAPOLEON
47036,BATESVILLE
47037,OSGOOD
47038,FLORENCE
47039,PIERCEVILLE
47040,RISING SUN
47041,SUNMAN
47042,VERSAILLES
47043,VEVAY
47060,HARRISON
47102,AUSTIN
47106,BORDEN
47107,PALMYRA
47108,CAMPBELLSBURG
47110,BRANDENBURG
47111,CHARLESTOWN
47112,CORYDON
47114,CRANDALL
47115,DEPAUW
47116,ECKERTY
47117,ELIZABETH
47118,ENGLISH
47119,FLOYDS KNOBS
47120,FREDERICKSBURG
47122,GEORGETOWN
47124,GREENVILLE
47125,HARDINSBURG
47126,HENRYVILLE
47129,JEFFERSONVILLE
47130,JEFFERSONVILLE
47131,CLARKSVILLE
47135,ELIZABETH
47136,LANESVILLE
47137,CORYDON
47138,LEXINGTON
47140,ENGLISH
47141,LEXINGTON
47142,BRANDENBURG
47143,HENRYVILLE
47145,ENGLISH
47146,MOUNT SAINT FRANCIS
47147,LEXINGTON
47150,NEW ALBANY
47151,NEW ALBANY
47161,NEW SALISBURY
47162,CHARLESTOWN
47163,CHARLESTOWN
47164,PALMYRA
47165,PEKIN
47166,NEW SALISBURY
47167,SALEM
47170,SCOTTSBURG
47172,SELLERSBURG
47174,ENGLISH
47175,ENGLISH
47177,HENRYVILLE
47201,COLUMBUS
47202,COLUMBUS
47203,COLUMBUS
47220,BROWNSTOWN
47223,BUTLERVILLE
47224,CANAAN
47225,CLARKSBURG
47226,CLIFFORD
47227,COMMISKEY
47228,CORTLAND
47229,CROTHERSVILLE
47230,DEPUTY
47231,DUPONT
47232,ELIZABETHTOWN
47234,FLAT ROCK
47235,FREETOWN
47240,GREENSBURG
47243,HANOVER
47244,HARTSVILLE
47245,HAYDEN
47246,HOPE
47250,MADISON
47260,MEDORA
47263,NEW POINT
47264,NORMAN
47265,NORTH VERNON
47270,PARIS CROSSING
47272,SAINT PAUL
47273,SCIPIO
47274,SEYMOUR
47280,TAYLORSVILLE
47281,VALLONIA
47282,VERNON
47283,WESTPORT
47302,MUNCIE
47303,MUNCIE
47304,MUNCIE
47305,MUNCIE
47307,MUNCIE
47308,MUNCIE
47320,ALBANY
47322,BENTONVILLE
47324,BOSTON
47325,BROWNSVILLE
47326,BRYANT
47327,CAMBRIDGE CITY
47330,CENTERVILLE
47331,CONNERSVILLE
47334,DALEVILLE
47335,DUBLIN
47336,DUNKIRK
47337,DUNREITH
47338,EATON
47339,ECONOMY
47340,FARMLAND
47341,FOUNTAIN CITY
47342,GASTON
47344,GREENSBORO
47345,GREENS FORK
47346,HAGERSTOWN
47348,HARTFORD CITY
47351,KENNARD
47352,LEWISVILLE
47353,LIBERTY
47354,LOSANTVILLE
47355,LYNN
47356,MIDDLETOWN
47357,MILTON
47358,MODOC
47359,MONTPELIER
47360,MOORELAND
47361,MOUNT SUMMIT
47362,NEW CASTLE
47366,NEW LISBON
47367,OAKVILLE
47368,PARKER CITY
47369,PENNVILLE
47370,PERSHING
47371,PORTLAND
47373,REDKEY
47374,RICHMOND
47375,RICHMOND
47380,RIDGEVILLE
47382,WINCHESTER
47383,SELMA
47384,SHIRLEY
47385,SPICELAND
47386,NEW CASTLE
47387,STRAUGHN
47388,SULPHUR SPRINGS
47390,UNION CITY
47392,WEBSTER
47393,WILLIAMSBURG
47394,WINCHESTER
47396,YORKTOWN
47401,BLOOMINGTON
47402,BLOOMINGTON
47403,BLOOMINGTON
47404,BLOOMINGTON
47405,BLOOMINGTON
47406,BLOOMINGTON
47407,BLOOMINGTON
47408,BLOOMINGTON
47420,AVOCA
47421,BEDFORD
47424,BLOOMFIELD
47426,SMITHVILLE
47427,COAL CITY
47429,ELLETTSVILLE
47431,FREEDOM
47432,FRENCH LICK
47433,GOSPORT
47434,HARRODSBURG
47435,HELMSBURG
47436,HELTONVILLE
47437,HURON
47438,JASONVILLE
47441,LINTON
47443,LYONS
47445,MIDLAND
47446,MITCHELL
47448,NASHVILLE
47449,NEWBERRY
47451,OOLITIC
47452,ORLEANS
47454,PAOLI
47455,PATRICKSBURG
47456,QUINCY
47457,BLOOMFIELD
47458,SMITHVILLE
47459,SOLSBERRY
47460,SPENCER
47462,SPRINGVILLE
47463,STANFORD
47464,STINESVILLE
47465,SWITZ CITY
47467,TUNNELTON
47468,UNIONVILLE
47469,FRENCH LICK
47470,WILLIAMS
47471,WORTHINGTON
47501,WASHINGTON
47512,BICKNELL
47513,BIRDSEYE
47514,TELL CITY
47515,BRISTOW
47516,BRUCEVILLE
47520,CANNELTON
47521,CELESTINE
47522,CRANE
47523,DALE
47524,DECKER
47525,TELL CITY
47527,DUBOIS
47528,BICKNELL
47529,ELNORA
47531,LAMAR
47532,FERDINAND
47535,FREELANDVILLE
47536,LAMAR
47537,GENTRYVILLE
47541,HOLLAND
47542,HUNTINGBURG
47545,IRELAND
47546,JASPER
47547,JASPER
47550,LAMAR
47551,TELL CITY
47553,LOOGOOTEE
47557,MONROE CITY
47558,MONTGOMERY
47561,OAKTOWN
47562,ODON
47564,OTWELL
47567,PETERSBURG
47568,PLAINVILLE
47574,TELL CITY
47575,SAINT ANTHONY
47576,TELL CITY
47577,SAINT MEINRAD
47578,SANDBORN
47579,SANTA CLAUS
47581,SHOALS
47584,SPURGEON
47585,STENDAL
47586,TELL CITY
47588,TROY
47590,VELPEN
47591,VINCENNES
47596,WESTPHALIA
47597,WHEATLAND
47598,WINSLOW
47601,BOONVILLE
47610,CHANDLER
47611,CHRISNEY
47612,CYNTHIANA
47613,ELBERFELD
47615,ROCKPORT
47616,GRIFFIN
47617,HATFIELD
47618,INGLEFIELD
47619,LYNNVILLE
47620,MOUNT VERNON
47629,NEWBURGH
47630,NEWBURGH
47631,NEW HARMONY
47633,POSEYVILLE
47634,RICHLAND
47635,ROCKPORT
47637,BOONVILLE
47638,WADESVILLE
47639,HAUBSTADT
47640,PRINCETON
47648,FORT BRANCH
47649,FRANCISCO
47654,MACKEY
47660,OAKLAND CITY
47665,OWENSVILLE
47666,PATOKA
47670,PRINCETON
47701,EVANSVILLE
47702,EVANSVILLE
47703,EVANSVILLE
47704,EVANSVILLE
47705,EVANSVILLE
47706,EVANSVILLE
47708,EVANSVILLE
47710,EVANSVILLE
47711,EVANSVILLE
47712,EVANSVILLE
47713,EVANSVILLE
47714,EVANSVILLE
47715,EVANSVILLE
47716,EVANSVILLE
47719,EVANSVILLE
47720,EVANSVILLE
47724,EVANSVILLE
47725,EVANSVILLE
47728,EVANSVILLE
47730,EVANSVILLE
47731,EVANSVILLE
47732,EVANSVILLE
47733,EVANSVILLE
47734,EVANSVILLE
47735,EVANSVILLE
47736,EVANSVILLE
47737,EVANSVILLE
47801,TERRE HAUTE
47802,TERRE HAUTE
47803,TERRE HAUTE
47804,TERRE HAUTE
47805,TERRE HAUTE
47807,TERRE HAUTE
47808,TERRE HAUTE
47831,BLANFORD
47832,BLOOMINGDALE
47833,BOWLING GREEN
47834,BRAZIL
47836,BRIDGETON
47837,CARBON
47838,CARLISLE
47840,CENTERPOINT
47841,CLAY CITY
47842,CLINTON
47845,COALMONT
47846,CORY
47847,DANA
47848,DUGGER
47849,FAIRBANKS
47850,FARMERSBURG
47851,FONTANET
47852,GRAYSVILLE
47853,HARMONY
47854,HILLSDALE
47855,HYMERA
47857,KNIGHTSVILLE
47858,LEWIS
47859,MARSHALL
47861,MEROM
47862,MONTEZUMA
47863,NEW GOSHEN
47866,PIMENTO
47868,BOWLING GREEN
47869,PRAIRIE CREEK
47870,PRAIRIETON
47871,RILEY
47872,ROCKVILLE
47874,ROSEDALE
47875,SAINT BERNICE
47876,SAINT MARY OF THE WOODS
47878,SEELYVILLE
47879,SHELBURN
47880,SHEPARDSVILLE
47881,STAUNTON
47882,SULLIVAN
47884,UNIVERSAL
47885,TERRE HAUTE
47901,LAFAYETTE
47902,LAFAYETTE
47903,LAFAYETTE
47904,LAFAYETTE
47905,LAFAYETTE
47906,LAFAYETTE
47909,LAFAYETTE
47916,ALAMO
47917,AMBIA
47918,ATTICA
47920,BATTLE GROUND
47921,BOSWELL
47922,BROOK
47923,BROOKSTON
47924,BUCK CREEK
47925,BUFFALO
47926,BURNETTSVILLE
47928,CAYUGA
47929,CHALMERS
47930,CLARKS HILL
47932,COVINGTON
47933,CRAWFORDSVILLE
47940,DARLINGTON
47941,DAYTON
47942,EARL PARK
47943,FAIR OAKS
47944,FOWLER
47946,FRANCESVILLE
47948,GOODLAND
47949,HILLSBORO
47950,IDAVILLE
47951,KENTLAND
47952,KINGMAN
47954,LADOGA
47955,LINDEN
47957,MEDARYVILLE
47958,MELLOTT
47959,FRANCESVILLE
47960,MONTICELLO
47963,MOROCCO
47964,MOUNT AYR
47965,NEW MARKET
47966,NEWPORT
47967,NEW RICHMOND
47968,NEW ROSS
47969,NEWTOWN
47970,OTTERBEIN
47971,FOWLER
47974,PERRYSVILLE
47975,PINE VILLAGE
47977,REMINGTON
47978,RENSSELAER
47980,REYNOLDS
47981,ROMNEY
47982,STATE LINE
47983,STOCKWELL
47987,VEEDERSBURG
47989,WAVELAND
47990,WAYNETOWN
47991,WEST LEBANON
47992,WESTPOINT
47993,ATTICA
47994,WINGATE
47995,WOLCOTT
47996,WEST LAFAYETTE
48001,ALGONAC
48002,ALLENTON
48003,ALMONT
48004,ANCHORVILLE
48005,ARMADA
48006,AVOCA
48007,TROY
48009,BIRMINGHAM
48012,BIRMINGHAM
48014,CAPAC
48015,CENTER LINE
48017,CLAWSON
48021,EASTPOINTE
48022,CAPAC
48023,FAIR HAVEN
48025,FRANKLIN
48026,FRASER
48027,GOODELLS
48028,ALGONAC
48030,HAZEL PARK
48032,JEDDO
48033,SOUTHFIELD
48034,SOUTHFIELD
48035,MOUNT CLEMENS
48036,MOUNT CLEMENS
48037,SOUTHFIELD
48038,CLINTON TOWNSHIP
48039,MARINE CITY
48040,MARYSVILLE
48041,MEMPHIS
48042,MACOMB
48043,MOUNT CLEMENS
48044,MACOMB
48045,MOUNT CLEMENS
48046,MOUNT CLEMENS
48047,NEW BALTIMORE
48048,NEW HAVEN
48049,NORTH STREET
48050,NEW HAVEN
48051,NEW BALTIMORE
48054,CHINA
48059,PORT HURON
48060,PORT HURON
48061,PORT HURON
48062,RICHMOND
48063,RICHMOND
48064,RICHMOND
48065,ROMEO
48066,ROSEVILLE
48067,ROYAL OAK
48068,ROYAL OAK
48069,ROYAL OAK
48070,ROYAL OAK
48071,MADISON HEIGHTS
48072,BERKLEY
48073,TROY
48074,PORT HURON
48075,SOUTHFIELD
48076,LATHRUP VILLAGE
48079,SAINT CLAIR
48080,SAINT CLAIR SHORES
48081,SAINT CLAIR SHORES
48082,SAINT CLAIR SHORES
48083,TROY
48084,TROY
48085,TROY
48086,SOUTHFIELD
48088,WARREN
48089,WARREN
48090,WARREN
48091,WARREN
48092,WARREN
48093,WARREN
48094,WASHINGTON
48095,WASHINGTON
48096,ROMEO
48097,YALE
48098,TROY
48099,TROY
48101,ALLEN PARK
48103,ANN ARBOR
48104,ANN ARBOR
48105,ANN ARBOR
48106,ANN ARBOR
48107,ANN ARBOR
48108,ANN ARBOR
48109,ANN ARBOR
48111,BELLEVILLE
48112,BELLEVILLE
48113,ANN ARBOR
48114,BRIGHTON
48116,BRIGHTON
48117,CARLETON
48118,CHELSEA
48120,DEARBORN
48121,DEARBORN
48122,DEARBORN
48123,DEARBORN
48124,DEARBORN
48125,DEARBORN
48126,DEARBORN
48127,DEARBORN HEIGHTS
48128,DEARBORN HEIGHTS
48130,DEXTER
48131,DUNDEE
48133,ERIE
48134,FLAT ROCK
48135,GARDEN CITY
48136,GARDEN CITY
48137,GREGORY
48138,GROSSE ILE
48139,HAMBURG
48140,IDA
48141,INKSTER
48143,LAKELAND
48144,LAMBERTVILLE
48145,LA SALLE
48146,LINCOLN PARK
48150,LIVONIA
48151,LIVONIA
48152,LIVONIA
48153,LIVONIA
48154,LIVONIA
48157,LUNA PIER
48158,MANCHESTER
48159,MAYBEE
48160,MILAN
48161,MONROE
48162,MONROE
48164,NEW BOSTON
48165,NEW HUDSON
48166,NEWPORT
48167,NORTHVILLE
48168,FARMINGTON HILLS
48169,PINCKNEY
48170,PLYMOUTH
48173,ROCKWOOD
48174,ROMULUS
48175,NORTHVILLE
48176,SALINE
48177,SAMARIA
48178,SOUTH LYON
48179,ROCKWOOD
48180,TAYLOR
48182,TEMPERANCE
48183,TRENTON
48184,WAYNE
48185,WESTLAND
48186,WESTLAND
48187,CANTON
48188,CANTON
48189,PINCKNEY
48190,WHITTAKER
48191,WILLIS
48192,SOUTHGATE
48193,RIVERVIEW
48195,SOUTHGATE
48197,YPSILANTI
48198,YPSILANTI
48201,DETROIT
48202,DETROIT
48203,HIGHLAND PARK
48204,DETROIT
48205,DETROIT
48206,DETROIT
48207,DETROIT
48208,DETROIT
48209,DETROIT
48210,DETROIT
48211,DETROIT
48212,HAMTRAMCK
48213,DETROIT
48214,DETROIT
48215,DETROIT
48216,DETROIT
48217,RIVER ROUGE
48218,RIVER ROUGE
48219,DETROIT
48220,DETROIT
48221,DETROIT
48223,DETROIT
48224,DETROIT
48225,DETROIT
48226,DETROIT
48227,DETROIT
48228,DETROIT
48229,RIVER ROUGE
48230,DETROIT
48231,DETROIT
48232,DETROIT
48234,DETROIT
48235,DETROIT
48236,GROSSE POINTE FARMS
48237,OAK PARK
48238,DETROIT
48239,REDFORD
48240,REDFORD
48242,TAYLOR
48243,DETROIT
48244,DETROIT
48301,BLOOMFIELD HILLS
48302,BLOOMFIELD HILLS
48303,BLOOMFIELD HILLS
48304,BLOOMFIELD HILLS
48306,ROCHESTER
48307,ROCHESTER
48308,ROCHESTER
48309,ROCHESTER HILLS
48310,STERLING HEIGHTS
48311,STERLING HEIGHTS
48312,STERLING HEIGHTS
48313,STERLING HEIGHTS
48314,STERLING HEIGHTS
48315,SHELBY TOWNSHIP
48316,SHELBY TOWNSHIP
48317,SHELBY TOWNSHIP
48318,SHELBY TOWNSHIP
48320,KEEGO HARBOR
48321,AUBURN HILLS
48322,WEST BLOOMFIELD
48323,WEST BLOOMFIELD
48324,WEST BLOOMFIELD
48325,WEST BLOOMFIELD
48326,PONTIAC
48327,WATERFORD
48328,WATERFORD
48329,WATERFORD
48330,WATERFORD
48331,FARMINGTON
48332,FARMINGTON
48333,FARMINGTON
48334,FARMINGTON
48335,FARMINGTON
48336,FARMINGTON
48340,PONTIAC
48341,PONTIAC
48342,PONTIAC
48343,PONTIAC
48346,CLARKSTON
48347,CLARKSTON
48348,CLARKSTON
48350,DAVISBURG
48353,HARTLAND
48356,HIGHLAND
48357,HIGHLAND
48359,LAKE ORION
48360,LAKE ORION
48361,LAKE ORION
48362,LAKE ORION
48363,ROCHESTER HILLS
48366,LAKEVILLE
48367,DRYDEN
48370,OXFORD
48371,OXFORD
48374,WALLED LAKE
48375,NOVI
48376,NOVI
48377,WALLED LAKE
48380,MILFORD
48381,MILFORD
48382,WALLED LAKE
48383,WATERFORD
48386,WATERFORD
48387,UNION LAKE
48390,WALLED LAKE
48393,WIXOM
48401,APPLEGATE
48410,ARGYLE
48411,ATLAS
48412,ATTICA
48413,BAD AXE
48414,BANCROFT
48415,BIRCH RUN
48416,BROWN CITY
48417,BIRCH RUN
48418,BYRON
48419,CARSONVILLE
48420,CLIO
48421,COLUMBIAVILLE
48422,CROSWELL
48423,DAVISON
48426,DECKER
48427,DECKERVILLE
48428,DRYDEN
48429,DURAND
48430,FENTON
48433,FLUSHING
48434,FORESTVILLE
48435,FOSTORIA
48436,GAINES
48437,GENESEE
48438,GOODRICH
48439,BURTON
48440,HADLEY
48441,HARBOR BEACH
48442,HOLLY
48444,IMLAY CITY
48445,KINDE
48446,LAPEER
48449,LENNON
48450,LEXINGTON
48451,LINDEN
48453,MARLETTE
48454,MELVIN
48455,METAMORA
48456,MINDEN CITY
48457,MONTROSE
48458,MOUNT MORRIS
48460,NEW LOTHROP
48461,NORTH BRANCH
48462,ORTONVILLE
48463,OTISVILLE
48464,OTTER LAKE
48465,MINDEN CITY
48466,CROSWELL
48467,PORT AUSTIN
48468,PORT HOPE
48469,PORT SANILAC
48470,RUTH
48471,SANDUSKY
48472,SNOVER
48473,SWARTZ CREEK
48475,UBLY
48476,VERNON
48480,GRAND BLANC
48501,FLINT
48502,FLINT
48503,FLINT
48504,FLINT
48505,FLINT
48506,FLINT
48507,FLINT
48509,BURTON
48519,BURTON
48529,FLINT
48531,FLINT
48532,FLINT
48601,SAGINAW
48602,SAGINAW
48603,SAGINAW
48604,SAGINAW
48605,SAGINAW
48606,SAGINAW
48607,SAGINAW
48608,SAGINAW
48609,SAGINAW
48610,ALGER
48611,AUBURN
48612,BEAVERTON
48613,RHODES
48614,SAINT CHARLES
48615,BRECKENRIDGE
48616,CHESANING
48617,CLARE
48618,COLEMAN
48619,COMINS
48620,EDENVILLE
48621,FAIRVIEW
48622,FARWELL
48623,FREELAND
48624,GLADWIN
48625,HARRISON
48626,HEMLOCK
48627,HIGGINS LAKE
48628,HOPE
48629,HOUGHTON LAKE
48630,HOUGHTON LAKE HEIGHTS
48631,KAWKAWLIN
48632,LAKE
48633,LAKE GEORGE
48634,LINWOOD
48635,ROSE CITY
48636,LUZERNE
48637,MERRILL
48638,SAGINAW
48640,MIDLAND
48641,MIDLAND
48642,MIDLAND
48647,MIO
48649,CHESANING
48650,PINCONNING
48651,PRUDENVILLE
48652,RHODES
48653,ROSCOMMON
48654,ROSE CITY
48655,SAINT CHARLES
48656,SAINT HELEN
48657,SANFORD
48658,STANDISH
48659,STERLING
48661,WEST BRANCH
48662,MERRILL
48701,AKRON
48703,AU GRES
48705,BARTON CITY
48706,BAY CITY
48707,BAY CITY
48708,BAY CITY
48720,BAY PORT
48721,SPRUCE
48722,BRIDGEPORT
48723,CARO
48724,CARROLLTON
48725,CASEVILLE
48726,CASS CITY
48727,CLIFFORD
48728,CURRAN
48729,DEFORD
48730,EAST TAWAS
48731,ELKTON
48732,BAY CITY
48733,CARO
48734,FRANKENMUTH
48735,CASS CITY
48737,GLENNIE
48738,GREENBUSH
48739,HALE
48740,HARRISVILLE
48741,KINGSTON
48742,HARRISVILLE
48743,HALE
48744,MAYVILLE
48745,MIKADO
48746,MILLINGTON
48747,MUNGER
48748,NATIONAL CITY
48749,OMER
48750,OSCODA
48754,OWENDALE
48755,PIGEON
48756,PRESCOTT
48757,REESE
48758,RICHVILLE
48759,SEBEWAING
48760,MAYVILLE
48761,HALE
48762,SPRUCE
48763,TAWAS CITY
48764,TAWAS CITY
48765,AU GRES
48766,AU GRES
48767,SEBEWAING
48768,VASSAR
48770,WHITTEMORE
48801,ALMA
48804,MOUNT PLEASANT
48805,OKEMOS
48806,ASHLEY
48807,BANNISTER
48808,BATH
48809,BELDING
48811,CARSON CITY
48812,CEDAR LAKE
48813,CHARLOTTE
48815,CLARKSVILLE
48816,COHOCTAH
48817,CORUNNA
48818,CRYSTAL
48819,DANSVILLE
48820,DEWITT
48821,DIMONDALE
48822,EAGLE
48823,EAST LANSING
48826,EAST LANSING
48827,EATON RAPIDS
48829,EDMORE
48830,ELM HALL
48831,ELSIE
48832,ELWELL
48833,EUREKA
48834,FENWICK
48835,FOWLER
48836,FOWLERVILLE
48837,GRAND LEDGE
48838,GREENVILLE
48840,HASLETT
48841,HENDERSON
48842,HOLT
48843,HOWELL
48844,HOWELL
48845,HUBBARDSTON
48846,IONIA
48847,ITHACA
48848,LAINGSBURG
48849,LAKE ODESSA
48850,LAKEVIEW
48851,LYONS
48852,MCBRIDES
48853,MAPLE RAPIDS
48854,MASON
48855,HOWELL
48856,MIDDLETON
48857,MORRICE
48858,MOUNT PLEASANT
48860,LYONS
48861,GRAND LEDGE
48862,NORTH STAR
48864,OKEMOS
48865,ORLEANS
48866,OVID
48867,OWOSSO
48871,PERRINTON
48872,PERRY
48873,PEWAMO
48874,POMPEII
48875,PORTLAND
48876,POTTERVILLE
48877,RIVERDALE
48878,MOUNT PLEASANT
48879,SAINT JOHNS
48880,SAINT LOUIS
48881,SARANAC
48882,SHAFTSBURG
48883,SHEPHERD
48884,SHERIDAN
48885,SIDNEY
48886,SIX LAKES
48888,STANTON
48889,ITHACA
48890,SUNFIELD
48891,VESTABURG
48892,WEBBERVILLE
48893,WEIDMAN
48894,WESTPHALIA
48895,WILLIAMSTON
48896,WINN
48897,LAKE ODESSA
48901,LANSING
48906,DEWITT
48908,LANSING
48909,LANSING
48910,LANSING
48911,LANSING
48912,LANSING
48915,LANSING
48917,LANSING
48933,LANSING
49001,KALAMAZOO
49002,KALAMAZOO
49003,KALAMAZOO
49004,KALAMAZOO
49005,KALAMAZOO
49006,KALAMAZOO
49007,KALAMAZOO
49008,KALAMAZOO
49009,KALAMAZOO
49010,ALLEGAN
49011,ATHENS
49012,BATTLE CREEK
49013,BANGOR
49014,BATTLE CREEK
49015,BATTLE CREEK
49016,BATTLE CREEK
49017,BATTLE CREEK
49018,BATTLE CREEK
49019,KALAMAZOO
49020,BEDFORD
49021,BELLEVUE
49022,BENTON HARBOR
49023,BENTON HARBOR
49024,KALAMAZOO
49026,BLOOMINGDALE
49027,BREEDSVILLE
49028,BRONSON
49029,BURLINGTON
49030,BURR OAK
49031,CASSOPOLIS
49032,CENTREVILLE
49033,CERESCO
49034,CLIMAX
49035,CLOVERDALE
49036,COLDWATER
49037,BATTLE CREEK
49038,COLOMA
49040,COLON
49041,COMSTOCK
49042,CONSTANTINE
49043,COVERT
49045,DECATUR
49046,DELTON
49047,DOWAGIAC
49048,KALAMAZOO
49050,DOWLING
49051,EAST LEROY
49052,FULTON
49053,GALESBURG
49055,GOBLES
49056,GRAND JUNCTION
49057,HARTFORD
49058,HASTINGS
49060,DELTON
49061,JONES
49062,KENDALL
49063,LACOTA
49064,LAWRENCE
49065,LAWTON
49066,LEONIDAS
49067,MARCELLUS
49068,MARSHALL
49070,MARTIN
49071,MATTAWAN
49072,COLON
49073,NASHVILLE
49074,KALAMAZOO
49075,NOTTAWA
49076,OLIVET
49077,KALAMAZOO
49078,OTSEGO
49079,PAW PAW
49080,PLAINWELL
49081,PORTAGE
49082,QUINCY
49083,RICHLAND
49084,RIVERSIDE
49085,BENTON HARBOR
49087,SCHOOLCRAFT
49088,SCOTTS
49089,SHERWOOD
49090,SOUTH HAVEN
49091,STURGIS
49092,TEKONSHA
49093,THREE RIVERS
49094,UNION CITY
49095,CASSOPOLIS
49096,NASHVILLE
49097,VICKSBURG
49098,WATERVLIET
49099,WHITE PIGEON
49101,BARODA
49102,BERRIEN SPRINGS
49103,BERRIEN SPRINGS
49106,BRIDGMAN
49107,BUCHANAN
49111,EAU CLAIRE
49112,EDWARDSBURG
49113,GALIEN
49115,HARBERT
49116,THREE OAKS
49117,NEW BUFFALO
49119,NEW TROY
49120,NILES
49125,SAWYER
49126,SODUS
49127,STEVENSVILLE
49128,THREE OAKS
49129,UNION PIER
49130,EDWARDSBURG
49201,JACKSON
49202,JACKSON
49203,JACKSON
49204,JACKSON
49220,ADDISON
49221,ADRIAN
49224,ALBION
49227,ALLEN
49228,BLISSFIELD
49229,BRITTON
49230,BROOKLYN
49232,CAMDEN
49233,BROOKLYN
49234,CLARKLAKE
49235,CLAYTON
49236,CLINTON
49237,ALBION
49238,DEERFIELD
49239,FRONTIER
49240,GRASS LAKE
49241,HANOVER
49242,HILLSDALE
49245,HOMER
49246,HORTON
49247,HUDSON
49248,JASPER
49249,JEROME
49250,JONESVILLE
49251,LESLIE
49252,HOMER
49253,ADDISON
49254,MICHIGAN CENTER
49255,MONTGOMERY
49256,MORENCI
49258,MOSHERVILLE
49259,MUNITH
49261,NAPOLEON
49262,NORTH ADAMS
49263,NORVELL
49264,ONONDAGA
49265,ONSTED
49266,OSSEO
49267,BLISSFIELD
49268,PALMYRA
49269,PARMA
49270,PETERSBURG
49271,PITTSFORD
49272,PLEASANT LAKE
49274,READING
49276,RIGA
49277,RIVES JUNCTION
49279,SAND CREEK
49282,SOMERSET CENTER
49283,SPRING ARBOR
49284,ALBION
49285,STOCKBRIDGE
49286,TECUMSEH
49287,TIPTON
49288,WALDRON
49289,WESTON
49301,ADA
49302,ALTO
49303,BAILEY
49304,BALDWIN
49305,BARRYTON
49306,BELMONT
49307,BIG RAPIDS
49309,BITELY
49310,BLANCHARD
49311,BRADLEY
49312,WHITE CLOUD
49314,BURNIPS
49315,BYRON CENTER
49316,CALEDONIA
49317,CANNONSBURG
49318,CASNOVIA
49319,CEDAR SPRINGS
49320,CHIPPEWA LAKE
49321,COMSTOCK PARK
49322,CORAL
49323,DORR
49325,FREEPORT
49326,GOWEN
49327,GRANT
49328,HOPKINS
49329,HOWARD CITY
49330,KENT CITY
49331,LOWELL
49332,MECOSTA
49333,MIDDLEVILLE
49335,MOLINE
49336,MORLEY
49337,NEWAYGO
49338,PARIS
49339,PIERSON
49340,REMUS
49341,ROCKFORD
49342,RODNEY
49343,SAND LAKE
49344,SHELBYVILLE
49345,SPARTA
49346,STANWOOD
49347,SAND LAKE
49348,WAYLAND
49349,WHITE CLOUD
49401,ALLENDALE
49402,BRANCH
49403,CONKLIN
49404,COOPERSVILLE
49405,CUSTER
49406,DOUGLAS
49408,FENNVILLE
49409,FERRYSBURG
49410,FOUNTAIN
49411,FOUNTAIN
49412,FREMONT
49415,FRUITPORT
49417,GRAND HAVEN
49418,JENISON
49419,HAMILTON
49420,HART
49421,HESPERIA
49422,HOLLAND
49423,HOLLAND
49424,HOLLAND
49425,HOLTON
49426,HUDSONVILLE
49427,JAMESTOWN
49428,JENISON
49429,JENISON
49430,LAMONT
49431,LUDINGTON
49434,HOLLAND
49435,COOPERSVILLE
49436,HART
49437,MONTAGUE
49440,MUSKEGON
49441,MUSKEGON
49442,MUSKEGON
49443,MUSKEGON
49444,MUSKEGON
49445,MUSKEGON
49446,NEW ERA
49448,COOPERSVILLE
49449,PENTWATER
49450,FENNVILLE
49451,RAVENNA
49452,ROTHBURY
49453,SAUGATUCK
49454,SCOTTVILLE
49455,SHELBY
49456,SPRING LAKE
49457,TWIN LAKE
49458,WALHALLA
49459,WALKERVILLE
49460,WEST OLIVE
49461,MONTAGUE
49463,WHITEHALL
49464,ZEELAND
49468,GRANDVILLE
49501,GRAND RAPIDS
49503,GRAND RAPIDS
49504,GRAND RAPIDS
49505,GRAND RAPIDS
49506,GRAND RAPIDS
49507,GRAND RAPIDS
49508,GRAND RAPIDS
49509,WYOMING
49510,GRAND RAPIDS
49512,GRAND RAPIDS
49514,GRAND RAPIDS
49515,GRAND RAPIDS
49516,GRAND RAPIDS
49518,GRAND RAPIDS
49519,WYOMING
49523,GRAND RAPIDS
49525,GRAND RAPIDS
49528,GRAND RAPIDS
49534,GRAND RAPIDS
49544,GRAND RAPIDS
49546,GRAND RAPIDS
49548,GRAND RAPIDS
49588,GRAND RAPIDS
49601,CADILLAC
49610,ACME
49611,ALBA
49612,ALDEN
49613,ARCADIA
49614,BEAR LAKE
49615,BELLAIRE
49616,BENZONIA
49617,BENZONIA
49618,BOON
49619,BRETHREN
49620,BUCKLEY
49621,CEDAR
49622,CENTRAL LAKE
49623,CHASE
49625,COPEMISH
49626,EASTLAKE
49627,EASTPORT
49628,ELBERTA
49629,ELK RAPIDS
49630,EMPIRE
49631,EVART
49632,FALMOUTH
49633,FIFE LAKE
49635,FRANKFORT
49636,GLEN ARBOR
49637,GRAWN
49638,HARRIETTA
49639,HERSEY
49640,HONOR
49642,IDLEWILD
49643,INTERLOCHEN
49644,IRONS
49645,KALEVA
49646,KALKASKA
49648,KEWADIN
49649,KINGSLEY
49650,LAKE ANN
49651,LAKE CITY
49653,LAKE LEELANAU
49654,LELAND
49655,LEROY
49656,LUTHER
49657,MC BAIN
49659,MANCELONA
49660,MANISTEE
49663,MANTON
49664,MAPLE CITY
49665,MARION
49666,MAYFIELD
49667,MERRITT
49668,MESICK
49670,NORTHPORT
49673,OLD MISSION
49674,OMENA
49675,ONEKAMA
49676,RAPID CITY
49677,REED CITY
49679,EVART
49680,KALKASKA
49682,SUTTONS BAY
49683,THOMPSONVILLE
49684,TRAVERSE CITY
49685,TRAVERSE CITY
49686,TRAVERSE CITY
49688,TUSTIN
49689,WELLSTON
49690,WILLIAMSBURG
49696,TRAVERSE CITY
49701,MACKINAW CITY
49705,AFTON
49706,ALANSON
49707,ALPENA
49709,ATLANTA
49710,BARBEAU
49712,BOYNE CITY
49713,BOYNE FALLS
49715,BRIMLEY
49716,ALANSON
49717,BURT LAKE
49718,CARP LAKE
49719,CEDARVILLE
49720,CHARLEVOIX
49721,CHEBOYGAN
49722,CONWAY
49723,CROSS VILLAGE
49724,DAFTER
49725,DE TOUR VILLAGE
49726,DRUMMOND ISLAND
49727,EAST JORDAN
49728,ECKERMAN
49729,ELLSWORTH
49730,GAYLORD
49733,FREDERIC
49734,GAYLORD
49735,GAYLORD
49736,GOETZVILLE
49737,HARBOR SPRINGS
49738,GRAYLING
49740,HARBOR SPRINGS
49743,HAWKS
49744,ALPENA
49745,HESSEL
49746,HILLMAN
49747,HUBBARD LAKE
49748,HULBERT
49749,INDIAN RIVER
49751,JOHANNESBURG
49752,KINROSS
49753,LACHINE
49755,LEVERING
49756,LEWISTON
49757,MACKINAC ISLAND
49759,MILLERSBURG
49760,MORAN
49761,MULLETT LAKE
49762,NAUBINWAY
49764,ODEN
49765,ONAWAY
49766,OSSINEKE
49768,PARADISE
49769,PELLSTON
49770,PETOSKEY
49774,PICKFORD
49775,CHEBOYGAN
49776,POSEN
49777,PRESQUE ISLE
49779,ROGERS CITY
49780,KINCHELOE
49781,SAINT IGNACE
49782,BEAVER ISLAND
49783,SAULT SAINTE MARIE
49788,KINCHELOE
49791,TOPINABEE
49793,TROUT LAKE
49795,VANDERBILT
49796,WALLOON LAKE
49797,WATERS
49799,WOLVERINE
49801,IRON MOUNTAIN
49802,IRON MOUNTAIN
49805,CALUMET
49806,AU TRAIN
49807,BARK RIVER
49808,BIG BAY
49812,CARNEY
49814,CHAMPION
49815,CHANNING
49816,CHATHAM
49817,COOKS
49818,CORNELL
49820,CURTIS
49821,DAGGETT
49822,AU TRAIN
49825,EBEN JUNCTION
49827,ENGADINE
49829,ESCANABA
49831,FELCH
49833,GWINN
49834,BARK RIVER
49835,GARDEN
49836,GERMFASK
49837,ESCANABA
49838,GOULD CITY
49839,GRAND MARAIS
49840,GULLIVER
49841,GWINN
49845,HARRIS
49847,HERMANSVILLE
49848,INGALLS
49849,ISHPEMING
49853,MC MILLAN
49854,MANISTIQUE
49855,MARQUETTE
49858,MENOMINEE
49861,MICHIGAMME
49862,MUNISING
49863,NADEAU
49866,ISHPEMING
49868,NEWBERRY
49870,IRON MOUNTAIN
49871,PALMER
49872,PERKINS
49873,BARK RIVER
49874,POWERS
49876,IRON MOUNTAIN
49878,RAPID RIVER
49879,REPUBLIC
49880,ROCK
49881,CHANNING
49883,SENEY
49884,SHINGLETON
49885,SKANDIA
49886,SPALDING
49887,STEPHENSON
49891,TRENARY
49892,IRON MOUNTAIN
49893,STEPHENSON
49894,WELLS
49895,WETMORE
49896,BARK RIVER
49901,AHMEEK
49902,ALPHA
49903,AMASA
49905,ATLANTIC MINE
49908,BARAGA
49910,BERGLAND
49911,BESSEMER
49912,BRUCE CROSSING
49913,CALUMET
49915,CASPIAN
49916,CHASSELL
49917,COPPER CITY
49918,COPPER HARBOR
49919,COVINGTON
49920,CRYSTAL FALLS
49922,DOLLAR BAY
49925,EWEN
49927,GAASTRA
49929,GREENLAND
49930,HANCOCK
49931,HOUGHTON
49934,HUBBELL
49935,IRON RIVER
49938,IRONWOOD
49945,CALUMET
49946,LANSE
49947,MARENISCO
49948,MASS CITY
49950,CALUMET
49952,NISULA
49953,ONTONAGON
49955,PAINESDALE
49958,PELKIE
49959,RAMSAY
49960,ROCKLAND
49961,SIDNAW
49962,SKANEE
49963,SOUTH RANGE
49964,STAMBAUGH
49965,TOIVOLA
49967,TROUT CREEK
49968,WAKEFIELD
49969,WATERSMEET
49970,WATTON
49971,WHITE PINE
50002,ADAIR
50003,ADEL
50005,ALBION
50006,ALDEN
50007,ALLEMAN
50008,ALLERTON
50009,ALTOONA
50010,AMES
50014,AMES
50020,ANITA
50021,ANKENY
50022,ATLANTIC
50023,ANKENY
50025,AUDUBON
50026,BAGLEY
50027,BARNES CITY
50028,BAXTER
50029,BAYARD
50031,BEAVER
50032,BERWICK
50034,BLAIRSBURG
50035,BONDURANT
50036,BOONE
50037,BOONE
50038,BOONEVILLE
50039,BOUTON
50040,BOXHOLM
50041,BRADFORD
50042,BRAYTON
50044,BUSSEY
50046,CAMBRIDGE
50047,CARLISLE
50048,CASEY
50049,CHARITON
50050,CHURDAN
50051,CLEMONS
50054,COLFAX
50055,COLLINS
50056,COLO
50058,COON RAPIDS
50060,CORYDON
50061,CUMMING
50063,DALLAS CENTER
50065,DAVIS CITY
50066,DAWSON
50067,DECATUR
50068,DERBY
50069,DE SOTO
50070,DEXTER
50071,DOWS
50072,EARLHAM
50073,ELKHART
50074,ELLSTON
50075,ELLSWORTH
50076,EXIRA
50078,FERGUSON
50099,BOONE
50102,GARDEN CITY
50103,GARDEN GROVE
50104,GIBSON
50105,GILBERT
50106,GILMAN
50107,GRAND JUNCTION
50108,DECATUR
50109,GRANGER
50110,GRAY
50111,GRIMES
50112,GRINNELL
50115,GUTHRIE CENTER
50116,HAMILTON
50118,HARTFORD
50119,HARVEY
50120,HAVERHILL
50122,HUBBARD
50123,HUMESTON
50124,HUXLEY
50125,INDIANOLA
50126,IOWA FALLS
50128,JAMAICA
50129,JEFFERSON
50130,JEWELL
50131,JOHNSTON
50132,KAMRAR
50133,KELLERTON
50135,KELLOGG
50136,KESWICK
50137,KILLDUFF
50138,KNOXVILLE
50139,LACONA
50140,LAMONI
50141,LAUREL
50142,LE GRAND
50143,LEIGHTON
50144,LEON
50145,LIBERTY CENTER
50146,LINDEN
50147,LINEVILLE
50148,LISCOMB
50149,LORIMOR
50150,LOVILIA
50151,LUCAS
50153,LYNNVILLE
50154,MC CALLSBURG
50155,MACKSBURG
50156,MADRID
50157,MALCOM
50158,MARSHALLTOWN
50160,MARTENSDALE
50161,MAXWELL
50162,MELBOURNE
50163,MELCHER DALLAS
50164,MENLO
50166,MILO
50167,MINBURN
50168,MINGO
50169,MITCHELLVILLE
50170,MONROE
50171,MONTEZUMA
50173,MONTOUR
50174,MURRAY
50201,NEVADA
50206,NEW PROVIDENCE
50207,NEW SHARON
50208,NEWTON
50210,NEW VIRGINIA
50211,NORWALK
50212,OGDEN
50213,OSCEOLA
50214,OTLEY
50216,PANORA
50217,PATON
50219,PELLA
50220,PERRY
50223,PILOT MOUND
50225,PLEASANTVILLE
50226,POLK CITY
50228,COLFAX
50229,MARTENSDALE
50230,RADCLIFFE
50231,RANDALL
50232,REASNOR
50233,REDFIELD
50234,RHODES
50235,RIPPEY
50236,ROLAND
50237,RUNNELLS
50238,RUSSELL
50239,SAINT ANTHONY
50240,SAINT CHARLES
50241,SAINT MARYS
50243,SHELDAHL
50244,HUXLEY
50246,STANHOPE
50247,STATE CENTER
50248,STORY CITY
50249,STRATFORD
50250,STUART
50251,SULLY
50254,AFTON
50255,THORNBURG
50256,HARVEY
50257,TRURO
50258,UNION
50261,VAN METER
50262,VAN WERT
50263,WAUKEE
50264,WELDON
50265,WEST DES MOINES
50266,CLIVE
50268,WHAT CHEER
50269,WHITTEN
50271,WILLIAMS
50272,WILLIAMSON
50273,WINTERSET
50274,WIOTA
50275,WOODBURN
50276,WOODWARD
50277,YALE
50278,ZEARING
50301,DES MOINES
50302,DES MOINES
50303,DES MOINES
50304,DES MOINES
50305,DES MOINES
50306,DES MOINES
50309,DES MOINES
50310,DES MOINES
50311,DES MOINES
50312,DES MOINES
50313,DES MOINES
50314,DES MOINES
50315,DES MOINES
50316,DES MOINES
50317,DES MOINES
50320,DES MOINES
50321,DES MOINES
50322,URBANDALE
50323,URBANDALE
50324,DES MOINES
50325,CLIVE
50327,DES MOINES
50336,DES MOINES
50340,DES MOINES
50368,DES MOINES
50393,DES MOINES
50401,MASON CITY
50402,MASON CITY
50420,ALEXANDER
50421,BELMOND
50423,BRITT
50424,BUFFALO CENTER
50428,CLEAR LAKE
50430,CORWITH
50431,COULTER
50432,CRYSTAL LAKE
50434,FERTILE
50435,FLOYD
50436,FOREST CITY
50438,GARNER
50440,GRAFTON
50441,HAMPTON
50444,HANLONTOWN
50446,JOICE
50447,KANAWHA
50448,KENSETT
50449,KLEMME
50450,LAKE MILLS
50451,LAKOTA
50452,HAMPTON
50453,LELAND
50456,MANLY
50457,MESERVEY
50458,NORA SPRINGS
50459,NORTHWOOD
50460,ORCHARD
50461,OSAGE
50464,PLYMOUTH
50465,RAKE
50466,RICEVILLE
50468,ROCKFORD
50469,ROCKWELL
50470,ROWAN
50471,RUDD
50472,SAINT ANSGAR
50473,SCARVILLE
50475,SHEFFIELD
50476,STACYVILLE
50477,SWALEDALE
50478,THOMPSON
50479,THORNTON
50480,TITONKA
50482,VENTURA
50483,WESLEY
50484,WODEN
50501,FORT DODGE
50510,ALBERT CITY
50511,ALGONA
50514,ARMSTRONG
50515,EMMETSBURG
50516,BADGER
50517,BANCROFT
50518,BARNUM
50519,BODE
50520,BRADGATE
50522,BURT
50523,CALLENDER
50524,CLARE
50525,CLARION
50527,CURLEW
50528,CYLINDER
50529,DAKOTA CITY
50530,DAYTON
50531,DOLLIVER
50532,DUNCOMBE
50533,EAGLE GROVE
50535,EARLY
50536,EMMETSBURG
50538,FARNHAMVILLE
50539,FENTON
50540,FONDA
50541,GILMORE CITY
50542,GOLDFIELD
50543,GOWRIE
50544,HARCOURT
50546,HAVELOCK
50548,HUMBOLDT
50551,JOLLEY
50554,LAURENS
50556,LEDYARD
50557,LEHIGH
50558,LIVERMORE
50559,FENTON
50560,LIVERMORE
50561,LYTTON
50562,CURLEW
50563,MANSON
50565,MARATHON
50566,MOORLAND
50567,NEMAHA
50568,NEWELL
50570,OTTOSEN
50571,PALMER
50573,PLOVER
50574,POCAHONTAS
50575,POMEROY
50576,REMBRANDT
50577,RENWICK
50578,RINGSTED
50579,ROCKWELL CITY
50581,ROLFE
50582,RUTLAND
50583,SAC CITY
50585,SIOUX RAPIDS
50586,SOMERS
50588,STORM LAKE
50590,SWEA CITY
50591,THOR
50592,TRUESDALE
50593,VARINA
50594,VINCENT
50595,WEBSTER CITY
50597,WEST BEND
50598,WHITTEMORE
50599,WOOLSTOCK
50601,ACKLEY
50602,ALLISON
50603,ALTA VISTA
50604,APLINGTON
50605,DUMONT
50606,LAMONT
50607,AURORA
50609,BEAMAN
50613,CEDAR FALLS
50616,CHARLES CITY
50619,CLARKSVILLE
50621,CONRAD
50622,DENVER
50623,DEWAR
50624,DIKE
50625,DUMONT
50626,DUNKERTON
50627,ELDORA
50628,ELMA
50629,FAIRBANK
50630,FREDERICKSBURG
50631,FREDERIKA
50632,GLADBROOK
50634,GILBERTVILLE
50635,GLADBROOK
50636,GREENE
50638,GRUNDY CENTER
50641,HAZLETON
50642,HOLLAND
50643,HUDSON
50644,INDEPENDENCE
50647,CEDAR FALLS
50648,JESUP
50650,LAMONT
50651,LA PORTE CITY
50652,LINCOLN
50653,MARBLE ROCK
50654,MASONVILLE
50655,MAYNARD
50658,NASHUA
50659,NEW HAMPTON
50660,NEW HARTFORD
50662,OELWEIN
50665,PARKERSBURG
50666,PLAINFIELD
50667,RAYMOND
50668,READLYN
50669,GRUNDY CENTER
50670,SHELL ROCK
50672,STEAMBOAT ROCK
50673,STOUT
50674,SUMNER
50675,TRAER
50676,TRIPOLI
50677,WAVERLY
50680,WELLSBURG
50682,WINTHROP
50701,WATERLOO
50702,WATERLOO
50703,WATERLOO
50704,WATERLOO
50707,WATERLOO
50801,CRESTON
50830,AFTON
50831,ARISPE
50833,BEDFORD
50835,MOUNT AYR
50836,BLOCKTON
50837,BRIDGEWATER
50840,CLEARFIELD
50841,CORNING
50843,CUMBERLAND
50845,DIAGONAL
50846,FONTANELLE
50847,GRANT
50848,BEDFORD
50849,GREENFIELD
50851,LENOX
50853,MASSENA
50854,MOUNT AYR
50858,ORIENT
50859,PRESCOTT
50860,REDDING
50861,SHANNON CITY
50862,SHARPSBURG
50863,TINGLEY
50864,VILLISCA
50950,BOONE
51001,AKRON
51002,ALTA
51003,ALTON
51004,ANTHON
51005,AURELIA
51006,BATTLE CREEK
51007,BRONSON
51008,BRUNSVILLE
51009,CALUMET
51010,CASTANA
51012,CHEROKEE
51014,CLEGHORN
51016,CORRECTIONVILLE
51018,CUSHING
51019,DANBURY
51020,GALVA
51022,GRANVILLE
51023,HAWARDEN
51024,HINTON
51025,HOLSTEIN
51026,HORNICK
51027,IRETON
51028,KINGSLEY
51029,LARRABEE
51030,LAWTON
51031,LE MARS
51033,LINN GROVE
51034,MAPLETON
51035,MARCUS
51036,MAURICE
51037,MERIDEN
51038,MERRILL
51039,MOVILLE
51040,ONAWA
51041,ORANGE CITY
51044,MAPLETON
51045,OYENS
51046,PAULLINA
51047,PETERSON
51048,PIERSON
51049,QUIMBY
51050,REMSEN
51052,SALIX
51053,SCHALLER
51054,SERGEANT BLUFF
51055,SLOAN
51056,MAPLETON
51058,SUTHERLAND
51060,UTE
51061,WASHTA
51062,WESTFIELD
51063,WHITING
51101,SIOUX CITY
51102,SIOUX CITY
51103,SIOUX CITY
51104,SIOUX CITY
51105,SIOUX CITY
51106,SIOUX CITY
51108,SIOUX CITY
51109,SIOUX CITY
51111,SIOUX CITY
51201,SHELDON
51230,ALVORD
51231,ARCHER
51232,SIBLEY
51234,BOYDEN
51235,DOON
51237,GEORGE
51238,HOSPERS
51239,HULL
51240,INWOOD
51241,LARCHWOOD
51242,LESTER
51243,LITTLE ROCK
51245,PRIMGHAR
51246,ROCK RAPIDS
51247,ROCK VALLEY
51248,SANBORN
51249,SIBLEY
51250,SIOUX CENTER
51301,SPENCER
51331,ARNOLDS PARK
51333,DICKENS
51334,ESTHERVILLE
51338,EVERLY
51340,FOSTORIA
51341,GILLETT GROVE
51342,GRAETTINGER
51345,HARRIS
51346,HARTLEY
51347,LAKE PARK
51350,MELVIN
51351,MILFORD
51354,OCHEYEDAN
51355,OKOBOJI
51357,ROYAL
51358,RUTHVEN
51360,SPIRIT LAKE
51363,SUPERIOR
51364,TERRIL
51365,WALLINGFORD
51366,WEBB
51401,CARROLL
51430,ARCADIA
51431,ARTHUR
51433,AUBURN
51436,BREDA
51439,CHARTER OAK
51440,DEDHAM
51441,DELOIT
51442,DENISON
51443,GLIDDEN
51444,HALBUR
51445,IDA GROVE
51446,IRWIN
51448,KIRON
51449,LAKE CITY
51450,CARNARVON
51451,LANESBORO
51452,LIDDERDALE
51453,LOHRVILLE
51454,MANILLA
51455,MANNING
51458,ODEBOLT
51460,RICKETTS
51461,SCHLESWIG
51462,JEFFERSON
51463,TEMPLETON
51465,VAIL
51466,WALL LAKE
51467,WESTSIDE
51501,COUNCIL BLUFFS
51502,COUNCIL BLUFFS
51503,COUNCIL BLUFFS
51510,OMAHA
51521,AVOCA
51523,BLENCOE
51525,CARSON
51526,CRESCENT
51527,DEFIANCE
51528,DOW CITY
51529,DUNLAP
51530,EARLING
51531,ELK HORN
51532,ELLIOTT
51533,EMERSON
51534,GLENWOOD
51535,GRISWOLD
51536,HANCOCK
51537,HARLAN
51540,HASTINGS
51542,MISSOURI VALLEY
51543,KIMBALLTON
51544,LEWIS
51546,LOGAN
51549,CARSON
51551,MALVERN
51552,MARNE
51553,MINDEN
51554,MINEOLA
51555,MISSOURI VALLEY
51556,MODALE
51557,MONDAMIN
51558,MOORHEAD
51559,NEOLA
51560,OAKLAND
51561,GLENWOOD
51562,PANAMA
51563,PERSIA
51564,PISGAH
51565,PORTSMOUTH
51566,RED OAK
51570,AVOCA
51571,SILVER CITY
51572,SOLDIER
51573,RED OAK
51575,TREYNOR
51576,UNDERWOOD
51577,AVOCA
51579,WOODBINE
51593,HARLAN
51601,SHENANDOAH
51630,BLANCHARD
51631,BRADDYVILLE
51632,CLARINDA
51636,COIN
51637,COLLEGE SPRINGS
51638,ESSEX
51639,FARRAGUT
51640,HAMBURG
51646,NEW MARKET
51649,RANDOLPH
51650,RIVERTON
51651,SHAMBAUGH
51652,SIDNEY
51653,TABOR
51654,THURMAN
51656,YORKTOWN
52001,DUBUQUE
52002,DUBUQUE
52003,DUBUQUE
52004,DUBUQUE
52030,ANDREW
52031,BELLEVUE
52032,BERNARD
52033,CASCADE
52035,COLESBURG
52037,DELMAR
52038,DUNDEE
52039,DUBUQUE
52040,DYERSVILLE
52041,DYERSVILLE
52042,EDGEWOOD
52043,ELKADER
52045,EPWORTH
52046,FARLEY
52047,FARMERSBURG
52049,GARNAVILLO
52050,GREELEY
52052,GUTTENBERG
52053,HOLY CROSS
52054,LA MOTTE
52056,LUXEMBURG
52057,MANCHESTER
52060,MAQUOKETA
52064,MILES
52065,NEW VIENNA
52068,PEOSTA
52069,PRESTON
52070,SABULA
52072,SAINT OLAF
52073,DUBUQUE
52075,SPRINGBROOK
52076,STRAWBERRY POINT
52077,VOLGA
52078,WORTHINGTON
52079,ZWINGLE
52101,DECORAH
52132,CALMAR
52133,CASTALIA
52134,CHESTER
52135,CLERMONT
52136,CRESCO
52141,ELGIN
52142,FAYETTE
52144,FORT ATKINSON
52146,HARPERS FERRY
52147,HAWKEYE
52149,HIGHLANDVILLE
52151,LANSING
52154,LAWLER
52155,LIME SPRINGS
52156,LUANA
52157,MC GREGOR
52158,MARQUETTE
52159,MONONA
52160,NEW ALBIN
52161,OSSIAN
52162,POSTVILLE
52163,PROTIVIN
52165,RIDGEWAY
52166,SAINT LUCAS
52168,SPILLVILLE
52169,WADENA
52171,WAUCOMA
52172,WAUKON
52175,WEST UNION
52201,AINSWORTH
52202,ALBURNETT
52203,AMANA
52205,ANAMOSA
52206,ATKINS
52207,BALDWIN
52208,BELLE PLAINE
52209,BLAIRSTOWN
52210,BRANDON
52211,BROOKLYN
52212,CENTER JUNCTION
52213,CENTER POINT
52214,CENTRAL CITY
52215,CHELSEA
52216,CLARENCE
52218,COGGON
52220,CONROY
52222,DEEP RIVER
52223,DELHI
52224,DYSART
52225,ELBERON
52227,ELY
52228,FAIRFAX
52229,GARRISON
52233,HIAWATHA
52235,HILLS
52237,HOPKINTON
52240,IOWA CITY
52241,CORALVILLE
52244,IOWA CITY
52245,IOWA CITY
52246,CORALVILLE
52247,KALONA
52248,KEOTA
52249,KEYSTONE
52251,LADORA
52253,LISBON
52254,LOST NATION
52255,LOWDEN
52301,MARENGO
52302,MARION
52305,MARTELLE
52306,MECHANICSVILLE
52307,MIDDLE AMANA
52308,MILLERSBURG
52309,MONMOUTH
52310,MONTICELLO
52313,MOUNT AUBURN
52314,MOUNT VERNON
52315,NEWHALL
52316,NORTH ENGLISH
52317,NORTH LIBERTY
52318,NORWAY
52320,OLIN
52321,ONSLOW
52322,AMANA
52323,OXFORD JUNCTION
52324,PALO
52325,PARNELL
52326,QUASQUETON
52327,RIVERSIDE
52328,CEDAR RAPIDS
52329,ROWLEY
52330,RYAN
52332,SHELLSBURG
52333,SOLON
52334,SOUTH AMANA
52335,SOUTH ENGLISH
52336,MOUNT VERNON
52337,STANWOOD
52338,CEDAR RAPIDS
52339,TAMA
52340,TIFFIN
52341,CENTER POINT
52342,TAMA
52344,TROY MILLS
52345,URBANA
52346,VAN HORNE
52347,BROOKLYN
52348,VINING
52349,VINTON
52351,WALFORD
52352,WALKER
52353,WASHINGTON
52354,WATKINS
52356,WELLMAN
52358,IOWA CITY
52361,WILLIAMSBURG
52362,WYOMING
52401,CEDAR RAPIDS
52402,CEDAR RAPIDS
52403,CEDAR RAPIDS
52404,CEDAR RAPIDS
52405,CEDAR RAPIDS
52406,CEDAR RAPIDS
52407,CEDAR RAPIDS
52408,CEDAR RAPIDS
52409,CEDAR RAPIDS
52410,CEDAR RAPIDS
52411,CEDAR RAPIDS
52501,OTTUMWA
52530,AGENCY
52531,ALBIA
52533,BATAVIA
52534,BEACON
52535,BIRMINGHAM
52536,BLAKESBURG
52537,BLOOMFIELD
52540,BRIGHTON
52542,CANTRIL
52543,CEDAR
52544,CENTERVILLE
52548,CHILLICOTHE
52549,CENTERVILLE
52551,DOUDS
52552,DRAKESVILLE
52553,EDDYVILLE
52554,ELDON
52555,EXLINE
52556,FAIRFIELD
52560,FLORIS
52561,FREMONT
52563,HEDRICK
52565,KEOSAUQUA
52566,KIRKVILLE
52567,LIBERTYVILLE
52568,MARTINSBURG
52569,MELROSE
52570,KEOSAUQUA
52571,MORAVIA
52572,DRAKESVILLE
52574,CENTERVILLE
52576,OLLIE
52577,OSKALOOSA
52580,PACKWOOD
52581,PLANO
52583,CENTERVILLE
52584,PULASKI
52585,RICHLAND
52586,ROSE HILL
52590,SEYMOUR
52591,SIGOURNEY
52594,UNIONVILLE
52595,UNIVERSITY PARK
52601,BURLINGTON
52619,ARGYLE
52620,BONAPARTE
52621,CRAWFORDSVILLE
52623,DANVILLE
52624,DENMARK
52625,DONNELLSON
52626,FARMINGTON
52627,FORT MADISON
52631,HOUGHTON
52632,KEOKUK
52635,LOCKRIDGE
52637,MEDIAPOLIS
52638,MIDDLETOWN
52639,MONTROSE
52640,MORNING SUN
52641,MOUNT PLEASANT
52644,MOUNT UNION
52645,MOUNT PLEASANT
52646,OAKVILLE
52647,OLDS
52649,SALEM
52651,STOCKPORT
52652,SWEDESBURG
52653,WAPELLO
52654,WAYLAND
52655,BURLINGTON
52656,WEST POINT
52658,FORT MADISON
52659,WINFIELD
52701,ANDOVER
52720,ATALISSA
52721,BENNETT
52722,BETTENDORF
52726,BLUE GRASS
52728,BUFFALO
52729,CALAMUS
52730,CAMANCHE
52731,CHARLOTTE
52732,CLINTON
52733,CLINTON
52738,COLUMBUS JUNCTION
52739,CONESVILLE
52742,DE WITT
52745,DIXON
52746,DONAHUE
52747,DURANT
52748,ELDRIDGE
52749,FRUITLAND
52750,GOOSE LAKE
52751,GRAND MOUND
52752,WAPELLO
52753,LE CLAIRE
52754,LETTS
52755,LONE TREE
52756,LONG GROVE
52757,LOW MOOR
52758,MC CAUSLAND
52761,MUSCATINE
52766,NICHOLS
52767,PLEASANT VALLEY
52768,LE CLAIRE
52769,STOCKTON
52772,TIPTON
52773,WALCOTT
52774,DE WITT
52776,WEST LIBERTY
52777,WHEATLAND
52778,WILTON
52801,DAVENPORT
52802,DAVENPORT
52803,DAVENPORT
52804,DAVENPORT
52805,DAVENPORT
52806,DAVENPORT
52807,DAVENPORT
52808,DAVENPORT
52809,DAVENPORT
53001,ADELL
53002,ALLENTON
53003,ASHIPPUN
53004,BELGIUM
53005,BROOKFIELD
53006,BROWNSVILLE
53007,BROOKFIELD
53008,BROOKFIELD
53010,CAMPBELLSPORT
53011,CASCADE
53012,CEDARBURG
53013,CEDAR GROVE
53014,CHILTON
53015,CLEVELAND
53016,CLYMAN
53017,COLGATE
53018,DELAFIELD
53019,EDEN
53020,ELKHART LAKE
53021,FREDONIA
53022,GERMANTOWN
53023,GLENBEULAH
53024,GRAFTON
53026,GLENBEULAH
53027,HARTFORD
53029,HARTLAND
53031,OOSTBURG
53032,HORICON
53033,GERMANTOWN
53034,HUSTISFORD
53035,IRON RIDGE
53036,IXONIA
53037,CEDARBURG
53038,JOHNSON CREEK
53039,HORICON
53040,KEWASKUM
53042,KIEL
53044,KOHLER
53045,BROOKFIELD
53046,LANNON
53047,LEBANON
53048,LOMIRA
53049,MALONE
53050,MAYVILLE
53051,MENOMONEE FALLS
53052,MENOMONEE FALLS
53056,MERTON
53057,MOUNT CALVARY
53058,HARTLAND
53059,NEOSHO
53060,NEWBURG
53061,NEW HOLSTEIN
53063,NEWTON
53064,NORTH LAKE
53065,OAKFIELD
53066,OCONOMOWOC
53069,OKAUCHEE
53070,OOSTBURG
53072,PEWAUKEE
53073,PLYMOUTH
53074,PORT WASHINGTON
53075,RANDOM LAKE
53076,GERMANTOWN
53078,RUBICON
53079,MOUNT CALVARY
53080,GRAFTON
53081,SHEBOYGAN
53082,SHEBOYGAN
53083,SHEBOYGAN
53085,SHEBOYGAN FALLS
53086,HARTFORD
53088,STOCKBRIDGE
53089,SUSSEX
53090,WEST BEND
53091,MAYVILLE
53092,THIENSVILLE
53093,WALDO
53094,WATERTOWN
53095,WEST BEND
53097,THIENSVILLE
53098,WATERTOWN
53101,TWIN LAKES
53103,BIG BEND
53104,BRISTOL
53105,BURLINGTON
53108,CALEDONIA
53109,CAMP LAKE
53110,CUDAHY
53114,DARIEN
53115,DELAVAN
53118,DOUSMAN
53119,EAGLE
53120,EAST TROY
53121,ELKHORN
53122,BROOKFIELD
53125,FONTANA
53126,CALEDONIA
53127,GENESEE DEPOT
53128,GENOA CITY
53129,GREENDALE
53130,HALES CORNERS
53132,FRANKLIN
53137,HELENVILLE
53138,HONEY CREEK
53139,BURLINGTON
53140,KENOSHA
53141,KENOSHA
53142,PLEASANT PRAIRIE
53143,PLEASANT PRAIRIE
53144,KENOSHA
53146,NEW BERLIN
53147,LAKE GENEVA
53148,LYONS
53149,MUKWONAGO
53150,MUSKEGO
53151,NEW BERLIN
53152,NEW MUNSTER
53153,NORTH PRAIRIE
53154,OAK CREEK
53156,PALMYRA
53157,PELL LAKE
53158,PLEASANT PRAIRIE
53159,POWERS LAKE
53167,ROCHESTER
53168,SALEM
53170,SILVER LAKE
53171,SOMERS
53172,SOUTH MILWAUKEE
53176,SPRINGFIELD
53177,STURTEVANT
53178,OCONOMOWOC
53179,BRISTOL
53181,TWIN LAKES
53182,UNION GROVE
53183,DELAFIELD
53184,DELAVAN
53185,WATERFORD
53186,WAUKESHA
53187,WAUKESHA
53188,WAUKESHA
53189,WAUKESHA
53190,WHITEWATER
53191,WILLIAMS BAY
53192,WILMOT
53194,WOODWORTH
53195,ZENDA
53201,MILWAUKEE
53202,MILWAUKEE
53203,MILWAUKEE
53204,MILWAUKEE
53205,MILWAUKEE
53206,MILWAUKEE
53207,MILWAUKEE
53208,MILWAUKEE
53209,MILWAUKEE
53210,MILWAUKEE
53211,MILWAUKEE
53212,MILWAUKEE
53213,MILWAUKEE
53214,MILWAUKEE
53215,MILWAUKEE
53216,MILWAUKEE
53217,GLENDALE
53218,MILWAUKEE
53219,MILWAUKEE
53220,MILWAUKEE
53221,MILWAUKEE
53222,MILWAUKEE
53223,MILWAUKEE
53224,MILWAUKEE
53225,MILWAUKEE
53226,MILWAUKEE
53227,MILWAUKEE
53228,MILWAUKEE
53233,MILWAUKEE
53234,MILWAUKEE
53235,MILWAUKEE
53237,MILWAUKEE
53401,RACINE
53402,RACINE
53403,RACINE
53404,RACINE
53405,RACINE
53406,RACINE
53408,RACINE
53501,AFTON
53502,ALBANY
53503,ARENA
53504,ARGYLE
53505,AVALON
53506,AVOCA
53507,BARNEVELD
53508,BELLEVILLE
53510,BELMONT
53511,BELOIT
53512,BELOIT
53515,BLACK EARTH
53516,BLANCHARDVILLE
53517,BLUE MOUNDS
53518,BLUE RIVER
53520,BRODHEAD
53521,BROOKLYN
53522,BROWNTOWN
53523,CAMBRIDGE
53525,BELOIT
53526,COBB
53527,COTTAGE GROVE
53528,CROSS PLAINS
53529,DANE
53530,DARLINGTON
53531,COTTAGE GROVE
53532,DEFOREST
53533,DODGEVILLE
53534,EDGERTON
53535,EDMUND
53536,EVANSVILLE
53537,FOOTVILLE
53538,FORT ATKINSON
53540,GOTHAM
53541,GRATIOT
53543,HIGHLAND
53544,HOLLANDALE
53545,JANESVILLE
53546,JANESVILLE
53547,JANESVILLE
53548,JANESVILLE
53549,JEFFERSON
53550,JUDA
53551,LAKE MILLS
53553,LINDEN
53554,LIVINGSTON
53555,LODI
53556,LONE ROCK
53557,LOWELL
53558,MCFARLAND
53559,MARSHALL
53560,MAZOMANIE
53561,MERRIMAC
53562,MIDDLETON
53563,MILTON
53565,MINERAL POINT
53566,MONROE
53569,MONTFORT
53570,MONTICELLO
53571,MORRISONVILLE
53572,MOUNT HOREB
53573,MUSCODA
53574,NEW GLARUS
53575,OREGON
53576,BRODHEAD
53577,PLAIN
53578,PRAIRIE DU SAC
53579,REESEVILLE
53580,REWEY
53581,RICHLAND CENTER
53582,DODGEVILLE
53583,SAUK CITY
53584,SEXTONVILLE
53585,SHARON
53586,DARLINGTON
53587,SOUTH WAYNE
53588,SPRING GREEN
53589,STOUGHTON
53590,SUN PRAIRIE
53593,VERONA
53594,WATERLOO
53597,WAUNAKEE
53598,DEFOREST
53599,WOODFORD
53701,MADISON
53703,MADISON
53704,MADISON
53705,MADISON
53706,MADISON
53707,MADISON
53708,MADISON
53711,MADISON
53713,MADISON
53714,MADISON
53715,MADISON
53716,MONONA
53717,MADISON
53718,MADISON
53719,MADISON
53725,MADISON
53726,MADISON
53744,MADISON
53801,BAGLEY
53802,BEETOWN
53803,BENTON
53804,BLOOMINGTON
53805,BOSCOBEL
53806,CASSVILLE
53807,CUBA CITY
53808,DICKEYVILLE
53809,FENNIMORE
53810,GLEN HAVEN
53811,HAZEL GREEN
53812,KIELER
53813,LANCASTER
53816,MOUNT HOPE
53817,PATCH GROVE
53818,PLATTEVILLE
53820,POTOSI
53821,PRAIRIE DU CHIEN
53824,HAZEL GREEN
53825,STITZER
53826,WAUZEKA
53901,PORTAGE
53910,ADAMS
53911,ARLINGTON
53913,BARABOO
53916,BEAVER DAM
53919,BRANDON
53920,BRIGGSVILLE
53922,BURNETT
53923,CAMBRIA
53924,CAZENOVIA
53925,COLUMBUS
53926,DALTON
53928,DOYLESTOWN
53929,ELROY
53930,ENDEAVOR
53931,FAIRWATER
53932,FALL RIVER
53933,BEAVER DAM
53934,ADAMS
53935,FRIESLAND
53936,ADAMS
53937,HILLPOINT
53939,KINGSTON
53940,LAKE DELTON
53941,LA VALLE
53942,LIME RIDGE
53943,LOGANVILLE
53944,LYNDON STATION
53946,MARKESAN
53947,MARQUETTE
53948,MAUSTON
53949,MONTELLO
53950,NEW LISBON
53951,NORTH FREEDOM
53952,MONTELLO
53953,PACKWAUKEE
53954,PARDEEVILLE
53955,POYNETTE
53956,RANDOLPH
53959,REEDSBURG
53960,PARDEEVILLE
53961,ROCK SPRINGS
53962,UNION CENTER
53963,WAUPUN
53964,WESTFIELD
53965,WISCONSIN DELLS
53968,WONEWOC
53969,WYOCENA
54001,AMERY
54002,BALDWIN
54003,BELDENVILLE
54004,CLAYTON
54005,CLEAR LAKE
54006,CUSHING
54007,DEER PARK
54009,DRESSER
54011,ELLSWORTH
54013,GLENWOOD CITY
54014,HAGER CITY
54015,HAMMOND
54016,HUDSON
54017,NEW RICHMOND
54020,OSCEOLA
54021,PRESCOTT
54022,RIVER FALLS
54023,ROBERTS
54024,SAINT CROIX FALLS
54025,SOMERSET
54026,STAR PRAIRIE
54027,WILSON
54028,WOODVILLE
54082,HUDSON
54101,ABRAMS
54102,AMBERG
54103,ARMSTRONG CREEK
54104,ATHELSTANE
54106,BLACK CREEK
54107,BONDUEL
54110,BRILLION
54111,CECIL
54112,COLEMAN
54113,COMBINED LOCKS
54114,CRIVITZ
54115,DE PERE
54120,FENCE
54121,FLORENCE
54123,FOREST JUNCTION
54124,GILLETT
54125,GOODMAN
54126,DE PERE
54128,GRESHAM
54129,BRILLION
54130,KAUKAUNA
54135,KESHENA
54136,KIMBERLY
54137,KRAKOW
54138,LAKEWOOD
54139,LENA
54140,LITTLE CHUTE
54141,LITTLE SUAMICO
54143,MARINETTE
54149,MOUNTAIN
54150,GRESHAM
54151,NIAGARA
54152,NICHOLS
54153,OCONTO
54154,OCONTO FALLS
54155,ONEIDA
54156,PEMBINE
54157,PESHTIGO
54159,PESHTIGO
54160,POTTER
54161,COLEMAN
54162,PULASKI
54165,SEYMOUR
54166,SHAWANO
54169,SHERWOOD
54170,SHIOCTON
54171,KRAKOW
54173,SUAMICO
54174,SURING
54175,TOWNSEND
54177,CRIVITZ
54180,KAUKAUNA
54201,ALGOMA
54202,BAILEYS HARBOR
54204,BRUSSELS
54205,CASCO
54207,COLLINS
54208,DENMARK
54209,EGG HARBOR
54210,ELLISON BAY
54211,EPHRAIM
54212,FISH CREEK
54213,FORESTVILLE
54214,FRANCIS CREEK
54215,KELLNERSVILLE
54216,KEWAUNEE
54217,LUXEMBURG
54220,MANITOWOC
54221,MANITOWOC
54227,MARIBEL
54228,MISHICOT
54229,NEW FRANKEN
54230,REEDSVILLE
54232,SAINT NAZIANZ
54234,SISTER BAY
54235,STURGEON BAY
54240,TISCH MILLS
54241,MANITOWOC
54245,VALDERS
54246,WASHINGTON ISLAND
54247,WHITELAW
54301,GREEN BAY
54302,GREEN BAY
54303,GREEN BAY
54304,GREEN BAY
54305,GREEN BAY
54306,GREEN BAY
54307,GREEN BAY
54308,GREEN BAY
54311,GREEN BAY
54313,GREEN BAY
54324,GREEN BAY
54401,ROTHSCHILD
54402,WAUSAU
54403,ROTHSCHILD
54405,ABBOTSFORD
54406,AMHERST
54407,AMHERST JUNCTION
54408,ANIWA
54409,ANTIGO
54410,ARPIN
54411,ATHENS
54412,AUBURNDALE
54413,BABCOCK
54414,BIRNAMWOOD
54415,BLENKER
54416,BOWLER
54417,BROKAW
54418,ANTIGO
54420,CHILI
54421,COLBY
54422,CURTISS
54423,CUSTER
54424,ANTIGO
54425,ABBOTSFORD
54426,EDGAR
54427,ELAND
54428,ELCHO
54429,ELAND
54430,ANTIGO
54433,GILMAN
54435,GLEASON
54436,GRANTON
54437,GREENWOOD
54440,HATLEY
54442,IRMA
54443,JUNCTION CITY
54446,GREENWOOD
54447,LUBLIN
54448,MARATHON
54449,MARSHFIELD
54450,MATTOON
54451,MEDFORD
54452,MERRILL
54454,JUNCTION CITY
54455,MOSINEE
54456,NEILLSVILLE
54457,NEKOOSA
54458,NELSONVILLE
54459,OGEMA
54460,OWEN
54462,ANTIGO
54463,PELICAN LAKE
54464,PHLOX
54465,PICKEREL
54466,PITTSVILLE
54467,PLOVER
54469,WISCONSIN RAPIDS
54470,RIB LAKE
54471,RINGLE
54473,ROSHOLT
54474,ROTHSCHILD
54475,RUDOLPH
54476,SCHOFIELD
54479,MARSHFIELD
54480,STETSONVILLE
54481,STEVENS POINT
54482,STEVENS POINT
54484,MARSHFIELD
54485,SUMMIT LAKE
54486,TIGERTON
54487,TOMAHAWK
54488,UNITY
54489,VESPER
54490,RIB LAKE
54491,WHITE LAKE
54493,WILLARD
54494,WISCONSIN RAPIDS
54495,WISCONSIN RAPIDS
54498,OWEN
54499,WITTENBERG
54501,RHINELANDER
54511,ARGONNE
54512,BOULDER JUNCTION
54513,BRANTWOOD
54514,BUTTERNUT
54517,CLAM LAKE
54519,CONOVER
54520,CRANDON
54521,EAGLE RIVER
54524,FIFIELD
54525,GILE
54526,GLEN FLORA
54527,GLIDDEN
54529,HARSHAW
54530,HAWKINS
54531,HAZELHURST
54532,HEAFFORD JUNCTION
54534,HURLEY
54536,IRON BELT
54537,KENNAN
54538,LAC DU FLAMBEAU
54539,LAKE TOMAHAWK
54540,LAND O LAKES
54541,LAONA
54542,LONG LAKE
54543,LAKE TOMAHAWK
54545,BOULDER JUNCTION
54546,MELLEN
54547,MERCER
54548,MINOCQUA
54550,MONTREAL
54552,PARK FALLS
54554,PHELPS
54555,PHILLIPS
54556,PRENTICE
54557,PRESQUE ISLE
54558,EAGLE RIVER
54559,SAXON
54560,SAYNER
54561,SAYNER
54562,THREE LAKES
54563,TONY
54564,TRIPOLI
54566,WABENO
54568,WOODRUFF
54601,LA CROSSE
54602,LA CROSSE
54603,LA CROSSE
54610,ALMA
54611,ALMA CENTER
54612,ARCADIA
54613,ARKDALE
54614,BANGOR
54615,BLACK RIVER FALLS
54616,BLAIR
54618,CAMP DOUGLAS
54619,CASHTON
54620,SPARTA
54621,CHASEBURG
54622,COCHRANE
54623,COON VALLEY
54624,DE SOTO
54625,DODGE
54626,EASTMAN
54627,ETTRICK
54628,FERRYVILLE
54629,FOUNTAIN CITY
54630,GALESVILLE
54631,GAYS MILLS
54632,GENOA
54634,HILLSBORO
54635,HIXTON
54636,HOLMEN
54637,CAMP DOUGLAS
54638,KENDALL
54639,LA FARGE
54642,MELROSE
54643,MILLSTON
54644,MINDORO
54645,MOUNT STERLING
54646,NECEDAH
54648,NORWALK
54649,OAKDALE
54650,ONALASKA
54651,ONTARIO
54652,READSTOWN
54653,ROCKLAND
54654,SENECA
54655,GAYS MILLS
54656,SPARTA
54657,EASTMAN
54658,STODDARD
54659,TAYLOR
54660,TOMAH
54661,TREMPEALEAU
54662,TUNNEL CITY
54664,VIOLA
54665,VIROQUA
54666,WARRENS
54667,WESTBY
54669,WEST SALEM
54670,WILTON
54701,EAU CLAIRE
54702,EAU CLAIRE
54703,EAU CLAIRE
54720,ALTOONA
54721,ARKANSAW
54722,AUGUSTA
54723,BAY CITY
54724,BLOOMER
54725,BOYCEVILLE
54726,BOYD
54727,CADOTT
54728,CHETEK
54729,CHIPPEWA FALLS
54730,COLFAX
54731,CONRATH
54732,CORNELL
54733,DALLAS
54735,DOWNSVILLE
54736,DURAND
54737,EAU GALLE
54738,ELEVA
54739,ELK MOUND
54740,ELMWOOD
54741,FAIRCHILD
54742,FALL CREEK
54743,GILMANTON
54745,HOLCOMBE
54746,HUMBIRD
54747,INDEPENDENCE
54748,JIM FALLS
54749,KNAPP
54750,MAIDEN ROCK
54751,MENOMONIE
54754,MERRILLAN
54755,MONDOVI
54756,NELSON
54757,NEW AUBURN
54758,OSSEO
54759,PEPIN
54760,PIGEON FALLS
54761,PLUM CITY
54762,PRAIRIE FARM
54763,RIDGELAND
54765,SAND CREEK
54766,SHELDON
54767,SPRING VALLEY
54768,STANLEY
54769,STOCKHOLM
54770,STRUM
54771,THORP
54772,WHEELER
54773,WHITEHALL
54801,SPOONER
54805,BARRON
54806,ASHLAND
54810,BALSAM LAKE
54812,BARRON
54813,BARRONETT
54814,BAYFIELD
54817,BIRCHWOOD
54819,BRUCE
54820,BRULE
54821,CABLE
54822,CAMERON
54824,BALSAM LAKE
54826,CUMBERLAND
54827,CORNUCOPIA
54828,COUDERAY
54829,CUMBERLAND
54830,DANBURY
54832,DRUMMOND
54835,EXELAND
54836,SUPERIOR
54837,FREDERIC
54838,GORDON
54839,GRAND VIEW
54840,GRANTSBURG
54841,HAUGEN
54842,HAWTHORNE
54843,HAYWARD
54844,HERBSTER
54845,SHELL LAKE
54846,ASHLAND
54847,IRON RIVER
54848,LADYSMITH
54849,LAKE NEBAGAMON
54850,LA POINTE
54853,LUCK
54854,LAKE NEBAGAMON
54855,ASHLAND
54856,MASON
54857,BIRCHWOOD
54858,BALSAM LAKE
54859,MINONG
54861,ODANAH
54862,WINTER
54864,LAKE NEBAGAMON
54865,IRON RIVER
54867,RADISSON
54868,RICE LAKE
54870,SARONA
54871,SHELL LAKE
54872,FREDERIC
54873,SOLON SPRINGS
54874,SOUTH RANGE
54875,SPOONER
54876,STONE LAKE
54880,SUPERIOR
54888,SPOONER
54889,TURTLE LAKE
54890,WASCOTT
54891,WASHBURN
54893,WEBSTER
54895,WEYERHAEUSER
54896,WINTER
54901,OSHKOSH
54902,OSHKOSH
54903,OSHKOSH
54904,OSHKOSH
54909,ALMOND
54911,APPLETON
54912,APPLETON
54913,APPLETON
54914,APPLETON
54915,APPLETON
54921,BANCROFT
54922,BEAR CREEK
54923,BERLIN
54926,BIG FALLS
54927,BUTTE DES MORTS
54928,CAROLINE
54929,CLINTONVILLE
54930,COLOMA
54931,DALE
54932,ELDORADO
54933,EMBARRASS
54935,FOND DU LAC
54936,FOND DU LAC
54937,FOND DU LAC
54940,FREMONT
54941,GREEN LAKE
54942,GREENVILLE
54943,HANCOCK
54944,GREENVILLE
54945,IOLA
54946,KING
54947,LARSEN
54948,LEOPOLIS
54949,MANAWA
54950,CLINTONVILLE
54952,MENASHA
54956,NEENAH
54957,NEENAH
54960,BERLIN
54961,NEW LONDON
54962,OGDENSBURG
54963,OMRO
54964,PICKETT
54965,PINE RIVER
54966,PLAINFIELD
54967,POY SIPPI
54968,PRINCETON
54969,READFIELD
54970,REDGRANITE
54971,RIPON
54974,ROSENDALE
54976,WILD ROSE
54977,SCANDINAVIA
54978,TILLEDA
54979,VAN DYNE
54980,WAUKAU
54981,WAUPACA
54982,WAUTOMA
54983,WEYAUWEGA
54984,WILD ROSE
54985,WINNEBAGO
54986,WINNECONNE
55001,AFTON
55003,BAYPORT
55005,BETHEL
55006,BRAHAM
55007,BROOK PARK
55008,CAMBRIDGE
55009,CANNON FALLS
55010,CASTLE ROCK
55011,CEDAR
55012,CENTER CITY
55013,CHISAGO CITY
55014,CIRCLE PINES
55016,COTTAGE GROVE
55017,DALBO
55018,DENNISON
55019,DUNDAS
55020,ELKO NEW MARKET
55021,FARIBAULT
55024,FARMINGTON
55025,FOREST LAKE
55026,FRONTENAC
55027,GOODHUE
55029,GRANDY
55030,GRASSTON
55031,CANNON FALLS
55032,HARRIS
55033,HASTINGS
55037,HINCKLEY
55038,HUGO
55040,ISANTI
55041,LAKE CITY
55042,LAKE ELMO
55043,LAKELAND
55044,LAKEVILLE
55045,LINDSTROM
55046,LONSDALE
55047,MARINE ON SAINT CROIX
55049,MEDFORD
55051,MORA
55052,MORRISTOWN
55053,NERSTRAND
55054,ELKO NEW MARKET
55055,NEWPORT
55056,NORTH BRANCH
55057,NORTHFIELD
55060,OWATONNA
55063,PINE CITY
55065,CANNON FALLS
55066,RED WING
55067,RUSH CITY
55068,ROSEMOUNT
55069,RUSH CITY
55070,SAINT FRANCIS
55071,SAINT PAUL PARK
55072,SANDSTONE
55073,SCANDIA
55074,SHAFER
55075,SOUTH SAINT PAUL
55076,SOUTH SAINT PAUL
55077,SOUTH SAINT PAUL
55079,STACY
55080,STANCHFIELD
55082,STILLWATER
55083,STILLWATER
55084,TAYLORS FALLS
55085,VERMILLION
55087,WARSAW
55088,WEBSTER
55089,CANNON FALLS
55090,WILLERNIE
55092,WYOMING
55101,SAINT PAUL
55102,SAINT PAUL
55103,SAINT PAUL
55104,SAINT PAUL
55105,SAINT PAUL
55106,SAINT PAUL
55107,SAINT PAUL
55108,SAINT PAUL
55109,SAINT PAUL
55110,SAINT PAUL
55111,SAINT PAUL
55112,SAINT PAUL
55113,SAINT PAUL
55114,SAINT PAUL
55115,SAINT PAUL
55116,SAINT PAUL
55117,SAINT PAUL
55118,SAINT PAUL
55119,SAINT PAUL
55120,EAGAN
55121,EAGAN
55122,SAINT PAUL
55123,EAGAN
55124,SAINT PAUL
55125,SAINT PAUL
55126,SAINT PAUL
55127,SAINT PAUL
55128,SAINT PAUL
55129,SAINT PAUL
55130,SAINT PAUL
55150,MENDOTA
55164,SAINT PAUL
55301,ALBERTVILLE
55302,ANNANDALE
55303,ANOKA
55304,ANDOVER
55305,HOPKINS
55306,BURNSVILLE
55307,ARLINGTON
55308,MONTICELLO
55309,BIG LAKE
55310,BIRD ISLAND
55311,MAPLE GROVE
55312,BROWNTON
55313,BUFFALO
55314,BUFFALO LAKE
55315,CARVER
55316,CHAMPLIN
55317,CHANHASSEN
55318,CHASKA
55319,CLEAR LAKE
55320,CLEARWATER
55321,COKATO
55322,COLOGNE
55323,CRYSTAL BAY
55324,DARWIN
55325,DASSEL
55327,CHAMPLIN
55328,DELANO
55329,EDEN VALLEY
55330,ELK RIVER
55331,EXCELSIOR
55332,FAIRFAX
55333,FRANKLIN
55334,GAYLORD
55335,GIBBON
55336,GLENCOE
55337,BURNSVILLE
55338,GREEN ISLE
55339,HAMBURG
55340,HAMEL
55341,HANOVER
55342,HECTOR
55343,HOPKINS
55344,EDEN PRAIRIE
55345,MINNETONKA
55346,EDEN PRAIRIE
55347,EDEN PRAIRIE
55349,HOWARD LAKE
55350,HUTCHINSON
55352,JORDAN
55353,KIMBALL
55354,LESTER PRAIRIE
55355,LITCHFIELD
55356,LONG LAKE
55357,LORETTO
55358,MAPLE LAKE
55359,MAPLE PLAIN
55360,MAYER
55361,MINNETONKA BEACH
55362,MONTICELLO
55363,MONTROSE
55364,MOUND
55366,NEW AUBURN
55367,LESTER PRAIRIE
55368,NORWOOD YOUNG AMERICA
55369,MAPLE GROVE
55370,PLATO
55371,PRINCETON
55372,PRIOR LAKE
55373,ROCKFORD
55374,ROGERS
55375,SAINT BONIFACIUS
55376,SAINT MICHAEL
55377,PRINCETON
55378,SAVAGE
55379,SHAKOPEE
55381,SILVER LAKE
55382,SOUTH HAVEN
55384,SPRING PARK
55385,STEWART
55386,VICTORIA
55387,WACONIA
55388,WATERTOWN
55389,WATKINS
55390,WAVERLY
55391,HOPKINS
55395,WINSTED
55396,WINTHROP
55397,NORWOOD YOUNG AMERICA
55398,ZIMMERMAN
55401,MINNEAPOLIS
55402,MINNEAPOLIS
55403,MINNEAPOLIS
55404,MINNEAPOLIS
55405,MINNEAPOLIS
55406,MINNEAPOLIS
55407,MINNEAPOLIS
55408,MINNEAPOLIS
55409,MINNEAPOLIS
55410,MINNEAPOLIS
55411,MINNEAPOLIS
55412,MINNEAPOLIS
55413,MINNEAPOLIS
55414,MINNEAPOLIS
55415,MINNEAPOLIS
55416,MINNEAPOLIS
55417,MINNEAPOLIS
55418,MINNEAPOLIS
55419,MINNEAPOLIS
55420,MINNEAPOLIS
55421,MINNEAPOLIS
55422,MINNEAPOLIS
55423,MINNEAPOLIS
55424,MINNEAPOLIS
55425,MINNEAPOLIS
55426,MINNEAPOLIS
55427,MINNEAPOLIS
55428,MINNEAPOLIS
55429,MINNEAPOLIS
55430,MINNEAPOLIS
55431,MINNEAPOLIS
55432,MINNEAPOLIS
55433,MINNEAPOLIS
55434,MINNEAPOLIS
55435,MINNEAPOLIS
55436,MINNEAPOLIS
55437,MINNEAPOLIS
55438,MINNEAPOLIS
55439,MINNEAPOLIS
55440,MINNEAPOLIS
55441,MINNEAPOLIS
55442,MINNEAPOLIS
55443,MINNEAPOLIS
55444,MINNEAPOLIS
55445,MINNEAPOLIS
55446,MINNEAPOLIS
55447,MINNEAPOLIS
55448,MINNEAPOLIS
55449,MINNEAPOLIS
55454,MINNEAPOLIS
55455,MINNEAPOLIS
55458,MINNEAPOLIS
55459,MINNEAPOLIS
55480,MINNEAPOLIS
55569,OSSEO
55572,ROCKFORD
55577,MAPLE PLAIN
55592,MAPLE PLAIN
55593,MAPLE PLAIN
55601,BEAVER BAY
55602,BRIMSON
55603,FINLAND
55604,GRAND MARAIS
55605,GRAND PORTAGE
55606,HOVLAND
55607,SILVER BAY
55609,KNIFE RIVER
55612,LUTSEN
55613,SCHROEDER
55614,SILVER BAY
55615,TOFTE
55616,TWO HARBORS
55702,SAGINAW
55703,COOK
55704,ASKOV
55705,AURORA
55706,BABBITT
55707,BARNUM
55708,BIWABIK
55709,BOVEY
55710,COOK
55711,BROOKSTON
55712,BRUNO
55713,BUHL
55716,CALUMET
55717,COTTON
55718,CARLTON
55719,CHISHOLM
55720,CLOQUET
55721,COHASSET
55722,COLERAINE
55723,COOK
55724,COTTON
55725,CRANE LAKE
55726,CROMWELL
55731,ELY
55732,EMBARRASS
55733,ESKO
55734,EVELETH
55735,FINLAYSON
55736,FLOODWOOD
55738,FORBES
55741,GILBERT
55742,WARBA
55744,GRAND RAPIDS
55746,HIBBING
55748,HILL CITY
55750,AURORA
55751,EVELETH
55752,WARBA
55753,KEEWATIN
55756,KERRICK
55757,KETTLE RIVER
55758,VIRGINIA
55760,MCGREGOR
55763,MAKINEN
55764,MARBLE
55765,MEADOWLANDS
55766,COTTON
55767,MOOSE LAKE
55768,MOUNTAIN IRON
55769,NASHWAUK
55771,ORR
55772,ORR
55775,PENGILLY
55779,SAGINAW
55780,SAWYER
55781,HIBBING
55782,SOUDAN
55783,STURGEON LAKE
55784,WARBA
55785,HILL CITY
55786,TACONITE
55787,TAMARACK
55790,TOWER
55791,TWIG
55792,VIRGINIA
55793,WARBA
55795,WILLOW RIVER
55797,WRENSHALL
55798,WRIGHT
55801,DULUTH
55802,DULUTH
55803,DULUTH
55804,DULUTH
55805,DULUTH
55806,DULUTH
55807,DULUTH
55808,DULUTH
55810,DULUTH
55811,DULUTH
55812,DULUTH
55816,DULUTH
55901,ROCHESTER
55902,ROCHESTER
55903,ROCHESTER
55904,ROCHESTER
55906,ROCHESTER
55909,ADAMS
55910,ALTURA
55912,AUSTIN
55917,BLOOMING PRAIRIE
55918,BROWNSDALE
55919,BROWNSVILLE
55920,BYRON
55921,CALEDONIA
55922,CANTON
55923,CHATFIELD
55924,CLAREMONT
55925,DAKOTA
55926,DEXTER
55927,DODGE CENTER
55929,DOVER
55931,EITZEN
55932,ELGIN
55934,EYOTA
55935,FOUNTAIN
55936,GRAND MEADOW
55939,HARMONY
55940,HAYFIELD
55941,HOKAH
55943,HOUSTON
55944,KASSON
55945,KELLOGG
55946,KENYON
55947,LA CRESCENT
55949,LANESBORO
55950,LANSING
55951,LE ROY
55952,LEWISTON
55953,LYLE
55954,MABEL
55955,KASSON
55956,MAZEPPA
55957,MILLVILLE
55959,MINNESOTA CITY
55960,ORONOCO
55961,OSTRANDER
55962,PETERSON
55963,PINE ISLAND
55964,PLAINVIEW
55965,PRESTON
55967,RACINE
55969,ROLLINGSTONE
55970,ROSE CREEK
55971,RUSHFORD
55972,SAINT CHARLES
55974,SPRING GROVE
55975,SPRING VALLEY
55976,STEWARTVILLE
55979,SAINT CHARLES
55981,WABASHA
55982,WALTHAM
55983,WANAMINGO
55985,KENYON
55987,WINONA
55990,WYKOFF
55991,MAZEPPA
55992,ZUMBROTA
56001,MANKATO
56002,MANKATO
56003,MANKATO
56007,ALBERT LEA
56009,ALDEN
56010,AMBOY
56011,BELLE PLAINE
56013,BLUE EARTH
56014,BRICELYN
56016,CLARKS GROVE
56017,CLEVELAND
56019,COMFREY
56020,CONGER
56021,COURTLAND
56023,DELAVAN
56024,EAGLE LAKE
56025,EASTON
56026,ELLENDALE
56027,ELMORE
56028,ELYSIAN
56029,EMMONS
56030,NEW ULM
56031,FAIRMONT
56032,FREEBORN
56033,FROST
56034,GARDEN CITY
56035,GENEVA
56036,GLENVILLE
56037,GOOD THUNDER
56039,FAIRMONT
56041,HANSKA
56042,HARTLAND
56043,HAYWARD
56044,HENDERSON
56045,HOLLANDALE
56046,HOPE
56048,JANESVILLE
56050,KASOTA
56051,KIESTER
56052,KILKENNY
56054,LAFAYETTE
56055,LAKE CRYSTAL
56056,LA SALLE
56057,LE CENTER
56058,LE SUEUR
56060,LEWISVILLE
56062,MADELIA
56063,MADISON LAKE
56065,MAPLETON
56068,MINNESOTA LAKE
56069,MONTGOMERY
56071,NEW PRAGUE
56072,NEW RICHLAND
56073,NEW ULM
56074,NICOLLET
56075,FAIRMONT
56078,PEMBERTON
56080,SAINT CLAIR
56081,SAINT JAMES
56082,SAINT PETER
56083,SANBORN
56085,SLEEPY EYE
56087,SPRINGFIELD
56088,TRUMAN
56089,TWIN LAKES
56090,VERNON CENTER
56091,WALDORF
56093,WASECA
56096,WATERVILLE
56097,WELLS
56098,WINNEBAGO
56101,WINDOM
56110,ADRIAN
56111,ALPHA
56113,ARCO
56114,AVOCA
56115,BALATON
56116,BEAVER CREEK
56117,BIGELOW
56119,BREWSTER
56120,BUTTERFIELD
56121,CEYLON
56122,CHANDLER
56123,CURRIE
56127,DUNNELL
56128,EDGERTON
56129,ELLSWORTH
56131,FULDA
56134,HARDWICK
56136,HENDRICKS
56137,HERON LAKE
56138,HILLS
56141,IONA
56142,IVANHOE
56143,JACKSON
56144,JASPER
56145,JEFFERS
56149,LAKE BENTON
56150,LAKEFIELD
56151,LAKE WILSON
56152,LAMBERTON
56153,LEOTA
56155,LISMORE
56156,LUVERNE
56157,LYND
56158,MAGNOLIA
56159,MOUNTAIN LAKE
56160,ODIN
56161,OKABENA
56162,ORMSBY
56164,PIPESTONE
56167,ROUND LAKE
56168,RUSHMORE
56169,RUSSELL
56170,RUTHTON
56171,SHERBURN
56172,SLAYTON
56174,STORDEN
56175,TRACY
56176,TRIMONT
56178,TYLER
56180,WALNUT GROVE
56181,WELCOME
56183,WESTBROOK
56185,WILMONT
56186,WOODSTOCK
56187,WORTHINGTON
56201,WILLMAR
56207,ALBERTA
56208,APPLETON
56209,ATWATER
56211,BEARDSLEY
56212,BELLINGHAM
56214,BELVIEW
56215,BENSON
56216,BLOMKEST
56218,BOYD
56219,BROWNS VALLEY
56220,CANBY
56221,CHOKIO
56222,CLARA CITY
56223,CLARKFIELD
56225,CLINTON
56226,CLONTARF
56227,APPLETON
56228,COSMOS
56229,HANLEY FALLS
56230,DANUBE
56231,DANVERS
56232,DAWSON
56235,DONNELLY
56236,DUMONT
56237,ECHO
56239,GHENT
56240,GRACEVILLE
56241,GRANITE FALLS
56243,GROVE CITY
56244,HANCOCK
56245,HANLEY FALLS
56248,HERMAN
56249,HOLLOWAY
56251,KANDIYOHI
56252,KERKHOVEN
56253,LAKE LILLIAN
56255,LUCAN
56256,MADISON
56257,MADISON
56258,MARSHALL
56260,MAYNARD
56262,MILAN
56263,MILROY
56264,MINNEOTA
56265,MONTEVIDEO
56266,MORGAN
56267,MORRIS
56270,MORTON
56271,MURDOCK
56273,NEW LONDON
56276,ODESSA
56277,OLIVIA
56278,ORTONVILLE
56279,PENNOCK
56280,PORTER
56281,PRINSBURG
56282,RAYMOND
56283,REDWOOD FALLS
56284,RENVILLE
56285,SACRED HEART
56288,SPICER
56289,SUNBURG
56291,TAUNTON
56292,VESTA
56293,WABASSO
56294,WANDA
56295,WATSON
56296,WHEATON
56297,WOOD LAKE
56301,SAINT CLOUD
56302,SAINT CLOUD
56303,SAINT CLOUD
56304,SAINT CLOUD
56307,ALBANY
56308,ALEXANDRIA
56309,ASHBY
56310,AVON
56311,BARRETT
56312,BELGRADE
56313,BOCK
56314,BOWLUS
56315,BRANDON
56316,BROOTEN
56317,PIERZ
56318,BURTRUM
56319,CARLOS
56320,COLD SPRING
56321,COLLEGEVILLE
56323,CYRUS
56324,DALTON
56325,ELROSA
56326,EVANSVILLE
56327,LOWRY
56328,FLENSBURG
56329,FOLEY
56330,FORESTON
56331,FREEPORT
56332,GARFIELD
56333,GILMAN
56334,GLENWOOD
56335,GREENWALD
56336,GREY EAGLE
56338,PIERZ
56339,HOFFMAN
56340,HOLDINGFORD
56341,HOLMES CITY
56342,ISLE
56343,KENSINGTON
56344,PIERZ
56345,LITTLE FALLS
56347,LONG PRAIRIE
56349,LOWRY
56350,MC GRATH
56352,MELROSE
56353,MILACA
56354,MILTONA
56355,NELSON
56356,NEW MUNICH
56357,FOLEY
56358,OGILVIE
56359,ONAMIA
56360,OSAKIS
56361,PARKERS PRAIRIE
56362,PAYNESVILLE
56364,PIERZ
56367,RICE
56368,RICHMOND
56369,ROCKVILLE
56373,RICE
56374,SAINT JOSEPH
56375,SAINT JOSEPH
56376,SAINT MARTIN
56377,SAINT CLOUD
56378,SAUK CENTRE
56379,SAUK RAPIDS
56381,STARBUCK
56382,SWANVILLE
56384,UPSALA
56385,VILLARD
56386,WAHKON
56387,SAINT CLOUD
56401,BRAINERD
56425,BAXTER
56431,AITKIN
56433,AKELEY
56434,ALDRICH
56435,BACKUS
56437,BERTHA
56438,BROWERVILLE
56440,CLARISSA
56441,CROSBY
56442,CROSSLAKE
56443,CUSHING
56444,DEERWOOD
56446,EAGLE BEND
56447,EMILY
56448,CROSSLAKE
56449,FORT RIPLEY
56450,GARRISON
56452,HACKENSACK
56453,HEWITT
56455,IRONTON
56458,LAKE GEORGE
56461,LAPORTE
56464,MENAHGA
56465,MERRIFIELD
56466,MOTLEY
56467,NEVIS
56468,NISSWA
56469,PALISADE
56470,PARK RAPIDS
56472,PEQUOT LAKES
56473,PILLAGER
56474,PINE RIVER
56475,RANDALL
56477,SEBEKA
56479,STAPLES
56481,VERNDALE
56482,WADENA
56484,WALKER
56501,DETROIT LAKES
56502,DETROIT LAKES
56510,ADA
56511,AUDUBON
56514,BARNESVILLE
56515,BATTLE LAKE
56516,BEJOU
56517,BELTRAMI
56518,BLUFFTON
56519,BORUP
56520,WAHPETON
56521,CALLAWAY
56522,CAMPBELL
56523,CLIMAX
56524,CLITHERALL
56525,COMSTOCK
56527,DEER CREEK
56528,DENT
56529,DILWORTH
56531,ELBOW LAKE
56534,ERHARD
56535,ERSKINE
56536,FELTON
56537,FERGUS FALLS
56538,FERGUS FALLS
56540,FERTILE
56541,FLOM
56542,FOSSTON
56543,FOXHOME
56544,FRAZEE
56545,GARY
56546,GEORGETOWN
56547,DILWORTH
56548,HALSTAD
56549,HAWLEY
56550,HENDRUM
56551,HENNING
56552,HITTERDAL
56553,KENT
56554,LAKE PARK
56556,MCINTOSH
56557,MAHNOMEN
56560,MOORHEAD
56561,MOORHEAD
56566,NAYTAHWAUSH
56567,NEW YORK MILLS
56568,CLIMAX
56569,OGEMA
56570,OSAGE
56571,OTTERTAIL
56572,PELICAN RAPIDS
56573,PERHAM
56574,PERLEY
56575,PONSFORD
56576,RICHVILLE
56579,ROTHSAY
56580,SABIN
56581,SHELLY
56583,CAMPBELL
56584,TWIN VALLEY
56585,ULEN
56586,UNDERWOOD
56587,FRAZEE
56588,VINING
56589,WAUBUN
56590,WENDELL
56591,WHITE EARTH
56592,WINGER
56593,WOLF LAKE
56594,WOLVERTON
56601,BEMIDJI
56619,BEMIDJI
56621,BAGLEY
56623,BAUDETTE
56626,BENA
56627,BIG FALLS
56628,BIGFORK
56629,BIRCHDALE
56630,BLACKDUCK
56631,DEER RIVER
56633,CASS LAKE
56634,CLEARBROOK
56636,DEER RIVER
56637,MARCELL
56639,EFFIE
56641,BENA
56644,GONVICK
56646,GONVICK
56647,HINES
56649,INTERNATIONAL FALLS
56650,KELLIHER
56651,BAGLEY
56652,CLEARBROOK
56653,LITTLEFORK
56654,BAUDETTE
56655,LONGVILLE
56657,MARCELL
56658,BEMIDJI
56659,MARCELL
56660,MIZPAH
56661,NORTHOME
56662,OUTING
56663,PENNINGTON
56666,PONEMAH
56667,PUPOSKY
56668,RANIER
56669,LITTLEFORK
56670,REDBY
56671,RED LAKE
56672,REMER
56673,ROOSEVELT
56676,SHEVLIN
56678,SOLWAY
56679,SOUTH INTERNATIONAL FALLS
56680,MARCELL
56681,BLACKDUCK
56683,BLACKDUCK
56684,GONVICK
56685,WASKISH
56686,WILLIAMS
56688,MARCELL
56701,THIEF RIVER FALLS
56710,ALVARADO
56711,ANGLE INLET
56713,ARGYLE
56714,BADGER
56715,BROOKS
56716,CROOKSTON
56720,DONALDSON
56721,GRAND FORKS
56723,FISHER
56725,GOODRIDGE
56726,GREENBUSH
56727,GRYGLA
56728,HALLOCK
56731,HUMBOLDT
56732,KARLSTAD
56733,KENNEDY
56734,LAKE BRONSON
56735,LANCASTER
56736,MENTOR
56737,MIDDLE RIVER
56738,NEWFOLDEN
56741,OAK ISLAND
56742,OKLEE
56744,OSLO
56748,PLUMMER
56750,RED LAKE FALLS
56751,ROSEAU
56754,SAINT HILAIRE
56756,WARROAD
56757,STEPHEN
56758,STRANDQUIST
56759,STRATHCONA
56760,VIKING
56761,WANNASKA
56762,WARREN
56763,WARROAD
57001,ALCESTER
57002,AURORA
57003,BALTIC
57004,BERESFORD
57005,BRANDON
57006,BROOKINGS
57012,CANISTOTA
57013,CANTON
57014,CENTERVILLE
57015,CHANCELLOR
57016,CHESTER
57017,COLMAN
57018,COLTON
57020,CROOKS
57021,DAVIS
57022,DELL RAPIDS
57025,ELK POINT
57026,ELKTON
57027,FAIRVIEW
57028,FLANDREAU
57029,BRIDGEWATER
57030,GARRETSON
57031,GAYVILLE
57032,HARRISBURG
57033,HARTFORD
57034,ALCESTER
57035,HUMBOLDT
57036,HURLEY
57037,IRENE
57038,JEFFERSON
57039,LENNOX
57040,LESTERVILLE
57042,MADISON
57043,MARION
57045,MENNO
57046,MISSION HILL
57048,MONTROSE
57049,NORTH SIOUX CITY
57050,NUNDA
57051,OLDHAM
57052,OLIVET
57053,PARKER
57054,RAMONA
57058,SALEM
57059,SCOTLAND
57061,SINAI
57062,SPRINGFIELD
57063,TABOR
57064,TEA
57065,TRENT
57066,TYNDALL
57067,UTICA
57068,BRANDON
57069,VERMILLION
57070,VIBORG
57071,VOLGA
57072,IRENE
57073,IRENE
57075,WENTWORTH
57076,MADISON
57077,WORTHING
57078,YANKTON
57101,SIOUX FALLS
57103,SIOUX FALLS
57104,SIOUX FALLS
57105,SIOUX FALLS
57106,SIOUX FALLS
57107,SIOUX FALLS
57108,SIOUX FALLS
57109,SIOUX FALLS
57110,SIOUX FALLS
57117,SIOUX FALLS
57118,SIOUX FALLS
57201,WATERTOWN
57212,ARLINGTON
57213,ASTORIA
57214,BADGER
57216,BIG STONE CITY
57217,BRADLEY
57218,BRANDT
57219,BRISTOL
57220,BRUCE
57221,BRYANT
57223,CASTLEWOOD
57224,CLAIRE CITY
57225,CLARK
57226,CLEAR LAKE
57227,CORONA
57231,DE SMET
57232,EDEN
57234,ESTELLINE
57235,FLORENCE
57236,GARDEN CITY
57237,GARY
57238,GOODWIN
57239,GRENVILLE
57241,HAYTI
57242,HAZEL
57243,HENRY
57245,KRANZBURG
57246,LABOLT
57247,LAKE CITY
57248,LAKE NORDEN
57249,LAKE PRESTON
57251,MARVIN
57252,MILBANK
57255,NEW EFFINGTON
57257,PEEVER
57258,RAYMOND
57259,REVILLO
57260,ROSHOLT
57261,ROSLYN
57262,AGENCY VILLAGE
57263,SOUTH SHORE
57264,SOUTH SHORE
57265,STRANDBURG
57266,SUMMIT
57268,TORONTO
57269,MILBANK
57270,VEBLEN
57272,WALLACE
57273,WAUBAY
57274,WEBSTER
57276,WHITE
57278,WILLOW LAKE
57279,WILMOT
57301,MITCHELL
57311,ALEXANDRIA
57312,ALPENA
57313,ARMOUR
57314,ARTESIAN
57315,AVON
57317,BONESTEEL
57319,BRIDGEWATER
57321,CANOVA
57322,CARPENTER
57323,CARTHAGE
57324,CAVOUR
57325,CHAMBERLAIN
57328,CORSICA
57330,DELMONT
57331,PARKSTON
57332,EMERY
57334,ETHAN
57335,FAIRFAX
57337,ARTESIAN
57339,FORT THOMPSON
57340,FULTON
57341,GANN VALLEY
57342,GEDDES
57345,HIGHMORE
57346,HIGHMORE
57348,HITCHCOCK
57349,HOWARD
57350,HURON
57353,IROQUOIS
57354,KAYLOR
57355,KIMBALL
57356,LAKE ANDES
57358,LANE
57359,LETCHER
57361,MARTY
57362,MILLER
57363,MOUNT VERNON
57364,NEW HOLLAND
57365,OACOMA
57366,PARKSTON
57367,PICKSTOWN
57368,PLANKINTON
57369,PLATTE
57370,PUKWANA
57371,REE HEIGHTS
57373,MILLER
57374,SPENCER
57375,STICKNEY
57376,TRIPP
57380,WAGNER
57381,WESSINGTON
57382,WESSINGTON SPRINGS
57383,WHITE LAKE
57384,WOLSEY
57385,WOONSOCKET
57401,ABERDEEN
57402,ABERDEEN
57421,LANGFORD
57422,GROTON
57424,ASHTON
57426,BARNARD
57427,BATH
57428,BOWDLE
57429,BRENTFORD
57430,BRITTON
57432,LANGFORD
57433,COLUMBIA
57434,CONDE
57435,CRESBARD
57436,DOLAND
57437,EUREKA
57438,FAULKTON
57439,FERNEY
57440,FRANKFORT
57441,FREDERICK
57442,GETTYSBURG
57445,GROTON
57446,HECLA
57448,HOSMER
57450,HOVEN
57451,IPSWICH
57452,JAVA
57454,LANGFORD
57456,LEOLA
57460,MANSFIELD
57461,MELLETTE
57465,MELLETTE
57466,ONAKA
57467,ORIENT
57468,PIERPONT
57469,REDFIELD
57471,ROSCOE
57472,SELBY
57473,SENECA
57475,TOLSTOY
57476,TULARE
57477,TURTON
57479,WARNER
57481,FREDERICK
57501,PIERRE
57520,AGAR
57521,BELVIDERE
57522,BLUNT
57523,BURKE
57528,COLOME
57531,DRAPER
57532,FORT PIERRE
57533,GREGORY
57534,HAMILL
57536,HARROLD
57538,BURKE
57540,HIGHMORE
57541,IDEAL
57543,KADOKA
57544,KENNEBEC
57547,LONG VALLEY
57548,LOWER BRULE
57551,MARTIN
57552,MIDLAND
57553,PHILIP
57555,MISSION
57559,MURDO
57560,NORRIS
57563,OKREEK
57564,ONIDA
57566,PARMELEE
57567,PHILIP
57568,PRESHO
57569,RELIANCE
57570,ROSEBUD
57572,SAINT FRANCIS
57574,MARTIN
57576,VIVIAN
57577,WANBLEE
57579,WHITE RIVER
57580,WINNER
57584,WITTEN
57585,WOOD
57601,MOBRIDGE
57620,BISON
57621,BULLHEAD
57623,DUPREE
57625,EAGLE BUTTE
57626,FAITH
57630,TIMBER LAKE
57631,GLENHAM
57632,HERREID
57633,ISABEL
57634,MORRISTOWN
57636,LANTRY
57638,LEMMON
57639,LITTLE EAGLE
57641,MC INTOSH
57642,MC LAUGHLIN
57644,MEADOW
57645,MORRISTOWN
57646,MOUND CITY
57648,POLLOCK
57649,BISON
57651,REVA
57652,RIDGEVIEW
57656,TIMBER LAKE
57657,TRAIL CITY
57658,MOBRIDGE
57660,MORRISTOWN
57661,WHITEHORSE
57701,RAPID CITY
57702,RAPID CITY
57703,RAPID CITY
57706,BOX ELDER
57709,RAPID CITY
57714,ALLEN
57716,BATESLAND
57717,BELLE FOURCHE
57718,BLACK HAWK
57719,BOX ELDER
57720,BUFFALO
57722,HOT SPRINGS
57724,CAMP CROOK
57725,CAPUTA
57730,CUSTER
57732,DEADWOOD
57735,EDGEMONT
57737,ENNING
57738,FAIRBURN
57741,FORT MEADE
57744,HERMOSA
57745,HILL CITY
57747,HOT SPRINGS
57748,HOWES
57750,WALL
57751,KEYSTONE
57752,KYLE
57754,LEAD
57755,BUFFALO
57756,MANDERSON
57759,NEMO
57760,NEWELL
57761,NEW UNDERWOOD
57762,NISLAND
57763,OELRICHS
57764,OGLALA
57766,ORAL
57767,WASTA
57769,PIEDMONT
57770,PINE RIDGE
57772,PORCUPINE
57773,PRINGLE
57775,QUINN
57776,REDIG
57779,SAINT ONGE
57780,SCENIC
57782,SMITHWICK
57783,SPEARFISH
57785,STURGIS
57787,UNION CENTER
57788,VALE
57790,WALL
57791,WASTA
57792,STURGIS
57793,WHITEWOOD
57794,WOUNDED KNEE
58001,ABERCROMBIE
58002,HUNTER
58006,ARTHUR
58007,HUNTER
58011,BUFFALO
58012,CASSELTON
58015,CHRISTINE
58016,CLIFFORD
58017,COGSWELL
58018,COLFAX
58021,DAVENPORT
58027,ENDERLIN
58029,ERIE
58030,FAIRMOUNT
58031,FINGAL
58032,FORMAN
58033,FORT RANSOM
58035,GALESBURG
58038,GRANDIN
58040,GWINNER
58041,HANKINSON
58042,HARWOOD
58043,HAVANA
58045,HILLSBORO
58046,HOPE
58047,HORACE
58048,HUNTER
58049,KATHRYN
58051,KINDRED
58052,LEONARD
58053,LIDGERWOOD
58054,LISBON
58058,MANTADOR
58059,MAPLETON
58060,MILNOR
58061,MOORETON
58062,NOME
58063,ORISKA
58064,PAGE
58067,RUTLAND
58068,SHELDON
58071,TOWER CITY
58072,VALLEY CITY
58074,WAHPETON
58075,WAHPETON
58077,WALCOTT
58078,WEST FARGO
58079,CASSELTON
58081,WYNDMERE
58102,FARGO
58103,FARGO
58104,FARGO
58105,FARGO
58106,FARGO
58107,FARGO
58108,FARGO
58109,FARGO
58201,GRAND FORKS
58203,GRAND FORKS
58204,GRAND FORKS AFB
58206,GRAND FORKS
58208,GRAND FORKS
58210,ADAMS
58212,ANETA
58214,ARVILLA
58216,CAVALIER
58218,BUXTON
58220,CAVALIER
58222,CRYSTAL
58225,DRAYTON
58227,EDINBURG
58228,EMERADO
58229,FAIRDALE
58230,FINLEY
58231,FORDVILLE
58233,FOREST RIVER
58235,GILBY
58237,GRAFTON
58238,HAMILTON
58240,HATTON
58241,CAVALIER
58243,HOOPLE
58249,LANGDON
58250,LANKIN
58251,LARIMORE
58254,MCVILLE
58256,MANVEL
58257,MAYVILLE
58258,MEKINOCK
58259,MICHIGAN
58261,MINTO
58262,MOUNTAIN
58265,NECHE
58266,NIAGARA
58267,NORTHWOOD
58269,OSNABROCK
58270,PARK RIVER
58271,PEMBINA
58272,PETERSBURG
58273,PISEK
58274,PORTLAND
58275,REYNOLDS
58276,SAINT THOMAS
58277,SHARON
58278,THOMPSON
58281,LANGDON
58282,WALHALLA
58301,DEVILS LAKE
58316,BELCOURT
58317,BISBEE
58318,BOTTINEAU
58321,BROCKET
58324,CANDO
58325,DEVILS LAKE
58327,DEVILS LAKE
58329,DUNSEITH
58330,EDMORE
58332,ESMOND
58335,FORT TOTTEN
58338,HAMPDEN
58341,HARVEY
58344,LAKOTA
58345,EDMORE
58346,LEEDS
58348,MADDOCK
58351,MINNEWAUKAN
58352,MUNICH
58353,ROCKLAKE
58356,NEW ROCKFORD
58357,MINNEWAUKAN
58361,PEKIN
58362,DEVILS LAKE
58365,ROCKLAKE
58366,ROLETTE
58367,ROLLA
58368,RUGBY
58369,ROLLA
58370,FORT TOTTEN
58372,ROCKLAKE
58374,SHEYENNE
58377,STARKWEATHER
58379,TOKIO
58380,TOLNA
58381,TOLNA
58384,WILLOW CITY
58385,ROLETTE
58401,JAMESTOWN
58402,JAMESTOWN
58413,ASHLEY
58416,BINFORD
58418,BOWDON
58420,BUCHANAN
58421,CARRINGTON
58422,SYKESTON
58424,CLEVELAND
58425,COOPERSTOWN
58428,DAWSON
58433,EDGELEY
58436,ELLENDALE
58438,FESSENDEN
58439,ELLENDALE
58440,KULM
58441,FULLERTON
58442,GACKLE
58443,GLENFIELD
58444,GOODRICH
58445,GRACE CITY
58448,COOPERSTOWN
58451,HURDSFIELD
58454,JUD
58455,KENSAL
58456,KULM
58458,LAMOURE
58460,LEHR
58461,LITCHVILLE
58463,MCCLUSKY
58464,BINFORD
58466,MARION
58467,MEDINA
58472,MONTPELIER
58474,OAKES
58475,PETTIBONE
58476,JAMESTOWN
58477,WING
58478,ROBINSON
58479,ROGERS
58480,SANBORN
58481,JAMESTOWN
58482,STEELE
58483,STREETER
58486,SYKESTON
58487,TAPPEN
58488,TUTTLE
58490,VERONA
58492,WIMBLEDON
58494,WING
58495,WISHEK
58496,MEDINA
58497,YPSILANTI
58501,BISMARCK
58502,BISMARCK
58503,BISMARCK
58504,BISMARCK
58506,BISMARCK
58507,BISMARCK
58520,ALMONT
58521,BALDWIN
58523,BEULAH
58528,CANNON BALL
58529,CARSON
58530,CENTER
58531,COLEHARBOR
58532,STERLING
58533,ELGIN
58535,FLASHER
58538,FORT YATES
58540,GARRISON
58541,BEULAH
58542,HAGUE
58544,HAZELTON
58545,HAZEN
58549,NAPOLEON
58552,LINTON
58554,MANDAN
58558,BISMARCK
58559,MERCER
58560,HAZELTON
58561,NAPOLEON
58562,NEW LEIPZIG
58563,NEW SALEM
58565,RIVERDALE
58568,MC LAUGHLIN
58570,SOLEN
58571,STANTON
58572,STERLING
58573,STRASBURG
58575,TURTLE LAKE
58576,UNDERWOOD
58577,WASHBURN
58579,WILTON
58580,BEULAH
58581,ZEELAND
58601,DICKINSON
58602,DICKINSON
58621,BEACH
58622,BELFIELD
58623,BOWMAN
58625,HALLIDAY
58626,KILLDEER
58627,BELFIELD
58630,GLADSTONE
58631,GLEN ULLIN
58632,GOLVA
58634,GRASSY BUTTE
58636,HALLIDAY
58638,HEBRON
58639,HETTINGER
58640,KILLDEER
58642,DICKINSON
58644,RICHARDTON
58645,MEDORA
58646,MOTT
58647,NEW ENGLAND
58649,REEDER
58650,REGENT
58651,RHAME
58652,RICHARDTON
58653,SCRANTON
58654,BEACH
58655,SOUTH HEART
58656,TAYLOR
58701,MINOT
58702,MINOT
58703,MINOT
58704,MINOT AFB
58710,ANAMOOSE
58711,ANTLER
58712,DRAKE
58716,BENEDICT
58718,BERTHOLD
58721,BOWBELLS
58722,BURLINGTON
58723,BUTTE
58725,CARPIO
58727,COLUMBUS
58730,CROSBY
58733,DES LACS
58734,CARPIO
58735,MAX
58736,DRAKE
58740,GLENBURN
58741,GRANVILLE
58744,KARLSRUHE
58746,KENMARE
58748,KRAMER
58750,LANSFORD
58752,LIGNITE
58755,MCGREGOR
58756,MAKOTI
58757,MANDAREE
58758,ANAMOOSE
58759,MAX
58760,MAXBASS
58761,MOHALL
58762,NEWBURG
58763,NEW TOWN
58765,NOONAN
58770,PARSHALL
58771,PLAZA
58772,PORTAL
58773,POWERS LAKE
58775,ROSEGLEN
58776,ROSS
58778,VELVA
58779,RYDER
58781,SAWYER
58782,SHERWOOD
58783,SOURIS
58784,STANLEY
58785,MINOT
58787,TOLLEY
58788,TOWNER
58789,NEWBURG
58790,VELVA
58792,VOLTAIRE
58793,WESTHOPE
58794,STANLEY
58795,POWERS LAKE
58801,WILLISTON
58802,WILLISTON
58803,WILLISTON
58830,ALAMO
58831,ALEXANDER
58833,AMBROSE
58835,ARNEGARD
58838,ALEXANDER
58843,EPPING
58844,CROSBY
58845,GRENORA
58849,RAY
58852,TIOGA
58853,TRENTON
58854,WATFORD CITY
58856,GRENORA
59001,ABSAROKEE
59003,ASHLAND
59006,BALLANTINE
59007,BEARCREEK
59008,BELFRY
59010,BIGHORN
59011,BIG TIMBER
59012,BIRNEY
59013,BOYD
59014,BRIDGER
59015,BROADVIEW
59016,BUSBY
59018,CLYDE PARK
59019,COLUMBUS
59020,COOKE CITY
59022,CROW AGENCY
59024,CUSTER
59025,DECKER
59026,EDGAR
59027,EMIGRANT
59028,FISHTAIL
59029,FROMBERG
59030,GARDINER
59031,GARRYOWEN
59032,GRASS RANGE
59033,GREYCLIFF
59034,HARDIN
59035,FORT SMITH
59036,HARLOWTON
59037,HUNTLEY
59038,HYSHAM
59039,INGOMAR
59041,JOLIET
59043,LAME DEER
59044,LAUREL
59046,LAVINA
59047,LIVINGSTON
59050,LODGE GRASS
59052,BIG TIMBER
59053,MARTINSDALE
59054,MELSTONE
59055,BIG TIMBER
59057,MOLT
59058,WINNETT
59059,MUSSELSHELL
59061,FISHTAIL
59062,OTTER
59063,PARK CITY
59064,POMPEYS PILLAR
59065,PRAY
59066,PRYOR
59067,RAPELJE
59068,RED LODGE
59069,REED POINT
59070,ROBERTS
59071,ROSCOE
59072,ROUNDUP
59074,RYEGATE
59075,SAINT XAVIER
59077,SAND SPRINGS
59078,SHAWMUT
59079,SHEPHERD
59081,COOKE CITY
59082,BIG TIMBER
59083,SUMATRA
59085,TWO DOT
59086,CLYDE PARK
59087,WINNETT
59088,WORDEN
59089,WYOLA
59101,BILLINGS
59102,BILLINGS
59103,BILLINGS
59104,BILLINGS
59105,BILLINGS
59106,BILLINGS
59107,BILLINGS
59108,BILLINGS
59201,WOLF POINT
59211,ANTELOPE
59212,BAINVILLE
59213,BROCKTON
59214,BROCKWAY
59215,CIRCLE
59217,CRANE
59218,CULBERTSON
59219,DAGMAR
59221,FAIRVIEW
59222,FLAXVILLE
59223,FORT PECK
59225,FRAZER
59226,FROID
59230,GLASGOW
59231,GLASGOW
59241,HINSDALE
59243,LAMBERT
59247,MEDICINE LAKE
59248,NASHUA
59250,OPHEIM
59252,OUTLOOK
59253,PEERLESS
59254,PLENTYWOOD
59255,POPLAR
59256,RAYMOND
59258,RESERVE
59259,RICHEY
59260,RICHLAND
59261,SACO
59262,SAVAGE
59263,SCOBEY
59270,SIDNEY
59274,VIDA
59275,WESTBY
59276,WHITETAIL
59301,MILES CITY
59311,ALZADA
59312,ANGELA
59313,BAKER
59314,BIDDLE
59315,GLENDIVE
59316,BOYES
59317,BROADUS
59318,BRUSETT
59319,CAMP CROOK
59322,COHAGEN
59323,COLSTRIP
59324,EKALAKA
59326,FALLON
59327,FORSYTH
59330,GLENDIVE
59332,HAMMOND
59333,MILES CITY
59336,PLEVNA
59337,JORDAN
59339,LINDSAY
59344,PLEVNA
59347,FORSYTH
59349,TERRY
59351,VOLBORG
59353,WIBAUX
59354,WILLARD
59401,GREAT FALLS
59403,GREAT FALLS
59404,GREAT FALLS
59405,GREAT FALLS
59406,GREAT FALLS
59410,AUGUSTA
59411,BABB
59412,BELT
59414,BLACK EAGLE
59416,BRADY
59417,BROWNING
59418,BUFFALO
59419,BYNUM
59420,CARTER
59421,CASCADE
59422,CHOTEAU
59424,COFFEE CREEK
59425,CONRAD
59427,CUT BANK
59430,DENTON
59432,DUPUYER
59433,DUTTON
59434,EAST GLACIER PARK
59435,ETHRIDGE
59436,FAIRFIELD
59440,CARTER
59441,LEWISTOWN
59442,FORT BENTON
59443,FORT SHAW
59444,GALATA
59446,GERALDINE
59447,GEYSER
59448,HEART BUTTE
59450,HIGHWOOD
59451,HILGER
59452,HOBSON
59453,JUDITH GAP
59454,KEVIN
59456,CONRAD
59457,LEWISTOWN
59460,FORT BENTON
59462,HOBSON
59463,MONARCH
59464,MOORE
59465,NEIHART
59467,PENDROY
59468,POWER
59469,RAYNESFORD
59471,ROY
59472,SAND COULEE
59474,SHELBY
59477,SIMMS
59479,STANFORD
59480,SAND COULEE
59482,SUNBURST
59483,SUN RIVER
59484,SWEET GRASS
59485,ULM
59486,VALIER
59487,VAUGHN
59489,WINIFRED
59501,HAVRE
59520,BIG SANDY
59521,BOX ELDER
59522,CHESTER
59523,CHINOOK
59524,DODSON
59525,GILDFORD
59526,HARLEM
59527,HAYS
59528,HINGHAM
59529,HOGELAND
59530,INVERNESS
59531,JOPLIN
59532,KREMLIN
59537,LORING
59538,MALTA
59540,RUDYARD
59542,TURNER
59544,WHITEWATER
59545,WHITLASH
59546,ZORTMAN
59547,ZURICH
59601,HELENA
59602,HELENA
59604,HELENA
59624,HELENA
59631,BASIN
59632,BOULDER
59633,CANYON CREEK
59634,CLANCY
59635,EAST HELENA
59636,FORT HARRISON
59638,JEFFERSON CITY
59639,LINCOLN
59642,RINGLING
59643,TOSTON
59644,TOWNSEND
59645,WHITE SULPHUR SPRINGS
59648,WOLF CREEK
59701,BUTTE
59702,BUTTE
59703,BUTTE
59710,ALDER
59711,ANACONDA
59713,AVON
59714,BELGRADE
59715,BOZEMAN
59716,BIG SKY
59717,BOZEMAN
59718,BOZEMAN
59719,BOZEMAN
59720,CAMERON
59721,CARDWELL
59722,DEER LODGE
59724,DELL
59725,DILLON
59727,DIVIDE
59728,ELLISTON
59729,ENNIS
59730,GALLATIN GATEWAY
59731,DEER LODGE
59732,DILLON
59733,DEER LODGE
59735,HARRISON
59736,JACKSON
59739,LIMA
59740,MC ALLISTER
59741,MANHATTAN
59743,MELROSE
59745,NORRIS
59746,POLARIS
59747,PONY
59748,RAMSAY
59749,SHERIDAN
59751,SILVER STAR
59752,THREE FORKS
59754,TWIN BRIDGES
59755,VIRGINIA CITY
59756,WARM SPRINGS
59758,WEST YELLOWSTONE
59759,WHITEHALL
59760,WILLOW CREEK
59761,WISDOM
59762,WISE RIVER
59771,BOZEMAN
59772,BOZEMAN
59801,MISSOULA
59802,MISSOULA
59803,MISSOULA
59804,MISSOULA
59806,MISSOULA
59807,MISSOULA
59808,MISSOULA
59820,ALBERTON
59821,ARLEE
59823,BONNER
59824,CHARLO
59825,CLINTON
59826,CONDON
59827,CONNER
59828,CORVALLIS
59829,DARBY
59830,DE BORGIA
59831,DIXON
59832,DRUMMOND
59833,FLORENCE
59834,FRENCHTOWN
59837,HALL
59840,HAMILTON
59841,HAMILTON
59842,DE BORGIA
59843,HELMVILLE
59844,HERON
59845,HOT SPRINGS
59846,FRENCHTOWN
59847,LOLO
59851,MILLTOWN
59853,NOXON
59854,OVANDO
59855,PABLO
59856,PARADISE
59858,PHILIPSBURG
59859,PLAINS
59860,POLSON
59864,RONAN
59865,SAINT IGNATIUS
59866,SAINT REGIS
59867,SAINT REGIS
59868,SEELEY LAKE
59870,STEVENSVILLE
59871,SULA
59872,SUPERIOR
59873,THOMPSON FALLS
59874,TROUT CREEK
59875,VICTOR
59901,KALISPELL
59903,KALISPELL
59904,KALISPELL
59910,BIG ARM
59911,BIGFORK
59912,COLUMBIA FALLS
59913,CORAM
59914,DAYTON
59915,ELMO
59916,WEST GLACIER
59917,EUREKA
59918,FORTINE
59919,HUNGRY HORSE
59920,KILA
59922,LAKESIDE
59923,LIBBY
59925,MARION
59926,HUNGRY HORSE
59927,OLNEY
59930,REXFORD
59931,ROLLINS
59932,SOMERS
59933,STRYKER
59934,TREGO
59935,TROY
59936,WEST GLACIER
59937,WHITEFISH
60002,ANTIOCH
60004,ARLINGTON HEIGHTS
60005,ARLINGTON HEIGHTS
60006,ARLINGTON HEIGHTS
60007,ELK GROVE VILLAGE
60008,ARLINGTON HEIGHTS
60009,ELK GROVE VILLAGE
60010,BARRINGTON
60011,BARRINGTON
60012,CRYSTAL LAKE
60013,CARY
60014,CRYSTAL LAKE
60015,DEERFIELD
60016,DES PLAINES
60017,DES PLAINES
60018,DES PLAINES
60020,FOX LAKE
60021,FOX RIVER GROVE
60022,GLENCOE
60025,GLENVIEW
60026,GLENVIEW
60029,GOLF
60030,GRAYSLAKE
60031,GURNEE
60033,HARVARD
60034,HEBRON
60035,HIGHLAND PARK
60039,CRYSTAL LAKE
60040,HIGHWOOD
60041,INGLESIDE
60042,ISLAND LAKE
60043,KENILWORTH
60044,LAKE BLUFF
60045,LAKE FOREST
60046,LAKE VILLA
60047,LAKE ZURICH
60048,LIBERTYVILLE
60050,MCHENRY
60051,MCHENRY
60053,MORTON GROVE
60056,MOUNT PROSPECT
60060,MUNDELEIN
60061,VERNON HILLS
60062,NORTHBROOK
60064,NORTH CHICAGO
60065,NORTHBROOK
60067,PALATINE
60068,PARK RIDGE
60069,LINCOLNSHIRE
60070,MOUNT PROSPECT
60071,RICHMOND
60072,RINGWOOD
60073,ROUND LAKE
60074,PALATINE
60075,RUSSELL
60076,SKOKIE
60077,SKOKIE
60078,PALATINE
60079,WAUKEGAN
60081,SPRING GROVE
60082,TECHNY
60083,WADSWORTH
60084,WAUCONDA
60085,WAUKEGAN
60087,WAUKEGAN
60088,GREAT LAKES
60089,BUFFALO GROVE
60090,WHEELING
60091,WILMETTE
60093,GLENVIEW
60094,PALATINE
60095,PALATINE
60096,WINTHROP HARBOR
60097,WONDER LAKE
60098,WOODSTOCK
60099,ZION
60101,ADDISON
60102,ALGONQUIN
60103,BARTLETT
60104,BELLWOOD
60106,BENSENVILLE
60107,STREAMWOOD
60108,BLOOMINGDALE
60109,BURLINGTON
60110,CARPENTERSVILLE
60111,CLARE
60112,CORTLAND
60113,CRESTON
60115,DEKALB
60118,WEST DUNDEE
60119,ELBURN
60120,HANOVER PARK
60121,ELGIN
60123,ELGIN
60124,ELGIN
60126,ELMHURST
60129,ESMOND
60130,FOREST PARK
60131,FRANKLIN PARK
60133,HANOVER PARK
60134,GENEVA
60135,GENOA
60136,GILBERTS
60137,GLEN ELLYN
60138,GLEN ELLYN
60139,CAROL STREAM
60140,HAMPSHIRE
60141,HINES
60142,HUNTLEY
60143,ITASCA
60144,KANEVILLE
60145,KINGSTON
60146,KIRKLAND
60147,LAFOX
60148,LOMBARD
60150,DEKALB
60151,ELBURN
60152,MARENGO
60153,MAYWOOD
60154,WESTCHESTER
60155,BROADVIEW
60156,ALGONQUIN
60157,MEDINAH
60159,SCHAUMBURG
60160,MELROSE PARK
60161,MELROSE PARK
60162,HILLSIDE
60163,HILLSIDE
60164,MELROSE PARK
60165,MELROSE PARK
60168,SCHAUMBURG
60169,HOFFMAN ESTATES
60171,RIVER GROVE
60172,ROSELLE
60173,SCHAUMBURG
60174,SAINT CHARLES
60175,SAINT CHARLES
60176,FRANKLIN PARK
60177,SOUTH ELGIN
60178,SYCAMORE
60180,MARENGO
60181,VILLA PARK
60183,WASCO
60184,WAYNE
60185,WEST CHICAGO
60186,WEST CHICAGO
60187,WHEATON
60188,CAROL STREAM
60189,WHEATON
60190,WINFIELD
60191,WOOD DALE
60192,HOFFMAN ESTATES
60193,ROSELLE
60194,SCHAUMBURG
60195,HOFFMAN ESTATES
60197,CAROL STREAM
60201,EVANSTON
60202,EVANSTON
60203,EVANSTON
60204,EVANSTON
60301,OAK PARK
60302,OAK PARK
60303,OAK PARK
60304,OAK PARK
60305,RIVER FOREST
60401,BEECHER
60402,BERWYN
60403,JOLIET
60404,JOLIET
60406,BLUE ISLAND
60407,BRACEVILLE
60408,BRAIDWOOD
60409,CALUMET CITY
60410,CHANNAHON
60411,CHICAGO HEIGHTS
60412,CHICAGO HEIGHTS
60415,CHICAGO RIDGE
60416,COAL CITY
60417,CRETE
60418,MIDLOTHIAN
60419,DOLTON
60420,DWIGHT
60421,ELWOOD
60422,GLENWOOD
60423,FRANKFORT
60424,GARDNER
60425,GLENWOOD
60426,HARVEY
60428,HARVEY
60429,HAZEL CREST
60430,GLENWOOD
60431,JOLIET
60432,JOLIET
60433,JOLIET
60434,JOLIET
60435,JOLIET
60436,JOLIET
60437,KINSMAN
60438,LANSING
60439,LEMONT
60440,BOLINGBROOK
60441,LOCKPORT
60442,MANHATTAN
60443,MATTESON
60444,MAZON
60445,MIDLOTHIAN
60446,ROMEOVILLE
60447,MINOOKA
60448,FRANKFORT
60449,MONEE
60450,MORRIS
60451,NEW LENOX
60452,OAK FOREST
60453,BRIDGEVIEW
60454,OAK LAWN
60455,BRIDGEVIEW
60456,BRIDGEVIEW
60457,BRIDGEVIEW
60458,BRIDGEVIEW
60459,BRIDGEVIEW
60460,ODELL
60461,MATTESON
60462,ORLAND PARK
60463,PALOS HEIGHTS
60464,PALOS PARK
60465,WORTH
60466,PARK FOREST
60467,ORLAND PARK
60468,PEOTONE
60469,POSEN
60470,RANSOM
60471,PARK FOREST
60472,ROBBINS
60473,SOUTH HOLLAND
60474,SOUTH WILMINGTON
60475,STEGER
60476,GLENWOOD
60477,TINLEY PARK
60478,COUNTRY CLUB HILLS
60479,VERONA
60480,WILLOW SPRINGS
60481,WILMINGTON
60482,WORTH
60484,PARK FOREST
60487,TINLEY PARK
60490,BOLINGBROOK
60491,LOCKPORT
60499,BEDFORD PARK
60501,SUMMIT ARGO
60502,AURORA
60503,AURORA
60504,AURORA
60505,AURORA
60506,AURORA
60507,AURORA
60510,BATAVIA
60511,BIG ROCK
60512,BRISTOL
60513,BROOKFIELD
60514,CLARENDON HILLS
60515,DOWNERS GROVE
60516,WOODRIDGE
60517,WOODRIDGE
60518,EARLVILLE
60519,EOLA
60520,HINCKLEY
60521,OAK BROOK
60522,OAK BROOK
60523,OAK BROOK
60525,LA GRANGE
60526,LA GRANGE
60527,WILLOWBROOK
60530,LEE
60531,LELAND
60532,LISLE
60534,LYONS
60536,MILLBROOK
60537,MILLINGTON
60538,MONTGOMERY
60539,BATAVIA
60540,NAPERVILLE
60541,NEWARK
60542,NORTH AURORA
60543,OSWEGO
60544,PLAINFIELD
60545,PLANO
60546,NORTH RIVERSIDE
60548,SANDWICH
60549,SERENA
60550,SHABBONA
60551,SHERIDAN
60552,SOMONAUK
60553,STEWARD
60554,SUGAR GROVE
60555,WARRENVILLE
60556,WATERMAN
60557,SERENA
60558,WESTERN SPRINGS
60559,WESTMONT
60560,YORKVILLE
60561,WILLOWBROOK
60563,NAPERVILLE
60564,FOX VALLEY
60565,NAPERVILLE
60566,NAPERVILLE
60567,NAPERVILLE
60585,PLAINFIELD
60586,PLAINFIELD
60598,AURORA
60601,CHICAGO
60602,CHICAGO
60603,CHICAGO
60604,CHICAGO
60605,CHICAGO
60606,CHICAGO
60607,CHICAGO
60608,CHICAGO
60609,CHICAGO
60610,CHICAGO
60611,CHICAGO
60612,CHICAGO
60613,CHICAGO
60614,CHICAGO
60615,CHICAGO
60616,CHICAGO
60617,CHICAGO
60618,CHICAGO
60619,CHICAGO
60620,CHICAGO
60621,CHICAGO
60622,CHICAGO
60623,CHICAGO
60624,CHICAGO
60625,CHICAGO
60626,CHICAGO
60628,CHICAGO
60629,CHICAGO
60630,CHICAGO
60631,CHICAGO
60632,CHICAGO
60633,CHICAGO
60634,CHICAGO
60636,CHICAGO
60637,CHICAGO
60638,CHICAGO
60639,CHICAGO
60640,CHICAGO
60641,CHICAGO
60642,CHICAGO
60643,CHICAGO
60644,CHICAGO
60645,CHICAGO
60646,LINCOLNWOOD
60647,CHICAGO
60649,CHICAGO
60651,CHICAGO
60652,CHICAGO
60653,CHICAGO
60654,CHICAGO
60655,CHICAGO
60656,HARWOOD HEIGHTS
60657,CHICAGO
60659,CHICAGO
60660,CHICAGO
60661,CHICAGO
60664,CHICAGO
60666,CHICAGO
60680,CHICAGO
60690,CHICAGO
60691,CHICAGO
60706,NORRIDGE
60707,ELMWOOD PARK
60712,LINCOLNWOOD
60714,NILES
60803,CHICAGO
60804,CICERO
60805,EVERGREEN PARK
60827,RIVERDALE
60901,KANKAKEE
60910,AROMA PARK
60911,ASHKUM
60912,BEAVERVILLE
60913,BONFIELD
60914,BOURBONNAIS
60915,BRADLEY
60917,BUCKINGHAM
60918,BUCKLEY
60919,CABERY
60920,CAMPUS
60921,CHATSWORTH
60922,CHEBANSE
60924,CISSNA PARK
60926,CLAYTONVILLE
60927,CLIFTON
60928,CRESCENT CITY
60929,CULLOM
60930,DANFORTH
60931,DONOVAN
60932,EAST LYNN
60933,ELLIOTT
60934,EMINGTON
60935,ESSEX
60936,GIBSON CITY
60938,GILMAN
60939,GOODWINE
60940,GRANT PARK
60941,HERSCHER
60942,HOOPESTON
60944,HOPKINS PARK
60945,IROQUOIS
60946,KEMPTON
60948,LODA
60949,LUDLOW
60950,MANTENO
60951,MARTINTON
60952,MELVIN
60953,MILFORD
60954,MOMENCE
60955,ONARGA
60956,PAPINEAU
60957,PAXTON
60958,SAINT ANNE
60959,PIPER CITY
60960,PAXTON
60961,REDDICK
60962,ROBERTS
60963,ROSSVILLE
60964,SAINT ANNE
60966,SHELDON
60967,STOCKLAND
60968,THAWVILLE
60969,HERSCHER
60970,WATSEKA
60973,WELLINGTON
60974,WOODLAND
61001,APPLE RIVER
61006,ASHTON
61007,BAILEYVILLE
61008,BELVIDERE
61010,BYRON
61011,BELVIDERE
61012,CAPRON
61013,CEDARVILLE
61014,CHADWICK
61015,CHANA
61016,CHERRY VALLEY
61018,DAKOTA
61019,DAVIS
61020,DAVIS JUNCTION
61021,DIXON
61024,DURAND
61025,EAST DUBUQUE
61027,ELEROY
61028,GALENA
61030,FORRESTON
61031,DIXON
61032,FREEPORT
61036,GALENA
61037,GALT
61038,BELVIDERE
61039,GERMAN VALLEY
61041,HANOVER
61042,HARMON
61043,HOLCOMB
61044,PEARL CITY
61046,LANARK
61047,LEAF RIVER
61048,LENA
61049,LINDENWOOD
61050,MC CONNELL
61051,MILLEDGEVILLE
61052,MONROE CENTER
61053,MOUNT CARROLL
61054,MOUNT MORRIS
61057,NACHUSA
61059,NORA
61060,ORANGEVILLE
61061,OREGON
61062,PEARL CITY
61063,PECATONICA
61064,DIXON
61065,BELVIDERE
61067,RIDOTT
61068,ROCHELLE
61070,ROCK CITY
61071,ROCK FALLS
61072,ROCKTON
61073,ROSCOE
61074,SAVANNA
61075,SCALES MOUND
61077,SEWARD
61078,SHANNON
61079,SHIRLAND
61080,SOUTH BELOIT
61081,STERLING
61084,STILLMAN VALLEY
61085,STOCKTON
61087,STOCKTON
61088,ROCKFORD
61089,WINSLOW
61091,WOOSUNG
61101,ROCKFORD
61102,ROCKFORD
61103,ROCKFORD
61104,ROCKFORD
61105,ROCKFORD
61106,ROCKFORD
61107,ROCKFORD
61108,ROCKFORD
61109,ROCKFORD
61110,ROCKFORD
61111,LOVES PARK
61112,ROCKFORD
61114,ROCKFORD
61115,LOVES PARK
61125,ROCKFORD
61126,ROCKFORD
61130,LOVES PARK
61131,LOVES PARK
61132,LOVES PARK
61201,ROCK ISLAND
61204,ROCK ISLAND
61230,ALBANY
61231,ALEDO
61232,ANDALUSIA
61233,ANDOVER
61234,ANNAWAN
61235,ATKINSON
61236,BARSTOW
61237,BUFFALO PRAIRIE
61238,CAMBRIDGE
61239,CARBON CLIFF
61240,COAL VALLEY
61241,COLONA
61242,CORDOVA
61243,DEER GROVE
61244,EAST MOLINE
61250,ERIE
61252,CLINTON
61254,GENESEO
61256,HAMPTON
61257,HILLSDALE
61259,ILLINOIS CITY
61260,JOY
61261,LYNDON
61262,LYNN CENTER
61263,MATHERVILLE
61264,MILAN
61265,MOLINE
61266,MOLINE
61270,MORRISON
61272,JOY
61273,ORION
61274,OSCO
61275,PORT BYRON
61276,PREEMPTION
61277,PROPHETSTOWN
61278,RAPIDS CITY
61279,REYNOLDS
61281,SHERRARD
61282,EAST MOLINE
61283,TAMPICO
61284,TAYLOR RIDGE
61285,CLINTON
61301,LA SALLE
61310,AMBOY
61312,ARLINGTON
61313,BLACKSTONE
61314,BUDA
61315,BUREAU
61316,CEDAR POINT
61317,CHERRY
61318,COMPTON
61319,CORNELL
61320,DALZELL
61321,DANA
61322,DEPUE
61323,DOVER
61325,GRAND RIDGE
61326,GRANVILLE
61327,GRANVILLE
61328,OHIO
61329,LADD
61330,LA MOILLE
61331,LEE CENTER
61332,LEONORE
61333,LONG POINT
61334,LOSTANT
61335,MC NABB
61336,MAGNOLIA
61337,MALDEN
61338,MANLIUS
61340,MARK
61341,MARSEILLES
61342,MENDOTA
61344,MINERAL
61345,NEPONSET
61346,NEW BEDFORD
61348,OGLESBY
61349,OHIO
61350,OTTAWA
61353,PAW PAW
61354,LA SALLE
61356,PRINCETON
61358,RUTLAND
61359,SEATONVILLE
61360,SENECA
61361,SHEFFIELD
61362,SPRING VALLEY
61363,STANDARD
61364,STREATOR
61367,SUBLETTE
61368,PRINCETON
61369,TOLUCA
61370,TONICA
61371,TRIUMPH
61372,TROY GROVE
61373,UTICA
61374,VAN ORIN
61375,VARNA
61376,WALNUT
61377,WENONA
61378,WEST BROOKLYN
61379,WYANET
61401,GALESBURG
61402,GALESBURG
61410,ABINGDON
61411,ADAIR
61412,ALEXIS
61413,ALPHA
61414,ALTONA
61415,AVON
61416,BARDOLPH
61417,BERWICK
61418,BIGGSVILLE
61419,BISHOP HILL
61420,BLANDINSVILLE
61421,BRADFORD
61422,BUSHNELL
61423,CAMERON
61424,CAMP GROVE
61425,CARMAN
61426,CASTLETON
61427,CUBA
61428,DAHINDA
61430,EAST GALESBURG
61431,ELLISVILLE
61432,FAIRVIEW
61433,FIATT
61434,GALVA
61436,GILSON
61437,GLADSTONE
61438,BLANDINSVILLE
61439,HENDERSON
61440,INDUSTRY
61441,IPAVA
61442,KEITHSBURG
61443,KEWANEE
61447,KIRKWOOD
61448,KNOXVILLE
61449,LA FAYETTE
61450,LA HARPE
61451,LAURA
61452,LITTLETON
61453,LITTLE YORK
61454,LOMAX
61455,MACOMB
61458,MAQUON
61459,MARIETTA
61460,MEDIA
61462,MONMOUTH
61465,NEW WINDSOR
61466,NORTH HENDERSON
61467,ONEIDA
61469,OQUAWKA
61470,PRAIRIE CITY
61471,RARITAN
61472,RIO
61473,ROSEVILLE
61474,ABINGDON
61476,SEATON
61477,SMITHFIELD
61478,SMITHSHIRE
61479,SPEER
61480,STRONGHURST
61482,TABLE GROVE
61483,TOULON
61484,VERMONT
61485,VICTORIA
61486,VIOLA
61488,WATAGA
61489,WILLIAMSFIELD
61490,WOODHULL
61491,WYOMING
61501,ASTORIA
61516,BENSON
61517,BRIMFIELD
61519,BRYANT
61520,CANTON
61523,CHILLICOTHE
61524,DUNFERMLINE
61525,DUNLAP
61526,EDELSTEIN
61528,EDWARDS
61529,ELMWOOD
61530,EUREKA
61531,FARMINGTON
61532,FOREST CITY
61533,GLASFORD
61534,GREEN VALLEY
61535,GROVELAND
61536,HANNA CITY
61537,HENRY
61539,KINGSTON MINES
61540,LACON
61541,LA ROSE
61542,LEWISTOWN
61543,LIVERPOOL
61544,LONDON MILLS
61545,LOWPOINT
61546,MANITO
61547,MAPLETON
61548,METAMORA
61550,MORTON
61552,MOSSVILLE
61553,NORRIS
61554,PEKIN
61555,PEKIN
61559,PRINCEVILLE
61560,HENRY
61561,ROANOKE
61562,ROME
61563,SAINT DAVID
61564,SOUTH PEKIN
61565,LACON
61567,TOPEKA
61568,TREMONT
61569,TRIVOLI
61570,WASHBURN
61571,WASHINGTON
61572,ELMWOOD
61601,PEORIA
61602,PEORIA
61603,PEORIA
61604,PEORIA
61605,PEORIA
61606,PEORIA
61607,BARTONVILLE
61610,EAST PEORIA
61611,EAST PEORIA
61612,PEORIA
61614,PEORIA
61615,PEORIA
61616,PEORIA
61650,PEORIA
61651,PEORIA
61652,PEORIA
61653,PEORIA
61654,PEORIA
61655,PEORIA
61656,PEORIA
61701,BLOOMINGTON
61702,BLOOMINGTON
61704,BLOOMINGTON
61705,BLOOMINGTON
61720,ANCHOR
61721,ARMINGTON
61722,ARROWSMITH
61723,ATLANTA
61724,BELLFLOWER
61725,CARLOCK
61726,CHENOA
61727,CLINTON
61728,COLFAX
61729,CONGERVILLE
61730,COOKSVILLE
61731,CROPSEY
61732,DANVERS
61733,DEER CREEK
61734,DELAVAN
61735,DEWITT
61736,DOWNS
61737,ELLSWORTH
61738,EL PASO
61739,FAIRBURY
61740,FLANAGAN
61741,FORREST
61742,GOODFIELD
61743,GRAYMONT
61744,GRIDLEY
61745,HEYWORTH
61747,HOPEDALE
61748,HUDSON
61749,KENNEY
61751,LAWNDALE
61752,LE ROY
61753,LEXINGTON
61754,MC LEAN
61755,MACKINAW
61756,MAROA
61759,MINIER
61760,MINONK
61761,NORMAL
61764,PONTIAC
61769,SAUNEMIN
61770,SAYBROOK
61771,SECOR
61772,SHIRLEY
61773,SIBLEY
61774,STANFORD
61775,STRAWN
61776,TOWANDA
61777,WAPELLA
61778,WAYNESVILLE
61801,URBANA
61802,URBANA
61803,URBANA
61810,ALLERTON
61811,ALVIN
61812,ARMSTRONG
61813,BEMENT
61814,BISMARCK
61816,BROADLANDS
61817,CATLIN
61818,CERRO GORDO
61820,CHAMPAIGN
61821,CHAMPAIGN
61822,CHAMPAIGN
61824,CHAMPAIGN
61825,CHAMPAIGN
61826,CHAMPAIGN
61830,CISCO
61831,COLLISON
61832,DANVILLE
61833,DANVILLE
61834,DANVILLE
61839,DE LAND
61840,DEWEY
61841,FAIRMOUNT
61842,FARMER CITY
61843,FISHER
61844,FITHIAN
61845,FOOSLAND
61846,GEORGETOWN
61847,GIFFORD
61848,HENNING
61849,HOMER
61850,INDIANOLA
61851,IVESDALE
61852,LONGVIEW
61853,MAHOMET
61854,MANSFIELD
61856,MONTICELLO
61857,OAKWOOD
61858,DANVILLE
61859,OGDEN
61862,PENFIELD
61863,PESOTUM
61864,PHILO
61865,POTOMAC
61866,RANTOUL
61870,RIDGE FARM
61871,ROYAL
61872,SADORUS
61873,SAINT JOSEPH
61874,SAVOY
61875,SEYMOUR
61876,SIDELL
61877,SIDNEY
61878,RANTOUL
61880,TOLONO
61882,WELDON
61883,DANVILLE
61884,WHITE HEATH
61910,ARCOLA
61911,ARTHUR
61912,ASHMORE
61913,ATWOOD
61914,BETHANY
61917,BROCTON
61919,CAMARGO
61920,CHARLESTON
61924,CHRISMAN
61925,DALTON CITY
61929,HAMMOND
61930,HINDSBORO
61931,HUMBOLDT
61932,HUME
61933,KANSAS
61936,LA PLACE
61937,LOVINGTON
61938,MATTOON
61940,METCALF
61941,CAMARGO
61942,NEWMAN
61943,OAKLAND
61944,PARIS
61949,REDMON
61951,SULLIVAN
61953,TUSCOLA
61955,VERMILION
61956,VILLA GROVE
61957,WINDSOR
62001,ALHAMBRA
62002,ALTON
62006,BATCHTOWN
62009,BENLD
62010,BETHALTO
62012,BRIGHTON
62013,BRUSSELS
62014,BUNKER HILL
62015,BUTLER
62016,CARROLLTON
62017,COFFEEN
62018,COTTAGE HILLS
62019,DONNELLSON
62021,DORSEY
62022,DOW
62023,EAGARVILLE
62024,EAST ALTON
62025,EDWARDSVILLE
62027,ELDRED
62028,ELSAH
62030,FIDELITY
62031,FIELDON
62032,FILLMORE
62033,GILLESPIE
62034,GLEN CARBON
62035,GODFREY
62036,BRUSSELS
62037,GRAFTON
62040,GRANITE CITY
62044,GREENFIELD
62045,HAMBURG
62046,HAMEL
62047,HARDIN
62048,HARTFORD
62049,HILLSBORO
62050,HILLVIEW
62051,IRVING
62052,JERSEYVILLE
62053,KAMPSVILLE
62054,KANE
62056,LITCHFIELD
62058,LIVINGSTON
62060,GRANITE CITY
62061,EDWARDSVILLE
62062,MARYVILLE
62063,MEDORA
62065,HARDIN
62067,BETHALTO
62069,MOUNT OLIVE
62071,EAST SAINT LOUIS
62074,NEW DOUGLAS
62075,NOKOMIS
62076,OHLMAN
62077,PANAMA
62078,PATTERSON
62079,PIASA
62080,RAMSEY
62081,ROCKBRIDGE
62082,ROODHOUSE
62084,WOOD RIVER
62085,SAWYERVILLE
62086,SORENTO
62087,SOUTH ROXANA
62088,STAUNTON
62089,TAYLOR SPRINGS
62090,GRANITE CITY
62092,WHITE HALL
62093,WILSONVILLE
62094,WITT
62095,WOOD RIVER
62097,WORDEN
62201,EAST SAINT LOUIS
62202,EAST SAINT LOUIS
62203,EAST SAINT LOUIS
62204,EAST SAINT LOUIS
62205,EAST SAINT LOUIS
62206,EAST SAINT LOUIS
62207,EAST SAINT LOUIS
62208,FAIRVIEW HEIGHTS
62214,ADDIEVILLE
62215,ALBERS
62216,AVISTON
62217,BALDWIN
62218,BARTELSO
62219,BECKEMEYER
62220,BELLEVILLE
62221,BELLEVILLE
62222,BELLEVILLE
62223,BELLEVILLE
62225,BELLEVILLE
62226,BELLEVILLE
62230,BREESE
62231,CARLYLE
62232,CASEYVILLE
62233,CHESTER
62234,COLLINSVILLE
62236,COLUMBIA
62237,COULTERVILLE
62238,CUTLER
62239,COLUMBIA
62240,EAST CARONDELET
62241,ELLIS GROVE
62242,EVANSVILLE
62243,BELLEVILLE
62244,VALMEYER
62245,GERMANTOWN
62246,GREENVILLE
62248,HECKER
62249,HIGHLAND
62250,HOFFMAN
62252,HUEY
62253,KEYESPORT
62254,LEBANON
62255,LENZBURG
62256,MAEYSTOWN
62257,MARISSA
62258,MASCOUTAH
62260,MILLSTADT
62262,MULBERRY GROVE
62263,NASHVILLE
62264,NEW ATHENS
62265,NEW BADEN
62266,NEW MEMPHIS
62268,OAKDALE
62269,O FALLON
62271,OKAWVILLE
62272,PERCY
62273,PIERRON
62274,PINCKNEYVILLE
62275,POCAHONTAS
62277,PRAIRIE DU ROCHER
62278,RED BUD
62280,ROCKWOOD
62281,SAINT JACOB
62282,SAINT LIBORY
62284,SMITHBORO
62285,SMITHTON
62286,SPARTA
62288,STEELEVILLE
62289,SUMMERFIELD
62292,TILDEN
62293,TRENTON
62294,TROY
62295,VALMEYER
62298,WATERLOO
62301,QUINCY
62305,QUINCY
62306,QUINCY
62311,AUGUSTA
62312,BARRY
62313,BASCO
62314,BAYLIS
62316,BOWEN
62319,CAMDEN
62320,CAMP POINT
62321,CARTHAGE
62324,MOUNT STERLING
62325,CAMP POINT
62326,COLCHESTER
62330,DALLAS CITY
62334,ELVASTON
62336,FERRIS
62338,FOWLER
62339,GOLDEN
62340,GRIGGSVILLE
62341,HAMILTON
62343,HULL
62345,KINDERHOOK
62347,LIBERTY
62348,LIMA
62349,LORAINE
62351,MENDON
62352,MILTON
62353,MOUNT STERLING
62354,NAUVOO
62355,NEBO
62356,NEW CANTON
62357,NEW SALEM
62358,NIOTA
62359,CAMP POINT
62360,PAYSON
62361,PEARL
62362,PERRY
62363,PITTSFIELD
62365,PLAINVILLE
62366,PITTSFIELD
62367,PLYMOUTH
62370,ROCKPORT
62374,TENNESSEE
62375,TIMEWELL
62376,URSA
62378,VERSAILLES
62379,WARSAW
62380,WEST POINT
62401,EFFINGHAM
62410,ALLENDALE
62411,ALTAMONT
62413,ANNAPOLIS
62414,BEECHER CITY
62417,BRIDGEPORT
62418,BROWNSTOWN
62419,CALHOUN
62420,CASEY
62421,CLAREMONT
62422,COWDEN
62424,DIETERICH
62425,DUNDAS
62426,EDGEWOOD
62427,FLAT ROCK
62428,GREENUP
62431,HERRICK
62432,HIDALGO
62433,HUTSONVILLE
62434,INGRAHAM
62436,JEWETT
62439,LAWRENCEVILLE
62440,LERNA
62441,MARSHALL
62442,MARTINSVILLE
62443,MASON
62445,MONTROSE
62446,MOUNT ERIE
62447,NEOGA
62448,NEWTON
62449,OBLONG
62450,OLNEY
62451,PALESTINE
62452,PARKERSBURG
62454,ROBINSON
62458,SAINT ELMO
62459,SAINTE MARIE
62460,SAINT FRANCISVILLE
62461,SHUMWAY
62462,SIGEL
62463,STEWARDSON
62464,STOY
62465,STRASBURG
62466,SUMNER
62467,TEUTOPOLIS
62468,TOLEDO
62469,TRILLA
62471,VANDALIA
62473,WATSON
62474,WESTFIELD
62475,WEST LIBERTY
62476,WEST SALEM
62477,WEST UNION
62478,WEST YORK
62479,WHEELER
62480,WILLOW HILL
62481,YALE
62501,ARGENTA
62510,ASSUMPTION
62512,BEASON
62513,BLUE MOUND
62514,BOODY
62515,BUFFALO
62518,CHESTNUT
62519,CORNLAND
62520,DAWSON
62521,DECATUR
62522,DECATUR
62523,DECATUR
62524,DECATUR
62525,DECATUR
62526,DECATUR
62530,DIVERNON
62531,EDINBURG
62532,ELWIN
62533,FARMERSVILLE
62534,FINDLAY
62535,FORSYTH
62536,GLENARM
62537,HARRISTOWN
62538,HARVEL
62539,ILLIOPOLIS
62540,KINCAID
62541,LAKE FORK
62543,LATHAM
62544,MACON
62545,MECHANICSBURG
62546,MORRISONVILLE
62547,MOUNT AUBURN
62548,MOUNT PULASKI
62549,MT ZION
62550,MOWEAQUA
62551,NIANTIC
62553,OCONEE
62554,OREANA
62556,PALMER
62557,PANA
62558,PAWNEE
62560,RAYMOND
62561,RIVERTON
62563,ROCHESTER
62565,SHELBYVILLE
62567,STONINGTON
62568,TAYLORVILLE
62570,TOVEY
62571,TOWER HILL
62572,WAGGONER
62573,WARRENSBURG
62601,ALEXANDER
62610,ALSEY
62611,ARENZVILLE
62612,ASHLAND
62613,ATHENS
62615,AUBURN
62617,BATH
62618,BEARDSTOWN
62621,BLUFFS
62622,VIRGINIA
62624,BROWNING
62625,CANTRALL
62626,CARLINVILLE
62627,CHANDLERVILLE
62628,CHAPIN
62629,CHATHAM
62630,CHESTERFIELD
62631,CONCORD
62633,EASTON
62634,ELKHART
62635,EMDEN
62638,FRANKLIN
62640,GIRARD
62642,GREENVIEW
62643,HARTSBURG
62644,HAVANA
62649,HETTICK
62650,JACKSONVILLE
62651,JACKSONVILLE
62655,KILBOURNE
62656,LINCOLN
62661,LOAMI
62663,MANCHESTER
62664,MASON CITY
62665,MEREDOSIA
62666,GREENVIEW
62667,MODESTO
62668,MURRAYVILLE
62670,NEW BERLIN
62671,NEW HOLLAND
62672,NILWOOD
62673,OAKFORD
62674,PALMYRA
62675,PETERSBURG
62677,PLEASANT PLAINS
62681,RUSHVILLE
62682,SAN JOSE
62684,SHERMAN
62685,SHIPMAN
62689,THAYER
62690,VIRDEN
62691,VIRGINIA
62692,WAVERLY
62693,WILLIAMSVILLE
62694,WINCHESTER
62695,WOODSON
62701,SPRINGFIELD
62702,SPRINGFIELD
62703,SPRINGFIELD
62704,SPRINGFIELD
62705,SPRINGFIELD
62707,SPRINGFIELD
62708,SPRINGFIELD
62711,SPRINGFIELD
62712,SPRINGFIELD
62791,SPRINGFIELD
62794,SPRINGFIELD
62801,CENTRALIA
62803,HOYLETON
62806,ALBION
62807,ALMA
62808,ASHLEY
62810,BELLE RIVE
62811,BELLMONT
62812,BENTON
62814,BLUFORD
62815,BONE GAP
62816,BONNIE
62817,BROUGHTON
62818,BROWNS
62819,BUCKNER
62821,CARMI
62822,CHRISTOPHER
62823,CISNE
62824,CLAY CITY
62825,COELLO
62827,CROSSVILLE
62828,DAHLGREN
62830,DIX
62831,DU BOIS
62832,DU QUOIN
62835,ENFIELD
62836,BENTON
62837,FAIRFIELD
62838,FARINA
62839,FLORA
62841,FREEMAN SPUR
62842,GEFF
62844,GRAYVILLE
62846,INA
62848,IRVINGTON
62849,IUKA
62850,JOHNSONVILLE
62851,KEENES
62852,KEENSBURG
62853,KELL
62854,KINMUNDY
62856,LOGAN
62858,LOUISVILLE
62859,MC LEANSBORO
62860,MACEDONIA
62861,MAUNIE
62862,MILL SHOALS
62863,MOUNT CARMEL
62864,MOUNT VERNON
62865,CHRISTOPHER
62867,NEW HAVEN
62868,NOBLE
62869,NORRIS CITY
62870,ODIN
62871,OMAHA
62872,OPDYKE
62875,PATOKA
62876,RADOM
62877,RICHVIEW
62879,FLORA
62880,SAINT PETER
62881,SALEM
62882,CENTRALIA
62883,SCHELLER
62884,SESSER
62885,SHOBONIER
62886,SIMS
62887,SPRINGERTON
62888,TAMAROA
62889,DIX
62890,THOMPSONVILLE
62891,VALIER
62892,VERNON
62893,CENTRALIA
62894,WALTONVILLE
62895,WAYNE CITY
62896,WEST FRANKFORT
62897,WHITTINGTON
62898,WOODLAWN
62899,XENIA
62901,CARBONDALE
62902,CARBONDALE
62903,CARBONDALE
62905,ALTO PASS
62906,ANNA
62907,AVA
62908,BELKNAP
62910,BROOKPORT
62912,BUNCOMBE
62914,CAIRO
62915,CAMBRIA
62916,CAMPBELL HILL
62917,CARRIER MILLS
62918,CARTERVILLE
62919,CAVE IN ROCK
62920,COBDEN
62921,COLP
62922,CREAL SPRINGS
62923,BUNCOMBE
62924,DE SOTO
62926,DONGOLA
62927,DOWELL
62928,EDDYVILLE
62930,ELDORADO
62931,ELIZABETHTOWN
62932,ELKVILLE
62933,ENERGY
62934,EQUALITY
62935,GALATIA
62938,GOLCONDA
62939,GOREVILLE
62940,GORHAM
62941,GRAND CHAIN
62942,GRAND TOWER
62946,HARRISBURG
62947,HEROD
62948,HERRIN
62949,HURST
62950,AVA
62951,MARION
62952,JONESBORO
62953,JOPPA
62954,JUNCTION
62956,KARNAK
62957,MC CLURE
62958,MAKANDA
62959,MARION
62960,METROPOLIS
62961,MILLCREEK
62963,CAIRO
62964,CAIRO
62965,MUDDY
62966,MURPHYSBORO
62967,NEW BURNSIDE
62969,OLIVE BRANCH
62970,OLMSTED
62972,OZARK
62974,PITTSBURG
62976,PULASKI
62977,RALEIGH
62979,RIDGWAY
62982,ROSICLARE
62983,ELKVILLE
62984,RIDGWAY
62985,VIENNA
62987,STONEFORT
62988,TAMMS
62990,THEBES
62992,ULLIN
62994,VERGENNES
62995,VIENNA
62996,VILLA RIDGE
62997,WILLISVILLE
62998,WOLF LAKE
62999,HERRIN
63005,CHESTERFIELD
63006,CHESTERFIELD
63010,ARNOLD
63011,BALLWIN
63012,BARNHART
63013,BEAUFORT
63014,BERGER
63015,CATAWISSA
63016,CEDAR HILL
63017,CHESTERFIELD
63019,CRYSTAL CITY
63020,DE SOTO
63021,BALLWIN
63022,BALLWIN
63023,DITTMER
63024,MANCHESTER
63025,EUREKA
63026,FENTON
63028,FESTUS
63030,DE SOTO
63031,FLORISSANT
63032,FLORISSANT
63033,FLORISSANT
63034,FLORISSANT
63036,FRENCH VILLAGE
63037,GERALD
63038,WILDWOOD
63039,GRAY SUMMIT
63040,WILDWOOD
63041,GRUBVILLE
63042,HAZELWOOD
63043,MARYLAND HEIGHTS
63044,BRIDGETON
63047,HEMATITE
63048,HERCULANEUM
63049,FENTON
63050,HILLSBORO
63051,HOUSE SPRINGS
63052,IMPERIAL
63053,KIMMSWICK
63055,LABADIE
63056,LESLIE
63060,LONEDELL
63065,PEVELY
63066,MORSE MILL
63068,NEW HAVEN
63069,PACIFIC
63070,PEVELY
63071,DE SOTO
63072,ROBERTSVILLE
63073,SAINT ALBANS
63074,SAINT ANN
63077,SAINT CLAIR
63079,STANTON
63080,SULLIVAN
63084,UNION
63087,DE SOTO
63088,VALLEY PARK
63089,VILLA RIDGE
63090,WASHINGTON
63091,ROSEBUD
63101,SAINT LOUIS
63102,SAINT LOUIS
63103,SAINT LOUIS
63104,SAINT LOUIS
63105,SAINT LOUIS
63106,SAINT LOUIS
63107,SAINT LOUIS
63108,SAINT LOUIS
63109,SAINT LOUIS
63110,SAINT LOUIS
63111,SAINT LOUIS
63112,SAINT LOUIS
63113,SAINT LOUIS
63114,SAINT LOUIS
63115,SAINT LOUIS
63116,SAINT LOUIS
63117,SAINT LOUIS
63118,SAINT LOUIS
63119,SAINT LOUIS
63120,SAINT LOUIS
63121,SAINT LOUIS
63122,SAINT LOUIS
63123,SAINT LOUIS
63124,SAINT LOUIS
63125,SAINT LOUIS
63126,SAINT LOUIS
63127,SAINT LOUIS
63128,SAINT LOUIS
63129,SAINT LOUIS
63130,SAINT LOUIS
63131,SAINT LOUIS
63132,SAINT LOUIS
63133,SAINT LOUIS
63134,SAINT LOUIS
63135,SAINT LOUIS
63136,SAINT LOUIS
63137,SAINT LOUIS
63138,SAINT LOUIS
63139,SAINT LOUIS
63141,SAINT LOUIS
63143,SAINT LOUIS
63144,SAINT LOUIS
63145,SAINT LOUIS
63146,SAINT LOUIS
63147,SAINT LOUIS
63151,SAINT LOUIS
63156,SAINT LOUIS
63157,SAINT LOUIS
63158,SAINT LOUIS
63163,SAINT LOUIS
63166,SAINT LOUIS
63169,SAINT LOUIS
63177,SAINT LOUIS
63178,SAINT LOUIS
63179,SAINT LOUIS
63188,SAINT LOUIS
63301,SAINT CHARLES
63302,SAINT CHARLES
63303,SAINT CHARLES
63304,SAINT CHARLES
63332,AUGUSTA
63333,BELLFLOWER
63334,BOWLING GREEN
63336,CLARKSVILLE
63338,COTTLEVILLE
63339,CURRYVILLE
63341,DEFIANCE
63342,DUTZOW
63343,ELSBERRY
63344,EOLIA
63345,FARBER
63346,FLINTHILL
63347,ELSBERRY
63348,FORISTELL
63349,HAWK POINT
63350,HIGH HILL
63351,JONESBURG
63352,LADDONIA
63353,LOUISIANA
63357,MARTHASVILLE
63359,MIDDLETOWN
63361,MONTGOMERY CITY
63362,MOSCOW MILLS
63363,MONTGOMERY CITY
63365,NEW MELLE
63366,O FALLON
63367,O FALLON
63368,O FALLON
63369,OLD MONROE
63373,PORTAGE DES SIOUX
63376,SAINT PETERS
63377,SILEX
63379,TROY
63381,TRUXTON
63382,VANDALIA
63383,WARRENTON
63384,MONTGOMERY CITY
63385,WENTZVILLE
63386,SAINT CHARLES
63387,WHITESIDE
63388,MONTGOMERY CITY
63389,WINFIELD
63390,WRIGHT CITY
63401,HANNIBAL
63430,ALEXANDRIA
63432,WYACONDA
63435,CANTON
63436,CENTER
63437,CLARENCE
63439,EMDEN
63440,EWING
63441,FRANKFORD
63443,HUNNEWELL
63445,KAHOKA
63446,KNOX CITY
63447,LA BELLE
63448,LA GRANGE
63451,LEONARD
63452,LEWISTOWN
63454,PALMYRA
63456,MONROE CITY
63457,MONTICELLO
63458,LA BELLE
63459,CENTER
63460,NOVELTY
63461,PALMYRA
63462,PERRY
63463,PHILADELPHIA
63465,REVERE
63466,SAINT PATRICK
63468,SHELBINA
63469,SHELBYVILLE
63471,PALMYRA
63472,WAYLAND
63474,WYACONDA
63501,KIRKSVILLE
63530,ATLANTA
63531,BARING
63532,BEVIER
63533,BRASHEAR
63534,CALLAO
63536,DOWNING
63537,EDINA
63538,ELMER
63539,ETHEL
63543,RUTLEDGE
63544,GREEN CASTLE
63545,GREEN CASTLE
63546,GREENTOP
63547,HURDLAND
63548,LANCASTER
63549,LA PLATA
63551,LIVONIA
63552,MACON
63555,MEMPHIS
63556,MILAN
63557,NEW BOSTON
63558,NEW CAMBRIA
63559,NOVINGER
63560,POLLOCK
63561,QUEEN CITY
63563,RUTLEDGE
63565,UNIONVILLE
63566,WINIGAN
63601,DESLOGE
63620,ANNAPOLIS
63621,IRONTON
63622,BELGRADE
63623,IRONTON
63624,BISMARCK
63625,BLACK
63626,POTOSI
63627,SAINTE GENEVIEVE
63628,BONNE TERRE
63629,BUNKER
63630,CADET
63631,CALEDONIA
63633,CENTERVILLE
63636,ANNAPOLIS
63637,DOE RUN
63638,ELLINGTON
63640,FARMINGTON
63645,FREDERICKTOWN
63648,IRONDALE
63650,IRONTON
63651,KNOB LICK
63654,IRONTON
63655,FREDERICKTOWN
63656,IRONTON
63660,MINERAL POINT
63662,FREDERICKTOWN
63663,PILOT KNOB
63664,POTOSI
63665,REDFORD
63670,SAINTE GENEVIEVE
63673,SAINT MARY
63674,TIFF
63701,CAPE GIRARDEAU
63702,CAPE GIRARDEAU
63703,CAPE GIRARDEAU
63730,ADVANCE
63732,ALTENBURG
63735,BELL CITY
63736,BENTON
63738,BROWNWOOD
63739,JACKSON
63740,CHAFFEE
63743,OAK RIDGE
63744,DELTA
63748,FROHNA
63750,GIPSY
63751,MARBLE HILL
63752,GORDONVILLE
63755,JACKSON
63758,KELSO
63760,LEOPOLD
63763,ZALMA
63764,MARBLE HILL
63766,JACKSON
63767,MORLEY
63769,OAK RIDGE
63770,OLD APPLETON
63771,CHAFFEE
63774,PERKINS
63775,PERRYVILLE
63779,POCAHONTAS
63780,SCOTT CITY
63781,SEDGEWICKVILLE
63782,STURDIVANT
63783,PERRYVILLE
63784,VANDUSER
63785,JACKSON
63787,ZALMA
63801,SIKESTON
63820,ANNISTON
63821,ARBYRD
63822,BERNIE
63823,BERTRAND
63824,BLODGETT
63825,BLOOMFIELD
63826,BRAGGADOCIO
63827,BRAGG CITY
63828,CANALOU
63829,CARDWELL
63830,CARUTHERSVILLE
63833,CATRON
63834,CHARLESTON
63837,CLARKTON
63839,COOTER
63840,DEERING
63841,DEXTER
63845,EAST PRAIRIE
63846,ESSEX
63847,HOLCOMB
63848,GIDEON
63849,KENNETT
63850,GRAYRIDGE
63851,CARUTHERSVILLE
63852,HOLCOMB
63853,HOLLAND
63855,HORNERSVILLE
63857,KENNETT
63860,KEWANEE
63862,LILBOURN
63863,MALDEN
63866,MARSTON
63867,MATTHEWS
63868,MOREHOUSE
63869,NEW MADRID
63870,MALDEN
63873,PORTAGEVILLE
63874,RISCO
63876,SENATH
63877,CARUTHERSVILLE
63878,TALLAPOOSA
63879,WARDELL
63880,WHITEOAK
63882,WYATT
63901,POPLAR BLUFF
63902,POPLAR BLUFF
63932,BROSELEY
63933,CAMPBELL
63935,DONIPHAN
63936,DEXTER
63937,ELLSINORE
63939,DONIPHAN
63940,FISK
63941,VAN BUREN
63942,DONIPHAN
63943,GRANDIN
63944,GREENVILLE
63945,HARVIELL
63951,LOWNDES
63953,NAYLOR
63954,NEELYVILLE
63955,DONIPHAN
63956,PATTERSON
63957,PIEDMONT
63960,PUXICO
63961,POPLAR BLUFF
63962,POPLAR BLUFF
63964,SILVA
63965,VAN BUREN
63966,WAPPAPELLO
63967,WILLIAMSVILLE
64001,ALMA
64011,BATES CITY
64012,BELTON
64013,BLUE SPRINGS
64014,BLUE SPRINGS
64015,BLUE SPRINGS
64016,BUCKNER
64018,CAMDEN POINT
64019,CENTERVIEW
64020,CONCORDIA
64021,CORDER
64022,DOVER
64024,EXCELSIOR SPRINGS
64028,FARLEY
64029,BLUE SPRINGS
64030,GRANDVIEW
64034,GREENWOOD
64035,HARDIN
64036,HENRIETTA
64037,HIGGINSVILLE
64040,HOLDEN
64048,HOLT
64050,INDEPENDENCE
64051,INDEPENDENCE
64052,INDEPENDENCE
64053,INDEPENDENCE
64054,INDEPENDENCE
64055,INDEPENDENCE
64056,INDEPENDENCE
64057,INDEPENDENCE
64058,INDEPENDENCE
64060,KEARNEY
64061,HOLDEN
64062,LAWSON
64063,LEES SUMMIT
64064,LEES SUMMIT
64066,LEVASY
64067,LEXINGTON
64068,LIBERTY
64069,LIBERTY
64070,LONE JACK
64071,HIGGINSVILLE
64072,MISSOURI CITY
64074,NAPOLEON
64075,OAK GROVE
64076,ODESSA
64077,ORRICK
64078,PECULIAR
64079,PLATTE CITY
64080,PLEASANT HILL
64081,LEES SUMMIT
64082,LEES SUMMIT
64083,BELTON
64084,RICHMOND
64085,RICHMOND
64086,LEES SUMMIT
64088,BUCKNER
64089,SMITHVILLE
64092,WALDRON
64093,WARRENSBURG
64096,CONCORDIA
64097,WELLINGTON
64098,WESTON
64101,KANSAS CITY
64102,KANSAS CITY
64105,KANSAS CITY
64106,KANSAS CITY
64108,KANSAS CITY
64109,KANSAS CITY
64110,KANSAS CITY
64111,KANSAS CITY
64112,KANSAS CITY
64113,KANSAS CITY
64114,KANSAS CITY
64116,KANSAS CITY
64117,KANSAS CITY
64118,KANSAS CITY
64119,KANSAS CITY
64120,KANSAS CITY
64121,KANSAS CITY
64123,KANSAS CITY
64124,KANSAS CITY
64125,KANSAS CITY
64126,KANSAS CITY
64127,KANSAS CITY
64128,KANSAS CITY
64129,KANSAS CITY
64130,KANSAS CITY
64131,KANSAS CITY
64132,KANSAS CITY
64133,RAYTOWN
64134,KANSAS CITY
64136,RAYTOWN
64137,KANSAS CITY
64138,KANSAS CITY
64139,KANSAS CITY
64141,KANSAS CITY
64145,KANSAS CITY
64147,KANSAS CITY
64148,KANSAS CITY
64149,KANSAS CITY
64150,KANSAS CITY
64151,KANSAS CITY
64152,PARKVILLE
64153,KANSAS CITY
64154,KANSAS CITY
64155,KANSAS CITY
64156,KANSAS CITY
64157,KANSAS CITY
64158,KANSAS CITY
64161,KANSAS CITY
64163,KANSAS CITY
64168,RIVERSIDE
64171,KANSAS CITY
64188,KANSAS CITY
64190,KANSAS CITY
64195,KANSAS CITY
64196,KANSAS CITY
64401,AGENCY
64402,ALBANY
64420,ALLENDALE
64421,AMAZONIA
64423,BARNARD
64424,BETHANY
64426,BLYTHEDALE
64427,BOLCKOW
64428,BURLINGTON JUNCTION
64429,CAMERON
64430,CLARKSDALE
64431,CLEARMONT
64432,CLYDE
64433,CONCEPTION
64434,CONCEPTION JUNCTION
64436,CLARKSDALE
64437,CRAIG
64438,ALBANY
64439,DEARBORN
64440,DE KALB
64441,DENVER
64442,BETHANY
64443,EASTON
64444,EDGERTON
64445,ELMO
64446,FAIRFAX
64448,FAUCETT
64449,FILLMORE
64451,FOREST CITY
64453,GENTRY
64454,GOWER
64455,GRAHAM
64456,GRANT CITY
64457,GUILFORD
64459,HELENA
64461,HOPKINS
64463,KING CITY
64465,LATHROP
64466,MAITLAND
64467,BETHANY
64468,MARYVILLE
64469,MAYSVILLE
64470,MOUND CITY
64471,NEW HAMPTON
64473,OREGON
64474,CAMERON
64475,GRANT CITY
64476,PICKERING
64477,PLATTSBURG
64479,RAVENWOOD
64480,REA
64481,BETHANY
64482,ROCK PORT
64483,ROSENDALE
64484,RUSHVILLE
64485,SAVANNAH
64486,GRANT CITY
64487,MARYVILLE
64489,STANBERRY
64490,STEWARTSVILLE
64491,TARKIO
64492,TRIMBLE
64493,TURNEY
64494,MAYSVILLE
64497,WEATHERBY
64498,WESTBORO
64501,SAINT JOSEPH
64502,SAINT JOSEPH
64503,SAINT JOSEPH
64504,SAINT JOSEPH
64505,SAINT JOSEPH
64506,SAINT JOSEPH
64507,SAINT JOSEPH
64508,SAINT JOSEPH
64601,CHILLICOTHE
64620,ALTAMONT
64622,BOGARD
64623,BOSWORTH
64624,BRAYMER
64625,BRECKENRIDGE
64628,BROOKFIELD
64630,BROWNING
64631,BUCKLIN
64632,CAINSVILLE
64633,CARROLLTON
64635,CHULA
64636,COFFEY
64637,BRAYMER
64638,DAWN
64639,DE WITT
64640,GALLATIN
64641,GALT
64642,TRENTON
64643,HALE
64644,HAMILTON
64647,JAMESON
64648,JAMESPORT
64649,KIDDER
64650,KINGSTON
64651,LACLEDE
64652,LAREDO
64653,LINNEUS
64655,LUCERNE
64656,LUDLOW
64657,MC FALL
64658,MARCELINE
64659,MEADVILLE
64660,BROOKFIELD
64661,MERCER
64667,NEWTOWN
64668,CARROLLTON
64670,PATTONSBURG
64671,POLO
64672,MERCER
64673,PRINCETON
64674,PURDIN
64676,ROTHVILLE
64679,PRINCETON
64681,SUMNER
64682,BOGARD
64683,TRENTON
64686,UTICA
64688,MEADVILLE
64689,WINSTON
64701,HARRISONVILLE
64720,ADRIAN
64722,AMORET
64723,AMSTERDAM
64724,APPLETON CITY
64725,ADRIAN
64726,GARDEN CITY
64728,BRONAUGH
64730,BUTLER
64733,CHILHOWEE
64734,CLEVELAND
64735,CLINTON
64738,COLLINS
64739,CREIGHTON
64740,DEEPWATER
64741,DEERFIELD
64742,DREXEL
64743,EAST LYNNE
64744,EL DORADO SPRINGS
64745,FOSTER
64746,FREEMAN
64747,GARDEN CITY
64748,GOLDEN CITY
64750,HARWOOD
64752,HUME
64755,JASPER
64756,EL DORADO SPRINGS
64759,LAMAR
64761,LEETON
64762,LIBERAL
64763,LOWRY CITY
64765,METZ
64767,MILO
64769,MINDENMINES
64770,APPLETON CITY
64771,BRONAUGH
64772,NEVADA
64776,OSCEOLA
64778,RICHARDS
64779,RICH HILL
64780,APPLETON CITY
64781,ROSCOE
64783,SCHELL CITY
64784,SHELDON
64788,URICH
64790,WALKER
64801,JOPLIN
64802,JOPLIN
64803,JOPLIN
64804,JOPLIN
64830,ALBA
64831,ANDERSON
64832,ASBURY
64833,AVILLA
64834,CARL JUNCTION
64835,CARTERVILLE
64836,CARTHAGE
64840,CARTHAGE
64841,DUENWEG
64842,FAIRVIEW
64843,GOODMAN
64844,GRANBY
64847,ANDERSON
64848,LA RUSSELL
64849,PURCELL
64850,NEOSHO
64854,NOEL
64855,ORONOGO
64856,ANDERSON
64857,PURCELL
64858,RACINE
64859,REEDS
64861,ROCKY COMFORT
64862,SARCOXIE
64863,NOEL
64864,SAGINAW
64865,SENECA
64866,STARK CITY
64867,STELLA
64868,TIFF CITY
64870,WEBB CITY
64873,SARCOXIE
64874,WHEATON
65001,ARGYLE
65010,ASHLAND
65011,ELDON
65013,BELLE
65014,BLAND
65016,BONNOTS MILL
65017,BRUMLEY
65018,CALIFORNIA
65020,CAMDENTON
65023,CENTERTOWN
65024,CHAMOIS
65025,CALIFORNIA
65026,ELDON
65032,EUGENE
65034,FORTUNA
65035,FREEBURG
65037,GRAVOIS MILLS
65038,GRAVOIS MILLS
65039,HARTSBURG
65040,HENLEY
65041,HERMANN
65042,HIGH POINT
65043,HOLTS SUMMIT
65046,JAMESTOWN
65047,KAISER
65049,LAKE OZARK
65050,CALIFORNIA
65051,LINN
65052,LINN CREEK
65053,LOHMAN
65054,LOOSE CREEK
65055,MC GIRK
65058,META
65059,MOKANE
65061,MORRISON
65062,BLAND
65063,HOLTS SUMMIT
65064,OLEAN
65065,OSAGE BEACH
65066,OWENSVILLE
65067,PORTLAND
65068,PRAIRIE HOME
65069,HERMANN
65072,ELDON
65074,RUSSELLVILLE
65075,SAINT ELIZABETH
65076,SAINT THOMAS
65077,STEEDMAN
65078,STOVER
65079,SUNRISE BEACH
65080,TEBBETTS
65081,TIPTON
65082,TUSCUMBIA
65083,ULMAN
65084,VERSAILLES
65085,WESTPHALIA
65101,JEFFERSON CITY
65102,JEFFERSON CITY
65109,JEFFERSON CITY
65110,JEFFERSON CITY
65201,COLUMBIA
65202,COLUMBIA
65203,COLUMBIA
65205,COLUMBIA
65230,ARMSTRONG
65231,AUXVASSE
65232,BENTON CITY
65233,BOONVILLE
65236,BRUNSWICK
65237,BUNCETON
65239,CAIRO
65240,CENTRALIA
65243,CLARK
65244,CLIFTON HILL
65247,EXCELLO
65248,FAYETTE
65250,FRANKLIN
65251,FULTON
65254,GLASGOW
65255,HALLSVILLE
65256,HARRISBURG
65257,HIGBEE
65258,HOLLIDAY
65259,HUNTSVILLE
65260,JACKSONVILLE
65261,KEYTESVILLE
65262,KINGDOM CITY
65263,MADISON
65264,MARTINSBURG
65265,MEXICO
65270,MOBERLY
65274,NEW FRANKLIN
65275,PARIS
65276,PILOT GROVE
65278,RENICK
65279,ROCHEPORT
65280,RUSH HILL
65281,SALISBURY
65282,PARIS
65283,STOUTSVILLE
65284,STURGEON
65285,THOMPSON
65287,WOOLDRIDGE
65301,SEDALIA
65302,SEDALIA
65305,KNOB NOSTER
65320,ARROW ROCK
65321,BLACKBURN
65322,BLACKWATER
65323,CALHOUN
65324,CLIMAX SPRINGS
65325,COLE CAMP
65326,EDWARDS
65327,EMMA
65329,FLORENCE
65330,GILLIAM
65332,GREEN RIDGE
65333,HOUSTONIA
65334,HUGHESVILLE
65335,IONIA
65336,KNOB NOSTER
65337,LA MONTE
65338,LINCOLN
65339,MALTA BEND
65340,MARSHALL
65344,MIAMI
65347,BLACKWATER
65348,OTTERVILLE
65349,SLATER
65350,SMITHTON
65351,SWEET SPRINGS
65354,SYRACUSE
65355,WARSAW
65360,WINDSOR
65401,ROLLA
65402,ROLLA
65436,EDGAR SPRINGS
65438,BIRCH TREE
65439,BIXBY
65440,BOSS
65441,BOURBON
65444,BUCYRUS
65446,CHERRYVILLE
65449,SALEM
65452,CROCKER
65453,CUBA
65456,CHERRYVILLE
65457,NEWBURG
65459,DIXON
65462,EDGAR SPRINGS
65463,ELDRIDGE
65464,ELK CREEK
65466,EMINENCE
65468,HOUSTON
65470,FALCON
65473,FORT LEONARD WOOD
65479,HARTSHORN
65483,HOUSTON
65484,HUGGINS
65486,IBERIA
65501,JADWIN
65532,LAKE SPRING
65534,LAQUEY
65535,CUBA
65536,LEBANON
65542,LICKING
65543,ROBY
65548,MOUNTAIN VIEW
65550,NEWBURG
65552,ROBY
65555,HOUSTON
65556,RICHLAND
65557,ROBY
65559,SAINT JAMES
65560,SALEM
65564,HOUSTON
65565,CUBA
65566,VIBURNUM
65567,STOUTLAND
65570,HOUSTON
65571,MOUNTAIN VIEW
65580,VICHY
65582,VIENNA
65583,WAYNESVILLE
65584,FORT LEONARD WOOD
65586,WESCO
65588,WINONA
65589,HOUSTON
65590,LONG LANE
65591,MONTREAL
65601,ALDRICH
65603,ARCOLA
65604,ASH GROVE
65605,AURORA
65606,ALTON
65608,AVA
65609,BAKERSFIELD
65610,BILLINGS
65611,BLUE EYE
65612,BOIS D ARC
65613,BOLIVAR
65614,BRADLEYVILLE
65615,BRANSON
65616,HOLLISTER
65617,BRIGHTON
65619,BROOKLINE
65620,BRUNER
65622,BUFFALO
65624,CAPE FAIR
65625,CASSVILLE
65626,CAULFIELD
65627,CEDARCREEK
65629,CHADWICK
65631,CLEVER
65632,CONWAY
65633,CRANE
65634,CROSS TIMBERS
65635,WALNUT GROVE
65636,DIGGINS
65637,DORA
65640,DUNNEGAN
65641,CASSVILLE
65644,ELKLAND
65646,ASH GROVE
65647,CASSVILLE
65648,FAIR GROVE
65649,FAIR PLAY
65650,FLEMINGTON
65652,FORDLAND
65653,FORSYTH
65655,GAINESVILLE
65656,GALENA
65657,SPARTA
65658,GOLDEN
65660,GRAFF
65661,GREENFIELD
65662,GROVESPRING
65663,BUFFALO
65664,HALLTOWN
65666,GAINESVILLE
65667,HARTVILLE
65668,HERMITAGE
65669,HIGHLANDVILLE
65672,HOLLISTER
65673,HOLLISTER
65674,HUMANSVILLE
65675,HURLEY
65676,ISABELLA
65679,KIRBYVILLE
65680,FORSYTH
65681,KIMBERLING CITY
65682,GREENFIELD
65685,LOUISBURG
65686,KIMBERLING CITY
65688,BRANDSVILLE
65689,CABOOL
65690,THAYER
65692,KOSHKONONG
65702,MACOMB
65704,MANSFIELD
65705,AURORA
65706,MARSHFIELD
65707,MILLER
65708,MONETT
65710,BOLIVAR
65711,MOUNTAIN GROVE
65712,MOUNT VERNON
65713,MARSHFIELD
65714,NIXA
65717,MOUNTAIN GROVE
65720,OLDFIELD
65721,OZARK
65722,CONWAY
65723,MONETT
65724,HERMITAGE
65725,FAIR GROVE
65726,POINT LOOKOUT
65728,HIGHLANDVILLE
65729,GAINESVILLE
65730,POWELL
65731,POWERSITE
65732,HERMITAGE
65733,PROTEM
65734,PURDY
65737,REEDS SPRING
65738,REPUBLIC
65739,RIDGEDALE
65740,FORSYTH
65742,ROGERSVILLE
65744,FORSYTH
65745,SELIGMAN
65746,SEYMOUR
65747,SHELL KNOB
65752,GREENFIELD
65753,SPARTA
65754,OZARK
65755,AVA
65756,STOTTS CITY
65757,STRAFFORD
65759,FORSYTH
65760,GAINESVILLE
65761,THEODOSIA
65762,THEODOSIA
65764,URBANA
65765,TURNERS
65766,CAULFIELD
65767,URBANA
65769,AURORA
65770,ASH GROVE
65771,FORSYTH
65772,SELIGMAN
65773,AVA
65774,WEAUBLEAU
65775,WEST PLAINS
65778,MYRTLE
65779,HERMITAGE
65781,WILLARD
65783,BUFFALO
65785,STOCKTON
65786,PITTSBURG
65787,PITTSBURG
65788,PEACE VALLEY
65789,POMONA
65790,POTTERSVILLE
65791,THAYER
65793,WILLOW SPRINGS
65801,SPRINGFIELD
65802,SPRINGFIELD
65803,SPRINGFIELD
65804,SPRINGFIELD
65805,SPRINGFIELD
65806,SPRINGFIELD
65807,SPRINGFIELD
65808,SPRINGFIELD
65809,SPRINGFIELD
65810,SPRINGFIELD
65814,SPRINGFIELD
66002,ATCHISON
66006,BALDWIN CITY
66007,BASEHOR
66008,BENDENA
66010,BLUE MOUND
66012,BONNER SPRINGS
66013,BUCYRUS
66014,CENTERVILLE
66015,COLONY
66016,ATCHISON
66017,DENTON
66018,DE SOTO
66020,EASTON
66021,EDGERTON
66023,EFFINGHAM
66024,ELWOOD
66025,DE SOTO
66026,FONTANA
66027,FORT LEAVENWORTH
66030,GARDNER
66032,GARNETT
66033,GARNETT
66035,HIGHLAND
66036,PAOLA
66039,GARNETT
66040,LA CYGNE
66041,ATCHISON
66042,LANE
66043,LANSING
66044,LAWRENCE
66046,LAWRENCE
66047,LAWRENCE
66048,LEAVENWORTH
66049,LAWRENCE
66050,LECOMPTON
66051,OLATHE
66052,DE SOTO
66053,LOUISBURG
66054,MC LOUTH
66056,MOUND CITY
66058,MUSCOTAH
66060,NORTONVILLE
66061,OLATHE
66062,OLATHE
66063,OLATHE
66064,OSAWATOMIE
66066,OSKALOOSA
66067,OTTAWA
66070,OZAWKIE
66071,PAOLA
66072,LA CYGNE
66073,PERRY
66075,PLEASANTON
66076,OTTAWA
66078,OTTAWA
66079,OTTAWA
66080,GARNETT
66083,SPRING HILL
66085,STILWELL
66086,TONGANOXIE
66087,TROY
66088,VALLEY FALLS
66090,WATHENA
66091,GARNETT
66092,OTTAWA
66093,GARNETT
66094,WHITE CLOUD
66095,OTTAWA
66097,OSKALOOSA
66101,KANSAS CITY
66102,KANSAS CITY
66103,KANSAS CITY
66104,KANSAS CITY
66105,MISSION
66106,KANSAS CITY
66109,KANSAS CITY
66110,KANSAS CITY
66111,KANSAS CITY
66112,KANSAS CITY
66113,EDWARDSVILLE
66115,KANSAS CITY
66117,KANSAS CITY
66119,KANSAS CITY
66201,MISSION
66202,MISSION
66203,SHAWNEE
66204,OVERLAND PARK
66205,MISSION
66206,OVERLAND PARK
66207,OVERLAND PARK
66208,PRAIRIE VILLAGE
66209,OVERLAND PARK
66210,OVERLAND PARK
66211,OVERLAND PARK
66212,OVERLAND PARK
66213,OVERLAND PARK
66214,LENEXA
66215,LENEXA
66216,SHAWNEE
66217,SHAWNEE
66218,SHAWNEE
66219,LENEXA
66220,SHAWNEE
66221,OVERLAND PARK
66222,MISSION
66223,OVERLAND PARK
66224,OVERLAND PARK
66225,OVERLAND PARK
66226,SHAWNEE
66227,SHAWNEE
66282,OVERLAND PARK
66283,OVERLAND PARK
66285,LENEXA
66286,SHAWNEE
66401,ALMA
66402,AUBURN
66403,AXTELL
66404,AXTELL
66406,BEATTIE
66407,BELVUE
66408,BERN
66409,TECUMSEH
66411,BLUE RAPIDS
66412,BREMEN
66413,BURLINGAME
66414,CARBONDALE
66415,CENTRALIA
66416,CIRCLEVILLE
66419,DENISON
66420,DOVER
66422,EMMETT
66423,ESKRIDGE
66424,EVEREST
66425,FAIRVIEW
66427,FRANKFORT
66428,GOFF
66429,GRANTVILLE
66431,HARVEYVILLE
66434,HIAWATHA
66436,HOLTON
66439,HORTON
66440,HOYT
66441,JUNCTION CITY
66442,FORT RILEY
66449,LEONARDVILLE
66451,LYNDON
66501,MC FARLAND
66502,MANHATTAN
66503,MANHATTAN
66505,MANHATTAN
66507,MAPLE HILL
66508,MARYSVILLE
66509,MAYETTA
66510,MELVERN
66512,MERIDEN
66514,MILFORD
66515,MORRILL
66517,OGDEN
66518,OKETO
66520,OLSBURG
66521,ONAGA
66523,OSAGE CITY
66524,OVERBROOK
66526,PAXICO
66527,POWHATTAN
66528,QUENEMO
66531,RILEY
66532,ROBINSON
66533,ROSSVILLE
66534,SABETHA
66535,SAINT GEORGE
66536,SAINT MARYS
66537,SCRANTON
66538,SENECA
66539,SILVER LAKE
66540,SOLDIER
66541,SUMMERFIELD
66542,TECUMSEH
66543,OSAGE CITY
66544,FRANKFORT
66546,WAKARUSA
66547,WAMEGO
66548,WATERVILLE
66549,WESTMORELAND
66550,WETMORE
66552,WHITING
66554,RANDOLPH
66601,TOPEKA
66603,TOPEKA
66604,TOPEKA
66605,TOPEKA
66606,TOPEKA
66607,TOPEKA
66608,TOPEKA
66609,TOPEKA
66610,TOPEKA
66611,TOPEKA
66612,TOPEKA
66614,TOPEKA
66615,TOPEKA
66616,TOPEKA
66617,TOPEKA
66618,TOPEKA
66619,TOPEKA
66675,TOPEKA
66683,TOPEKA
66701,FORT SCOTT
66710,ALTOONA
66711,ARCADIA
66712,ARMA
66713,BAXTER SPRINGS
66714,BENEDICT
66716,BRONSON
66717,BUFFALO
66720,CHANUTE
66724,CHEROKEE
66725,COLUMBUS
66728,CRESTLINE
66733,ERIE
66735,ARMA
66736,FREDONIA
66739,BAXTER SPRINGS
66740,GALESBURG
66742,GAS
66743,GIRARD
66746,HEPLER
66748,CHANUTE
66749,IOLA
66751,LA HARPE
66753,COLUMBUS
66754,MAPLETON
66755,MORAN
66756,ARMA
66757,NEODESHA
66758,NEOSHO FALLS
66760,OPOLIS
66761,IOLA
66762,PITTSBURG
66763,FRONTENAC
66767,PRESCOTT
66769,REDFIELD
66770,RIVERTON
66771,SAINT PAUL
66773,SCAMMON
66775,STARK
66776,THAYER
66777,YATES CENTER
66779,UNIONTOWN
66780,WALNUT
66781,COLUMBUS
66782,WEST MINERAL
66783,YATES CENTER
66801,EMPORIA
66833,ALLEN
66834,ALTA VISTA
66835,AMERICUS
66838,BURDICK
66839,BURLINGTON
66840,BURNS
66842,CASSODAY
66843,CEDAR POINT
66845,COTTONWOOD FALLS
66846,COUNCIL GROVE
66849,DWIGHT
66850,ELMDALE
66851,FLORENCE
66852,GRIDLEY
66853,HAMILTON
66854,HARTFORD
66855,MADISON
66856,LEBO
66857,LE ROY
66858,LINCOLNVILLE
66859,LOST SPRINGS
66860,MADISON
66861,MARION
66863,NEAL
66864,HARTFORD
66865,EMPORIA
66866,PEABODY
66868,LEBO
66869,STRONG CITY
66870,VIRGIL
66871,WAVERLY
66872,WHITE CITY
66901,CONCORDIA
66933,BARNES
66935,BELLEVILLE
66936,BURR OAK
66937,CLIFTON
66938,CLYDE
66939,COURTLAND
66940,BELLEVILLE
66941,ESBON
66942,FORMOSO
66943,GREENLEAF
66944,HADDAM
66945,HANOVER
66946,HANOVER
66948,CONCORDIA
66949,JEWELL
66951,KENSINGTON
66952,LEBANON
66953,LINN
66955,NARKA
66956,MANKATO
66958,MORROWVILLE
66959,MUNDEN
66960,NARKA
66962,PALMER
66963,RANDALL
66964,REPUBLIC
66966,SCANDIA
66967,SMITH CENTER
66968,WASHINGTON
66970,WEBBER
67001,ANDALE
67002,ANDOVER
67003,ANTHONY
67004,ARGONIA
67005,ARKANSAS CITY
67008,ATLANTA
67009,ATTICA
67010,AUGUSTA
67013,BELLE PLAINE
67016,BENTLEY
67017,ANDOVER
67018,BLUFF CITY
67019,BURDEN
67020,BURRTON
67022,CALDWELL
67023,CAMBRIDGE
67024,CEDAR VALE
67025,CHENEY
67026,CLEARWATER
67028,PRATT
67029,COLDWATER
67030,COLWICH
67031,CONWAY SPRINGS
67035,CUNNINGHAM
67036,DANVILLE
67037,DERBY
67038,CAMBRIDGE
67039,DOUGLASS
67041,ELBING
67042,EL DORADO
67045,EUREKA
67047,FALL RIVER
67049,ANTHONY
67050,CHENEY
67051,GEUDA SPRINGS
67052,GODDARD
67053,GOESSEL
67054,GREENSBURG
67056,HALSTEAD
67057,HARDTNER
67058,HARPER
67059,HAVILAND
67060,HAYSVILLE
67062,HESSTON
67063,HILLSBORO
67065,ISABEL
67066,IUKA
67067,KECHI
67068,KINGMAN
67070,KIOWA
67072,LATHAM
67073,LEHIGH
67074,LEON
67101,MAIZE
67103,MAYFIELD
67104,MEDICINE LODGE
67106,MILTON
67107,MOUNDRIDGE
67108,MOUNT HOPE
67109,MULLINVILLE
67110,DERBY
67111,MURDOCK
67112,NASHVILLE
67114,NEWTON
67117,NEWTON
67118,MILTON
67119,OXFORD
67120,PECK
67122,PIEDMONT
67123,POTWIN
67124,PRATT
67127,COLDWATER
67131,ROCK
67132,ROSALIA
67133,ROSE HILL
67134,SAWYER
67135,SEDGWICK
67137,SEVERY
67138,SHARON
67140,SOUTH HAVEN
67142,SPIVEY
67143,MEDICINE LODGE
67144,TOWANDA
67146,UDALL
67147,VALLEY CENTER
67149,CONWAY SPRINGS
67151,WALTON
67152,WELLINGTON
67154,WHITEWATER
67155,WILMORE
67156,WINFIELD
67159,ZENDA
67201,WICHITA
67202,WICHITA
67203,WICHITA
67204,WICHITA
67205,WICHITA
67206,WICHITA
67207,WICHITA
67208,WICHITA
67209,WICHITA
67210,WICHITA
67211,WICHITA
67212,WICHITA
67213,WICHITA
67214,WICHITA
67215,WICHITA
67216,WICHITA
67217,WICHITA
67218,WICHITA
67219,WICHITA
67220,WICHITA
67223,WICHITA
67226,WICHITA
67228,WICHITA
67230,WICHITA
67235,WICHITA
67275,WICHITA
67277,WICHITA
67278,WICHITA
67301,INDEPENDENCE
67330,ALTAMONT
67333,CANEY
67334,CHAUTAUQUA
67335,CHERRYVALE
67336,CHETOPA
67337,COFFEYVILLE
67340,DEARING
67341,DENNIS
67342,ALTAMONT
67344,ELK CITY
67345,ELK FALLS
67346,GRENOLA
67347,HAVANA
67349,HOWARD
67351,LIBERTY
67352,INDEPENDENCE
67353,MOLINE
67354,MOUND VALLEY
67355,NIOTAZE
67356,OSWEGO
67357,PARSONS
67360,PERU
67361,SEDAN
67363,SYCAMORE
67364,TYRO
67401,SALINA
67402,SALINA
67410,ABILENE
67416,ASSARIA
67417,AURORA
67418,BARNARD
67420,BELOIT
67422,BENNINGTON
67423,BEVERLY
67425,BROOKVILLE
67427,BUSHTON
67428,CANTON
67430,CAWKER CITY
67431,CHAPMAN
67432,CLAY CENTER
67436,DELPHOS
67437,DOWNS
67438,HERINGTON
67439,ELLSWORTH
67441,ENTERPRISE
67442,FALUN
67443,GALVA
67444,GENESEO
67445,GLASCO
67446,GLEN ELDER
67447,GREEN
67448,GYPSUM
67449,HERINGTON
67450,HOLYROOD
67451,HOPE
67452,HUNTER
67454,KANOPOLIS
67455,LINCOLN
67456,LINDSBORG
67457,LITTLE RIVER
67458,LONGFORD
67459,HOLYROOD
67460,MCPHERSON
67464,LINDSBORG
67466,MILTONVALE
67467,MINNEAPOLIS
67468,MORGANVILLE
67470,NEW CAMBRIA
67473,OSBORNE
67474,PORTIS
67475,RAMONA
67476,ROXBURY
67478,SIMPSON
67480,SOLOMON
67481,SYLVAN GROVE
67482,TALMAGE
67484,TESCOTT
67485,TIPTON
67487,WAKEFIELD
67490,WILSON
67491,WINDOM
67492,HERINGTON
67501,HUTCHINSON
67502,HUTCHINSON
67504,HUTCHINSON
67505,HUTCHINSON
67510,ABBYVILLE
67511,ALBERT
67512,ALDEN
67513,ALEXANDER
67514,ARLINGTON
67516,BAZINE
67519,BELPRE
67520,BISON
67521,BROWNELL
67522,BUHLER
67523,BURDETT
67524,CHASE
67525,CLAFLIN
67526,ELLINWOOD
67529,GARFIELD
67530,GREAT BEND
67543,HAVEN
67544,HOISINGTON
67546,INMAN
67547,KINSLEY
67548,LA CROSSE
67550,LARNED
67552,LEWIS
67554,LYONS
67556,LA CROSSE
67557,MACKSVILLE
67560,NESS CITY
67561,NICKERSON
67564,OLMITZ
67565,OTIS
67566,PARTRIDGE
67567,PAWNEE ROCK
67570,PRETTY PRAIRIE
67572,RANSOM
67574,ROZEL
67575,RUSH CENTER
67576,ST JOHN
67578,STAFFORD
67579,STERLING
67581,STAFFORD
67583,TURON
67584,UTICA
67585,YODER
67601,HAYS
67621,AGRA
67622,ALMENA
67623,ALTON
67625,BOGUE
67626,BUNKER HILL
67628,CEDAR
67631,COLLYER
67632,DAMAR
67634,DORRANCE
67637,ELLIS
67638,GAYLORD
67640,GORHAM
67642,HILL CITY
67643,JENNINGS
67644,KIRWIN
67645,LENORA
67646,LOGAN
67647,LONG ISLAND
67648,LUCAS
67649,LURAY
67650,MORLAND
67651,NATOMA
67653,NORCATUR
67654,NORTON
67657,PALCO
67658,PARADISE
67661,PHILLIPSBURG
67663,PLAINVILLE
67664,PRAIRIE VIEW
67665,RUSSELL
67669,STOCKTON
67671,VICTORIA
67672,WAKEENEY
67675,WOODSTON
67701,COLBY
67730,ATWOOD
67731,BIRD CITY
67732,BREWSTER
67733,GOODLAND
67734,COLBY
67735,GOODLAND
67736,GOVE
67737,GRAINFIELD
67738,GRINNELL
67739,HERNDON
67740,HOXIE
67741,KANORADO
67745,MC DONALD
67747,OAKLEY
67748,OAKLEY
67749,OBERLIN
67752,QUINTER
67753,COLBY
67756,SAINT FRANCIS
67757,SELDEN
67758,SHARON SPRINGS
67761,SHARON SPRINGS
67762,WESKAN
67764,OAKLEY
67801,DODGE CITY
67831,ASHLAND
67834,BUCKLIN
67835,CIMARRON
67836,COOLIDGE
67837,COPELAND
67838,DEERFIELD
67839,DIGHTON
67840,ENGLEWOOD
67841,ENSIGN
67842,BUCKLIN
67844,FOWLER
67846,GARDEN CITY
67849,HANSTON
67850,DIGHTON
67851,HOLCOMB
67853,CIMARRON
67854,JETMORE
67855,JOHNSON
67857,KENDALL
67859,KISMET
67860,LAKIN
67861,LEOTI
67862,JOHNSON
67863,SCOTT CITY
67864,MEADE
67865,MINNEOLA
67867,MONTEZUMA
67869,PLAINS
67870,SATANTA
67871,SCOTT CITY
67876,SPEARVILLE
67877,SUBLETTE
67878,SYRACUSE
67879,TRIBUNE
67880,ULYSSES
67882,WRIGHT
67901,LIBERAL
67905,LIBERAL
67950,ELKHART
67951,HUGOTON
67952,MOSCOW
67953,RICHFIELD
67954,ROLLA
68002,ARLINGTON
68003,ASHLAND
68004,BANCROFT
68005,BELLEVUE
68007,OMAHA
68008,BLAIR
68010,OMAHA
68014,BRUNO
68015,CEDAR BLUFFS
68016,CEDAR CREEK
68017,CERESCO
68018,COLON
68019,CRAIG
68020,DECATUR
68022,ELKHORN
68023,FORT CALHOUN
68025,FREMONT
68026,FREMONT
68028,GRETNA
68029,HERMAN
68030,HOMER
68031,HOOPER
68033,ITHACA
68034,KENNARD
68036,BRUNO
68037,LOUISVILLE
68038,LYONS
68039,MACY
68040,MALMO
68041,MEAD
68044,NICKERSON
68045,OAKLAND
68046,PAPILLION
68047,PENDER
68048,PLATTSMOUTH
68050,PRAGUE
68055,ROSALIE
68057,SCRIBNER
68058,SOUTH BEND
68059,SPRINGFIELD
68061,TEKAMAH
68062,THURSTON
68063,UEHLING
68064,VALLEY
68065,VALPARAISO
68066,WAHOO
68067,WALTHILL
68069,WATERLOO
68070,WESTON
68071,WINNEBAGO
68073,YUTAN
68101,OMAHA
68102,OMAHA
68103,OMAHA
68104,OMAHA
68105,OMAHA
68106,OMAHA
68107,OMAHA
68108,OMAHA
68109,OMAHA
68110,OMAHA
68111,OMAHA
68112,OMAHA
68113,OFFUTT AFB
68114,OMAHA
68116,OMAHA
68117,OMAHA
68118,OMAHA
68122,OMAHA
68123,BELLEVUE
68124,OMAHA
68127,OMAHA
68128,PAPILLION
68130,OMAHA
68131,OMAHA
68132,OMAHA
68133,PAPILLION
68134,OMAHA
68135,OMAHA
68136,OMAHA
68137,OMAHA
68138,OMAHA
68139,OMAHA
68142,OMAHA
68144,OMAHA
68145,OMAHA
68147,BELLEVUE
68152,OMAHA
68154,OMAHA
68157,OMAHA
68164,OMAHA
68301,ADAMS
68303,ALEXANDRIA
68305,AUBURN
68307,AVOCA
68310,BEATRICE
68313,MILFORD
68314,BEE
68315,HEBRON
68316,BENEDICT
68317,BENNET
68318,BLUE SPRINGS
68319,BRADSHAW
68321,BROWNVILLE
68322,BRUNING
68323,BURCHARD
68324,ADAMS
68325,BYRON
68326,CARLETON
68327,CHESTER
68328,CLATONIA
68329,COOK
68330,CORDOVA
68331,CORTLAND
68333,CRETE
68335,DAVENPORT
68336,DAVEY
68337,DAWSON
68338,DAYKIN
68339,DENTON
68340,DESHLER
68341,DE WITT
68342,DILLER
68343,DORCHESTER
68344,DOUGLAS
68345,DU BOIS
68346,DUNBAR
68347,EAGLE
68348,ELK CREEK
68349,ELMWOOD
68350,ENDICOTT
68351,EXETER
68352,FAIRBURY
68354,FAIRMONT
68355,FALLS CITY
68357,FILLEY
68358,FIRTH
68359,FRIEND
68360,SEWARD
68361,GENEVA
68362,GILEAD
68364,GOEHNER
68365,GRAFTON
68366,WAVERLY
68367,GRESHAM
68368,HALLAM
68370,HEBRON
68371,HENDERSON
68372,HICKMAN
68375,HEBRON
68376,HUMBOLDT
68377,JANSEN
68378,JOHNSON
68381,LIBERTY
68401,MC COOL JUNCTION
68402,MALCOLM
68403,MANLEY
68404,MARTELL
68405,MILFORD
68406,MILLIGAN
68407,MURDOCK
68409,MURRAY
68410,NEBRASKA CITY
68413,NEHAWKA
68414,NEMAHA
68415,ODELL
68416,OHIOWA
68417,OTOE
68418,PALMYRA
68419,PANAMA
68420,PAWNEE CITY
68421,PERU
68422,PICKRELL
68423,PLEASANT DALE
68424,PLYMOUTH
68428,RAYMOND
68429,HEBRON
68430,ROCA
68431,FALLS CITY
68434,SEWARD
68436,SHICKLEY
68437,SHUBERT
68438,SPRAGUE
68439,STAPLEHURST
68440,STEELE CITY
68442,STELLA
68443,ADAMS
68445,SWANTON
68446,SYRACUSE
68447,PAWNEE CITY
68448,TALMAGE
68450,TECUMSEH
68453,TOBIAS
68454,UNADILLA
68455,UNION
68456,UTICA
68457,VERDON
68460,WACO
68461,WALTON
68462,WAVERLY
68463,WEEPING WATER
68464,WESTERN
68465,WILBER
68466,WYMORE
68467,YORK
68501,LINCOLN
68502,LINCOLN
68503,LINCOLN
68504,LINCOLN
68505,LINCOLN
68506,LINCOLN
68507,LINCOLN
68508,LINCOLN
68509,LINCOLN
68510,LINCOLN
68512,LINCOLN
68516,LINCOLN
68520,LINCOLN
68521,LINCOLN
68522,LINCOLN
68523,LINCOLN
68524,LINCOLN
68526,LINCOLN
68527,LINCOLN
68528,LINCOLN
68529,LINCOLN
68542,LINCOLN
68583,LINCOLN
68588,LINCOLN
68601,COLUMBUS
68602,COLUMBUS
68620,ALBION
68622,BARTLETT
68624,BELLWOOD
68626,BRAINARD
68627,CEDAR RAPIDS
68628,CLARKS
68629,CLARKSON
68631,CRESTON
68632,DAVID CITY
68633,DODGE
68634,DUNCAN
68635,DWIGHT
68636,ELGIN
68637,ERICSON
68638,FULLERTON
68640,GENOA
68641,HOWELLS
68642,HUMPHREY
68643,LEIGH
68644,LINDSAY
68647,MONROE
68648,MORSE BLUFF
68649,NORTH BEND
68651,OSCEOLA
68652,PETERSBURG
68653,PLATTE CENTER
68654,POLK
68658,RISING CITY
68660,SAINT EDWARD
68661,SCHUYLER
68662,OSCEOLA
68663,SILVER CREEK
68664,SNYDER
68665,SPALDING
68666,STROMSBURG
68669,ULYSSES
68701,NORFOLK
68702,NORFOLK
68710,ALLEN
68711,CHAMBERS
68713,ATKINSON
68714,BASSETT
68715,BATTLE CREEK
68716,WISNER
68717,BELDEN
68718,BLOOMFIELD
68719,BRISTOW
68720,BRUNSWICK
68722,SPENCER
68723,CARROLL
68724,CENTER
68725,CHAMBERS
68726,CLEARWATER
68727,COLERIDGE
68728,CONCORD
68729,CREIGHTON
68730,CROFTON
68731,SOUTH SIOUX CITY
68732,DIXON
68733,EMERSON
68735,EWING
68736,FORDYCE
68738,HADAR
68739,HARTINGTON
68740,HOSKINS
68741,HUBBARD
68742,INMAN
68743,SOUTH SIOUX CITY
68745,LAUREL
68746,SPENCER
68748,MADISON
68749,MAGNET
68752,MEADOW GROVE
68755,NAPER
68756,NELIGH
68757,NEWCASTLE
68758,NEWMAN GROVE
68759,STUART
68760,NIOBRARA
68761,OAKDALE
68763,ONEILL
68764,ORCHARD
68765,OSMOND
68766,PAGE
68767,PIERCE
68768,STANTON
68769,PLAINVIEW
68770,PONCA
68771,RANDOLPH
68774,SAINT HELENA
68776,SOUTH SIOUX CITY
68777,SPENCER
68778,SPRINGVIEW
68779,STANTON
68780,STUART
68781,TILDEN
68783,VERDIGRE
68784,WAKEFIELD
68785,EMERSON
68786,WAUSA
68787,WAYNE
68788,WEST POINT
68790,WINSIDE
68791,WISNER
68792,WYNOT
68801,GRAND ISLAND
68802,GRAND ISLAND
68803,GRAND ISLAND
68810,ALDA
68812,AMHERST
68813,ANSELMO
68814,ANSLEY
68815,ARCADIA
68817,ASHTON
68818,AURORA
68820,BOELUS
68822,BROKEN BOW
68823,BURWELL
68824,CAIRO
68825,CALLAWAY
68826,CENTRAL CITY
68827,CHAPMAN
68828,COMSTOCK
68831,DANNEBROG
68832,DONIPHAN
68833,DUNNING
68834,SUMNER
68835,ELBA
68836,ELM CREEK
68838,FARWELL
68840,GIBBON
68841,GILTNER
68842,GREELEY
68843,HAMPTON
68845,KEARNEY
68846,HORDVILLE
68847,KEARNEY
68848,KEARNEY
68850,LEXINGTON
68852,LITCHFIELD
68853,LOUP CITY
68854,MARQUETTE
68855,MASON CITY
68856,MERNA
68858,MILLER
68859,NORTH LOUP
68860,OCONTO
68862,ORD
68863,OVERTON
68864,PALMER
68865,PHILLIPS
68866,PLEASANTON
68869,RAVENNA
68870,RIVERDALE
68871,ROCKVILLE
68872,SAINT LIBORY
68873,SAINT PAUL
68874,SARGENT
68875,SCOTIA
68876,SHELTON
68878,SUMNER
68879,BURWELL
68882,WOLBACH
68883,WOOD RIVER
68901,HASTINGS
68902,HASTINGS
68920,ALMA
68922,ARAPAHOE
68924,AXTELL
68925,AYR
68926,ARAPAHOE
68927,BERTRAND
68928,BLADEN
68929,BLOOMINGTON
68930,BLUE HILL
68932,CAMPBELL
68933,CLAY CENTER
68934,DEWEESE
68935,EDGAR
68936,EDISON
68937,ELWOOD
68938,FAIRFIELD
68939,FRANKLIN
68940,FUNK
68941,GLENVIL
68942,GUIDE ROCK
68943,HARDY
68944,HARVARD
68945,MINDEN
68946,HENDLEY
68947,HILDRETH
68948,HOLBROOK
68949,HOLDREGE
68950,HOLSTEIN
68955,HASTINGS
68956,KENESAW
68957,LAWRENCE
68958,LOOMIS
68959,MINDEN
68960,FRANKLIN
68961,NELSON
68966,ORLEANS
68967,OXFORD
68970,RED CLOUD
68971,REPUBLICAN CITY
68972,RIVERTON
68973,ROSELAND
68974,RUSKIN
68977,STAMFORD
68978,SUPERIOR
68979,SUTTON
68980,TRUMBULL
68981,UPLAND
68982,WILCOX
69001,MC COOK
69020,BARTLEY
69021,BENKELMAN
69022,CAMBRIDGE
69023,CHAMPION
69024,CULBERTSON
69025,CURTIS
69026,DANBURY
69027,ENDERS
69028,EUSTIS
69029,FARNAM
69030,HAIGLER
69032,HAYES CENTER
69033,IMPERIAL
69034,INDIANOLA
69038,MAYWOOD
69039,MOOREFIELD
69040,PALISADE
69041,HAIGLER
69042,STOCKVILLE
69043,STRATTON
69044,TRENTON
69045,WAUNETA
69046,WILSONVILLE
69101,NORTH PLATTE
69103,NORTH PLATTE
69120,ARNOLD
69121,ARTHUR
69122,BIG SPRINGS
69123,BRADY
69125,BROADWATER
69127,OGALLALA
69128,BUSHNELL
69129,CHAPPELL
69130,COZAD
69131,SIDNEY
69132,DICKENS
69133,DIX
69134,ELSIE
69138,GOTHENBURG
69140,GRANT
69141,GURLEY
69142,HALSEY
69143,SUTHERLAND
69144,KEYSTONE
69145,KIMBALL
69146,LEMOYNE
69147,LEWELLEN
69148,LISCO
69149,LODGEPOLE
69150,MADRID
69151,MAXWELL
69152,MULLEN
69153,OGALLALA
69154,OSHKOSH
69155,PAXTON
69156,POTTER
69157,PURDUM
69161,SENECA
69162,SIDNEY
69163,STAPLETON
69165,SUTHERLAND
69166,THEDFORD
69167,TRYON
69168,VENANGO
69169,WALLACE
69170,WELLFLEET
69201,VALENTINE
69210,AINSWORTH
69211,CODY
69212,VALENTINE
69214,JOHNSTOWN
69216,CODY
69217,AINSWORTH
69218,MERRIMAN
69221,VALENTINE
69301,ALLIANCE
69331,ANGORA
69333,ASHBY
69334,BAYARD
69335,HYANNIS
69336,BRIDGEPORT
69337,CHADRON
69339,CRAWFORD
69340,ELLSWORTH
69341,SCOTTSBLUFF
69343,GORDON
69345,HARRISBURG
69346,HARRISON
69347,HAY SPRINGS
69348,HEMINGFORD
69350,HYANNIS
69351,LAKESIDE
69352,LYMAN
69353,MCGREW
69354,HEMINGFORD
69355,MELBETA
69356,MINATARE
69357,MITCHELL
69358,MORRILL
69360,RUSHVILLE
69361,SCOTTSBLUFF
69363,SCOTTSBLUFF
69365,WHITECLAY
69366,WHITMAN
69367,CRAWFORD
70001,METAIRIE
70002,METAIRIE
70003,METAIRIE
70004,METAIRIE
70005,METAIRIE
70006,METAIRIE
70009,METAIRIE
70010,METAIRIE
70011,METAIRIE
70030,DES ALLEMANDS
70031,AMA
70032,ARABI
70033,METAIRIE
70036,BARATARIA
70037,BELLE CHASSE
70038,BURAS
70039,BOUTTE
70040,BRAITHWAITE
70041,BURAS
70043,CHALMETTE
70044,CHALMETTE
70047,DESTREHAN
70049,EDGARD
70050,BURAS
70051,GARYVILLE
70052,GRAMERCY
70053,GRETNA
70054,GRETNA
70055,METAIRIE
70056,GRETNA
70057,HAHNVILLE
70058,HARVEY
70059,HARVEY
70062,KENNER
70063,KENNER
70064,KENNER
70065,KENNER
70067,LAFITTE
70068,LA PLACE
70069,LA PLACE
70070,LULING
70071,LUTCHER
70072,MARRERO
70073,MARRERO
70075,CHALMETTE
70078,NEW SARPY
70079,NORCO
70080,PARADIS
70082,POINTE A LA HACHE
70083,PORT SULPHUR
70084,RESERVE
70085,CHALMETTE
70086,VACHERIE
70087,SAINT ROSE
70090,VACHERIE
70091,BURAS
70092,CHALMETTE
70094,WESTWEGO
70096,WESTWEGO
70112,NEW ORLEANS
70113,NEW ORLEANS
70114,NEW ORLEANS
70115,NEW ORLEANS
70116,NEW ORLEANS
70117,NEW ORLEANS
70118,NEW ORLEANS
70119,NEW ORLEANS
70121,NEW ORLEANS
70122,NEW ORLEANS
70123,NEW ORLEANS
70124,NEW ORLEANS
70125,NEW ORLEANS
70126,NEW ORLEANS
70127,NEW ORLEANS
70128,NEW ORLEANS
70129,NEW ORLEANS
70130,NEW ORLEANS
70131,NEW ORLEANS
70141,NEW ORLEANS
70150,NEW ORLEANS
70151,NEW ORLEANS
70152,NEW ORLEANS
70153,NEW ORLEANS
70156,NEW ORLEANS
70157,NEW ORLEANS
70158,NEW ORLEANS
70160,NEW ORLEANS
70161,NEW ORLEANS
70172,NEW ORLEANS
70174,NEW ORLEANS
70175,NEW ORLEANS
70176,NEW ORLEANS
70177,NEW ORLEANS
70178,NEW ORLEANS
70179,NEW ORLEANS
70181,NEW ORLEANS
70182,NEW ORLEANS
70183,NEW ORLEANS
70184,NEW ORLEANS
70185,NEW ORLEANS
70186,NEW ORLEANS
70187,NEW ORLEANS
70189,NEW ORLEANS
70190,NEW ORLEANS
70301,THIBODAUX
70302,THIBODAUX
70339,PIERRE PART
70340,AMELIA
70341,BELLE ROSE
70342,BERWICK
70343,BOURG
70344,CHAUVIN
70345,CUT OFF
70346,DONALDSONVILLE
70353,DULAC
70354,GALLIANO
70356,GIBSON
70357,GOLDEN MEADOW
70358,GRAND ISLE
70359,GRAY
70360,HOUMA
70361,HOUMA
70363,HOUMA
70364,HOUMA
70372,LABADIEVILLE
70373,LAROSE
70374,LOCKPORT
70375,MATHEWS
70377,MONTEGUT
70380,MORGAN CITY
70381,MORGAN CITY
70390,NAPOLEONVILLE
70391,PAINCOURTVILLE
70392,PATTERSON
70393,PLATTENVILLE
70394,RACELAND
70395,SCHRIEVER
70397,DULAC
70401,HAMMOND
70403,HAMMOND
70404,HAMMOND
70420,ABITA SPRINGS
70422,AMITE
70426,ANGIE
70427,BOGALUSA
70429,BOGALUSA
70431,BUSH
70433,COVINGTON
70434,COVINGTON
70435,COVINGTON
70436,FLUKER
70437,FOLSOM
70438,FRANKLINTON
70441,GREENSBURG
70442,HUSSER
70443,INDEPENDENCE
70444,KENTWOOD
70445,LACOMBE
70446,LORANGER
70447,MADISONVILLE
70448,MANDEVILLE
70449,MAUREPAS
70450,MOUNT HERMON
70451,NATALBANY
70452,PEARL RIVER
70453,PINE GROVE
70454,PONCHATOULA
70455,ROBERT
70456,ROSELAND
70457,SAINT BENEDICT
70458,SLIDELL
70459,SLIDELL
70460,SLIDELL
70461,SLIDELL
70462,SPRINGFIELD
70463,SUN
70464,TALISHEEK
70465,TANGIPAHOA
70466,TICKFAW
70467,ANGIE
70469,SLIDELL
70470,MANDEVILLE
70471,MANDEVILLE
70501,LAFAYETTE
70502,LAFAYETTE
70503,LAFAYETTE
70505,LAFAYETTE
70506,LAFAYETTE
70507,LAFAYETTE
70508,LAFAYETTE
70509,LAFAYETTE
70510,ABBEVILLE
70511,ABBEVILLE
70512,ARNAUDVILLE
70513,AVERY ISLAND
70514,BALDWIN
70515,BASILE
70516,BRANCH
70517,BREAUX BRIDGE
70518,BROUSSARD
70519,CADE
70520,CARENCRO
70521,CECILIA
70522,CENTERVILLE
70523,CHARENTON
70524,CHATAIGNIER
70525,CHURCH POINT
70526,CROWLEY
70527,CROWLEY
70528,DELCAMBRE
70529,DUSON
70531,EGAN
70532,ELTON
70533,ERATH
70534,ESTHERWOOD
70535,EUNICE
70537,EVANGELINE
70538,FRANKLIN
70540,FRANKLIN
70541,GRAND COTEAU
70542,GUEYDAN
70543,IOTA
70544,JEANERETTE
70546,JENNINGS
70548,KAPLAN
70549,JENNINGS
70550,LAWTELL
70551,LEONVILLE
70552,LOREAUVILLE
70554,MAMOU
70555,MAURICE
70556,MERMENTAU
70558,MILTON
70559,MORSE
70560,NEW IBERIA
70562,NEW IBERIA
70563,NEW IBERIA
70569,LYDIA
70570,OPELOUSAS
70571,OPELOUSAS
70575,PERRY
70576,PINE PRAIRIE
70577,PORT BARRE
70578,RAYNE
70580,REDDELL
70581,ROANOKE
70582,SAINT MARTINVILLE
70583,SCOTT
70584,SUNSET
70585,TURKEY CREEK
70586,VILLE PLATTE
70589,WASHINGTON
70591,WELSH
70592,YOUNGSVILLE
70596,LAFAYETTE
70598,LAFAYETTE
70601,LAKE CHARLES
70602,LAKE CHARLES
70605,LAKE CHARLES
70606,LAKE CHARLES
70607,LAKE CHARLES
70611,LAKE CHARLES
70612,LAKE CHARLES
70615,LAKE CHARLES
70616,LAKE CHARLES
70630,BELL CITY
70631,CAMERON
70632,CAMERON
70633,DEQUINCY
70634,DERIDDER
70637,DRY CREEK
70638,ELIZABETH
70639,EVANS
70640,FENTON
70643,CAMERON
70644,GRANT
70645,HACKBERRY
70646,HAYES
70647,IOWA
70648,KINDER
70650,LACASSINE
70651,LEBLANC
70652,LONGVILLE
70653,MERRYVILLE
70654,DRY CREEK
70655,OBERLIN
70656,PITKIN
70657,RAGLEY
70658,KINDER
70659,ROSEPINE
70660,MERRYVILLE
70661,STARKS
70662,DRY CREEK
70663,SULPHUR
70664,SULPHUR
70665,SULPHUR
70668,VINTON
70669,WESTLAKE
70704,BAKER
70706,DENHAM SPRINGS
70707,GONZALES
70710,ADDIS
70711,ALBANY
70712,ANGOLA
70714,BAKER
70715,BATCHELOR
70718,GONZALES
70719,BRUSLY
70721,CARVILLE
70722,CLINTON
70723,CONVENT
70725,DARROW
70726,DENHAM SPRINGS
70727,DENHAM SPRINGS
70728,GONZALES
70729,ERWINVILLE
70730,ETHEL
70732,FORDOCHE
70733,FRENCH SETTLEMENT
70734,GEISMAR
70736,ERWINVILLE
70737,GONZALES
70739,GREENWELL SPRINGS
70740,GROSSE TETE
70743,HESTER
70744,HOLDEN
70747,INNIS
70748,JACKSON
70749,JARREAU
70750,KROTZ SPRINGS
70752,LAKELAND
70753,LETTSWORTH
70754,LIVINGSTON
70755,LIVONIA
70756,LIVONIA
70757,MARINGOUIN
70759,MORGANZA
70760,NEW ROADS
70761,CLINTON
70762,NEW ROADS
70763,HESTER
70764,PLAQUEMINE
70765,PLAQUEMINE
70767,PORT ALLEN
70769,PRAIRIEVILLE
70770,PRIDE
70772,ROSEDALE
70773,ROUGON
70774,SAINT AMANT
70775,SAINT FRANCISVILLE
70776,SAINT GABRIEL
70777,SLAUGHTER
70778,SAINT AMANT
70780,SUNSHINE
70782,TUNICA
70783,VENTRESS
70784,WAKEFIELD
70785,WALKER
70786,WATSON
70787,WEYANOKE
70788,PLAQUEMINE
70789,WILSON
70791,ZACHARY
70801,BATON ROUGE
70802,BATON ROUGE
70804,BATON ROUGE
70805,BATON ROUGE
70806,BATON ROUGE
70807,BATON ROUGE
70808,BATON ROUGE
70809,BATON ROUGE
70810,BATON ROUGE
70811,BATON ROUGE
70812,BATON ROUGE
70814,BATON ROUGE
70815,BATON ROUGE
70816,BATON ROUGE
70817,BATON ROUGE
70818,BATON ROUGE
70819,BATON ROUGE
70820,BATON ROUGE
70821,BATON ROUGE
70826,BATON ROUGE
70827,BATON ROUGE
70831,BATON ROUGE
70835,BATON ROUGE
70836,BATON ROUGE
70837,BATON ROUGE
70874,BATON ROUGE
70879,BATON ROUGE
70884,BATON ROUGE
70892,BATON ROUGE
70895,BATON ROUGE
70896,BATON ROUGE
70898,BATON ROUGE
71001,ARCADIA
71002,ASHLAND
71003,ATHENS
71004,BELCHER
71006,BENTON
71007,BETHANY
71008,ARCADIA
71009,BLANCHARD
71016,CASTOR
71018,COTTON VALLEY
71019,COUSHATTA
71021,CULLEN
71023,DOYLINE
71024,DUBBERLY
71027,FRIERSON
71028,ARCADIA
71029,GILLIAM
71030,GLOSTER
71031,GOLDONNA
71032,GRAND CANE
71033,GREENWOOD
71034,HALL SUMMIT
71037,HAUGHTON
71038,HAYNESVILLE
71039,HEFLIN
71040,HOMER
71043,HOSSTON
71044,IDA
71045,JAMESTOWN
71046,KEATCHIE
71047,KEITHVILLE
71048,LISBON
71049,LOGANSPORT
71050,LOGANSPORT
71051,ELM GROVE
71052,MANSFIELD
71055,MINDEN
71058,MINDEN
71060,MOORINGSPORT
71061,OIL CITY
71063,PELICAN
71064,PLAIN DEALING
71065,PLEASANT HILL
71066,POWHATAN
71067,PRINCETON
71068,RINGGOLD
71069,RODESSA
71070,SALINE
71071,SAREPTA
71072,HAYNESVILLE
71073,SIBLEY
71075,SPRINGHILL
71078,STONEWALL
71079,SUMMERFIELD
71080,TAYLOR
71082,VIVIAN
71101,SHREVEPORT
71103,SHREVEPORT
71104,SHREVEPORT
71105,SHREVEPORT
71106,SHREVEPORT
71107,SHREVEPORT
71108,SHREVEPORT
71109,SHREVEPORT
71110,BOSSIER CITY
71111,BOSSIER CITY
71112,BOSSIER CITY
71113,BOSSIER CITY
71115,SHREVEPORT
71118,SHREVEPORT
71119,SHREVEPORT
71120,SHREVEPORT
71129,SHREVEPORT
71130,SHREVEPORT
71133,SHREVEPORT
71134,SHREVEPORT
71135,SHREVEPORT
71136,SHREVEPORT
71137,SHREVEPORT
71138,SHREVEPORT
71148,SHREVEPORT
71149,SHREVEPORT
71161,SHREVEPORT
71162,SHREVEPORT
71163,SHREVEPORT
71164,SHREVEPORT
71165,SHREVEPORT
71166,SHREVEPORT
71171,BOSSIER CITY
71172,BOSSIER CITY
71201,MONROE
71202,MONROE
71203,MONROE
71207,MONROE
71210,MONROE
71211,MONROE
71213,MONROE
71218,ARCHIBALD
71219,BASKIN
71220,BASTROP
71221,BASTROP
71222,BERNICE
71223,BONITA
71225,CALHOUN
71226,CHATHAM
71227,CHOUDRANT
71229,BASTROP
71230,CROWVILLE
71232,DELHI
71233,DELTA
71234,DOWNSVILLE
71235,DUBACH
71237,EPPS
71238,EROS
71240,FAIRBANKS
71241,FARMERVILLE
71242,FOREST
71243,FORT NECESSITY
71245,GRAMBLING
71247,HODGE
71249,JIGGER
71250,JONES
71251,JONESBORO
71253,KILBOURNE
71254,LAKE PROVIDENCE
71256,LILLIE
71259,MANGHAM
71260,MARION
71261,MER ROUGE
71263,OAK GROVE
71264,OAK RIDGE
71266,PIONEER
71268,QUITMAN
71269,RAYVILLE
71270,RUSTON
71273,RUSTON
71275,GRAMBLING
71276,SONDHEIMER
71277,SPEARSVILLE
71279,START
71280,STERLINGTON
71281,SWARTZ
71282,TALLULAH
71284,TALLULAH
71286,TRANSYLVANIA
71291,WEST MONROE
71292,WEST MONROE
71294,WEST MONROE
71295,WINNSBORO
71301,ALEXANDRIA
71302,ALEXANDRIA
71303,ALEXANDRIA
71306,ALEXANDRIA
71307,ALEXANDRIA
71309,ALEXANDRIA
71315,ALEXANDRIA
71316,MONTEREY
71320,BORDELONVILLE
71322,BUNKIE
71323,CENTER POINT
71324,CHASE
71325,CHENEYVILLE
71326,CLAYTON
71327,COTTONPORT
71328,DEVILLE
71329,DUPONT
71330,ECHO
71331,CENTER POINT
71333,EVERGREEN
71334,FERRIDAY
71336,GILBERT
71339,HAMBURG
71340,HARRISONBURG
71341,HESSMER
71342,JENA
71343,JONESVILLE
71345,LEBEAU
71346,LECOMPTE
71348,LIBUSE
71350,MANSURA
71351,MARKSVILLE
71353,MELVILLE
71354,MONTEREY
71355,MOREAUVILLE
71356,MORROW
71357,NEWELLTON
71358,PALMETTO
71360,PINEVILLE
71361,PINEVILLE
71362,PLAUCHEVILLE
71363,RHINEHART
71366,SAINT JOSEPH
71367,SAINT LANDRY
71368,SICILY ISLAND
71369,SIMMESPORT
71371,TROUT
71373,VIDALIA
71375,WATERPROOF
71378,WISNER
71401,OLLA
71403,ANACOCO
71404,ATLANTA
71405,BALL
71406,BELMONT
71407,BENTLEY
71409,BOYCE
71410,CALVIN
71411,CAMPTI
71414,CLARENCE
71415,CLARKS
71416,CLOUTIERVILLE
71417,COLFAX
71418,COLUMBIA
71419,CONVERSE
71422,DODSON
71423,BENTLEY
71424,ELMER
71426,FISHER
71427,LENA
71428,NATCHEZ
71429,FLORIEN
71430,FOREST HILL
71431,BOYCE
71432,GEORGETOWN
71433,GLENMORA
71434,GORUM
71435,GRAYSON
71438,ELMER
71439,HORNBECK
71440,JOYCE
71441,KELLY
71446,FORT POLK
71447,LENA
71448,LONGLEAF
71449,MANY
71450,MARTHAVILLE
71452,NATCHEZ
71454,MONTGOMERY
71455,LENA
71456,NATCHEZ
71457,NATCHITOCHES
71458,NATCHITOCHES
71459,FORT POLK
71460,NEGREET
71461,NEW LLANO
71462,NOBLE
71463,OAKDALE
71465,OLLA
71466,OTIS
71467,POLLOCK
71468,PROVENCAL
71469,ROBELINE
71471,CLARENCE
71472,OTIS
71473,SIKES
71474,SIMPSON
71475,SLAGLE
71477,TIOGA
71479,TULLOS
71480,URANIA
71483,WINNFIELD
71485,WOODWORTH
71486,ZWOLLE
71496,LEESVILLE
71601,PINE BLUFF
71602,WHITE HALL
71603,PINE BLUFF
71611,PINE BLUFF
71612,WHITE HALL
71613,PINE BLUFF
71630,ARKANSAS CITY
71631,BANKS
71635,CROSSETT
71638,DERMOTT
71639,DUMAS
71640,EUDORA
71642,FOUNTAIN HILL
71643,GOULD
71644,GRADY
71646,HAMBURG
71647,HERMITAGE
71651,BANKS
71652,KINGSLAND
71653,LAKE VILLAGE
71654,MC GEHEE
71655,MONTICELLO
71656,MONTICELLO
71657,MONTICELLO
71658,MONTROSE
71659,MOSCOW
71660,NEW EDINBURG
71661,PARKDALE
71662,PICKENS
71663,PORTLAND
71665,RISON
71666,TILLAR
71667,STAR CITY
71670,TILLAR
71671,WARREN
71674,WATSON
71675,WILMAR
71676,WILMOT
71677,WINCHESTER
71678,YORKTOWN
71701,CAMDEN
71711,CAMDEN
71720,BEARDEN
71721,BEIRNE
71722,BLUFF CITY
71724,CALION
71725,CARTHAGE
71726,CHIDESTER
71728,CURTIS
71730,EL DORADO
71731,EL DORADO
71740,EMERSON
71742,FORDYCE
71743,GURDON
71744,HAMPTON
71745,HARRELL
71747,HUTTIG
71748,IVAN
71749,JUNCTION CITY
71750,LAWSON
71751,LOUANN
71752,MC NEIL
71753,MAGNOLIA
71754,MAGNOLIA
71758,MOUNT HOLLY
71759,NORPHLET
71762,SMACKOVER
71763,SPARKMAN
71764,STEPHENS
71765,STRONG
71766,THORNTON
71770,WALDO
71772,WHELEN SPRINGS
71801,HOPE
71802,HOPE
71820,ALLEENE
71822,ASHDOWN
71823,BEN LOMOND
71825,BLEVINS
71826,BRADLEY
71827,BUCKNER
71828,CALE
71831,COLUMBUS
71832,DE QUEEN
71833,DIERKS
71834,DODDRIDGE
71835,EMMET
71836,FOREMAN
71837,FOUKE
71838,FULTON
71839,GARLAND CITY
71840,GENOA
71841,GILLHAM
71842,HORATIO
71845,LEWISVILLE
71846,LOCKESBURG
71847,MC CASKILL
71851,MINERAL SPRINGS
71852,NASHVILLE
71853,OGDEN
71854,TEXARKANA
71855,OZAN
71857,PRESCOTT
71858,ROSSTON
71859,SARATOGA
71860,STAMPS
71861,TAYLOR
71862,WASHINGTON
71864,WILLISVILLE
71865,ASHDOWN
71866,WINTHROP
71901,HOT SPRINGS NATIONAL PARK
71902,HOT SPRINGS NATIONAL PARK
71903,HOT SPRINGS NATIONAL PARK
71909,HOT SPRINGS VILLAGE
71910,HOT SPRINGS VILLAGE
71913,HOT SPRINGS NATIONAL PARK
71914,HOT SPRINGS NATIONAL PARK
71921,AMITY
71922,ANTOINE
71923,ARKADELPHIA
71929,BISMARCK
71932,BOARD CAMP
71933,BONNERDALE
71935,CADDO GAP
71937,COVE
71940,DELIGHT
71941,DONALDSON
71942,FRIENDSHIP
71943,GLENWOOD
71944,GRANNIS
71945,HATFIELD
71949,JESSIEVILLE
71950,KIRBY
71952,LANGLEY
71953,MENA
71956,MOUNTAIN PINE
71957,MOUNT IDA
71958,MURFREESBORO
71959,NEWHOPE
71960,NORMAN
71961,ODEN
71962,OKOLONA
71964,PEARCY
71965,PENCIL BLUFF
71968,ROYAL
71969,MOUNT IDA
71970,STORY
71971,UMPIRE
71972,VANDERVOORT
71973,WICKES
72001,ADONA
72002,ALEXANDER
72003,ALMYRA
72004,ALTHEIMER
72005,AMAGON
72006,AUGUSTA
72007,AUSTIN
72010,BALD KNOB
72011,BAUXITE
72012,BEEBE
72013,BEE BRANCH
72014,BEEDEVILLE
72015,BENTON
72016,CONWAY
72017,BISCOE
72018,BENTON
72019,BENTON
72020,BRADFORD
72021,BRINKLEY
72022,BENTON
72023,CABOT
72024,CARLISLE
72025,CASA
72026,CASSCOE
72027,CENTER RIDGE
72028,CHOCTAW
72029,CLARENDON
72030,CLEVELAND
72031,CLINTON
72032,CONWAY
72033,CONWAY
72034,CONWAY
72036,COTTON PLANT
72037,COY
72038,CROCKETTS BLUFF
72039,DAMASCUS
72040,DES ARC
72041,DE VALLS BLUFF
72042,DE WITT
72043,DIAZ
72044,EDGEMONT
72045,EL PASO
72046,ENGLAND
72047,ENOLA
72048,DE WITT
72051,FOX
72052,GARNER
72053,COLLEGE STATION
72055,GILLETT
72057,GRAPEVINE
72058,GREENBRIER
72059,GREGORY
72060,GRIFFITHVILLE
72061,GUY
72063,HATTIEVILLE
72064,HAZEN
72065,HENSLEY
72066,HICKORY PLAINS
72067,HIGDEN
72068,HIGGINSON
72069,HOLLY GROVE
72070,HOUSTON
72072,HUMNOKE
72073,HUMPHREY
72074,HUNTER
72075,JACKSONPORT
72076,JACKSONVILLE
72078,JACKSONVILLE
72079,JEFFERSON
72080,JERUSALEM
72081,JUDSONIA
72082,KENSETT
72083,KEO
72084,LEOLA
72085,LETONA
72086,LONOKE
72087,LONSDALE
72088,SHIRLEY
72089,BRYANT
72101,MC CRORY
72102,MC RAE
72103,MABELVALE
72104,MALVERN
72106,MAYFLOWER
72107,MENIFEE
72108,MONROE
72110,MORRILTON
72111,MOUNT VERNON
72112,NEWPORT
72113,MAUMELLE
72114,NORTH LITTLE ROCK
72115,NORTH LITTLE ROCK
72116,NORTH LITTLE ROCK
72117,NORTH LITTLE ROCK
72118,NORTH LITTLE ROCK
72119,NORTH LITTLE ROCK
72120,SHERWOOD
72121,PANGBURN
72122,PARON
72123,PATTERSON
72124,SHERWOOD
72125,PERRY
72126,PERRYVILLE
72127,PLUMERVILLE
72128,POYEN
72129,PRATTSVILLE
72130,HIGDEN
72131,QUITMAN
72132,REDFIELD
72133,REYDELL
72134,ROE
72135,ROLAND
72136,ROMANCE
72137,ROSE BUD
72139,RUSSELL
72140,DE WITT
72141,SCOTLAND
72142,SCOTT
72143,SEARCY
72145,SEARCY
72150,SHERIDAN
72152,SHERRILL
72153,SHIRLEY
72156,SOLGOHACHIA
72157,SPRINGFIELD
72160,STUTTGART
72164,SWEET HOME
72165,THIDA
72166,TICHNOR
72167,TRASKWOOD
72168,TUCKER
72169,TUPELO
72170,ULM
72173,VILONIA
72175,WABBASEKA
72176,WARD
72178,WEST POINT
72179,WILBURN
72180,WOODSON
72181,WOOSTER
72182,WRIGHT
72183,WRIGHTSVILLE
72190,NORTH LITTLE ROCK
72201,LITTLE ROCK
72202,LITTLE ROCK
72203,LITTLE ROCK
72204,LITTLE ROCK
72205,LITTLE ROCK
72206,LITTLE ROCK
72207,LITTLE ROCK
72209,LITTLE ROCK
72210,LITTLE ROCK
72211,LITTLE ROCK
72212,LITTLE ROCK
72214,LITTLE ROCK
72215,LITTLE ROCK
72216,LITTLE ROCK
72217,LITTLE ROCK
72219,LITTLE ROCK
72221,LITTLE ROCK
72222,LITTLE ROCK
72223,LITTLE ROCK
72225,LITTLE ROCK
72227,LITTLE ROCK
72231,LITTLE ROCK
72260,LITTLE ROCK
72301,WEST MEMPHIS
72303,WEST MEMPHIS
72310,ARMOREL
72311,AUBREY
72312,BARTON
72313,BASSETT
72315,BLYTHEVILLE
72316,BLYTHEVILLE
72319,BLYTHEVILLE
72320,BRICKEYS
72321,BURDETTE
72322,FORREST CITY
72324,CHERRY VALLEY
72325,CLARKEDALE
72326,COLT
72327,CRAWFORDSVILLE
72328,CRUMROD
72330,DYESS
72331,EARLE
72332,EDMONDSON
72333,ELAINE
72335,FORREST CITY
72336,FORREST CITY
72338,FRENCHMANS BAYOU
72339,GILMORE
72340,GOODWIN
72341,HAYNES
72342,HELENA
72346,HETH
72347,HICKORY RIDGE
72348,HUGHES
72350,JOINER
72351,KEISER
72352,LA GRANGE
72353,LAMBROOK
72354,LEPANTO
72355,LEXA
72358,LUXORA
72359,MADISON
72360,MARIANNA
72364,MARION
72365,MARKED TREE
72366,MARVELL
72367,MELLWOOD
72368,MORO
72369,ONEIDA
72370,OSCEOLA
72372,PALESTINE
72373,PARKIN
72374,POPLAR GROVE
72376,PROCTOR
72377,LEPANTO
72379,SNOW LAKE
72383,TURNER
72384,TURRELL
72386,TYRONZA
72387,VANNDALE
72389,WABASH
72390,WEST HELENA
72391,WEST RIDGE
72392,WHEATLEY
72394,WIDENER
72395,WILSON
72396,WYNNE
72401,JONESBORO
72402,JONESBORO
72403,JONESBORO
72404,JONESBORO
72405,JONESBORO
72410,WALNUT RIDGE
72411,BAY
72412,BEECH GROVE
72413,BIGGERS
72414,BLACK OAK
72415,BLACK ROCK
72416,BONO
72417,BROOKLAND
72419,BLACK OAK
72421,CASH
72422,CORNING
72424,DATTO
72425,DELAPLAINE
72426,DELL
72427,EGYPT
72428,ETOWAH
72429,FISHER
72430,GREENWAY
72431,GRUBBS
72432,HARRISBURG
72433,WALNUT RIDGE
72434,BLACK ROCK
72435,KNOBEL
72436,MARMADUKE
72437,LAKE CITY
72438,LEACHVILLE
72440,LYNN
72441,MC DOUGAL
72442,MANILA
72443,MARMADUKE
72444,MAYNARD
72445,MINTURN
72447,LEACHVILLE
72449,O KEAN
72450,PARAGOULD
72451,PARAGOULD
72453,PEACH ORCHARD
72454,PIGGOTT
72455,POCAHONTAS
72456,POLLARD
72457,PORTIA
72458,POWHATAN
72459,RAVENDEN
72460,RAVENDEN SPRINGS
72461,RECTOR
72462,REYNO
72464,SAINT FRANCIS
72465,SEDGWICK
72466,SMITHVILLE
72467,STATE UNIVERSITY
72469,STRAWBERRY
72470,SUCCESS
72471,SWIFTON
72472,TRUMANN
72473,TUCKERMAN
72474,WALCOTT
72475,WALDENBURG
72476,WALNUT RIDGE
72478,POCAHONTAS
72479,WEINER
72482,WILLIFORD
72501,BATESVILLE
72503,BATESVILLE
72512,FRANKLIN
72513,ASH FLAT
72515,SALEM
72517,BROCKWELL
72519,CALICO ROCK
72520,MAMMOTH SPRING
72521,CAVE CITY
72522,SULPHUR ROCK
72523,CONCORD
72524,CORD
72525,CHEROKEE VILLAGE
72526,CUSHMAN
72527,DESHA
72528,DOLPH
72529,HARDY
72530,DRASCO
72531,ELIZABETH
72532,EVENING SHADE
72533,MOUNTAIN VIEW
72534,FLORAL
72536,FRANKLIN
72537,GAMALIEL
72538,GEPP
72539,GLENCOE
72540,GUION
72542,HARDY
72543,HEBER SPRINGS
72544,HENDERSON
72546,IDA
72550,LOCUST GROVE
72553,MAGNESS
72554,MAMMOTH SPRING
72555,MARCELLA
72556,MELBOURNE
72560,MOUNTAIN VIEW
72561,MOUNT PLEASANT
72562,NEWARK
72564,OIL TROUGH
72565,OXFORD
72566,CALICO ROCK
72567,PLEASANT GROVE
72568,PLEASANT PLAINS
72569,POUGHKEEPSIE
72571,ROSIE
72572,SAFFELL
72573,SAGE
72575,SALADO
72576,SALEM
72577,SIDNEY
72578,STURKIE
72579,SULPHUR ROCK
72581,HEBER SPRINGS
72583,VIOLA
72584,VIOLET HILL
72587,WISEMAN
72601,HARRISON
72602,HARRISON
72611,ALPENA
72613,BEAVER
72615,BERGMAN
72616,BERRYVILLE
72617,BIG FLAT
72619,BULL SHOALS
72623,CLARKRIDGE
72624,COMPTON
72626,COTTER
72628,DEER
72629,DENNARD
72631,HOLIDAY ISLAND
72632,EUREKA SPRINGS
72633,EVERTON
72634,FLIPPIN
72635,GASSVILLE
72636,GILBERT
72638,GREEN FOREST
72639,HARRIET
72640,HASTY
72641,JASPER
72642,LAKEVIEW
72644,LEAD HILL
72645,LESLIE
72648,MARBLE FALLS
72650,MARSHALL
72651,MIDWAY
72653,MOUNTAIN HOME
72654,MOUNTAIN HOME
72655,JASPER
72658,NORFORK
72660,OAK GROVE
72661,MIDWAY
72662,OMAHA
72663,ONIA
72666,PARTHENON
72668,PEEL
72669,PINDALL
72670,PONCA
72672,PYATT
72675,SAINT JOE
72677,SUMMIT
72679,TILLY
72680,TIMBO
72682,VALLEY SPRINGS
72683,JASPER
72685,WESTERN GROVE
72686,MARSHALL
72687,YELLVILLE
72701,FAYETTEVILLE
72702,FAYETTEVILLE
72703,FAYETTEVILLE
72704,FAYETTEVILLE
72711,AVOCA
72712,BENTONVILLE
72713,BENTONVILLE
72714,BELLA VISTA
72715,BELLA VISTA
72717,CANEHILL
72718,CAVE SPRINGS
72719,CENTERTON
72721,COMBS
72722,DECATUR
72727,ELKINS
72728,ELM SPRINGS
72729,EVANSVILLE
72730,FARMINGTON
72732,GARFIELD
72733,GATEWAY
72734,GENTRY
72735,GOSHEN
72736,GRAVETTE
72737,GREENLAND
72738,HINDSVILLE
72739,HIWASSE
72740,HUNTSVILLE
72741,FAYETTEVILLE
72742,KINGSTON
72744,LINCOLN
72745,LOWELL
72747,MAYSVILLE
72749,MORROW
72751,PEA RIDGE
72752,PETTIGREW
72753,PRAIRIE GROVE
72756,ROGERS
72757,ROGERS
72758,ROGERS
72760,ELKINS
72761,SILOAM SPRINGS
72762,SPRINGDALE
72764,SPRINGDALE
72765,SPRINGDALE
72766,SPRINGDALE
72768,SULPHUR SPRINGS
72769,SUMMERS
72770,TONTITOWN
72773,ELKINS
72774,WEST FORK
72776,WITTER
72801,RUSSELLVILLE
72802,RUSSELLVILLE
72811,RUSSELLVILLE
72812,RUSSELLVILLE
72820,ALIX
72821,ALTUS
72823,ATKINS
72824,BELLEVILLE
72826,BLUE MOUNTAIN
72827,BLUFFTON
72828,ROVER
72829,CENTERVILLE
72830,CLARKSVILLE
72832,COAL HILL
72833,DANVILLE
72834,DARDANELLE
72835,DELAWARE
72837,DOVER
72838,GRAVELLY
72839,CLARKSVILLE
72840,HARTMAN
72841,HARVEY
72842,HAVANA
72843,HECTOR
72845,KNOXVILLE
72846,LAMAR
72847,LONDON
72851,NEW BLAINE
72852,OARK
72853,OLA
72854,OZONE
72855,PARIS
72856,DOVER
72857,PLAINVIEW
72858,POTTSVILLE
72860,ROVER
72863,SCRANTON
72865,SUBIACO
72901,FORT SMITH
72902,FORT SMITH
72903,FORT SMITH
72904,FORT SMITH
72906,FORT SMITH
72908,FORT SMITH
72913,FORT SMITH
72914,FORT SMITH
72916,FORT SMITH
72917,FORT SMITH
72918,FORT SMITH
72921,ALMA
72923,BARLING
72926,BOLES
72927,BOONEVILLE
72928,BRANCH
72930,CECIL
72932,CEDARVILLE
72933,CHARLESTON
72934,CHESTER
72935,DYER
72936,GREENWOOD
72937,HACKETT
72938,HARTFORD
72940,HUNTINGTON
72941,LAVACA
72943,MAGAZINE
72944,MANSFIELD
72945,MIDLAND
72946,MOUNTAINBURG
72947,MULBERRY
72948,NATURAL DAM
72949,OZARK
72950,PARKS
72951,RATCLIFF
72952,RUDY
72955,UNIONTOWN
72956,VAN BUREN
72957,VAN BUREN
72958,WALDRON
72959,WINSLOW
73001,ALBERT
73002,ALEX
73003,EDMOND
73004,AMBER
73005,ANADARKO
73006,APACHE
73007,ARCADIA
73008,BETHANY
73009,BINGER
73010,BLANCHARD
73011,BRADLEY
73012,EDMOND
73013,EDMOND
73014,CALUMET
73015,CARNEGIE
73016,CASHION
73017,CEMENT
73018,CHICKASHA
73020,CHOCTAW
73021,COLONY
73022,CONCHO
73023,CHICKASHA
73024,CORN
73025,EDMOND
73026,NORMAN
73027,COYLE
73028,CRESCENT
73029,CYRIL
73030,DAVIS
73031,DIBBLE
73032,DOUGHERTY
73033,EAKLY
73034,EDMOND
73036,EL RENO
73038,FORT COBB
73040,GEARY
73041,GOTEBO
73042,GRACEMONT
73043,GREENFIELD
73044,GUTHRIE
73045,HARRAH
73047,HINTON
73048,HYDRO
73049,JONES
73050,LANGSTON
73051,LEXINGTON
73052,LINDSAY
73053,BINGER
73054,LUTHER
73055,MARLOW
73056,MARSHALL
73057,MAYSVILLE
73058,MERIDIAN
73059,MINCO
73061,MORRISON
73062,MOUNTAIN VIEW
73063,MULHALL
73064,MUSTANG
73065,NEWCASTLE
73066,NICOMA PARK
73067,NINNEKAH
73068,NOBLE
73069,NORMAN
73070,NORMAN
73071,NORMAN
73072,NORMAN
73073,ORLANDO
73074,PAOLI
73075,PAULS VALLEY
73077,PERRY
73078,PIEDMONT
73079,CHICKASHA
73080,PURCELL
73082,RUSH SPRINGS
73083,EDMOND
73084,SPENCER
73085,YUKON
73086,SULPHUR
73089,TUTTLE
73090,MINCO
73092,VERDEN
73093,WASHINGTON
73095,WAYNE
73096,WEATHERFORD
73097,WHEATLAND
73098,WYNNEWOOD
73099,YUKON
73101,OKLAHOMA CITY
73102,OKLAHOMA CITY
73103,OKLAHOMA CITY
73104,OKLAHOMA CITY
73105,OKLAHOMA CITY
73106,OKLAHOMA CITY
73107,OKLAHOMA CITY
73108,OKLAHOMA CITY
73109,OKLAHOMA CITY
73110,OKLAHOMA CITY
73111,OKLAHOMA CITY
73112,OKLAHOMA CITY
73113,OKLAHOMA CITY
73114,OKLAHOMA CITY
73115,OKLAHOMA CITY
73116,OKLAHOMA CITY
73117,OKLAHOMA CITY
73118,OKLAHOMA CITY
73119,OKLAHOMA CITY
73120,OKLAHOMA CITY
73121,OKLAHOMA CITY
73122,OKLAHOMA CITY
73123,OKLAHOMA CITY
73124,OKLAHOMA CITY
73125,OKLAHOMA CITY
73126,OKLAHOMA CITY
73127,OKLAHOMA CITY
73128,OKLAHOMA CITY
73129,OKLAHOMA CITY
73130,OKLAHOMA CITY
73131,OKLAHOMA CITY
73132,OKLAHOMA CITY
73134,OKLAHOMA CITY
73135,OKLAHOMA CITY
73136,OKLAHOMA CITY
73137,OKLAHOMA CITY
73139,OKLAHOMA CITY
73140,OKLAHOMA CITY
73141,OKLAHOMA CITY
73142,OKLAHOMA CITY
73143,OKLAHOMA CITY
73144,OKLAHOMA CITY
73145,OKLAHOMA CITY
73146,OKLAHOMA CITY
73147,OKLAHOMA CITY
73148,OKLAHOMA CITY
73149,OKLAHOMA CITY
73150,OKLAHOMA CITY
73151,OKLAHOMA CITY
73152,OKLAHOMA CITY
73153,MOORE
73154,OKLAHOMA CITY
73155,DEL CITY
73156,OKLAHOMA CITY
73157,OKLAHOMA CITY
73159,OKLAHOMA CITY
73160,MOORE
73162,OKLAHOMA CITY
73165,OKLAHOMA CITY
73169,OKLAHOMA CITY
73170,OKLAHOMA CITY
73172,OKLAHOMA CITY
73173,OKLAHOMA CITY
73179,OKLAHOMA CITY
73189,OKLAHOMA CITY
73195,OKLAHOMA CITY
73401,ARDMORE
73402,ARDMORE
73403,ARDMORE
73425,COUNTYLINE
73430,BURNEYVILLE
73432,COLEMAN
73433,ELMORE CITY
73434,FOSTER
73435,FOX
73436,GENE AUTRY
73437,GRAHAM
73438,HEALDTON
73439,KINGSTON
73440,LEBANON
73441,LEON
73442,LOCO
73443,ARDMORE
73444,HENNEPIN
73446,MADILL
73447,MANNSVILLE
73448,MARIETTA
73449,MEAD
73450,MILBURN
73453,OVERBROOK
73455,RAVIA
73456,HEALDTON
73458,SPRINGER
73459,MARIETTA
73460,TISHOMINGO
73461,WAPANUCKA
73463,HEALDTON
73481,RATLIFF CITY
73487,TATUMS
73488,DAVIS
73491,VELMA
73501,LAWTON
73502,LAWTON
73503,FORT SILL
73505,LAWTON
73506,LAWTON
73507,LAWTON
73520,ADDINGTON
73521,ALTUS
73522,ALTUS
73526,BLAIR
73527,CACHE
73528,CACHE
73529,COMANCHE
73530,DAVIDSON
73531,DEVOL
73532,DUKE
73533,DUNCAN
73534,DUNCAN
73537,ELDORADO
73538,ELGIN
73539,ELMER
73541,FLETCHER
73542,FREDERICK
73543,GERONIMO
73544,GOULD
73546,GRANDFIELD
73547,GRANITE
73548,HASTINGS
73549,HEADRICK
73550,HOLLIS
73552,CACHE
73554,MANGUM
73555,MANITOU
73556,MARTHA
73557,LAWTON
73559,MOUNTAIN PARK
73560,OLUSTEE
73562,RANDLETT
73564,ROOSEVELT
73565,RYAN
73566,SNYDER
73567,STERLING
73568,TEMPLE
73569,TERRAL
73570,FREDERICK
73572,WALTERS
73573,WAURIKA
73601,CLINTON
73620,ARAPAHO
73622,BESSIE
73624,BURNS FLAT
73625,BUTLER
73626,CANUTE
73627,CARTER
73628,CHEYENNE
73632,CORDELL
73639,CUSTER CITY
73641,DILL CITY
73642,REYDON
73644,ELK CITY
73645,ERICK
73646,FAY
73647,BURNS FLAT
73648,ELK CITY
73650,ELK CITY
73651,HOBART
73654,LEEDEY
73655,HOBART
73658,OAKWOOD
73659,TALOGA
73660,REYDON
73661,ROCKY
73662,SAYRE
73663,SEILING
73664,SENTINEL
73666,SAYRE
73667,TALOGA
73669,THOMAS
73673,WILLOW
73701,ENID
73702,ENID
73703,ENID
73716,ALINE
73717,ALVA
73718,AMES
73719,AMORITA
73720,HENNESSEY
73722,BURLINGTON
73724,CANTON
73727,CARRIER
73728,CHEROKEE
73729,ALINE
73730,COVINGTON
73731,DACOMA
73734,DOVER
73735,DRUMMOND
73736,FAIRMONT
73737,FAIRVIEW
73738,GARBER
73739,GOLTRY
73741,HELENA
73742,HENNESSEY
73743,HILLSDALE
73744,HITCHCOCK
73746,HOPETON
73747,ISABELLA
73749,JET
73750,KINGFISHER
73753,KREMLIN
73754,LAHOMA
73755,LONGDALE
73756,LOYAL
73758,MANCHESTER
73759,MEDFORD
73760,MENO
73761,NASH
73762,OKARCHE
73763,OKEENE
73766,MEDFORD
73768,RINGWOOD
73770,SEILING
73771,WAKITA
73772,WATONGA
73773,ENID
73801,WOODWARD
73802,WOODWARD
73832,ARNETT
73834,BUFFALO
73835,CAMARGO
73838,SEILING
73840,FARGO
73841,FORT SUPPLY
73842,FREEDOM
73843,GAGE
73844,GATE
73848,LAVERNE
73851,MAY
73852,MOORELAND
73853,MUTUAL
73857,SHARON
73858,SHATTUCK
73859,VICI
73860,WAYNOKA
73901,ADAMS
73931,BALKO
73932,BEAVER
73933,BOISE CITY
73937,FELT
73938,FORGAN
73939,GOODWELL
73942,GUYMON
73944,HARDESTY
73945,HOOKER
73946,KENTON
73947,KEYES
73949,TEXHOMA
73950,TURPIN
73951,TYRONE
73960,TEXHOMA
74001,AVANT
74002,BARNSDALL
74003,BARTLESVILLE
74005,BARTLESVILLE
74006,BARTLESVILLE
74008,BIXBY
74010,BRISTOW
74011,BROKEN ARROW
74012,BROKEN ARROW
74013,BROKEN ARROW
74014,BROKEN ARROW
74015,CATOOSA
74016,CHELSEA
74017,CLAREMORE
74018,CLAREMORE
74019,CLAREMORE
74020,CLEVELAND
74021,COLLINSVILLE
74022,COPAN
74023,CUSHING
74026,DAVENPORT
74027,DELAWARE
74028,DEPEW
74029,BARTLESVILLE
74030,DRUMRIGHT
74031,FOYIL
74032,GLENCOE
74033,GLENPOOL
74034,HALLETT
74035,HOMINY
74036,INOLA
74037,JENKS
74038,JENNINGS
74039,KELLYVILLE
74041,KIEFER
74042,LENAPAH
74043,BIXBY
74044,MANNFORD
74045,MARAMEC
74046,MILFAY
74047,MOUNDS
74048,NOWATA
74050,OAKHURST
74051,OCHELATA
74052,OILTON
74053,OOLOGAH
74054,HOMINY
74055,OWASSO
74056,PAWHUSKA
74058,PAWNEE
74059,PERKINS
74060,PRUE
74061,RAMONA
74062,RIPLEY
74063,SAND SPRINGS
74066,KIEFER
74067,SAPULPA
74068,SHAMROCK
74070,SKIATOOK
74071,SLICK
74072,S COFFEYVILLE
74073,SPERRY
74074,STILLWATER
74075,STILLWATER
74076,STILLWATER
74079,STROUD
74080,OOLOGAH
74081,TERLTON
74082,VERA
74083,WANN
74084,WYNONA
74085,YALE
74101,TULSA
74102,TULSA
74103,TULSA
74104,TULSA
74105,TULSA
74106,TULSA
74107,TULSA
74108,TULSA
74110,TULSA
74112,TULSA
74114,TULSA
74115,TULSA
74116,TULSA
74117,TULSA
74119,TULSA
74120,TULSA
74121,TULSA
74126,TULSA
74127,TULSA
74128,TULSA
74129,TULSA
74130,TULSA
74131,TULSA
74132,TULSA
74133,TULSA
74134,TULSA
74135,TULSA
74136,TULSA
74137,TULSA
74145,TULSA
74146,TULSA
74147,TULSA
74148,TULSA
74149,TULSA
74150,TULSA
74152,TULSA
74153,TULSA
74155,TULSA
74156,TULSA
74157,TULSA
74158,TULSA
74159,TULSA
74169,TULSA
74170,TULSA
74172,TULSA
74301,VINITA
74330,ADAIR
74331,AFTON
74332,BIG CABIN
74333,BLUEJACKET
74337,CHOUTEAU
74338,COLCORD
74339,COMMERCE
74340,DISNEY
74342,EUCHA
74343,FAIRLAND
74344,GROVE
74345,GROVE
74346,JAY
74347,KANSAS
74349,KETCHUM
74350,LANGLEY
74352,LOCUST GROVE
74354,MIAMI
74355,MIAMI
74358,NORTH MIAMI
74359,OAKS
74361,PRYOR
74362,PRYOR
74363,QUAPAW
74364,LOCUST GROVE
74365,SALINA
74366,SPAVINAW
74367,STRANG
74368,OAKS
74369,WELCH
74370,WYANDOTTE
74401,MUSKOGEE
74402,MUSKOGEE
74403,MUSKOGEE
74421,BEGGS
74422,BOYNTON
74423,BRAGGS
74425,CANADIAN
74426,CHECOTAH
74427,COOKSON
74428,CHECOTAH
74429,COWETA
74430,CROWDER
74431,DEWAR
74432,EUFAULA
74434,FORT GIBSON
74435,GORE
74436,HASKELL
74437,HENRYETTA
74438,HITCHITA
74441,HULBERT
74442,INDIANOLA
74444,MOODYS
74445,MORRIS
74446,OKAY
74447,OKMULGEE
74450,OKTAHA
74451,PARK HILL
74452,PEGGS
74454,PORTER
74455,PORUM
74456,PRESTON
74457,PROCTOR
74460,SCHULTER
74462,STIGLER
74463,TAFT
74464,TAHLEQUAH
74465,TAHLEQUAH
74467,WAGONER
74468,OKTAHA
74469,WARNER
74470,WEBBERS FALLS
74471,TAHLEQUAH
74472,STIGLER
74477,WAGONER
74501,MCALESTER
74502,MCALESTER
74521,ALBION
74522,ALDERSON
74523,ANTLERS
74525,ATOKA
74528,BLANCO
74530,BROMIDE
74531,CALVIN
74533,CANEY
74535,CLARITA
74536,CLAYTON
74538,COALGATE
74540,STRINGTOWN
74543,FINLEY
74545,GOWEN
74546,HAILEYVILLE
74547,HARTSHORNE
74549,NASHOBA
74552,KINTA
74553,KIOWA
74554,KREBS
74555,LANE
74556,LEHIGH
74557,MOYERS
74558,NASHOBA
74559,PANOLA
74560,PITTSBURG
74561,QUINTON
74562,RATTAN
74563,RED OAK
74565,SAVANNA
74567,CLAYTON
74569,STRINGTOWN
74570,STUART
74571,TALIHINA
74572,TUPELO
74574,CLAYTON
74577,WHITESBORO
74578,WILBURTON
74601,PONCA CITY
74602,PONCA CITY
74604,PONCA CITY
74630,BILLINGS
74631,BLACKWELL
74632,BLACKWELL
74633,BURBANK
74637,FAIRFAX
74640,BILLINGS
74641,KAW CITY
74643,LAMONT
74644,MARLAND
74647,NEWKIRK
74650,RALSTON
74651,RED ROCK
74652,SHIDLER
74653,TONKAWA
74701,DURANT
74702,DURANT
74720,ACHILLE
74721,ALBANY
74722,BATTIEST
74723,BENNINGTON
74724,BETHEL
74726,BOKCHITO
74727,BOSWELL
74728,BROKEN BOW
74729,CADDO
74730,CALERA
74731,CARTWRIGHT
74733,COLBERT
74734,EAGLETOWN
74735,FORT TOWSON
74736,GARVIN
74737,GOLDEN
74738,GRANT
74740,HAWORTH
74741,HENDRIX
74743,HUGO
74745,IDABEL
74748,KENEFIC
74750,MILLERTON
74752,PICKENS
74753,CALERA
74754,RINGOLD
74755,RUFE
74756,SAWYER
74759,SOPER
74760,SAWYER
74761,SWINK
74764,VALLIANT
74766,WRIGHT CITY
74801,SHAWNEE
74802,SHAWNEE
74804,SHAWNEE
74818,SEMINOLE
74820,ADA
74821,ADA
74824,AGRA
74825,ALLEN
74826,ASHER
74827,ATWOOD
74829,BOLEY
74830,BOWLEGS
74831,BYARS
74832,CARNEY
74833,CASTLE
74834,CHANDLER
74836,CONNERVILLE
74837,CROMWELL
74839,DUSTIN
74840,EARLSBORO
74842,FITTSTOWN
74843,FITZHUGH
74844,FRANCIS
74845,HANNA
74848,HOLDENVILLE
74849,KONAWA
74851,MCLOUD
74852,MACOMB
74854,MAUD
74855,MEEKER
74856,MILL CREEK
74857,NEWALLA
74859,OKEMAH
74860,PADEN
74864,PRAGUE
74865,ROFF
74866,SAINT LOUIS
74867,SASAKWA
74868,SEMINOLE
74869,SPARKS
74871,STONEWALL
74872,STRATFORD
74873,TECUMSEH
74875,TRYON
74878,WANETTE
74880,WELEETKA
74881,WELLSTON
74883,WETUMKA
74884,WEWOKA
74901,ARKOMA
74902,POCOLA
74930,BOKOSHE
74931,BUNCH
74932,CAMERON
74935,FANSHAWE
74936,GANS
74937,HEAVENER
74939,HODGEN
74940,HEAVENER
74941,KEOTA
74942,LEFLORE
74943,LEQUIRE
74944,MCCURTAIN
74945,MARBLE CITY
74946,MOFFETT
74947,MONROE
74948,MULDROW
74949,MUSE
74951,PANAMA
74953,POTEAU
74954,ROLAND
74955,SALLISAW
74956,SHADY POINT
74957,SMITHVILLE
74959,SPIRO
74960,STILWELL
74962,VIAN
74963,WATSON
74964,WATTS
74965,WESTVILLE
74966,WISTER
75001,ADDISON
75002,ALLEN
75006,CARROLLTON
75007,CARROLLTON
75009,CELINA
75010,CARROLLTON
75011,CARROLLTON
75013,ALLEN
75014,IRVING
75015,IRVING
75016,IRVING
75017,IRVING
75019,COPPELL
75020,DENISON
75021,DENISON
75022,FLOWER MOUND
75023,PLANO
75024,PLANO
75025,PLANO
75026,PLANO
75027,FLOWER MOUND
75028,FLOWER MOUND
75029,LEWISVILLE
75030,ROWLETT
75032,ROCKWALL
75033,FRISCO
75034,FRISCO
75035,FRISCO
75036,FRISCO
75038,IRVING
75039,IRVING
75040,GARLAND
75041,GARLAND
75042,GARLAND
75043,GARLAND
75044,GARLAND
75045,GARLAND
75046,GARLAND
75047,GARLAND
75048,GARLAND
75049,GARLAND
75050,GRAND PRAIRIE
75051,GRAND PRAIRIE
75052,GRAND PRAIRIE
75053,GRAND PRAIRIE
75054,GRAND PRAIRIE
75056,THE COLONY
75057,LEWISVILLE
75058,GUNTER
75060,IRVING
75061,IRVING
75062,IRVING
75063,IRVING
75065,LAKE DALLAS
75067,LEWISVILLE
75068,LITTLE ELM
75069,MCKINNEY
75070,MCKINNEY
75071,MCKINNEY
75072,MCKINNEY
75074,PLANO
75075,PLANO
75076,POTTSBORO
75077,LEWISVILLE
75078,PROSPER
75080,RICHARDSON
75081,RICHARDSON
75082,RICHARDSON
75083,RICHARDSON
75085,RICHARDSON
75086,PLANO
75087,ROCKWALL
75088,ROWLETT
75089,ROWLETT
75090,SHERMAN
75091,SHERMAN
75092,SHERMAN
75093,PLANO
75094,PLANO
75097,WESTON
75098,WYLIE
75101,BARDWELL
75102,BARRY
75103,CANTON
75104,CEDAR HILL
75105,CHATFIELD
75106,CEDAR HILL
75109,CORSICANA
75110,CORSICANA
75114,CRANDALL
75115,DESOTO
75116,DUNCANVILLE
75117,EDGEWOOD
75118,ELMO
75119,ENNIS
75120,ENNIS
75121,COPEVILLE
75123,DESOTO
75124,EUSTACE
75125,FERRIS
75126,FORNEY
75127,FRUITVALE
75132,FATE
75134,LANCASTER
75135,CADDO MILLS
75137,DUNCANVILLE
75138,DUNCANVILLE
75140,GRAND SALINE
75141,HUTCHINS
75142,KAUFMAN
75143,KEMP
75144,KERENS
75146,LANCASTER
75147,MABANK
75148,MALAKOFF
75149,MESQUITE
75150,GARLAND
75151,CORSICANA
75152,PALMER
75153,POWELL
75154,RED OAK
75155,RICE
75156,MABANK
75157,ROSSER
75158,SCURRY
75159,DALLAS
75160,TERRELL
75161,TERRELL
75163,TRINIDAD
75164,JOSEPHINE
75165,WAXAHACHIE
75166,LAVON
75167,WAXAHACHIE
75168,WAXAHACHIE
75169,WILLS POINT
75172,WILMER
75173,NEVADA
75180,BALCH SPRINGS
75181,MESQUITE
75182,MESQUITE
75185,MESQUITE
75187,MESQUITE
75189,ROYSE CITY
75201,DALLAS
75202,DALLAS
75203,DALLAS
75204,DALLAS
75205,DALLAS
75206,DALLAS
75207,DALLAS
75208,DALLAS
75209,DALLAS
75210,DALLAS
75211,DALLAS
75212,DALLAS
75214,DALLAS
75215,DALLAS
75216,DALLAS
75217,DALLAS
75218,DALLAS
75219,DALLAS
75220,DALLAS
75221,DALLAS
75222,DALLAS
75223,DALLAS
75224,DALLAS
75225,DALLAS
75226,DALLAS
75227,DALLAS
75228,DALLAS
75229,DALLAS
75230,DALLAS
75231,DALLAS
75232,DALLAS
75233,DALLAS
75234,DALLAS
75235,DALLAS
75236,DALLAS
75237,DALLAS
75238,DALLAS
75240,DALLAS
75241,DALLAS
75242,DALLAS
75243,DALLAS
75244,DALLAS
75246,DALLAS
75247,DALLAS
75248,DALLAS
75249,DALLAS
75250,DALLAS
75251,DALLAS
75252,DALLAS
75253,DALLAS
75254,DALLAS
75261,DFW AIRPORT
75262,DALLAS
75263,DALLAS
75264,DALLAS
75265,DALLAS
75266,DALLAS
75267,DALLAS
75270,DALLAS
75287,DALLAS
75313,DALLAS
75315,DALLAS
75336,DALLAS
75339,DALLAS
75342,DALLAS
75354,DALLAS
75355,DALLAS
75356,DALLAS
75357,DALLAS
75360,DALLAS
75367,DALLAS
75370,DALLAS
75371,DALLAS
75372,DALLAS
75374,DALLAS
75376,DALLAS
75378,DALLAS
75379,DALLAS
75380,DALLAS
75381,DALLAS
75382,DALLAS
75401,GREENVILLE
75402,GREENVILLE
75403,GREENVILLE
75404,GREENVILLE
75407,PRINCETON
75409,ANNA
75410,ALBA
75411,ARTHUR CITY
75412,BAGWELL
75413,BAILEY
75414,BELLS
75415,BEN FRANKLIN
75416,BLOSSOM
75417,BOGATA
75418,BONHAM
75420,BRASHEAR
75421,BROOKSTON
75422,CAMPBELL
75423,CELESTE
75424,BLUE RIDGE
75425,CHICOTA
75426,CLARKSVILLE
75428,COMMERCE
75429,COMMERCE
75431,COMO
75432,COOPER
75433,CUMBY
75434,CUNNINGHAM
75435,DEPORT
75436,DETROIT
75437,DIKE
75438,DODD CITY
75439,ECTOR
75440,EMORY
75441,ENLOE
75442,FARMERSVILLE
75443,GOBER
75444,GOLDEN
75446,HONEY GROVE
75447,IVANHOE
75448,KLONDIKE
75449,LADONIA
75450,LAKE CREEK
75451,LEESBURG
75452,LEONARD
75453,LONE OAK
75454,MELISSA
75455,MOUNT PLEASANT
75456,MOUNT PLEASANT
75457,MOUNT VERNON
75458,MERIT
75459,HOWE
75460,PARIS
75461,PARIS
75462,PARIS
75468,PATTONVILLE
75469,PECAN GAP
75470,PETTY
75471,PICKTON
75472,POINT
75473,PARIS
75474,QUINLAN
75475,RANDOLPH
75476,IVANHOE
75477,ROXTON
75478,MOUNT VERNON
75479,BELLS
75480,SCROGGINS
75481,SULPHUR BLUFF
75482,SULPHUR SPRINGS
75483,SULPHUR SPRINGS
75485,WESTMINSTER
75486,SUMNER
75487,TALCO
75488,TELEPHONE
75489,TOM BEAN
75490,TRENTON
75491,WHITEWRIGHT
75492,WINDOM
75493,WINFIELD
75494,WINNSBORO
75495,VAN ALSTYNE
75496,WOLFE CITY
75497,YANTIS
75501,TEXARKANA
75503,TEXARKANA
75504,TEXARKANA
75505,TEXARKANA
75550,ANNONA
75551,ATLANTA
75554,AVERY
75555,BIVINS
75556,BLOOMBURG
75558,COOKVILLE
75559,DE KALB
75560,DOUGLASSVILLE
75561,HOOKS
75562,KILDARE
75563,LINDEN
75564,LODI
75565,MC LEOD
75566,MARIETTA
75567,MAUD
75568,NAPLES
75569,NASH
75570,NEW BOSTON
75571,OMAHA
75572,QUEEN CITY
75573,REDWATER
75574,SIMMS
75601,LONGVIEW
75602,LONGVIEW
75603,LONGVIEW
75604,LONGVIEW
75605,LONGVIEW
75606,LONGVIEW
75607,LONGVIEW
75608,LONGVIEW
75615,LONGVIEW
75630,AVINGER
75631,BECKVILLE
75633,CARTHAGE
75636,CASON
75637,CLAYTON
75638,DAINGERFIELD
75639,DE BERRY
75640,DIANA
75642,ELYSIAN FIELDS
75643,GARY
75644,GILMER
75645,GILMER
75647,GLADEWATER
75650,HALLSVILLE
75651,HARLETON
75652,HENDERSON
75653,HENDERSON
75654,HENDERSON
75656,HUGHES SPRINGS
75657,JEFFERSON
75658,JOINERVILLE
75659,JONESVILLE
75660,JUDSON
75661,KARNACK
75662,KILGORE
75663,KILGORE
75666,LAIRD HILL
75667,LANEVILLE
75668,LONE STAR
75669,LONG BRANCH
75670,MARSHALL
75671,MARSHALL
75672,MARSHALL
75680,HENDERSON
75681,MOUNT ENTERPRISE
75682,NEW LONDON
75683,ORE CITY
75684,OVERTON
75685,PANOLA
75686,PITTSBURG
75687,PRICE
75688,SCOTTSVILLE
75689,SELMAN CITY
75691,TATUM
75692,WASKOM
75693,WHITE OAK
75694,WOODLAWN
75701,TYLER
75702,TYLER
75703,TYLER
75704,TYLER
75705,TYLER
75706,TYLER
75707,TYLER
75708,TYLER
75709,TYLER
75710,TYLER
75711,TYLER
75712,TYLER
75713,TYLER
75750,ARP
75751,ATHENS
75752,ATHENS
75754,BEN WHEELER
75755,BIG SANDY
75756,BROWNSBORO
75757,BULLARD
75758,CHANDLER
75759,CUNEY
75760,CUSHING
75762,FLINT
75763,FRANKSTON
75764,GALLATIN
75765,HAWKINS
75766,JACKSONVILLE
75770,LARUE
75771,LINDALE
75772,MAYDELLE
75773,MINEOLA
75778,MURCHISON
75779,NECHES
75780,NEW SUMMERFIELD
75782,POYNOR
75783,QUITMAN
75784,REKLAW
75785,RUSK
75788,SACUL
75789,TROUP
75790,VAN
75791,WHITEHOUSE
75792,WINONA
75801,PALESTINE
75802,PALESTINE
75803,PALESTINE
75831,BUFFALO
75832,CAYUGA
75833,CENTERVILLE
75835,CROCKETT
75838,DONIE
75839,ELKHART
75840,FAIRFIELD
75844,GRAPELAND
75845,GROVETON
75846,JEWETT
75847,KENNARD
75848,STREETMAN
75849,LATEXO
75850,LEONA
75851,LOVELADY
75852,MIDWAY
75853,MONTALBA
75855,OAKWOOD
75856,PENNINGTON
75858,RATCLIFF
75859,STREETMAN
75860,TEAGUE
75861,TENNESSEE COLONY
75862,TRINITY
75865,GROVETON
75901,LUFKIN
75902,LUFKIN
75903,LUFKIN
75904,LUFKIN
75915,LUFKIN
75925,ALTO
75926,APPLE SPRINGS
75928,BON WIER
75929,BROADDUS
75930,BRONSON
75931,BROOKELAND
75932,BURKEVILLE
75933,CALL
75934,CORRIGAN
75935,CENTER
75936,CHESTER
75937,CHIRENO
75938,COLMESNEIL
75939,CORRIGAN
75941,DIBOLL
75942,DOUCETTE
75943,DOUGLASS
75944,ETOILE
75946,GARRISON
75948,HEMPHILL
75949,HUNTINGTON
75951,JASPER
75954,JOAQUIN
75956,KIRBYVILLE
75958,MARTINSVILLE
75959,MILAM
75960,MOSCOW
75961,NACOGDOCHES
75963,NACOGDOCHES
75964,NACOGDOCHES
75965,NACOGDOCHES
75966,NEWTON
75968,PINELAND
75969,POLLOK
75972,SAN AUGUSTINE
75973,SHELBYVILLE
75974,TENAHA
75975,TIMPSON
75976,WELLS
75977,WIERGATE
75978,WODEN
75979,WOODVILLE
75980,ZAVALLA
76001,ARLINGTON
76002,ARLINGTON
76003,ARLINGTON
76004,ARLINGTON
76005,ARLINGTON
76006,ARLINGTON
76007,ARLINGTON
76008,ALEDO
76009,ALVARADO
76010,ARLINGTON
76011,ARLINGTON
76012,ARLINGTON
76013,ARLINGTON
76014,ARLINGTON
76015,ARLINGTON
76016,ARLINGTON
76017,ARLINGTON
76018,ARLINGTON
76020,AZLE
76021,BEDFORD
76022,BEDFORD
76023,BOYD
76028,BURLESON
76031,CLEBURNE
76033,CLEBURNE
76034,COLLEYVILLE
76035,CRESSON
76036,CROWLEY
76039,EULESS
76040,EULESS
76041,FORRESTON
76043,GLEN ROSE
76044,GODLEY
76048,GRANBURY
76049,GRANBURY
76050,GRANDVIEW
76051,GRAPEVINE
76052,HASLET
76053,HURST
76054,HURST
76055,ITASCA
76058,JOSHUA
76059,KEENE
76060,KENNEDALE
76061,LILLIAN
76063,MANSFIELD
76064,MAYPEARL
76065,MIDLOTHIAN
76066,MILLSAP
76067,MINERAL WELLS
76068,MINERAL WELLS
76070,NEMO
76071,NEWARK
76073,PARADISE
76077,RAINBOW
76078,RHOME
76082,SPRINGTOWN
76084,VENUS
76085,WEATHERFORD
76086,WEATHERFORD
76087,WEATHERFORD
76088,WEATHERFORD
76092,SOUTHLAKE
76093,RIO VISTA
76094,ARLINGTON
76095,BEDFORD
76096,ARLINGTON
76097,BURLESON
76098,AZLE
76099,GRAPEVINE
76101,FORT WORTH
76102,FORT WORTH
76103,FORT WORTH
76104,FORT WORTH
76105,FORT WORTH
76106,FORT WORTH
76107,FORT WORTH
76108,FORT WORTH
76109,FORT WORTH
76110,FORT WORTH
76111,FORT WORTH
76112,FORT WORTH
76113,FORT WORTH
76114,RIVER OAKS
76115,FORT WORTH
76116,FORT WORTH
76117,HALTOM CITY
76118,NORTH RICHLAND HILLS
76119,FORT WORTH
76120,FORT WORTH
76121,FORT WORTH
76123,FORT WORTH
76124,FORT WORTH
76126,BENBROOK
76127,NAVAL AIR STATION JRB
76131,FORT WORTH
76132,FORT WORTH
76133,FORT WORTH
76134,FORT WORTH
76135,FORT WORTH
76136,FORT WORTH
76137,FORT WORTH
76140,FORT WORTH
76147,FORT WORTH
76148,NORTH RICHLAND HILLS
76155,FORT WORTH
76161,FORT WORTH
76162,FORT WORTH
76163,FORT WORTH
76164,FORT WORTH
76177,FORT WORTH
76179,SAGINAW
76180,NORTH RICHLAND HILLS
76181,FORT WORTH
76182,NORTH RICHLAND HILLS
76185,FORT WORTH
76201,DENTON
76202,DENTON
76205,DENTON
76206,DENTON
76207,DENTON
76208,DENTON
76209,DENTON
76210,DENTON
76225,ALVORD
76226,ARGYLE
76227,AUBREY
76228,BELLEVUE
76230,BOWIE
76233,COLLINSVILLE
76234,DECATUR
76239,FORESTBURG
76240,GAINESVILLE
76241,GAINESVILLE
76244,KELLER
76245,GORDONVILLE
76247,JUSTIN
76248,KELLER
76249,KRUM
76250,LINDSAY
76251,MONTAGUE
76252,MUENSTER
76253,MUENSTER
76255,NOCONA
76258,PILOT POINT
76259,PONDER
76262,ROANOKE
76264,SADLER
76265,SAINT JO
76266,SANGER
76267,SLIDELL
76268,SOUTHMAYD
76270,SUNSET
76271,TIOGA
76272,VALLEY VIEW
76273,WHITESBORO
76301,WICHITA FALLS
76302,WICHITA FALLS
76305,WICHITA FALLS
76306,WICHITA FALLS
76307,WICHITA FALLS
76308,WICHITA FALLS
76309,WICHITA FALLS
76310,WICHITA FALLS
76311,SHEPPARD AFB
76351,ARCHER CITY
76352,BLUEGROVE
76354,BURKBURNETT
76357,BYERS
76360,ELECTRA
76363,GOREE
76365,HENRIETTA
76366,HOLLIDAY
76367,IOWA PARK
76369,KAMAY
76370,MEGARGEL
76371,MUNDAY
76372,NEWCASTLE
76373,OKLAUNION
76374,OLNEY
76377,PETROLIA
76379,SCOTLAND
76380,SEYMOUR
76384,VERNON
76385,VERNON
76388,WEINERT
76389,WINDTHORST
76401,STEPHENVILLE
76424,BRECKENRIDGE
76426,BRIDGEPORT
76427,BRYSON
76429,CADDO
76430,ALBANY
76431,CHICO
76432,BLANKET
76433,BLUFF DALE
76435,CARBON
76436,CARLTON
76437,CISCO
76439,DENNIS
76442,COMANCHE
76443,CROSS PLAINS
76444,DE LEON
76445,DESDEMONA
76446,DUBLIN
76448,EASTLAND
76449,GRAFORD
76450,GRAHAM
76452,ENERGY
76453,GORDON
76454,GORMAN
76455,COMANCHE
76457,HICO
76458,JACKSBORO
76459,JERMYN
76460,LOVING
76461,LINGLEVILLE
76462,LIPAN
76463,MINGUS
76464,MORAN
76465,MORGAN MILL
76466,OLDEN
76467,TOLAR
76468,PROCTOR
76469,PUTNAM
76470,RANGER
76471,RISING STAR
76472,SANTO
76474,SIDNEY
76475,STRAWN
76476,TOLAR
76481,GRAHAM
76483,THROCKMORTON
76484,PALO PINTO
76485,PEASTER
76486,PERRIN
76487,POOLVILLE
76490,WHITT
76491,WOODSON
76501,TEMPLE
76502,TEMPLE
76503,TEMPLE
76504,TEMPLE
76511,BARTLETT
76513,BELTON
76518,BUCKHOLTS
76519,ROSEBUD
76520,CAMERON
76522,COPPERAS COVE
76523,DAVILLA
76524,EDDY
76525,EVANT
76526,FLAT
76527,FLORENCE
76528,GATESVILLE
76530,BARTLETT
76531,HAMILTON
76533,HEIDENHEIMER
76534,BARTLETT
76537,JARRELL
76538,JONESBORO
76539,KEMPNER
76540,KILLEEN
76541,KILLEEN
76542,KILLEEN
76543,KILLEEN
76544,FORT HOOD
76547,KILLEEN
76548,HARKER HEIGHTS
76549,KILLEEN
76550,LAMPASAS
76554,LITTLE RIVER ACADEMY
76556,MILANO
76557,MOODY
76558,MOUND
76559,NOLANVILLE
76561,OGLESBY
76564,PENDLETON
76565,HAMILTON
76566,PURMELA
76567,ROCKDALE
76569,ROGERS
76570,ROSEBUD
76571,SALADO
76573,SCHWERTNER
76574,TAYLOR
76577,THORNDALE
76578,THRALL
76579,TROY
76621,ABBOTT
76622,AQUILLA
76623,AVALON
76624,AXTELL
76626,BLOOMING GROVE
76627,BLUM
76628,HILLSBORO
76629,BREMOND
76630,EDDY
76631,BYNUM
76632,CHILTON
76633,CHINA SPRING
76634,CLIFTON
76635,COOLIDGE
76636,COVINGTON
76637,CRANFILLS GAP
76638,CRAWFORD
76639,DAWSON
76640,ELM MOTT
76641,FROST
76642,GROESBECK
76643,HEWITT
76645,HILLSBORO
76648,HUBBARD
76649,IREDELL
76650,IRENE
76651,ITALY
76652,KOPPERL
76653,KOSSE
76654,LEROY
76655,LORENA
76656,LOTT
76657,MCGREGOR
76660,MALONE
76661,MARLIN
76664,MART
76665,MERIDIAN
76666,MERTENS
76667,MEXIA
76670,MILFORD
76671,MORGAN
76673,MOUNT CALM
76676,PENELOPE
76678,PRAIRIE HILL
76679,PURDON
76680,REAGAN
76681,RICHLAND
76682,RIESEL
76684,ROSS
76685,CHILTON
76686,TEHUACANA
76687,THORNTON
76689,VALLEY MILLS
76690,WALNUT SPRINGS
76691,WEST
76692,WHITNEY
76693,WORTHAM
76701,WACO
76702,WACO
76703,WACO
76704,WACO
76705,WACO
76706,WACO
76707,WACO
76708,WACO
76710,WACO
76711,WACO
76712,WACO
76714,WACO
76715,WACO
76716,WACO
76801,BROWNWOOD
76802,EARLY
76803,EARLY
76804,BROWNWOOD
76820,ART
76821,BALLINGER
76823,BANGS
76824,BEND
76825,BRADY
76827,BROOKESMITH
76828,BURKETT
76831,CASTELL
76832,CHEROKEE
76834,COLEMAN
76836,DOOLE
76837,EDEN
76841,FORT MC KAVETT
76844,GOLDTHWAITE
76845,GOULDBUSK
76848,HEXT
76849,JUNCTION
76852,LOHN
76853,LOMETA
76854,LONDON
76855,ROWENA
76856,MASON
76857,EARLY
76858,MELVIN
76859,MENARD
76861,MILES
76862,MILLERSVIEW
76864,MULLIN
76866,PAINT ROCK
76869,PONTOTOC
76870,PRIDDY
76871,RICHLAND SPRINGS
76872,BRADY
76873,ROCKWOOD
76874,ROOSEVELT
76875,ROWENA
76877,SAN SABA
76878,SANTA ANNA
76880,STAR
76882,TALPA
76884,VALERA
76885,VALLEY SPRING
76886,VERIBEST
76887,VOCA
76888,VALERA
76890,EARLY
76901,SAN ANGELO
76902,SAN ANGELO
76903,SAN ANGELO
76904,SAN ANGELO
76905,SAN ANGELO
76906,SAN ANGELO
76908,GOODFELLOW AFB
76930,BARNHART
76932,BIG LAKE
76933,BRONTE
76934,CARLSBAD
76935,CHRISTOVAL
76936,ELDORADO
76937,EOLA
76939,KNICKERBOCKER
76940,MERETA
76941,MERTZON
76943,OZONA
76945,ROBERT LEE
76950,SONORA
76951,STERLING CITY
76953,TENNYSON
76955,VANCOURT
76957,WALL
76958,WATER VALLEY
77001,HOUSTON
77002,HOUSTON
77003,HOUSTON
77004,HOUSTON
77005,HOUSTON
77006,HOUSTON
77007,HOUSTON
77008,HOUSTON
77009,HOUSTON
77010,HOUSTON
77011,HOUSTON
77012,HOUSTON
77013,HOUSTON
77014,HOUSTON
77015,HOUSTON
77016,HOUSTON
77017,HOUSTON
77018,HOUSTON
77019,HOUSTON
77020,HOUSTON
77021,HOUSTON
77022,HOUSTON
77023,HOUSTON
77024,HOUSTON
77025,HOUSTON
77026,HOUSTON
77027,HOUSTON
77028,HOUSTON
77029,HOUSTON
77030,HOUSTON
77031,HOUSTON
77032,HOUSTON
77033,HOUSTON
77034,HOUSTON
77035,HOUSTON
77036,HOUSTON
77037,HOUSTON
77038,HOUSTON
77039,HOUSTON
77040,HOUSTON
77041,HOUSTON
77042,HOUSTON
77043,HOUSTON
77044,HOUSTON
77045,HOUSTON
77046,HOUSTON
77047,HOUSTON
77048,HOUSTON
77049,HOUSTON
77050,HOUSTON
77051,HOUSTON
77052,HOUSTON
77053,HOUSTON
77054,HOUSTON
77055,HOUSTON
77056,HOUSTON
77057,HOUSTON
77058,HOUSTON
77059,HOUSTON
77060,HOUSTON
77061,HOUSTON
77062,HOUSTON
77063,HOUSTON
77064,HOUSTON
77065,HOUSTON
77066,HOUSTON
77067,HOUSTON
77068,HOUSTON
77069,HOUSTON
77070,HOUSTON
77071,HOUSTON
77072,HOUSTON
77073,HOUSTON
77074,HOUSTON
77075,HOUSTON
77076,HOUSTON
77077,HOUSTON
77078,HOUSTON
77079,HOUSTON
77080,HOUSTON
77081,HOUSTON
77082,HOUSTON
77083,HOUSTON
77084,HOUSTON
77085,HOUSTON
77086,HOUSTON
77087,HOUSTON
77088,HOUSTON
77089,HOUSTON
77090,HOUSTON
77091,HOUSTON
77092,HOUSTON
77093,HOUSTON
77094,HOUSTON
77095,HOUSTON
77096,HOUSTON
77098,HOUSTON
77099,HOUSTON
77202,HOUSTON
77203,HOUSTON
77205,HUMBLE
77206,HOUSTON
77207,HOUSTON
77208,HOUSTON
77210,HOUSTON
77213,HOUSTON
77215,HOUSTON
77217,HOUSTON
77218,HOUSTON
77219,HOUSTON
77220,HOUSTON
77221,HOUSTON
77222,HOUSTON
77223,HOUSTON
77224,HOUSTON
77225,HOUSTON
77226,HOUSTON
77227,HOUSTON
77228,HOUSTON
77229,HOUSTON
77230,HOUSTON
77231,HOUSTON
77233,HOUSTON
77234,HOUSTON
77235,HOUSTON
77236,HOUSTON
77237,HOUSTON
77238,HOUSTON
77240,HOUSTON
77241,HOUSTON
77242,HOUSTON
77243,HOUSTON
77244,HOUSTON
77245,HOUSTON
77248,HOUSTON
77249,HOUSTON
77251,HOUSTON
77252,HOUSTON
77253,HOUSTON
77254,HOUSTON
77255,HOUSTON
77256,HOUSTON
77257,HOUSTON
77258,HOUSTON
77259,HOUSTON
77261,HOUSTON
77262,HOUSTON
77263,HOUSTON
77265,HOUSTON
77266,HOUSTON
77267,HOUSTON
77268,HOUSTON
77269,HOUSTON
77270,HOUSTON
77271,HOUSTON
77272,HOUSTON
77273,HOUSTON
77274,HOUSTON
77275,HOUSTON
77277,HOUSTON
77279,HOUSTON
77280,HOUSTON
77282,HOUSTON
77284,HOUSTON
77287,HOUSTON
77288,HOUSTON
77289,HOUSTON
77290,HOUSTON
77291,HOUSTON
77292,HOUSTON
77293,HOUSTON
77301,CONROE
77302,CONROE
77303,CONROE
77304,CONROE
77305,CONROE
77306,CONROE
77316,MONTGOMERY
77318,WILLIS
77320,HUNTSVILLE
77325,KINGWOOD
77326,ACE
77327,CLEVELAND
77328,CLEVELAND
77331,COLDSPRING
77332,DALLARDSVILLE
77333,MONTGOMERY
77334,DODGE
77335,GOODRICH
77336,HUFFMAN
77338,HUMBLE
77339,KINGWOOD
77340,HUNTSVILLE
77342,HUNTSVILLE
77345,KINGWOOD
77346,HUMBLE
77347,HUMBLE
77350,LEGGETT
77351,LIVINGSTON
77352,LIVINGSTON
77353,MAGNOLIA
77354,MAGNOLIA
77355,MAGNOLIA
77356,MONTGOMERY
77357,NEW CANEY
77358,NEW WAVERLY
77359,OAKHURST
77360,ONALASKA
77362,PINEHURST
77363,PLANTERSVILLE
77364,ONALASKA
77365,PORTER
77367,RIVERSIDE
77368,ROMAYOR
77369,RYE
77371,SHEPHERD
77372,SPLENDORA
77373,SPRING
77374,THICKET
77375,TOMBALL
77376,VOTAW
77377,TOMBALL
77378,WILLIS
77379,SPRING
77380,SPRING
77381,SPRING
77382,SPRING
77383,SPRING
77384,CONROE
77385,CONROE
77386,SPRING
77387,SPRING
77388,SPRING
77389,SPRING
77391,SPRING
77393,SPRING
77396,HUMBLE
77401,BELLAIRE
77402,BELLAIRE
77404,BAY CITY
77406,RICHMOND
77407,RICHMOND
77410,CYPRESS
77411,ALIEF
77412,ALTAIR
77413,BARKER
77414,BAY CITY
77415,CEDAR LANE
77417,BEASLEY
77418,BELLVILLE
77419,BLESSING
77420,BOLING
77422,BRAZORIA
77423,BROOKSHIRE
77426,CHAPPELL HILL
77428,COLLEGEPORT
77429,CYPRESS
77430,DAMON
77431,BOLING
77432,DANEVANG
77433,CYPRESS
77434,EAGLE LAKE
77435,EAST BERNARD
77436,EGYPT
77437,EL CAMPO
77440,ELMATON
77441,FULSHEAR
77442,GARWOOD
77443,GLEN FLORA
77444,GUY
77445,HEMPSTEAD
77446,PRAIRIE VIEW
77447,HOCKLEY
77448,HUNGERFORD
77449,KATY
77450,KATY
77451,KENDLETON
77452,KENNEY
77453,LANE CITY
77454,LISSIE
77455,LOUISE
77456,MARKHAM
77457,WADSWORTH
77458,MIDFIELD
77459,MISSOURI CITY
77460,NADA
77461,NEEDVILLE
77463,VAN VLECK
77464,ORCHARD
77465,PALACIOS
77466,PATTISON
77467,PIERCE
77468,PLEDGER
77469,RICHMOND
77470,ROCK ISLAND
77471,ROSENBERG
77473,SAN FELIPE
77474,SEALY
77475,SHERIDAN
77476,SIMONTON
77477,STAFFORD
77478,SUGAR LAND
77479,SUGAR LAND
77480,BRAZORIA
77481,RICHMOND
77482,VAN VLECK
77483,WADSWORTH
77484,WALLER
77485,WALLIS
77486,WEST COLUMBIA
77487,SUGAR LAND
77488,WHARTON
77489,MISSOURI CITY
77491,KATY
77492,KATY
77493,KATY
77494,KATY
77496,SUGAR LAND
77497,STAFFORD
77498,SUGAR LAND
77501,PASADENA
77502,PASADENA
77503,PASADENA
77504,PASADENA
77505,PASADENA
77506,PASADENA
77507,PASADENA
77508,PASADENA
77510,SANTA FE
77511,ALVIN
77512,ALVIN
77514,ANAHUAC
77515,ANGLETON
77516,ANGLETON
77517,SANTA FE
77518,BACLIFF
77519,BATSON
77520,BAYTOWN
77521,BAYTOWN
77522,BAYTOWN
77523,BAYTOWN
77530,CHANNELVIEW
77531,CLUTE
77532,CROSBY
77533,DAISETTA
77534,DANBURY
77535,DAYTON
77536,DEER PARK
77538,DEVERS
77539,DICKINSON
77541,FREEPORT
77542,FREEPORT
77545,FRESNO
77546,FRIENDSWOOD
77547,GALENA PARK
77549,FRIENDSWOOD
77550,GALVESTON
77551,GALVESTON
77552,GALVESTON
77553,GALVESTON
77554,GALVESTON
77560,HANKAMER
77561,HARDIN
77562,HIGHLANDS
77563,HITCHCOCK
77564,HULL
77565,KEMAH
77566,LAKE JACKSON
77568,LA MARQUE
77571,LA PORTE
77572,LA PORTE
77573,LEAGUE CITY
77574,LEAGUE CITY
77575,LIBERTY
77577,LIVERPOOL
77578,MANVEL
77580,MONT BELVIEU
77581,PEARLAND
77582,RAYWOOD
77583,ROSHARON
77584,PEARLAND
77585,SARATOGA
77586,SEABROOK
77587,SOUTH HOUSTON
77588,PEARLAND
77590,TEXAS CITY
77591,TEXAS CITY
77592,TEXAS CITY
77597,WALLISVILLE
77598,WEBSTER
77611,BRIDGE CITY
77612,BUNA
77613,CHINA
77614,DEWEYVILLE
77615,EVADALE
77616,FRED
77617,PORT BOLIVAR
77619,GROVES
77622,HAMSHIRE
77623,HIGH ISLAND
77624,HILLISTER
77625,KOUNTZE
77626,MAURICEVILLE
77627,NEDERLAND
77629,CHINA
77630,ORANGE
77631,ORANGE
77632,ORANGE
77639,ORANGEFIELD
77640,PORT ARTHUR
77641,PORT ARTHUR
77642,PORT ARTHUR
77643,PORT ARTHUR
77650,PORT BOLIVAR
77651,PORT NECHES
77655,SABINE PASS
77656,SILSBEE
77657,LUMBERTON
77659,SOUR LAKE
77660,SPURGER
77661,STOWELL
77662,VIDOR
77663,VILLAGE MILLS
77664,WARREN
77665,WINNIE
77670,VIDOR
77701,BEAUMONT
77702,BEAUMONT
77703,BEAUMONT
77704,BEAUMONT
77705,BEAUMONT
77706,BEAUMONT
77707,BEAUMONT
77708,BEAUMONT
77713,BEAUMONT
77720,BEAUMONT
77725,BEAUMONT
77726,BEAUMONT
77801,BRYAN
77802,BRYAN
77803,BRYAN
77805,BRYAN
77806,BRYAN
77807,BRYAN
77808,BRYAN
77830,ANDERSON
77831,BEDIAS
77833,BRENHAM
77834,BRENHAM
77835,BURTON
77836,CALDWELL
77837,CALVERT
77838,CHRIESMAN
77840,BRYAN
77841,COLLEGE STATION
77842,COLLEGE STATION
77845,BRYAN
77852,DEANVILLE
77853,DIME BOX
77855,FLYNN
77856,FRANKLIN
77857,GAUSE
77859,HEARNE
77861,IOLA
77862,KURTEN
77863,LYONS
77864,MADISONVILLE
77865,MARQUEZ
77866,MILLICAN
77867,HEARNE
77868,NAVASOTA
77870,NEW BADEN
77871,HILLTOP LAKES
77872,NORTH ZULCH
77873,RICHARDS
77875,ANDERSON
77876,SHIRO
77878,SNOOK
77879,SOMERVILLE
77880,WASHINGTON
77881,WELLBORN
77882,WHEELOCK
77901,VICTORIA
77902,VICTORIA
77903,VICTORIA
77904,VICTORIA
77905,VICTORIA
77950,AUSTWELL
77951,BLOOMINGTON
77954,CUERO
77957,EDNA
77960,FANNIN
77961,FRANCITAS
77962,GANADO
77963,GOLIAD
77964,HALLETTSVILLE
77968,EDNA
77969,LA SALLE
77970,LA WARD
77971,LOLITA
77973,MCFADDIN
77974,MEYERSVILLE
77975,MOULTON
77976,NURSERY
77977,PLACEDO
77978,POINT COMFORT
77979,PORT LAVACA
77982,PORT O CONNOR
77983,SEADRIFT
77984,SHINER
77987,SWEET HOME
77988,TELFERNER
77989,THOMASTON
77990,TIVOLI
77991,VANDERBILT
77993,WEESATCHE
77994,WESTHOFF
77995,YOAKUM
78002,ATASCOSA
78003,BANDERA
78004,BOERNE
78005,BIGFOOT
78006,BOERNE
78007,CALLIHAM
78008,CAMPBELLTON
78009,CASTROVILLE
78010,CENTER POINT
78011,CHARLOTTE
78012,CHRISTINE
78013,COMFORT
78014,COTULLA
78015,BOERNE
78016,DEVINE
78017,COTULLA
78019,ENCINAL
78021,JOURDANTON
78022,GEORGE WEST
78023,HELOTES
78024,INGRAM
78025,INGRAM
78026,JOURDANTON
78027,KENDALIA
78028,KERRVILLE
78029,KERRVILLE
78039,LA COSTE
78040,LAREDO
78041,LAREDO
78042,LAREDO
78043,LAREDO
78044,LAREDO
78045,LAREDO
78046,LAREDO
78050,LEMING
78052,LYTLE
78054,MACDONA
78055,MEDINA
78056,CASTROVILLE
78057,MOORE
78058,MOUNTAIN HOME
78059,LYTLE
78061,PEARSALL
78063,PIPE CREEK
78064,PLEASANTON
78065,POTEET
78066,RIO MEDINA
78067,SAN YGNACIO
78069,SOMERSET
78070,SPRING BRANCH
78071,THREE RIVERS
78072,TILDEN
78073,VON ORMY
78074,WARING
78075,CAMPBELLTON
78076,ZAPATA
78101,ADKINS
78102,BEEVILLE
78104,BEEVILLE
78107,BERCLAIR
78108,CIBOLO
78109,CONVERSE
78111,GILLETT
78112,ELMENDORF
78113,FALLS CITY
78114,FLORESVILLE
78115,SEGUIN
78116,GILLETT
78117,FALLS CITY
78118,KARNES CITY
78119,KENEDY
78121,LA VERNIA
78122,LEESVILLE
78123,MC QUEENEY
78124,MARION
78125,MINERAL
78130,NEW BRAUNFELS
78131,NEW BRAUNFELS
78132,NEW BRAUNFELS
78133,CANYON LAKE
78135,NEW BRAUNFELS
78140,NIXON
78141,NORDHEIM
78142,NORMANNA
78143,PANDORA
78144,PANNA MARIA
78145,PAWNEE
78146,PETTUS
78147,POTH
78148,JBSA RANDOLPH
78151,RUNGE
78152,SAINT HEDWIG
78154,SCHERTZ
78155,SEGUIN
78156,SEGUIN
78159,SMILEY
78160,STOCKDALE
78161,SUTHERLAND SPRINGS
78162,TULETA
78163,BULVERDE
78164,YORKTOWN
78201,SAN ANTONIO
78202,SAN ANTONIO
78203,SAN ANTONIO
78204,SAN ANTONIO
78205,SAN ANTONIO
78207,SAN ANTONIO
78208,SAN ANTONIO
78209,SAN ANTONIO
78210,SAN ANTONIO
78211,SAN ANTONIO
78212,SAN ANTONIO
78213,SAN ANTONIO
78214,SAN ANTONIO
78215,SAN ANTONIO
78216,SAN ANTONIO
78217,SAN ANTONIO
78218,SAN ANTONIO
78219,SAN ANTONIO
78220,SAN ANTONIO
78221,SAN ANTONIO
78222,SAN ANTONIO
78223,SAN ANTONIO
78224,SAN ANTONIO
78225,SAN ANTONIO
78226,SAN ANTONIO
78227,SAN ANTONIO
78228,SAN ANTONIO
78229,SAN ANTONIO
78230,SAN ANTONIO
78231,SAN ANTONIO
78232,SAN ANTONIO
78233,SAN ANTONIO
78234,JBSA FT SAM HOUSTON
78235,SAN ANTONIO
78236,JBSA LACKLAND
78237,SAN ANTONIO
78238,SAN ANTONIO
78239,SAN ANTONIO
78240,SAN ANTONIO
78242,SAN ANTONIO
78244,SAN ANTONIO
78245,SAN ANTONIO
78246,SAN ANTONIO
78247,SAN ANTONIO
78248,SAN ANTONIO
78249,SAN ANTONIO
78250,SAN ANTONIO
78251,SAN ANTONIO
78252,SAN ANTONIO
78253,SAN ANTONIO
78254,SAN ANTONIO
78255,SAN ANTONIO
78256,SAN ANTONIO
78257,SAN ANTONIO
78258,SAN ANTONIO
78259,SAN ANTONIO
78260,SAN ANTONIO
78261,SAN ANTONIO
78263,SAN ANTONIO
78264,SAN ANTONIO
78265,SAN ANTONIO
78266,SAN ANTONIO
78268,SAN ANTONIO
78269,SAN ANTONIO
78270,SAN ANTONIO
78278,SAN ANTONIO
78279,SAN ANTONIO
78280,SAN ANTONIO
78283,SAN ANTONIO
78291,SAN ANTONIO
78292,SAN ANTONIO
78293,SAN ANTONIO
78294,SAN ANTONIO
78295,SAN ANTONIO
78296,SAN ANTONIO
78297,SAN ANTONIO
78298,SAN ANTONIO
78299,SAN ANTONIO
78330,AGUA DULCE
78332,ALICE
78333,ALICE
78335,ARANSAS PASS
78336,ARANSAS PASS
78338,SARITA
78339,BANQUETE
78340,BAYSIDE
78341,BENAVIDES
78342,ALICE
78343,BISHOP
78344,BRUNI
78347,CHAPMAN RANCH
78349,CONCEPCION
78351,DRISCOLL
78352,EDROY
78353,ENCINO
78355,FALFURRIAS
78357,FREER
78358,FULTON
78359,GREGORY
78360,HEBBRONVILLE
78361,HEBBRONVILLE
78362,INGLESIDE
78363,KINGSVILLE
78364,KINGSVILLE
78368,MATHIS
78369,BRUNI
78370,ODEM
78371,OILTON
78372,ORANGE GROVE
78373,PORT ARANSAS
78374,PORTLAND
78375,PREMONT
78376,REALITOS
78377,REFUGIO
78379,RIVIERA
78380,ROBSTOWN
78381,ROCKPORT
78382,ROCKPORT
78383,ORANGE GROVE
78384,ALICE
78385,SARITA
78387,SINTON
78389,SKIDMORE
78390,PORTLAND
78391,TYNAN
78393,WOODSBORO
78401,CORPUS CHRISTI
78402,CORPUS CHRISTI
78403,CORPUS CHRISTI
78404,CORPUS CHRISTI
78405,CORPUS CHRISTI
78406,CORPUS CHRISTI
78407,CORPUS CHRISTI
78408,CORPUS CHRISTI
78409,CORPUS CHRISTI
78410,CORPUS CHRISTI
78411,CORPUS CHRISTI
78412,CORPUS CHRISTI
78413,CORPUS CHRISTI
78414,CORPUS CHRISTI
78415,CORPUS CHRISTI
78416,CORPUS CHRISTI
78417,CORPUS CHRISTI
78418,CORPUS CHRISTI
78427,CORPUS CHRISTI
78460,CORPUS CHRISTI
78463,CORPUS CHRISTI
78465,CORPUS CHRISTI
78466,CORPUS CHRISTI
78467,CORPUS CHRISTI
78468,CORPUS CHRISTI
78469,CORPUS CHRISTI
78480,CORPUS CHRISTI
78501,MCALLEN
78502,MCALLEN
78503,MCALLEN
78504,MCALLEN
78505,MCALLEN
78516,ALAMO
78520,BROWNSVILLE
78521,BROWNSVILLE
78522,BROWNSVILLE
78523,BROWNSVILLE
78526,BROWNSVILLE
78535,COMBES
78536,DELMITA
78537,DONNA
78538,EDCOUCH
78539,EDINBURG
78540,EDINBURG
78541,EDINBURG
78542,EDINBURG
78543,ELSA
78545,FALCON HEIGHTS
78547,GARCIASVILLE
78548,GRULLA
78549,HARGILL
78550,HARLINGEN
78551,HARLINGEN
78552,HARLINGEN
78553,HARLINGEN
78557,HIDALGO
78558,LA BLANCA
78559,LA FERIA
78560,LA JOYA
78561,LASARA
78562,EDCOUCH
78563,LINN
78564,LOPENO
78565,LOS EBANOS
78566,LOS FRESNOS
78567,LOS INDIOS
78568,LOZANO
78569,LYFORD
78570,MERCEDES
78572,MISSION
78573,MISSION
78574,MISSION
78575,BROWNSVILLE
78576,MISSION
78577,MCALLEN
78578,PORT ISABEL
78579,PROGRESO
78580,RAYMONDVILLE
78582,RIO GRANDE CITY
78583,RIO HONDO
78584,ROMA
78585,SALINENO
78586,SAN BENITO
78588,DELMITA
78589,SAN JUAN
78590,SAN PERLITA
78591,SANTA ELENA
78592,SANTA MARIA
78593,RAYMONDVILLE
78594,SEBASTIAN
78595,MISSION
78596,WESLACO
78597,SOUTH PADRE ISLAND
78599,WESLACO
78602,BASTROP
78604,LULING
78605,BERTRAM
78606,JOHNSON CITY
78607,BLUFFTON
78608,BERTRAM
78609,BUCHANAN DAM
78610,BUDA
78611,BURNET
78612,CEDAR CREEK
78613,CEDAR PARK
78614,COST
78615,COUPLAND
78616,DALE
78617,DEL VALLE
78618,DOSS
78619,DRIFTWOOD
78620,DRIPPING SPRINGS
78621,ELGIN
78622,FENTRESS
78623,FISCHER
78624,FREDERICKSBURG
78626,GEORGETOWN
78627,GEORGETOWN
78628,GEORGETOWN
78629,GONZALES
78630,CEDAR PARK
78631,HARPER
78632,HARWOOD
78633,GEORGETOWN
78634,HUTTO
78635,HYE
78636,JOHNSON CITY
78638,KINGSBURY
78639,KINGSLAND
78640,KYLE
78641,LEANDER
78642,LIBERTY HILL
78643,LLANO
78644,LOCKHART
78645,LAGO VISTA
78646,LEANDER
78648,LULING
78650,MC DADE
78651,MC NEIL
78652,MANCHACA
78653,MANOR
78654,MARBLE FALLS
78655,MARTINDALE
78656,MAXWELL
78657,HORSESHOE BAY
78658,GONZALES
78659,PAIGE
78660,PFLUGERVILLE
78661,PRAIRIE LEA
78662,RED ROCK
78663,ROUND MOUNTAIN
78664,ROUND ROCK
78665,ROUND ROCK
78666,SAN MARCOS
78667,SAN MARCOS
78669,SPICEWOOD
78670,STAPLES
78671,JOHNSON CITY
78672,BLUFFTON
78673,WALBURG
78674,WEIR
78675,FREDERICKSBURG
78676,WIMBERLEY
78680,ROUND ROCK
78681,ROUND ROCK
78683,ROUND ROCK
78691,PFLUGERVILLE
78701,AUSTIN
78702,AUSTIN
78703,AUSTIN
78704,AUSTIN
78705,AUSTIN
78708,AUSTIN
78709,AUSTIN
78711,AUSTIN
78714,AUSTIN
78715,AUSTIN
78716,AUSTIN
78717,AUSTIN
78718,AUSTIN
78719,AUSTIN
78720,AUSTIN
78721,AUSTIN
78722,AUSTIN
78723,AUSTIN
78724,AUSTIN
78725,AUSTIN
78726,AUSTIN
78727,AUSTIN
78728,AUSTIN
78729,AUSTIN
78730,AUSTIN
78731,AUSTIN
78732,LAKEWAY
78733,LAKEWAY
78734,LAKEWAY
78735,AUSTIN
78736,AUSTIN
78737,AUSTIN
78738,LAKEWAY
78739,AUSTIN
78741,AUSTIN
78742,AUSTIN
78744,AUSTIN
78745,AUSTIN
78746,AUSTIN
78747,AUSTIN
78748,AUSTIN
78749,AUSTIN
78750,AUSTIN
78751,AUSTIN
78752,AUSTIN
78753,AUSTIN
78754,AUSTIN
78755,AUSTIN
78756,AUSTIN
78757,AUSTIN
78758,AUSTIN
78759,AUSTIN
78760,AUSTIN
78761,AUSTIN
78762,AUSTIN
78763,AUSTIN
78764,AUSTIN
78765,AUSTIN
78766,AUSTIN
78767,AUSTIN
78768,AUSTIN
78801,UVALDE
78802,UVALDE
78827,ASHERTON
78828,BARKSDALE
78829,BATESVILLE
78830,BIG WELLS
78832,BRACKETTVILLE
78833,CAMP WOOD
78834,CARRIZO SPRINGS
78837,COMSTOCK
78838,CONCAN
78839,CRYSTAL CITY
78840,DEL RIO
78841,DEL RIO
78842,DEL RIO
78850,D HANIS
78851,DEL RIO
78852,EAGLE PASS
78853,EAGLE PASS
78860,EL INDIO
78861,HONDO
78870,KNIPPA
78871,LANGTRY
78872,LA PRYOR
78873,LEAKEY
78877,QUEMADO
78879,RIO FRIO
78880,ROCKSPRINGS
78881,SABINAL
78883,TARPLEY
78884,UTOPIA
78885,VANDERPOOL
78886,YANCEY
78931,BLEIBLERVILLE
78932,CARMINE
78933,CAT SPRING
78934,COLUMBUS
78935,COLUMBUS
78938,ELLINGER
78940,FAYETTEVILLE
78941,FLATONIA
78942,GIDDINGS
78944,INDUSTRY
78945,LA GRANGE
78946,CARMINE
78947,LEXINGTON
78948,GIDDINGS
78949,FLATONIA
78950,NEW ULM
78952,PLUM
78953,ROSANKY
78954,ROUND TOP
78956,SCHULENBURG
78957,SMITHVILLE
78959,WAELDER
78960,WARDA
78961,ROUND TOP
78962,WEIMAR
78963,PLUM
79001,ADRIAN
79003,ALLISON
79005,BOOKER
79007,BORGER
79008,BORGER
79009,BOVINA
79010,BOYS RANCH
79011,BRISCOE
79012,BUSHLAND
79013,CACTUS
79014,CANADIAN
79015,CANYON
79018,CHANNING
79019,CLAUDE
79021,COTTON CENTER
79022,DALHART
79024,DARROUZETT
79027,DIMMITT
79029,DUMAS
79031,EARTH
79032,EDMONSON
79033,FARNSWORTH
79034,FOLLETT
79035,FRIONA
79036,FRITCH
79039,GROOM
79040,GRUVER
79041,HALE CENTER
79042,HAPPY
79043,HART
79044,HARTLEY
79045,HEREFORD
79046,HIGGINS
79052,KRESS
79053,LAZBUDDIE
79054,LEFORS
79056,LIPSCOMB
79057,MCLEAN
79058,CHANNING
79059,MIAMI
79061,MOBEETIE
79062,MORSE
79063,NAZARETH
79064,OLTON
79065,PAMPA
79066,PAMPA
79068,PANHANDLE
79070,PERRYTON
79072,PLAINVIEW
79073,PLAINVIEW
79078,SANFORD
79079,SHAMROCK
79080,SKELLYTOWN
79081,SPEARMAN
79082,SPRINGLAKE
79083,STINNETT
79084,STRATFORD
79085,FRIONA
79086,SUNRAY
79087,TEXLINE
79088,TULIA
79091,UMBARGER
79092,VEGA
79093,FARNSWORTH
79094,HAPPY
79095,WELLINGTON
79096,WHEELER
79097,WHITE DEER
79098,WILDORADO
79101,AMARILLO
79102,AMARILLO
79103,AMARILLO
79104,AMARILLO
79105,AMARILLO
79106,AMARILLO
79107,AMARILLO
79108,AMARILLO
79109,AMARILLO
79110,AMARILLO
79111,AMARILLO
79114,AMARILLO
79116,AMARILLO
79117,AMARILLO
79118,AMARILLO
79119,AMARILLO
79120,AMARILLO
79121,AMARILLO
79124,AMARILLO
79159,AMARILLO
79189,AMARILLO
79201,CHILDRESS
79220,ROARING SPRINGS
79225,CHILLICOTHE
79226,CLARENDON
79227,CROWELL
79229,DICKENS
79231,DOUGHERTY
79233,ESTELLINE
79234,QUITAQUE
79235,FLOYDADA
79236,GUTHRIE
79237,HEDLEY
79239,LAKEVIEW
79241,LOCKNEY
79243,MCADOO
79244,MATADOR
79245,MEMPHIS
79248,PADUCAH
79250,PETERSBURG
79252,QUANAH
79255,QUITAQUE
79256,ROARING SPRINGS
79257,SILVERTON
79258,SOUTH PLAINS
79259,TELL
79261,QUITAQUE
79311,ABERNATHY
79312,AMHERST
79313,ANTON
79314,BLEDSOE
79316,BROWNFIELD
79322,CROSBYTON
79323,DENVER CITY
79324,ENOCHS
79325,FARWELL
79326,LITTLEFIELD
79329,IDALOU
79330,POST
79331,LAMESA
79336,LEVELLAND
79338,LEVELLAND
79339,LITTLEFIELD
79342,LOOP
79343,LORENZO
79345,MEADOW
79346,MORTON
79347,MULESHOE
79350,NEW DEAL
79351,ODONNELL
79353,PEP
79355,PLAINS
79356,POST
79357,CROSBYTON
79358,ROPESVILLE
79359,SEAGRAVES
79360,SEMINOLE
79363,SHALLOWATER
79364,SLATON
79366,SLATON
79367,SMYER
79369,SPADE
79370,SPUR
79371,SUDAN
79372,SUNDOWN
79373,TAHOKA
79376,BROWNFIELD
79377,WELCH
79378,WELLMAN
79379,WHITEFACE
79380,WHITHARRAL
79381,SLATON
79382,WOLFFORTH
79401,LUBBOCK
79403,LUBBOCK
79404,LUBBOCK
79407,LUBBOCK
79408,LUBBOCK
79409,LUBBOCK
79410,LUBBOCK
79411,LUBBOCK
79412,LUBBOCK
79413,LUBBOCK
79414,LUBBOCK
79415,LUBBOCK
79416,LUBBOCK
79423,LUBBOCK
79424,LUBBOCK
79452,LUBBOCK
79453,LUBBOCK
79464,LUBBOCK
79490,LUBBOCK
79493,LUBBOCK
79499,LUBBOCK
79501,ANSON
79502,ASPERMONT
79504,BAIRD
79505,BENJAMIN
79506,BLACKWELL
79508,BUFFALO GAP
79510,CLYDE
79511,COAHOMA
79512,COLORADO CITY
79518,GIRARD
79520,HAMLIN
79521,HASKELL
79525,HAWLEY
79526,HERMLEIGH
79527,IRA
79528,JAYTON
79529,KNOX CITY
79530,LAWN
79532,LORAINE
79533,LUEDERS
79534,MC CAULLEY
79535,MARYNEAL
79536,MERKEL
79537,NOLAN
79538,NOVICE
79539,KNOX CITY
79540,OLD GLORY
79541,OVALO
79543,ROBY
79544,ROCHESTER
79545,ROSCOE
79546,ROTAN
79547,RULE
79549,SNYDER
79550,SNYDER
79553,STAMFORD
79556,SWEETWATER
79560,SYLVESTER
79561,TRENT
79562,TUSCOLA
79563,TYE
79565,WESTBROOK
79566,WINGATE
79567,WINTERS
79601,ABILENE
79602,ABILENE
79603,ABILENE
79604,ABILENE
79605,ABILENE
79606,ABILENE
79607,DYESS AFB
79608,ABILENE
79701,MIDLAND
79702,MIDLAND
79703,MIDLAND
79704,MIDLAND
79705,MIDLAND
79706,MIDLAND
79707,MIDLAND
79708,MIDLAND
79710,MIDLAND
79711,MIDLAND
79713,ACKERLY
79714,ANDREWS
79718,BALMORHEA
79719,BARSTOW
79720,BIG SPRING
79721,BIG SPRING
79730,COYANOSA
79731,CRANE
79733,FORSAN
79734,FORT DAVIS
79735,FORT STOCKTON
79738,GAIL
79739,GARDEN CITY
79741,GOLDSMITH
79742,GRANDFALLS
79743,IMPERIAL
79744,IRAAN
79745,KERMIT
79748,BIG SPRING
79749,LENORAH
79752,MC CAMEY
79754,MENTONE
79755,MIDKIFF
79756,MONAHANS
79758,GARDENDALE
79759,GOLDSMITH
79760,ODESSA
79761,ODESSA
79762,ODESSA
79763,ODESSA
79764,ODESSA
79765,ODESSA
79766,ODESSA
79768,ODESSA
79769,ODESSA
79770,ORLA
79772,PECOS
79776,PENWELL
79777,PYOTE
79778,RANKIN
79780,SARAGOSA
79781,SHEFFIELD
79782,STANTON
79783,TARZAN
79785,TOYAH
79786,SARAGOSA
79788,WICKETT
79789,WINK
79821,ANTHONY
79830,ALPINE
79831,ALPINE
79834,BIG BEND NATIONAL PARK
79835,CANUTILLO
79836,CLINT
79837,DELL CITY
79838,FABENS
79839,FORT HANCOCK
79842,MARATHON
79843,MARFA
79845,PRESIDIO
79846,PRESIDIO
79847,DELL CITY
79848,SANDERSON
79849,SAN ELIZARIO
79851,SIERRA BLANCA
79852,TERLINGUA
79853,TORNILLO
79854,VALENTINE
79855,VAN HORN
79901,EL PASO
79902,EL PASO
79903,EL PASO
79904,EL PASO
79905,EL PASO
79906,EL PASO
79907,EL PASO
79908,EL PASO
79911,EL PASO
79912,EL PASO
79913,EL PASO
79914,EL PASO
79915,EL PASO
79917,EL PASO
79922,EL PASO
79923,EL PASO
79924,EL PASO
79925,EL PASO
79926,EL PASO
79927,SOCORRO
79928,EL PASO
79929,SOCORRO
79930,EL PASO
79931,EL PASO
79932,EL PASO
79934,EL PASO
79935,EL PASO
79936,EL PASO
79937,EL PASO
79938,EL PASO
79940,EL PASO
79941,EL PASO
79942,EL PASO
79943,EL PASO
79944,EL PASO
79945,EL PASO
79946,EL PASO
79947,EL PASO
79948,EL PASO
79949,EL PASO
79950,EL PASO
79951,EL PASO
79952,EL PASO
79953,EL PASO
79954,EL PASO
79955,EL PASO
79995,EL PASO
79996,EL PASO
79997,EL PASO
79998,EL PASO
79999,EL PASO
80001,ARVADA
80002,ARVADA
80003,ARVADA
80004,ARVADA
80005,ARVADA
80006,ARVADA
80007,ARVADA
80010,AURORA
80011,AURORA
80012,AURORA
80013,AURORA
80014,AURORA
80015,CENTENNIAL
80016,CENTENNIAL
80017,AURORA
80018,AURORA
80019,AURORA
80020,BROOMFIELD
80021,BROOMFIELD
80022,COMMERCE CITY
80023,BROOMFIELD
80024,COMMERCE CITY
80025,ELDORADO SPRINGS
80026,LAFAYETTE
80027,SUPERIOR
80030,WESTMINSTER
80031,WESTMINSTER
80033,WHEAT RIDGE
80034,WHEAT RIDGE
80035,WESTMINSTER
80036,WESTMINSTER
80037,COMMERCE CITY
80038,BROOMFIELD
80040,AURORA
80041,AURORA
80042,AURORA
80044,AURORA
80045,AURORA
80046,CENTENNIAL
80047,AURORA
80101,AGATE
80102,BENNETT
80103,BYERS
80104,CASTLE ROCK
80105,DEER TRAIL
80106,ELBERT
80107,ELIZABETH
80108,CASTLE ROCK
80109,CASTLE ROCK
80110,ENGLEWOOD
80111,GREENWOOD VILLAGE
80112,GREENWOOD VILLAGE
80113,ENGLEWOOD
80116,FRANKTOWN
80117,KIOWA
80118,LARKSPUR
80120,LITTLETON
80121,CENTENNIAL
80122,CENTENNIAL
80123,LITTLETON
80124,HIGHLANDS RANCH
80125,LITTLETON
80126,HIGHLANDS RANCH
80127,LITTLETON
80128,LITTLETON
80129,HIGHLANDS RANCH
80130,HIGHLANDS RANCH
80131,LOUVIERS
80132,MONUMENT
80133,MONUMENT
80134,PARKER
80135,SEDALIA
80136,BENNETT
80137,WATKINS
80138,PARKER
80150,ENGLEWOOD
80151,ENGLEWOOD
80155,GREENWOOD VILLAGE
80160,LITTLETON
80161,CENTENNIAL
80162,LITTLETON
80163,HIGHLANDS RANCH
80201,DENVER
80202,DENVER
80203,DENVER
80204,DENVER
80205,DENVER
80206,DENVER
80207,DENVER
80209,DENVER
80210,DENVER
80211,DENVER
80212,DENVER
80214,LAKEWOOD
80215,LAKEWOOD
80216,DENVER
80217,DENVER
80218,DENVER
80219,DENVER
80220,DENVER
80221,DENVER
80222,DENVER
80223,DENVER
80224,DENVER
80226,LAKEWOOD
80227,DENVER
80228,LAKEWOOD
80229,DENVER
80230,DENVER
80231,DENVER
80232,DENVER
80233,NORTHGLENN
80234,NORTHGLENN
80235,DENVER
80236,DENVER
80237,DENVER
80238,DENVER
80239,DENVER
80241,NORTHGLENN
80246,DENVER
80247,DENVER
80248,DENVER
80249,DENVER
80250,DENVER
80260,DENVER
80264,DENVER
80265,DENVER
80293,DENVER
80294,DENVER
80299,DENVER
80301,BOULDER
80302,BOULDER
80303,BOULDER
80304,BOULDER
80305,BOULDER
80306,BOULDER
80307,BOULDER
80308,BOULDER
80401,GOLDEN
80402,GOLDEN
80403,GOLDEN
80420,ALMA
80421,BAILEY
80422,BLACK HAWK
80423,MC COY
80424,BRECKENRIDGE
80425,BUFFALO CREEK
80426,BURNS
80427,CENTRAL CITY
80428,CLARK
80430,WALDEN
80432,COMO
80433,CONIFER
80434,COWDREY
80435,DILLON
80436,DUMONT
80437,EVERGREEN
80438,EMPIRE
80439,GOLDEN
80440,FAIRPLAY
80442,FRASER
80443,FRISCO
80444,GEORGETOWN
80446,GRANBY
80447,GRAND LAKE
80448,SHAWNEE
80449,HARTSEL
80451,HOT SULPHUR SPRINGS
80452,IDAHO SPRINGS
80453,IDLEDALE
80454,INDIAN HILLS
80455,JAMESTOWN
80456,FAIRPLAY
80457,KITTREDGE
80459,KREMMLING
80461,LEADVILLE
80463,MC COY
80465,MORRISON
80466,NEDERLAND
80467,OAK CREEK
80468,KREMMLING
80469,OAK CREEK
80470,PINE
80471,PINECLIFFE
80473,RAND
80474,ROLLINSVILLE
80475,SHAWNEE
80476,SILVER PLUME
80477,STEAMBOAT SPRINGS
80478,TABERNASH
80479,TOPONAS
80480,WALDEN
80481,JAMESTOWN
80482,WINTER PARK
80483,YAMPA
80487,STEAMBOAT SPRINGS
80488,STEAMBOAT SPRINGS
80497,SILVERTHORNE
80498,DILLON
80501,LONGMONT
80502,LONGMONT
80503,LONGMONT
80504,LONGMONT
80510,ALLENSPARK
80511,ESTES PARK
80512,BELLVUE
80513,BERTHOUD
80514,DACONO
80515,DRAKE
80516,ERIE
80517,ESTES PARK
80520,FIRESTONE
80521,FORT COLLINS
80522,FORT COLLINS
80524,FORT COLLINS
80525,FORT COLLINS
80526,FORT COLLINS
80527,FORT COLLINS
80528,FORT COLLINS
80530,FREDERICK
80532,GLEN HAVEN
80533,HYGIENE
80534,JOHNSTOWN
80535,LAPORTE
80536,LIVERMORE
80537,LOVELAND
80538,LOVELAND
80539,LOVELAND
80540,LYONS
80541,MASONVILLE
80542,MEAD
80543,JOHNSTOWN
80544,NIWOT
80545,RED FEATHER LAKES
80546,SEVERANCE
80547,TIMNATH
80549,WELLINGTON
80550,WINDSOR
80601,BRIGHTON
80602,BRIGHTON
80603,BRIGHTON
80610,AULT
80611,BRIGGSDALE
80612,CARR
80614,EASTLAKE
80615,EATON
80620,EVANS
80621,FORT LUPTON
80622,GALETON
80623,GILCREST
80624,GILL
80631,GREELEY
80632,GREELEY
80633,GREELEY
80634,GREELEY
80640,HENDERSON
80642,HUDSON
80643,KEENESBURG
80644,KERSEY
80645,EVANS
80646,LUCERNE
80648,NUNN
80649,ORCHARD
80650,PIERCE
80651,PLATTEVILLE
80652,ROGGEN
80653,WELDONA
80654,WIGGINS
80701,FORT MORGAN
80705,FORT MORGAN
80720,AKRON
80721,AMHERST
80722,ATWOOD
80723,BRUSH
80726,CROOK
80727,ECKLEY
80728,FLEMING
80729,GROVER
80731,HAXTUN
80732,HEREFORD
80733,HILLROSE
80734,HOLYOKE
80735,IDALIA
80736,ILIFF
80737,JULESBURG
80740,ANTON
80741,MERINO
80742,NEW RAYMER
80743,OTIS
80744,OVID
80745,PEETZ
80747,PEETZ
80749,SEDGWICK
80750,SNYDER
80751,STERLING
80754,STONEHAM
80755,VERNON
80757,WOODROW
80758,WRAY
80759,YUMA
80801,ANTON
80802,ARAPAHOE
80804,ARRIBA
80805,BETHUNE
80807,BURLINGTON
80808,CALHAN
80809,CASCADE
80810,CHEYENNE WELLS
80812,COPE
80813,CRIPPLE CREEK
80814,DIVIDE
80815,FLAGLER
80816,FLORISSANT
80817,FOUNTAIN
80818,GENOA
80819,GREEN MOUNTAIN FALLS
80820,GUFFEY
80821,HUGO
80822,JOES
80823,KARVAL
80824,KIRK
80825,KIT CARSON
80827,LAKE GEORGE
80828,LIMON
80829,MANITOU SPRINGS
80830,MATHESON
80831,PEYTON
80832,RAMAH
80833,RUSH
80834,SEIBERT
80835,SIMLA
80836,STRATTON
80840,USAF ACADEMY
80841,USAF ACADEMY
80860,VICTOR
80861,STRATTON
80862,WILD HORSE
80863,WOODLAND PARK
80864,YODER
80866,WOODLAND PARK
80901,COLORADO SPRINGS
80902,COLORADO SPRINGS
80903,COLORADO SPRINGS
80904,COLORADO SPRINGS
80905,COLORADO SPRINGS
80906,COLORADO SPRINGS
80907,COLORADO SPRINGS
80908,COLORADO SPRINGS
80909,COLORADO SPRINGS
80910,COLORADO SPRINGS
80911,COLORADO SPRINGS
80914,COLORADO SPRINGS
80915,COLORADO SPRINGS
80916,COLORADO SPRINGS
80917,COLORADO SPRINGS
80918,COLORADO SPRINGS
80919,COLORADO SPRINGS
80920,COLORADO SPRINGS
80921,COLORADO SPRINGS
80922,COLORADO SPRINGS
80923,COLORADO SPRINGS
80924,COLORADO SPRINGS
80925,COLORADO SPRINGS
80926,COLORADO SPRINGS
80927,COLORADO SPRINGS
80928,COLORADO SPRINGS
80929,COLORADO SPRINGS
80930,COLORADO SPRINGS
80931,COLORADO SPRINGS
80932,COLORADO SPRINGS
80933,COLORADO SPRINGS
80934,COLORADO SPRINGS
80935,COLORADO SPRINGS
80936,COLORADO SPRINGS
80937,COLORADO SPRINGS
80938,COLORADO SPRINGS
80939,COLORADO SPRINGS
80949,COLORADO SPRINGS
80951,COLORADO SPRINGS
80960,COLORADO SPRINGS
80962,COLORADO SPRINGS
80970,COLORADO SPRINGS
81001,PUEBLO
81002,PUEBLO
81003,PUEBLO
81004,PUEBLO
81005,PUEBLO
81006,PUEBLO
81007,PUEBLO
81008,PUEBLO
81019,COLORADO CITY
81020,AGUILAR
81021,HASWELL
81022,AVONDALE
81023,BEULAH
81025,BOONE
81027,BRANSON
81029,CAMPO
81030,CHERAW
81033,CROWLEY
81036,EADS
81039,FOWLER
81040,GARDNER
81041,GRANADA
81043,HARTMAN
81044,HASTY
81045,HASWELL
81046,HOEHNE
81047,HOLLY
81049,KIM
81050,LA JUNTA
81052,LAMAR
81054,LAS ANIMAS
81055,LA VETA
81057,MC CLAVE
81058,MANZANOLA
81059,TRINIDAD
81062,FOWLER
81063,ORDWAY
81064,PRITCHETT
81067,ROCKY FORD
81069,RYE
81071,SHERIDAN LAKE
81073,SPRINGFIELD
81076,SUGAR CITY
81077,SWINK
81081,TRINIDAD
81082,TRINIDAD
81084,TWO BUTTES
81087,VILAS
81089,WALSENBURG
81090,WALSH
81091,TRINIDAD
81092,WILEY
81101,ALAMOSA
81120,ANTONITO
81121,ARBOLES
81122,BAYFIELD
81123,BLANCA
81124,CAPULIN
81125,CENTER
81129,CONEJOS
81130,CREEDE
81131,CRESTONE
81132,DEL NORTE
81133,FORT GARLAND
81135,MONTE VISTA
81136,CENTER
81137,IGNACIO
81138,JAROSO
81140,LA JARA
81141,MANASSA
81143,MOFFAT
81144,MONTE VISTA
81146,MOSCA
81147,PAGOSA SPRINGS
81148,ROMEO
81149,SAGUACHE
81151,SANFORD
81152,SAN LUIS
81154,SOUTH FORK
81155,VILLA GROVE
81157,PAGOSA SPRINGS
81201,SALIDA
81210,ALMONT
81211,BUENA VISTA
81212,CANON CITY
81215,CANON CITY
81220,CIMARRON
81221,COAL CREEK
81222,COALDALE
81223,COTOPAXI
81224,CRESTED BUTTE
81225,CRESTED BUTTE
81226,FLORENCE
81230,GUNNISON
81233,HOWARD
81235,LAKE CITY
81236,NATHROP
81237,PARLIN
81239,PARLIN
81240,PENROSE
81241,PITKIN
81242,SALIDA
81243,GUNNISON
81244,ROCKVALE
81248,SARGENTS
81251,BUENA VISTA
81252,WESTCLIFFE
81253,WETMORE
81301,DURANGO
81302,DURANGO
81303,DURANGO
81320,CAHONE
81321,CORTEZ
81323,DOLORES
81324,DOVE CREEK
81325,EGNAR
81326,HESPERUS
81327,LEWIS
81328,MANCOS
81329,MARVEL
81330,MESA VERDE NATIONAL PARK
81331,PLEASANT VIEW
81332,RICO
81334,TOWAOC
81335,YELLOW JACKET
81401,MONTROSE
81402,MONTROSE
81403,MONTROSE
81410,AUSTIN
81411,BEDROCK
81413,CEDAREDGE
81415,CRAWFORD
81416,DELTA
81418,ECKERT
81419,HOTCHKISS
81420,HOTCHKISS
81422,NATURITA
81423,NORWOOD
81424,NUCLA
81425,OLATHE
81426,OPHIR
81427,OURAY
81428,PAONIA
81429,PARADOX
81430,PLACERVILLE
81431,REDVALE
81432,RIDGWAY
81433,SILVERTON
81434,SOMERSET
81435,TELLURIDE
81501,GRAND JUNCTION
81502,GRAND JUNCTION
81503,GRAND JUNCTION
81504,GRAND JUNCTION
81505,GRAND JUNCTION
81506,GRAND JUNCTION
81507,GRAND JUNCTION
81520,CLIFTON
81521,FRUITA
81522,GATEWAY
81523,GRAND JUNCTION
81524,LOMA
81525,MACK
81526,GRAND JUNCTION
81527,GRAND JUNCTION
81601,GLENWOOD SPRINGS
81602,GLENWOOD SPRINGS
81610,DINOSAUR
81611,ASPEN
81612,ASPEN
81615,SNOWMASS VILLAGE
81620,AVON
81621,BASALT
81623,CARBONDALE
81624,COLLBRAN
81625,CRAIG
81626,CRAIG
81630,DE BEQUE
81631,EAGLE
81632,EDWARDS
81635,PARACHUTE
81636,PARACHUTE
81637,GYPSUM
81638,HAMILTON
81639,HAYDEN
81640,MAYBELL
81641,MEEKER
81642,MEREDITH
81643,MESA
81645,MINTURN
81646,MOLINA
81647,NEW CASTLE
81648,RANGELY
81649,RED CLIFF
81650,RIFLE
81652,SILT
81653,SLATER
81654,BASALT
81655,WOLCOTT
81656,WOODY CREEK
81657,VAIL
81658,VAIL
82001,CHEYENNE
82003,CHEYENNE
82007,CHEYENNE
82009,CHEYENNE
82050,ALBIN
82051,LARAMIE
82053,BURNS
82054,BURNS
82055,CENTENNIAL
82058,ROCK RIVER
82060,HILLSDALE
82063,LARAMIE
82070,LARAMIE
82072,LARAMIE
82073,LARAMIE
82082,PINE BLUFFS
82083,ROCK RIVER
82190,YELLOWSTONE NATIONAL PARK
82201,WHEATLAND
82210,CHUGWATER
82212,FORT LARAMIE
82213,GLENDO
82214,GUERNSEY
82215,HARTVILLE
82217,HAWK SPRINGS
82218,HUNTLEY
82219,JAY EM
82221,LAGRANGE
82222,LANCE CREEK
82223,LINGLE
82224,MANVILLE
82225,LUSK
82227,MANVILLE
82240,TORRINGTON
82243,VETERAN
82244,YODER
82301,RAWLINS
82321,BAGGS
82322,BAIROIL
82323,DIXON
82324,ELK MOUNTAIN
82325,ENCAMPMENT
82327,HANNA
82329,MEDICINE BOW
82331,SARATOGA
82332,SAVERY
82334,RAWLINS
82335,RAWLINS
82336,WAMSUTTER
82401,WORLAND
82410,BASIN
82411,BURLINGTON
82412,BYRON
82414,CODY
82420,COWLEY
82421,DEAVER
82422,EMBLEM
82423,FRANNIE
82426,GREYBULL
82428,HYATTVILLE
82431,LOVELL
82432,MANDERSON
82433,MEETEETSE
82434,BASIN
82435,POWELL
82440,RALSTON
82441,SHELL
82442,TEN SLEEP
82443,THERMOPOLIS
82450,WAPITI
82501,RIVERTON
82512,CROWHEART
82513,DUBOIS
82514,FORT WASHAKIE
82515,HUDSON
82516,KINNEAR
82520,LANDER
82523,PAVILLION
82524,SAINT STEPHENS
82601,CASPER
82602,CASPER
82604,CASPER
82605,CASPER
82609,CASPER
82620,ALCOVA
82633,DOUGLAS
82635,EDGERTON
82636,CASPER
82637,GLENROCK
82639,KAYCEE
82640,LINCH
82642,SHOSHONI
82643,MIDWEST
82644,MILLS
82648,POWDER RIVER
82649,SHOSHONI
82701,NEWCASTLE
82710,HULETT
82712,BEULAH
82714,DEVILS TOWER
82716,GILLETTE
82717,GILLETTE
82718,GILLETTE
82720,HULETT
82721,MOORCROFT
82723,OSAGE
82725,RECLUSE
82727,ROZET
82729,SUNDANCE
82730,UPTON
82732,WRIGHT
82801,SHERIDAN
82831,ARVADA
82832,STORY
82833,BIG HORN
82834,BUFFALO
82835,CLEARMONT
82836,DAYTON
82837,LEITER
82838,PARKMAN
82839,RANCHESTER
82842,STORY
82901,ROCK SPRINGS
82902,ROCK SPRINGS
82922,BONDURANT
82923,BOULDER
82925,CORA
82930,EVANSTON
82931,EVANSTON
82932,FARSON
82933,FORT BRIDGER
82934,GRANGER
82935,GREEN RIVER
82936,MOUNTAIN VIEW
82937,LYMAN
82939,MOUNTAIN VIEW
82941,PINEDALE
82942,POINT OF ROCKS
82944,ROBERTSON
82945,SUPERIOR
83001,JACKSON
83002,JACKSON
83011,KELLY
83012,MOOSE
83013,MORAN
83014,WILSON
83025,TETON VILLAGE
83101,KEMMERER
83110,AFTON
83111,AUBURN
83112,AFTON
83113,BIG PINEY
83114,COKEVILLE
83115,DANIEL
83116,DIAMONDVILLE
83118,AFTON
83119,FAIRVIEW
83120,FREEDOM
83123,LA BARGE
83124,OPAL
83126,SMOOT
83127,THAYNE
83128,ALPINE
83201,POCATELLO
83202,POCATELLO
83203,FORT HALL
83204,POCATELLO
83205,POCATELLO
83206,POCATELLO
83210,ABERDEEN
83211,AMERICAN FALLS
83212,ARBON
83213,ARCO
83214,ARIMO
83217,BANCROFT
83218,BASALT
83221,BLACKFOOT
83223,BLOOMINGTON
83226,CHALLIS
83227,CLAYTON
83228,CLIFTON
83232,DAYTON
83233,MONTPELIER
83234,DOWNEY
83235,ELLIS
83236,FIRTH
83237,FRANKLIN
83238,GENEVA
83239,GEORGETOWN
83241,GRACE
83243,MALAD CITY
83244,HOWE
83245,INKOM
83246,LAVA HOT SPRINGS
83250,MCCAMMON
83251,MACKAY
83252,MALAD CITY
83253,ELLIS
83254,MONTPELIER
83255,MOORE
83256,MORELAND
83261,PARIS
83262,PINGREE
83263,PRESTON
83271,ROCKLAND
83272,SAINT CHARLES
83274,SHELLEY
83276,SODA SPRINGS
83278,STANLEY
83281,SWAN LAKE
83283,PRESTON
83286,WESTON
83287,MONTPELIER
83301,TWIN FALLS
83302,TWIN FALLS
83303,TWIN FALLS
83311,ALBION
83312,ALMO
83313,BELLEVUE
83314,BLISS
83316,BUHL
83318,BURLEY
83320,CAREY
83321,CASTLEFORD
83323,BURLEY
83325,EDEN
83327,FAIRFIELD
83328,FILER
83330,GOODING
83332,HAGERMAN
83333,HAILEY
83334,HANSEN
83335,HAZELTON
83336,HEYBURN
83337,GOODING
83338,JEROME
83340,KETCHUM
83341,KIMBERLY
83342,MALTA
83343,MINIDOKA
83344,MURTAUGH
83346,OAKLEY
83347,PAUL
83348,PICABO
83349,RICHFIELD
83350,RUPERT
83352,SHOSHONE
83353,SUN VALLEY
83354,SUN VALLEY
83355,WENDELL
83401,IDAHO FALLS
83402,IDAHO FALLS
83403,IDAHO FALLS
83404,IDAHO FALLS
83405,IDAHO FALLS
83406,IDAHO FALLS
83420,ASHTON
83421,CHESTER
83422,DRIGGS
83423,DUBOIS
83424,TETONIA
83425,HAMER
83427,IONA
83428,IRWIN
83429,ISLAND PARK
83431,LEWISVILLE
83434,MENAN
83435,MONTEVIEW
83436,NEWDALE
83438,PARKER
83440,REXBURG
83442,RIGBY
83443,RIRIE
83444,ROBERTS
83445,SAINT ANTHONY
83446,DUBOIS
83448,SUGAR CITY
83449,SWAN VALLEY
83450,TERRETON
83451,TETON
83452,TETONIA
83454,UCON
83455,VICTOR
83462,CARMEN
83463,NORTH FORK
83464,LEADORE
83465,LEMHI
83466,NORTH FORK
83467,SALMON
83468,TENDOY
83469,NORTH FORK
83501,LEWISTON
83520,AHSAHKA
83522,COTTONWOOD
83523,CRAIGMONT
83524,CULDESAC
83525,ELK CITY
83526,FERDINAND
83530,GRANGEVILLE
83531,GRANGEVILLE
83535,JULIAETTA
83536,KAMIAH
83537,KENDRICK
83539,KOOSKIA
83540,LAPWAI
83541,LENORE
83542,LUCILE
83543,NEZPERCE
83544,OROFINO
83545,PECK
83546,PIERCE
83547,POLLOCK
83549,RIGGINS
83552,STITES
83553,WEIPPE
83554,WHITE BIRD
83555,WINCHESTER
83602,GARDEN VALLEY
83604,BRUNEAU
83605,CALDWELL
83606,CALDWELL
83607,CALDWELL
83610,CAMBRIDGE
83611,CASCADE
83612,COUNCIL
83615,DONNELLY
83616,EAGLE
83617,EMMETT
83619,FRUITLAND
83622,GARDEN VALLEY
83623,GLENNS FERRY
83624,GRAND VIEW
83626,GREENLEAF
83627,HAMMETT
83628,HOMEDALE
83629,HORSESHOE BEND
83630,HUSTON
83631,IDAHO CITY
83632,INDIAN VALLEY
83634,KUNA
83636,EMMETT
83637,GARDEN VALLEY
83638,MCCALL
83639,MARSING
83641,MELBA
83642,MERIDIAN
83644,MIDDLETON
83645,MIDVALE
83646,MERIDIAN
83647,MOUNTAIN HOME
83648,MOUNTAIN HOME
83650,MELBA
83651,NAMPA
83653,NAMPA
83654,NEW MEADOWS
83655,NEW PLYMOUTH
83656,NOTUS
83657,OLA
83660,PARMA
83661,PAYETTE
83666,IDAHO CITY
83669,STAR
83670,SWEET
83671,MCCALL
83672,WEISER
83676,WILDER
83677,YELLOW PINE
83680,MERIDIAN
83686,NAMPA
83687,NAMPA
83701,BOISE
83702,BOISE
83703,BOISE
83704,BOISE
83705,BOISE
83706,BOISE
83707,BOISE
83709,BOISE
83711,BOISE
83712,BOISE
83713,BOISE
83714,GARDEN CITY
83715,BOISE
83716,BOISE
83717,BOISE
83719,BOISE
83799,BOISE
83801,ATHOL
83802,AVERY
83803,BAYVIEW
83804,BLANCHARD
83805,BONNERS FERRY
83806,BOVILL
83808,CALDER
83809,ATHOL
83810,CATALDO
83811,CLARK FORK
83812,CLARKIA
83813,COCOLALLA
83814,COEUR D ALENE
83815,COEUR D ALENE
83816,COEUR D ALENE
83821,COOLIN
83822,NEWPORT
83823,DEARY
83824,DESMET
83825,DOVER
83826,EASTPORT
83827,ELK RIVER
83830,FERNWOOD
83832,GENESEE
83833,HARRISON
83834,HARVARD
83835,HAYDEN
83836,HOPE
83837,KELLOGG
83839,KINGSTON
83840,KOOTENAI
83841,LACLEDE
83843,MOSCOW
83845,MOYIE SPRINGS
83846,MULLAN
83847,NAPLES
83848,NORDMAN
83849,OSBURN
83850,PINEHURST
83851,PLUMMER
83852,PONDERAY
83853,PORTHILL
83854,POST FALLS
83855,POTLATCH
83856,PRIEST RIVER
83857,PRINCETON
83858,RATHDRUM
83860,SAGLE
83861,SAINT MARIES
83864,SANDPOINT
83865,PONDERAY
83866,SANTA
83867,SILVERTON
83868,SMELTERVILLE
83869,SPIRIT LAKE
83870,TENSED
83871,TROY
83872,MOSCOW
83873,WALLACE
83876,WORLEY
83877,POST FALLS
84001,ALTAMONT
84002,ALTAMONT
84003,AMERICAN FORK
84004,AMERICAN FORK
84005,LEHI
84006,BINGHAM CANYON
84007,BLUEBELL
84009,SOUTH JORDAN
84010,BOUNTIFUL
84011,BOUNTIFUL
84013,CEDAR VALLEY
84014,CENTERVILLE
84015,CLEARFIELD
84016,CLEARFIELD
84017,COALVILLE
84020,DRAPER
84021,DUCHESNE
84022,DUGWAY
84023,DUTCH JOHN
84024,ECHO
84025,FARMINGTON
84026,FORT DUCHESNE
84027,DUCHESNE
84028,GARDEN CITY
84029,GRANTSVILLE
84031,TABIONA
84032,HEBER CITY
84033,HENEFER
84034,WENDOVER
84035,JENSEN
84036,KAMAS
84037,KAYSVILLE
84038,LAKETOWN
84039,LAPOINT
84040,LAYTON
84041,LAYTON
84042,PLEASANT GROVE
84043,LEHI
84044,MAGNA
84045,LEHI
84046,MANILA
84047,MIDVALE
84048,LEHI
84049,MIDWAY
84050,MORGAN
84051,DUCHESNE
84052,MYTON
84053,NEOLA
84054,BOUNTIFUL
84055,OAKLEY
84056,CLEARFIELD
84057,OREM
84058,OREM
84059,OREM
84060,PARK CITY
84062,PLEASANT GROVE
84063,FORT DUCHESNE
84064,RANDOLPH
84065,RIVERTON
84066,ROOSEVELT
84067,ROY
84068,PARK CITY
84069,RUSH VALLEY
84070,SANDY
84071,STOCKTON
84072,TABIONA
84073,DUCHESNE
84074,TOOELE
84075,CLEARFIELD
84076,FORT DUCHESNE
84078,VERNAL
84079,VERNAL
84080,VERNON
84081,WEST JORDAN
84082,WALLSBURG
84083,WENDOVER
84084,WEST JORDAN
84085,WHITEROCKS
84086,WOODRUFF
84087,BOUNTIFUL
84088,WEST JORDAN
84089,CLEARFIELD
84090,SANDY
84091,SANDY
84092,ALTA
84093,SANDY
84094,SANDY
84095,SOUTH JORDAN
84096,RIVERTON
84097,OREM
84098,PARK CITY
84101,SALT LAKE CITY
84102,SALT LAKE CITY
84103,SALT LAKE CITY
84104,SALT LAKE CITY
84105,SALT LAKE CITY
84106,SALT LAKE CITY
84107,SALT LAKE CITY
84108,SALT LAKE CITY
84109,SALT LAKE CITY
84110,SALT LAKE CITY
84111,SALT LAKE CITY
84113,SALT LAKE CITY
84114,SALT LAKE CITY
84115,SOUTH SALT LAKE
84116,SALT LAKE CITY
84117,SALT LAKE CITY
84118,TAYLORSVILLE
84119,WEST VALLEY CITY
84120,WEST VALLEY CITY
84121,SALT LAKE CITY
84122,SALT LAKE CITY
84123,SALT LAKE CITY
84124,SALT LAKE CITY
84125,SALT LAKE CITY
84126,SALT LAKE CITY
84127,SALT LAKE CITY
84128,WEST VALLEY CITY
84129,TAYLORSVILLE
84130,SALT LAKE CITY
84131,SALT LAKE CITY
84145,SALT LAKE CITY
84147,SALT LAKE CITY
84151,SALT LAKE CITY
84152,SALT LAKE CITY
84157,SALT LAKE CITY
84158,SALT LAKE CITY
84165,SOUTH SALT LAKE
84170,WEST VALLEY CITY
84171,SALT LAKE CITY
84301,BEAR RIVER CITY
84302,BRIGHAM CITY
84304,BRIGHAM CITY
84305,CLARKSTON
84307,CORINNE
84310,EDEN
84311,FIELDING
84312,GARLAND
84313,SNOWVILLE
84314,HONEYVILLE
84315,HOOPER
84316,HOWELL
84317,HUNTSVILLE
84318,HYDE PARK
84319,HYRUM
84320,LEWISTON
84321,LOGAN
84323,LOGAN
84325,MENDON
84326,MILLVILLE
84327,NEWTON
84328,PARADISE
84329,PARK VALLEY
84330,PLYMOUTH
84331,GARLAND
84332,PROVIDENCE
84333,RICHMOND
84334,RIVERSIDE
84335,SMITHFIELD
84336,SNOWVILLE
84337,TREMONTON
84338,TRENTON
84339,WELLSVILLE
84340,WILLARD
84341,LOGAN
84401,OGDEN
84402,OGDEN
84403,OGDEN
84404,OGDEN
84405,OGDEN
84409,OGDEN
84412,OGDEN
84414,OGDEN
84415,OGDEN
84501,PRICE
84510,ANETH
84511,BLANDING
84512,BLUFF
84513,CASTLE DALE
84515,GREEN RIVER
84516,FERRON
84518,CLEVELAND
84520,EAST CARBON
84521,ELMO
84522,EMERY
84523,FERRON
84525,GREEN RIVER
84526,HELPER
84528,HUNTINGTON
84529,HELPER
84530,LA SAL
84531,MEXICAN HAT
84532,MOAB
84533,BLANDING
84534,MONTEZUMA CREEK
84535,MONTICELLO
84536,MONUMENT VALLEY
84537,ORANGEVILLE
84539,SUNNYSIDE
84540,GREEN RIVER
84542,PRICE
84601,PROVO
84603,PROVO
84604,PROVO
84605,PROVO
84606,PROVO
84620,AURORA
84621,GUNNISON
84622,GUNNISON
84623,MORONI
84624,DELTA
84626,ELBERTA
84627,EPHRAIM
84628,EUREKA
84629,FAIRVIEW
84630,GUNNISON
84631,FILLMORE
84632,FOUNTAIN GREEN
84633,GOSHEN
84634,GUNNISON
84635,HINCKLEY
84636,HOLDEN
84637,KANOSH
84638,LEAMINGTON
84639,LEVAN
84640,LYNNDYL
84642,MANTI
84643,MAYFIELD
84644,MEADOW
84645,MONA
84646,MORONI
84647,MOUNT PLEASANT
84648,NEPHI
84649,OAK CITY
84651,PAYSON
84652,REDMOND
84653,SALEM
84654,SALINA
84655,SANTAQUIN
84656,SCIPIO
84657,RICHFIELD
84660,SPANISH FORK
84662,SPRING CITY
84663,SPRINGVILLE
84664,SPRINGVILLE
84665,STERLING
84667,MORONI
84701,RICHFIELD
84710,ALTON
84711,ANNABELLA
84712,ANTIMONY
84713,BEAVER
84714,NEWCASTLE
84715,BICKNELL
84716,BOULDER
84718,CANNONVILLE
84719,BRIAN HEAD
84720,CEDAR CITY
84721,CEDAR CITY
84723,CIRCLEVILLE
84724,ELSINORE
84725,ENTERPRISE
84726,ESCALANTE
84728,GARRISON
84729,GLENDALE
84730,GLENWOOD
84731,BEAVER
84732,RICHFIELD
84733,SANTA CLARA
84734,HANKSVILLE
84735,HATCH
84736,HENRIEVILLE
84737,HURRICANE
84738,IVINS
84740,JUNCTION
84741,BIG WATER
84743,JUNCTION
84744,KOOSHAREM
84745,HURRICANE
84746,LEEDS
84747,LOA
84749,LYMAN
84750,MARYSVALE
84751,MILFORD
84752,MINERSVILLE
84753,NEWCASTLE
84754,MONROE
84755,ORDERVILLE
84756,NEWCASTLE
84757,NEW HARMONY
84758,ORDERVILLE
84759,PANGUITCH
84760,PARAGONAH
84761,PAROWAN
84762,CEDAR CITY
84763,ROCKVILLE
84764,BRYCE CANYON CITY
84765,SANTA CLARA
84767,SPRINGDALE
84770,SAINT GEORGE
84771,SAINT GEORGE
84772,SUMMIT
84773,TEASDALE
84774,TOQUERVILLE
84775,BICKNELL
84776,TROPIC
84779,LA VERKIN
84780,SAINT GEORGE
84782,SANTA CLARA
84783,SANTA CLARA
84784,COLORADO CITY
84790,SAINT GEORGE
84791,SAINT GEORGE
85001,PHOENIX
85002,PHOENIX
85003,PHOENIX
85004,PHOENIX
85005,PHOENIX
85006,PHOENIX
85007,PHOENIX
85008,PHOENIX
85009,PHOENIX
85010,PHOENIX
85011,PHOENIX
85012,PHOENIX
85013,PHOENIX
85014,PHOENIX
85015,PHOENIX
85016,PHOENIX
85017,PHOENIX
85018,PHOENIX
85019,PHOENIX
85020,PHOENIX
85021,PHOENIX
85022,PHOENIX
85023,PHOENIX
85024,PHOENIX
85027,PHOENIX
85028,PHOENIX
85029,PHOENIX
85030,PHOENIX
85031,PHOENIX
85032,PHOENIX
85033,PHOENIX
85034,PHOENIX
85035,PHOENIX
85036,PHOENIX
85037,PHOENIX
85038,PHOENIX
85040,PHOENIX
85041,PHOENIX
85042,PHOENIX
85043,PHOENIX
85044,PHOENIX
85045,PHOENIX
85046,PHOENIX
85048,PHOENIX
85050,PHOENIX
85051,PHOENIX
85053,PHOENIX
85054,PHOENIX
85060,PHOENIX
85061,PHOENIX
85062,PHOENIX
85063,PHOENIX
85064,PHOENIX
85066,PHOENIX
85067,PHOENIX
85068,PHOENIX
85069,PHOENIX
85070,PHOENIX
85071,PHOENIX
85072,PHOENIX
85074,PHOENIX
85076,PHOENIX
85078,PHOENIX
85079,PHOENIX
85080,PHOENIX
85082,PHOENIX
85083,PHOENIX
85085,PHOENIX
85086,PHOENIX
85087,PHOENIX
85117,APACHE JUNCTION
85118,APACHE JUNCTION
85119,APACHE JUNCTION
85120,APACHE JUNCTION
85121,BAPCHULE
85122,CASA GRANDE
85123,CASA GRANDE
85127,QUEEN CREEK
85128,COOLIDGE
85130,CASA GRANDE
85131,ELOY
85132,FLORENCE
85135,HAYDEN
85137,KEARNY
85138,MARICOPA
85139,MARICOPA
85140,QUEEN CREEK
85142,QUEEN CREEK
85143,QUEEN CREEK
85144,QUEEN CREEK
85145,RED ROCK
85147,SACATON
85172,STANFIELD
85173,SUPERIOR
85178,APACHE JUNCTION
85191,VALLEY FARMS
85192,WINKELMAN
85193,CASA GRANDE
85194,CASA GRANDE
85201,MESA
85202,MESA
85203,MESA
85204,MESA
85205,MESA
85206,MESA
85207,MESA
85208,MESA
85209,MESA
85210,MESA
85211,MESA
85212,MESA
85213,MESA
85214,MESA
85215,MESA
85216,MESA
85224,CHANDLER
85225,CHANDLER
85226,CHANDLER
85233,GILBERT
85234,GILBERT
85236,HIGLEY
85244,CHANDLER
85246,CHANDLER
85248,CHANDLER
85249,CHANDLER
85250,SCOTTSDALE
85251,SCOTTSDALE
85252,SCOTTSDALE
85253,SCOTTSDALE
85254,SCOTTSDALE
85255,SCOTTSDALE
85256,SCOTTSDALE
85257,SCOTTSDALE
85258,SCOTTSDALE
85259,FOUNTAIN HILLS
85260,SCOTTSDALE
85261,SCOTTSDALE
85262,SCOTTSDALE
85263,SCOTTSDALE
85264,FOUNTAIN HILLS
85266,SCOTTSDALE
85267,SCOTTSDALE
85268,FOUNTAIN HILLS
85269,FOUNTAIN HILLS
85271,SCOTTSDALE
85274,MESA
85275,MESA
85277,MESA
85280,TEMPE
85281,TEMPE
85282,TEMPE
85283,TEMPE
85284,TEMPE
85285,TEMPE
85286,CHANDLER
85288,TEMPE
85295,GILBERT
85296,GILBERT
85297,GILBERT
85298,GILBERT
85299,GILBERT
85301,GLENDALE
85302,GLENDALE
85303,GLENDALE
85304,GLENDALE
85305,GLENDALE
85306,GLENDALE
85307,GLENDALE
85308,GLENDALE
85310,GLENDALE
85311,GLENDALE
85312,GLENDALE
85318,GLENDALE
85320,AGUILA
85321,AJO
85322,ARLINGTON
85323,GOODYEAR
85324,BLACK CANYON CITY
85325,BOUSE
85326,BUCKEYE
85327,CAVE CREEK
85329,CASHION
85331,CAVE CREEK
85332,CONGRESS
85333,TACNA
85334,EHRENBERG
85335,EL MIRAGE
85336,SAN LUIS
85337,GILA BEND
85338,GOODYEAR
85339,LAVEEN
85340,LITCHFIELD PARK
85341,LUKEVILLE
85342,MORRISTOWN
85343,PALO VERDE
85344,PARKER
85345,PEORIA
85346,QUARTZSITE
85347,WELLTON
85348,SALOME
85349,SAN LUIS
85350,SOMERTON
85351,SUN CITY
85352,TACNA
85353,TOLLESON
85354,TONOPAH
85355,WADDELL
85356,WELLTON
85357,WENDEN
85358,WICKENBURG
85359,QUARTZSITE
85360,WIKIEUP
85361,WITTMANN
85362,YARNELL
85363,SUN CITY
85364,YUMA
85365,YUMA
85366,YUMA
85367,YUMA
85371,PARKER
85372,SUN CITY
85373,SUN CITY
85374,SURPRISE
85375,SUN CITY WEST
85376,SUN CITY WEST
85377,CAREFREE
85378,SUN CITY WEST
85379,SURPRISE
85380,PEORIA
85381,PEORIA
85382,PEORIA
85383,PEORIA
85385,PEORIA
85387,SURPRISE
85388,SURPRISE
85390,WICKENBURG
85392,GOODYEAR
85395,GOODYEAR
85396,BUCKEYE
85501,GLOBE
85502,GLOBE
85530,BYLAS
85531,CENTRAL
85532,CLAYPOOL
85533,CLIFTON
85534,DUNCAN
85536,FORT THOMAS
85539,MIAMI
85540,MORENCI
85541,PAYSON
85542,PERIDOT
85543,PIMA
85544,PINE
85545,ROOSEVELT
85546,SAFFORD
85547,PAYSON
85548,SAFFORD
85550,SAN CARLOS
85551,SOLOMON
85552,THATCHER
85553,TONTO BASIN
85554,YOUNG
85601,ARIVACA
85602,BENSON
85603,BISBEE
85605,BOWIE
85606,COCHISE
85607,DOUGLAS
85608,DOUGLAS
85609,DRAGOON
85610,ELFRIDA
85611,SONOITA
85613,SIERRA VISTA
85614,GREEN VALLEY
85615,HEREFORD
85616,HUACHUCA CITY
85617,MC NEAL
85618,MAMMOTH
85619,MOUNT LEMMON
85620,NACO
85621,NOGALES
85622,GREEN VALLEY
85623,ORACLE
85624,PATAGONIA
85625,PEARCE
85626,PIRTLEVILLE
85627,POMERENE
85628,NOGALES
85629,SAHUARITA
85630,SAINT DAVID
85631,SAN MANUEL
85632,SAN SIMON
85633,SASABE
85634,SELLS
85635,SIERRA VISTA
85636,SIERRA VISTA
85637,SONOITA
85638,TOMBSTONE
85639,TOPAWA
85640,TUMACACORI
85641,VAIL
85643,WILLCOX
85644,WILLCOX
85645,AMADO
85646,TUBAC
85648,RIO RICO
85650,SIERRA VISTA
85652,CORTARO
85653,MARANA
85654,RILLITO
85655,DOUGLAS
85658,MARANA
85670,FORT HUACHUCA
85701,TUCSON
85702,TUCSON
85703,TUCSON
85704,TUCSON
85705,TUCSON
85706,TUCSON
85708,TUCSON
85710,TUCSON
85711,TUCSON
85712,TUCSON
85713,TUCSON
85714,TUCSON
85715,TUCSON
85716,TUCSON
85717,TUCSON
85718,TUCSON
85719,TUCSON
85725,TUCSON
85726,TUCSON
85728,TUCSON
85730,TUCSON
85731,TUCSON
85732,TUCSON
85733,TUCSON
85734,TUCSON
85735,TUCSON
85736,TUCSON
85737,TUCSON
85738,CATALINA
85739,TUCSON
85740,TUCSON
85741,TUCSON
85742,TUCSON
85743,TUCSON
85745,TUCSON
85746,TUCSON
85747,TUCSON
85748,TUCSON
85749,TUCSON
85750,TUCSON
85751,TUCSON
85752,TUCSON
85754,TUCSON
85755,TUCSON
85756,TUCSON
85757,TUCSON
85901,SHOW LOW
85902,SHOW LOW
85911,CIBECUE
85912,SHOW LOW
85920,ALPINE
85922,BLUE
85923,CLAY SPRINGS
85924,CONCHO
85925,EAGAR
85926,FORT APACHE
85927,GREER
85928,HEBER
85929,LAKESIDE
85930,MCNARY
85931,FOREST LAKES
85932,NUTRIOSO
85933,OVERGAARD
85934,PINEDALE
85935,PINETOP
85936,SAINT JOHNS
85937,SNOWFLAKE
85938,SPRINGERVILLE
85939,TAYLOR
85940,VERNON
85941,WHITERIVER
85942,WOODRUFF
86001,FLAGSTAFF
86002,FLAGSTAFF
86003,FLAGSTAFF
86004,FLAGSTAFF
86005,FLAGSTAFF
86015,FLAGSTAFF
86016,CAMERON
86017,MUNDS PARK
86018,PARKS
86020,CAMERON
86021,COLORADO CITY
86022,FREDONIA
86023,GRAND CANYON
86024,FLAGSTAFF
86025,HOLBROOK
86028,PETRIFIED FOREST NATL PK
86029,SUN VALLEY
86030,HOTEVILLA
86031,INDIAN WELLS
86032,JOSEPH CITY
86033,KAYENTA
86034,KEAMS CANYON
86036,MARBLE CANYON
86038,FLAGSTAFF
86039,KYKOTSMOVI VILLAGE
86040,PAGE
86042,POLACCA
86043,SECOND MESA
86044,TONALEA
86045,TUBA CITY
86046,WILLIAMS
86047,WINSLOW
86053,KAIBETO
86054,SHONTO
86301,PRESCOTT
86302,PRESCOTT
86303,PRESCOTT
86304,PRESCOTT
86305,PRESCOTT
86312,PRESCOTT VALLEY
86314,PRESCOTT VALLEY
86315,PRESCOTT VALLEY
86320,ASH FORK
86321,BAGDAD
86322,CAMP VERDE
86323,CHINO VALLEY
86324,CLARKDALE
86325,CORNVILLE
86326,COTTONWOOD
86327,DEWEY
86329,HUMBOLDT
86331,JEROME
86332,KIRKLAND
86333,MAYER
86334,PAULDEN
86335,RIMROCK
86336,SEDONA
86337,SELIGMAN
86338,SKULL VALLEY
86339,SEDONA
86340,SEDONA
86341,SEDONA
86343,CROWN KING
86351,SEDONA
86401,KINGMAN
86402,KINGMAN
86403,LAKE HAVASU CITY
86404,LAKE HAVASU CITY
86405,LAKE HAVASU CITY
86406,LAKE HAVASU CITY
86409,KINGMAN
86411,KINGMAN
86412,HUALAPAI
86413,KINGMAN
86426,BULLHEAD CITY
86427,FORT MOHAVE
86429,BULLHEAD CITY
86430,BULLHEAD CITY
86431,CHLORIDE
86432,LITTLEFIELD
86433,OATMAN
86434,PEACH SPRINGS
86435,SUPAI
86436,TOPOCK
86437,KINGMAN
86438,YUCCA
86439,BULLHEAD CITY
86440,BULLHEAD CITY
86441,KINGMAN
86442,BULLHEAD CITY
86444,KINGMAN
86445,KINGMAN
86446,MOHAVE VALLEY
86502,CHAMBERS
86503,CHINLE
86504,FORT DEFIANCE
86505,GANADO
86506,SANDERS
86507,LUKACHUKAI
86508,LUPTON
86510,PINON
86511,SAINT MICHAELS
86512,SANDERS
86514,TEEC NOS POS
86515,WINDOW ROCK
86520,BLUE GAP
86535,DENNEHOTSO
86538,MANY FARMS
86540,NAZLINI
86544,RED VALLEY
86545,ROCK POINT
86547,CHINLE
86556,TSAILE
87001,BERNALILLO
87002,BELEN
87004,BERNALILLO
87005,BLUEWATER
87006,BOSQUE
87007,CASA BLANCA
87008,CEDAR CREST
87010,CERRILLOS
87011,CLAUNCH
87012,COYOTE
87013,CUBA
87014,CUBERO
87015,EDGEWOOD
87016,ESTANCIA
87017,GALLINA
87018,NAGEEZI
87020,GRANTS
87021,MILAN
87022,ISLETA
87023,JARALES
87024,JEMEZ PUEBLO
87025,JEMEZ SPRINGS
87026,LAGUNA
87027,CUBA
87028,LA JOYA
87029,LINDRITH
87031,LOS LUNAS
87032,MCINTOSH
87034,PUEBLO OF ACOMA
87035,MORIARTY
87036,MOUNTAINAIR
87037,NAGEEZI
87038,NEW LAGUNA
87040,PAGUATE
87041,PENA BLANCA
87042,PERALTA
87043,PLACITAS
87044,PONDEROSA
87045,PREWITT
87046,LA JARA
87047,SANDIA PARK
87048,CORRALES
87049,SAN FIDEL
87051,SAN RAFAEL
87052,SANTO DOMINGO PUEBLO
87053,SAN YSIDRO
87056,MORIARTY
87059,TIJERAS
87060,TOME
87061,TORREON
87062,VEGUITA
87063,WILLARD
87064,YOUNGSVILLE
87068,PERALTA
87072,COCHITI PUEBLO
87102,ALBUQUERQUE
87103,ALBUQUERQUE
87104,ALBUQUERQUE
87105,ALBUQUERQUE
87106,ALBUQUERQUE
87107,ALBUQUERQUE
87108,ALBUQUERQUE
87109,ALBUQUERQUE
87110,ALBUQUERQUE
87111,ALBUQUERQUE
87112,ALBUQUERQUE
87113,ALBUQUERQUE
87114,ALBUQUERQUE
87116,ALBUQUERQUE
87119,ALBUQUERQUE
87120,ALBUQUERQUE
87121,ALBUQUERQUE
87122,ALBUQUERQUE
87123,ALBUQUERQUE
87124,RIO RANCHO
87125,ALBUQUERQUE
87144,RIO RANCHO
87153,ALBUQUERQUE
87154,ALBUQUERQUE
87174,RIO RANCHO
87176,ALBUQUERQUE
87181,ALBUQUERQUE
87184,ALBUQUERQUE
87185,ALBUQUERQUE
87187,ALBUQUERQUE
87190,ALBUQUERQUE
87191,ALBUQUERQUE
87192,ALBUQUERQUE
87193,ALBUQUERQUE
87194,ALBUQUERQUE
87195,ALBUQUERQUE
87196,ALBUQUERQUE
87197,ALBUQUERQUE
87198,ALBUQUERQUE
87199,ALBUQUERQUE
87301,GALLUP
87305,GALLUP
87310,BRIMHALL
87311,CHURCH ROCK
87312,CONTINENTAL DIVIDE
87313,CROWNPOINT
87315,FENCE LAKE
87316,FORT WINGATE
87317,GAMERCO
87321,RAMAH
87322,REHOBOTH
87323,THOREAU
87325,GALLUP
87327,ZUNI
87328,NAVAJO
87347,CONTINENTAL DIVIDE
87357,PINEHILL
87364,SHEEP SPRINGS
87365,SMITH LAKE
87375,GALLUP
87401,FARMINGTON
87402,FARMINGTON
87410,AZTEC
87412,BLANCO
87413,BLOOMFIELD
87415,FLORA VISTA
87416,FRUITLAND
87417,KIRTLAND
87418,LA PLATA
87419,NAVAJO DAM
87420,SHIPROCK
87421,WATERFLOW
87455,NEWCOMB
87461,SANOSTEE
87499,FARMINGTON
87501,SANTA FE
87502,SANTA FE
87504,SANTA FE
87505,SANTA FE
87506,SANTA FE
87507,SANTA FE
87508,SANTA FE
87510,ABIQUIU
87511,ALCALDE
87512,AMALIA
87513,ARROYO HONDO
87514,ARROYO SECO
87515,CANJILON
87517,CARSON
87518,CEBOLLA
87519,CERRO
87520,CHAMA
87521,CHAMISAL
87522,SANTA CRUZ
87523,CORDOVA
87524,COSTILLA
87527,DIXON
87528,DULCE
87529,EL PRADO
87530,EL RITO
87531,DIXON
87532,ESPANOLA
87533,ESPANOLA
87535,GLORIETA
87537,ESPANOLA
87539,LA MADERA
87540,SANTA FE
87544,LOS ALAMOS
87547,WHITE ROCK
87548,MEDANALES
87549,OJO CALIENTE
87551,LOS OJOS
87552,PECOS
87553,PENASCO
87556,QUESTA
87557,RANCHOS DE TAOS
87558,RED RIVER
87560,RIBERA
87562,ROWE
87564,SAN CRISTOBAL
87565,SAN JOSE
87566,OHKAY OWINGEH
87567,SANTA CRUZ
87569,SERAFINA
87571,TAOS
87574,TESUQUE
87575,TIERRA AMARILLA
87577,TRES PIEDRAS
87578,TRUCHAS
87579,VADITO
87580,TAOS
87581,VALLECITOS
87582,VELARDE
87583,VILLANUEVA
87592,SANTA FE
87594,SANTA FE
87701,LAS VEGAS
87710,ANGEL FIRE
87711,ANTON CHICO
87712,BUENA VISTA
87713,CHACON
87714,CIMARRON
87715,CLEVELAND
87718,EAGLE NEST
87722,GUADALUPITA
87723,HOLMAN
87728,MAXWELL
87730,MILLS
87731,LAS VEGAS
87732,MORA
87733,MOSQUERO
87734,OCATE
87735,OJO FELIZ
87736,RAINSVILLE
87740,RATON
87742,ROCIADA
87743,ROY
87745,LAS VEGAS
87746,SOLANO
87747,SPRINGER
87749,UTE PARK
87752,WAGON MOUND
87753,WATROUS
87801,SOCORRO
87820,DATIL
87821,DATIL
87823,LEMITAR
87824,LUNA
87825,MAGDALENA
87827,PIE TOWN
87828,POLVADERA
87829,QUEMADO
87830,RESERVE
87832,SAN ANTONIO
87901,TRUTH OR CONSEQUENCES
87930,ARREY
87931,CABALLO
87933,DERRY
87935,ELEPHANT BUTTE
87936,GARFIELD
87937,HATCH
87939,MONTICELLO
87940,RINCON
87941,SALEM
87942,WILLIAMSBURG
87943,WINSTON
88001,LAS CRUCES
88002,WHITE SANDS MISSILE RANGE
88003,LAS CRUCES
88004,LAS CRUCES
88005,LAS CRUCES
88007,LAS CRUCES
88008,SANTA TERESA
88011,LAS CRUCES
88012,LAS CRUCES
88013,LAS CRUCES
88020,ANIMAS
88021,ANTHONY
88023,BAYARD
88025,BUCKHORN
88026,SANTA CLARA
88027,CHAMBERINO
88028,CLIFF
88029,COLUMBUS
88030,DEMING
88031,DEMING
88032,DONA ANA
88033,FAIRACRES
88034,FAYWOOD
88038,GILA
88039,GLENWOOD
88040,HACHITA
88041,HANOVER
88042,HILLSBORO
88043,HURLEY
88044,LA MESA
88045,LORDSBURG
88046,MESILLA
88047,MESILLA PARK
88048,MESQUITE
88049,MIMBRES
88051,MULE CREEK
88052,ORGAN
88054,RADIUM SPRINGS
88056,RODEO
88058,SAN MIGUEL
88061,SILVER CITY
88062,SILVER CITY
88063,SUNLAND PARK
88065,TYRONE
88081,ANTHONY
88101,CLOVIS
88102,CLOVIS
88113,CAUSEY
88115,DORA
88116,ELIDA
88118,FLOYD
88119,FORT SUMNER
88120,GRADY
88121,HOUSE
88124,MELROSE
88125,PEP
88126,PEP
88130,PORTALES
88132,ROGERS
88134,TAIBAN
88135,TEXICO
88136,YESO
88201,ROSWELL
88202,ROSWELL
88203,ROSWELL
88210,ARTESIA
88211,ARTESIA
88220,CARLSBAD
88221,CARLSBAD
88230,DEXTER
88231,EUNICE
88232,HAGERMAN
88240,HOBBS
88241,HOBBS
88242,HOBBS
88250,HOPE
88252,JAL
88253,LAKE ARTHUR
88254,LAKEWOOD
88255,LOCO HILLS
88256,LOVING
88260,LOVINGTON
88263,MALAGA
88264,MALJAMAR
88265,MONUMENT
88267,TATUM
88268,WHITES CITY
88301,CARRIZOZO
88310,ALAMOGORDO
88311,ALAMOGORDO
88312,ALTO
88314,BENT
88316,CAPITAN
88317,CLOUDCROFT
88318,CORONA
88321,ENCINO
88324,GLENCOE
88325,HIGH ROLLS MOUNTAIN PARK
88330,HOLLOMAN AIR FORCE BASE
88336,HONDO
88337,LA LUZ
88338,LINCOLN
88339,MAYHILL
88340,MESCALERO
88341,NOGAL
88342,OROGRANDE
88343,PICACHO
88344,PINON
88345,RUIDOSO
88346,RUIDOSO DOWNS
88347,SACRAMENTO
88348,SAN PATRICIO
88349,SUNSPOT
88351,TINNIE
88352,TULAROSA
88353,VAUGHN
88354,SACRAMENTO
88355,RUIDOSO
88401,TUCUMCARI
88410,AMISTAD
88415,CLAYTON
88416,CONCHAS DAM
88417,NEWKIRK
88418,DES MOINES
88419,DES MOINES
88421,GARITA
88424,GRENVILLE
88426,LOGAN
88427,MCALISTER
88430,NARA VISA
88431,NEWKIRK
88434,SAN JON
88435,SANTA ROSA
88436,SEDAN
88513,EL PASO
88540,EL PASO
88554,EL PASO
88565,EL PASO
88575,EL PASO
88587,EL PASO
88588,EL PASO
88590,EL PASO
89001,ALAMO
89002,HENDERSON
89003,BEATTY
89004,BLUE DIAMOND
89005,BOULDER CITY
89006,BOULDER CITY
89007,BUNKERVILLE
89008,CALIENTE
89009,HENDERSON
89010,DYER
89011,HENDERSON
89012,HENDERSON
89013,GOLDFIELD
89014,HENDERSON
89015,HENDERSON
89016,HENDERSON
89017,ALAMO
89018,INDIAN SPRINGS
89019,JEAN
89020,AMARGOSA VALLEY
89021,LOGANDALE
89022,MANHATTAN
89023,MERCURY
89024,MESQUITE
89025,MOAPA
89027,MESQUITE
89028,LAUGHLIN
89029,LAUGHLIN
89030,NORTH LAS VEGAS
89031,NORTH LAS VEGAS
89032,NORTH LAS VEGAS
89033,NORTH LAS VEGAS
89034,MESQUITE
89036,NORTH LAS VEGAS
89037,MOAPA
89039,SEARCHLIGHT
89040,OVERTON
89041,PAHRUMP
89042,PANACA
89043,PIOCHE
89044,HENDERSON
89045,ROUND MOUNTAIN
89046,SEARCHLIGHT
89047,SILVERPEAK
89048,PAHRUMP
89049,TONOPAH
89052,HENDERSON
89053,HENDERSON
89054,JEAN
89060,PAHRUMP
89061,PAHRUMP
89074,HENDERSON
89077,HENDERSON
89081,NORTH LAS VEGAS
89084,NORTH LAS VEGAS
89085,NORTH LAS VEGAS
89086,NORTH LAS VEGAS
89101,LAS VEGAS
89102,LAS VEGAS
89103,LAS VEGAS
89104,LAS VEGAS
89105,LAS VEGAS
89106,LAS VEGAS
89107,LAS VEGAS
89108,LAS VEGAS
89109,LAS VEGAS
89110,LAS VEGAS
89111,LAS VEGAS
89112,LAS VEGAS
89113,LAS VEGAS
89114,LAS VEGAS
89115,LAS VEGAS
89116,LAS VEGAS
89117,LAS VEGAS
89118,LAS VEGAS
89119,LAS VEGAS
89120,LAS VEGAS
89121,LAS VEGAS
89122,LAS VEGAS
89123,LAS VEGAS
89124,LAS VEGAS
89125,LAS VEGAS
89126,LAS VEGAS
89127,LAS VEGAS
89128,LAS VEGAS
89129,LAS VEGAS
89130,LAS VEGAS
89131,LAS VEGAS
89132,LAS VEGAS
89133,LAS VEGAS
89134,LAS VEGAS
89135,LAS VEGAS
89136,LAS VEGAS
89137,LAS VEGAS
89138,LAS VEGAS
89139,LAS VEGAS
89140,LAS VEGAS
89141,LAS VEGAS
89142,LAS VEGAS
89143,LAS VEGAS
89144,LAS VEGAS
89145,LAS VEGAS
89146,LAS VEGAS
89147,LAS VEGAS
89148,LAS VEGAS
89149,LAS VEGAS
89156,LAS VEGAS
89157,LAS VEGAS
89160,LAS VEGAS
89161,LAS VEGAS
89162,LAS VEGAS
89165,LAS VEGAS
89166,LAS VEGAS
89169,LAS VEGAS
89170,LAS VEGAS
89173,LAS VEGAS
89178,LAS VEGAS
89179,LAS VEGAS
89180,LAS VEGAS
89183,LAS VEGAS
89191,LAS VEGAS
89193,LAS VEGAS
89301,ELY
89310,AUSTIN
89311,BAKER
89314,ELY
89315,ELY
89316,EUREKA
89317,LUND
89318,MC GILL
89319,ELY
89402,CRYSTAL BAY
89403,DAYTON
89404,DENIO
89406,FALLON
89407,FALLON
89408,FERNLEY
89409,GABBS
89410,GARDNERVILLE
89411,GENOA
89412,GERLACH
89413,GLENBROOK
89414,GOLCONDA
89415,HAWTHORNE
89418,IMLAY
89419,LOVELOCK
89420,LUNING
89421,MC DERMITT
89422,MINA
89423,MINDEN
89424,NIXON
89425,OROVADA
89426,PARADISE VALLEY
89427,SCHURZ
89428,SILVER CITY
89429,SILVER SPRINGS
89430,SMITH
89431,SPARKS
89432,SPARKS
89433,SPARKS
89434,SPARKS
89435,SPARKS
89436,SPARKS
89438,VALMY
89439,VERDI
89440,VIRGINIA CITY
89441,SPARKS
89442,WADSWORTH
89444,WELLINGTON
89445,WINNEMUCCA
89446,WINNEMUCCA
89447,YERINGTON
89448,ZEPHYR COVE
89449,STATELINE
89450,INCLINE VILLAGE
89451,INCLINE VILLAGE
89460,GARDNERVILLE
89501,RENO
89502,RENO
89503,RENO
89504,RENO
89505,RENO
89506,RENO
89507,RENO
89508,RENO
89509,RENO
89510,RENO
89511,RENO
89512,RENO
89513,RENO
89515,RENO
89519,RENO
89520,RENO
89521,RENO
89523,RENO
89533,RENO
89570,RENO
89701,CARSON CITY
89702,CARSON CITY
89703,CARSON CITY
89704,CARSON CITY
89705,CARSON CITY
89706,CARSON CITY
89721,CARSON CITY
89801,ELKO
89803,ELKO
89815,SPRING CREEK
89820,BATTLE MOUNTAIN
89821,CARLIN
89822,CARLIN
89823,DEETH
89825,JACKPOT
89826,JARBIDGE
89828,LAMOILLE
89830,MONTELLO
89831,MOUNTAIN CITY
89832,OWYHEE
89833,WELLS
89834,TUSCARORA
89835,WELLS
89883,WEST WENDOVER
90001,LOS ANGELES
90002,LOS ANGELES
90003,LOS ANGELES
90004,LOS ANGELES
90005,LOS ANGELES
90006,LOS ANGELES
90007,LOS ANGELES
90008,LOS ANGELES
90009,LOS ANGELES
90011,LOS ANGELES
90012,LOS ANGELES
90013,LOS ANGELES
90014,LOS ANGELES
90015,LOS ANGELES
90016,LOS ANGELES
90017,LOS ANGELES
90018,LOS ANGELES
90019,LOS ANGELES
90020,LOS ANGELES
90021,LOS ANGELES
90022,LOS ANGELES
90023,LOS ANGELES
90024,LOS ANGELES
90025,LOS ANGELES
90026,LOS ANGELES
90027,LOS ANGELES
90028,LOS ANGELES
90029,LOS ANGELES
90030,LOS ANGELES
90031,LOS ANGELES
90032,LOS ANGELES
90033,LOS ANGELES
90034,LOS ANGELES
90035,LOS ANGELES
90036,LOS ANGELES
90037,LOS ANGELES
90038,LOS ANGELES
90039,LOS ANGELES
90040,COMMERCE
90041,LOS ANGELES
90042,LOS ANGELES
90043,LOS ANGELES
90044,LOS ANGELES
90045,LOS ANGELES
90046,LOS ANGELES
90047,LOS ANGELES
90048,LOS ANGELES
90049,LOS ANGELES
90050,LOS ANGELES
90051,LOS ANGELES
90053,LOS ANGELES
90054,LOS ANGELES
90055,LOS ANGELES
90056,LOS ANGELES
90057,LOS ANGELES
90058,VERNON
90059,LOS ANGELES
90060,LOS ANGELES
90061,LOS ANGELES
90062,LOS ANGELES
90063,LOS ANGELES
90064,LOS ANGELES
90065,LOS ANGELES
90066,LOS ANGELES
90067,LOS ANGELES
90068,LOS ANGELES
90069,WEST HOLLYWOOD
90070,LOS ANGELES
90071,LOS ANGELES
90072,LOS ANGELES
90073,LOS ANGELES
90075,LOS ANGELES
90076,LOS ANGELES
90077,LOS ANGELES
90078,LOS ANGELES
90079,LOS ANGELES
90080,LOS ANGELES
90081,LOS ANGELES
90082,LOS ANGELES
90083,LOS ANGELES
90086,LOS ANGELES
90087,LOS ANGELES
90091,COMMERCE
90093,LOS ANGELES
90094,LOS ANGELES
90201,BELL GARDENS
90202,BELL GARDENS
90209,BEVERLY HILLS
90210,BEVERLY HILLS
90211,BEVERLY HILLS
90212,BEVERLY HILLS
90213,BEVERLY HILLS
90220,COMPTON
90221,COMPTON
90222,COMPTON
90223,COMPTON
90224,COMPTON
90230,CULVER CITY
90231,CULVER CITY
90232,CULVER CITY
90239,DOWNEY
90240,DOWNEY
90241,DOWNEY
90242,DOWNEY
90245,EL SEGUNDO
90247,GARDENA
90248,GARDENA
90249,GARDENA
90250,HAWTHORNE
90251,HAWTHORNE
90254,HERMOSA BEACH
90255,HUNTINGTON PARK
90260,LAWNDALE
90262,LYNWOOD
90264,MALIBU
90265,MALIBU
90266,MANHATTAN BEACH
90267,MANHATTAN BEACH
90270,BELL GARDENS
90272,PACIFIC PALISADES
90274,PALOS VERDES ESTATES
90275,PALOS VERDES PENINSULA
90277,REDONDO BEACH
90278,REDONDO BEACH
90280,SOUTH GATE
90290,TOPANGA
90291,VENICE
90292,VENICE
90293,LOS ANGELES
90294,VENICE
90295,MARINA DEL REY
90296,PLAYA DEL REY
90301,INGLEWOOD
90302,INGLEWOOD
90303,INGLEWOOD
90304,INGLEWOOD
90305,INGLEWOOD
90306,INGLEWOOD
90307,INGLEWOOD
90308,INGLEWOOD
90309,INGLEWOOD
90310,INGLEWOOD
90312,INGLEWOOD
90401,SANTA MONICA
90402,SANTA MONICA
90403,SANTA MONICA
90404,SANTA MONICA
90405,SANTA MONICA
90406,SANTA MONICA
90407,SANTA MONICA
90408,SANTA MONICA
90409,SANTA MONICA
90411,SANTA MONICA
90501,TORRANCE
90502,TORRANCE
90503,TORRANCE
90504,TORRANCE
90505,TORRANCE
90507,TORRANCE
90508,TORRANCE
90509,TORRANCE
90510,TORRANCE
90601,WHITTIER
90602,WHITTIER
90603,WHITTIER
90604,WHITTIER
90605,WHITTIER
90606,WHITTIER
90607,WHITTIER
90608,WHITTIER
90609,WHITTIER
90610,WHITTIER
90620,BUENA PARK
90621,BUENA PARK
90622,BUENA PARK
90623,BUENA PARK
90630,CYPRESS
90631,LA HABRA
90632,LA HABRA
90633,LA HABRA
90637,LA MIRADA
90638,LA MIRADA
90640,MONTEBELLO
90650,NORWALK
90651,NORWALK
90652,NORWALK
90660,PICO RIVERA
90661,PICO RIVERA
90662,PICO RIVERA
90670,SANTA FE SPRINGS
90680,STANTON
90701,ARTESIA
90702,ARTESIA
90703,ARTESIA
90704,AVALON
90706,BELLFLOWER
90707,BELLFLOWER
90710,HARBOR CITY
90711,LAKEWOOD
90712,LAKEWOOD
90713,LAKEWOOD
90714,LAKEWOOD
90715,LAKEWOOD
90716,LOS ALAMITOS
90717,LOMITA
90720,LOS ALAMITOS
90721,LOS ALAMITOS
90723,PARAMOUNT
90731,SAN PEDRO
90732,SAN PEDRO
90733,SAN PEDRO
90734,SAN PEDRO
90740,SEAL BEACH
90742,SUNSET BEACH
90743,SURFSIDE
90744,WILMINGTON
90745,CARSON
90746,CARSON
90748,WILMINGTON
90749,CARSON
90755,LONG BEACH
90801,LONG BEACH
90802,LONG BEACH
90803,LONG BEACH
90804,LONG BEACH
90805,LONG BEACH
90806,LONG BEACH
90807,LONG BEACH
90808,LONG BEACH
90809,LONG BEACH
90810,LONG BEACH
90813,LONG BEACH
90814,LONG BEACH
90815,LONG BEACH
90831,LONG BEACH
90832,LONG BEACH
90853,LONG BEACH
91001,PASADENA
91003,PASADENA
91006,ARCADIA
91007,ARCADIA
91008,MONROVIA
91009,DUARTE
91010,MONROVIA
91011,LA CANADA FLINTRIDGE
91012,LA CANADA FLINTRIDGE
91016,MONROVIA
91017,MONROVIA
91020,LA CANADA FLINTRIDGE
91021,MONTROSE
91024,ARCADIA
91025,SIERRA MADRE
91030,SOUTH PASADENA
91031,SOUTH PASADENA
91040,SUNLAND
91041,SUNLAND
91042,TUJUNGA
91043,TUJUNGA
91046,VERDUGO CITY
91066,ARCADIA
91077,ARCADIA
91101,PASADENA
91102,PASADENA
91103,PASADENA
91104,PASADENA
91105,PASADENA
91106,PASADENA
91107,PASADENA
91108,SAN MARINO
91109,PASADENA
91114,PASADENA
91115,PASADENA
91116,PASADENA
91117,PASADENA
91118,SAN MARINO
91201,GLENDALE
91202,GLENDALE
91203,GLENDALE
91204,GLENDALE
91205,GLENDALE
91206,GLENDALE
91207,GLENDALE
91208,GLENDALE
91209,GLENDALE
91210,GLENDALE
91214,LA CRESCENTA
91221,GLENDALE
91222,GLENDALE
91224,LA CRESCENTA
91225,GLENDALE
91226,GLENDALE
91301,AGOURA HILLS
91302,WOODLAND HILLS
91303,CANOGA PARK
91304,CANOGA PARK
91305,CANOGA PARK
91306,WINNETKA
91307,WEST HILLS
91308,WEST HILLS
91309,CANOGA PARK
91310,SANTA CLARITA
91311,CHATSWORTH
91313,CHATSWORTH
91316,ENCINO
91319,NEWBURY PARK
91320,NEWBURY PARK
91321,NEWHALL
91322,NEWHALL
91324,TARZANA
91325,RESEDA
91326,PORTER RANCH
91327,PORTER RANCH
91328,GRANADA HILLS
91331,PACOIMA
91333,PACOIMA
91334,ARLETA
91335,RESEDA
91337,RESEDA
91340,SYLMAR
91341,SAN FERNANDO
91342,SYLMAR
91343,SYLMAR
91344,SYLMAR
91345,SAN FERNANDO
91346,SYLMAR
91350,SANTA CLARITA
91351,SANTA CLARITA
91352,BURBANK
91353,SUN VALLEY
91354,SANTA CLARITA
91355,SANTA CLARITA
91356,TARZANA
91357,TARZANA
91358,THOUSAND OAKS
91359,THOUSAND OAKS
91360,THOUSAND OAKS
91361,THOUSAND OAKS
91362,THOUSAND OAKS
91364,WOODLAND HILLS
91365,WOODLAND HILLS
91367,WOODLAND HILLS
91372,CALABASAS
91376,AGOURA HILLS
91377,AGOURA HILLS
91380,SANTA CLARITA
91381,NEWHALL
91384,SANTA CLARITA
91385,VALENCIA
91386,CANYON COUNTRY
91387,NEWHALL
91390,SANTA CLARITA
91392,SYLMAR
91393,NORTH HILLS
91394,GRANADA HILLS
91395,SYLMAR
91396,WINNETKA
91401,VAN NUYS
91402,PANORAMA CITY
91403,SHERMAN OAKS
91404,VAN NUYS
91405,VAN NUYS
91406,VAN NUYS
91407,VAN NUYS
91408,VAN NUYS
91409,VAN NUYS
91410,VAN NUYS
91411,VAN NUYS
91412,PANORAMA CITY
91413,SHERMAN OAKS
91416,ENCINO
91423,SHERMAN OAKS
91426,ENCINO
91436,ENCINO
91501,BURBANK
91502,BURBANK
91503,BURBANK
91504,BURBANK
91505,BURBANK
91506,BURBANK
91507,BURBANK
91508,BURBANK
91510,BURBANK
91601,NORTH HOLLYWOOD
91602,NORTH HOLLYWOOD
91603,NORTH HOLLYWOOD
91604,STUDIO CITY
91605,NORTH HOLLYWOOD
91606,NORTH HOLLYWOOD
91607,NORTH HOLLYWOOD
91608,NORTH HOLLYWOOD
91609,NORTH HOLLYWOOD
91610,NORTH HOLLYWOOD
91614,STUDIO CITY
91615,NORTH HOLLYWOOD
91616,NORTH HOLLYWOOD
91617,VALLEY VILLAGE
91701,RANCHO CUCAMONGA
91702,AZUSA
91706,BALDWIN PARK
91708,CHINO
91709,CHINO HILLS
91710,CHINO
91711,CLAREMONT
91715,CITY OF INDUSTRY
91716,CITY OF INDUSTRY
91722,COVINA
91723,COVINA
91724,COVINA
91729,RANCHO CUCAMONGA
91730,RANCHO CUCAMONGA
91731,EL MONTE
91732,EL MONTE
91733,SOUTH EL MONTE
91734,EL MONTE
91737,RANCHO CUCAMONGA
91739,RANCHO CUCAMONGA
91740,GLENDORA
91741,GLENDORA
91743,GUASTI
91744,LA PUENTE
91745,HACIENDA HEIGHTS
91746,LA PUENTE
91747,LA PUENTE
91748,ROWLAND HEIGHTS
91750,LA VERNE
91752,JURUPA VALLEY
91754,MONTEREY PARK
91755,MONTEREY PARK
91759,MT BALDY
91761,ONTARIO
91762,ONTARIO
91763,MONTCLAIR
91764,ONTARIO
91765,DIAMOND BAR
91766,POMONA
91767,POMONA
91768,POMONA
91769,POMONA
91770,ROSEMEAD
91773,SAN DIMAS
91775,SAN GABRIEL
91776,SAN GABRIEL
91778,SAN GABRIEL
91780,TEMPLE CITY
91784,UPLAND
91785,UPLAND
91786,UPLAND
91788,WALNUT
91789,WALNUT
91790,WEST COVINA
91791,WEST COVINA
91792,WEST COVINA
91793,WEST COVINA
91801,ALHAMBRA
91802,ALHAMBRA
91803,ALHAMBRA
91901,ALPINE
91902,BONITA
91903,ALPINE
91905,BOULEVARD
91906,CAMPO
91908,BONITA
91909,CHULA VISTA
91910,CHULA VISTA
91911,CHULA VISTA
91912,CHULA VISTA
91913,CHULA VISTA
91914,CHULA VISTA
91915,CHULA VISTA
91916,DESCANSO
91917,DULZURA
91921,CHULA VISTA
91931,GUATAY
91932,CHULA VISTA
91933,IMPERIAL BEACH
91934,JACUMBA
91935,JAMUL
91941,SPRING VALLEY
91942,LA MESA
91943,LA MESA
91944,LA MESA
91945,LEMON GROVE
91946,LEMON GROVE
91948,MOUNT LAGUNA
91950,NATIONAL CITY
91951,NATIONAL CITY
91962,PINE VALLEY
91963,POTRERO
91976,SPRING VALLEY
91977,SPRING VALLEY
91978,SPRING VALLEY
91979,SPRING VALLEY
91980,TECATE
92003,BONSALL
92004,BORREGO SPRINGS
92007,ENCINITAS
92008,CARLSBAD
92009,CARLSBAD
92010,CARLSBAD
92011,CARLSBAD
92013,CARLSBAD
92014,DEL MAR
92018,CARLSBAD
92019,EL CAJON
92020,EL CAJON
92021,EL CAJON
92022,EL CAJON
92023,ENCINITAS
92024,ENCINITAS
92025,ESCONDIDO
92026,ESCONDIDO
92027,ESCONDIDO
92028,FALLBROOK
92029,ESCONDIDO
92030,ESCONDIDO
92033,ESCONDIDO
92036,JULIAN
92037,SAN DIEGO
92038,LA JOLLA
92039,LA JOLLA
92040,LAKESIDE
92046,ESCONDIDO
92049,OCEANSIDE
92051,OCEANSIDE
92052,OCEANSIDE
92054,OCEANSIDE
92056,OCEANSIDE
92057,OCEANSIDE
92058,OCEANSIDE
92059,PAUMA VALLEY
92060,PALOMAR MOUNTAIN
92061,PAUMA VALLEY
92064,POWAY
92065,RAMONA
92066,WARNER SPRINGS
92067,RANCHO SANTA FE
92068,OCEANSIDE
92069,SAN MARCOS
92070,SANTA YSABEL
92071,SANTEE
92072,SANTEE
92074,POWAY
92075,SOLANA BEACH
92078,SAN MARCOS
92079,SAN MARCOS
92081,VISTA
92082,VALLEY CENTER
92083,VISTA
92084,VISTA
92085,VISTA
92086,WARNER SPRINGS
92088,FALLBROOK
92091,RANCHO SANTA FE
92101,SAN DIEGO
92102,SAN DIEGO
92103,SAN DIEGO
92104,SAN DIEGO
92105,SAN DIEGO
92106,SAN DIEGO
92107,SAN DIEGO
92108,SAN DIEGO
92109,SAN DIEGO
92110,SAN DIEGO
92111,SAN DIEGO
92112,SAN DIEGO
92113,SAN DIEGO
92114,SAN DIEGO
92115,SAN DIEGO
92116,SAN DIEGO
92117,SAN DIEGO
92118,CORONADO
92119,SAN DIEGO
92120,SAN DIEGO
92121,SAN DIEGO
92122,SAN DIEGO
92123,SAN DIEGO
92124,SAN DIEGO
92126,SAN DIEGO
92127,SAN DIEGO
92128,SAN DIEGO
92129,SAN DIEGO
92130,SAN DIEGO
92131,SAN DIEGO
92137,SAN DIEGO
92138,SAN DIEGO
92139,SAN DIEGO
92142,SAN DIEGO
92143,SAN YSIDRO
92149,SAN DIEGO
92150,SAN DIEGO
92153,SAN DIEGO
92154,SAN DIEGO
92159,SAN DIEGO
92160,SAN DIEGO
92163,SAN DIEGO
92165,SAN DIEGO
92166,SAN DIEGO
92167,SAN DIEGO
92168,SAN DIEGO
92169,SAN DIEGO
92170,SAN DIEGO
92171,SAN DIEGO
92172,SAN DIEGO
92173,SAN YSIDRO
92174,SAN DIEGO
92175,SAN DIEGO
92176,SAN DIEGO
92177,SAN DIEGO
92178,CORONADO
92186,SAN DIEGO
92191,SAN DIEGO
92192,SAN DIEGO
92193,SAN DIEGO
92195,SAN DIEGO
92196,SAN DIEGO
92198,SAN DIEGO
92201,INDIO
92202,INDIO
92203,LA QUINTA
92210,PALM DESERT
92211,PALM DESERT
92220,BANNING
92222,BARD
92223,BEAUMONT
92225,BLYTHE
92226,BLYTHE
92227,BRAWLEY
92230,CABAZON
92231,CALEXICO
92232,CALEXICO
92233,CALIPATRIA
92234,CATHEDRAL CITY
92235,CATHEDRAL CITY
92236,COACHELLA
92239,DESERT CENTER
92240,DESERT HOT SPRINGS
92241,DESERT HOT SPRINGS
92242,EARP
92243,EL CENTRO
92244,EL CENTRO
92247,LA QUINTA
92248,LA QUINTA
92249,HEBER
92250,HOLTVILLE
92251,IMPERIAL
92252,JOSHUA TREE
92253,LA QUINTA
92254,MECCA
92255,PALM DESERT
92256,MORONGO VALLEY
92257,CALIPATRIA
92258,NORTH PALM SPRINGS
92259,OCOTILLO
92260,PALM DESERT
92261,PALM DESERT
92262,PALM SPRINGS
92263,PALM SPRINGS
92264,PALM SPRINGS
92266,PALO VERDE
92267,PARKER DAM
92268,PIONEERTOWN
92270,RANCHO MIRAGE
92273,SEELEY
92274,COACHELLA
92275,THERMAL
92276,THOUSAND PALMS
92277,TWENTYNINE PALMS
92278,TWENTYNINE PALMS
92280,BLYTHE
92281,WESTMORLAND
92282,CABAZON
92283,WINTERHAVEN
92284,YUCCA VALLEY
92285,LANDERS
92286,YUCCA VALLEY
92301,ADELANTO
92304,AMBOY
92305,ANGELUS OAKS
92307,APPLE VALLEY
92308,APPLE VALLEY
92309,BAKER
92310,FORT IRWIN
92311,BARSTOW
92312,BARSTOW
92313,COLTON
92314,BIG BEAR CITY
92315,BIG BEAR LAKE
92316,BLOOMINGTON
92317,BLUE JAY
92318,LOMA LINDA
92320,CALIMESA
92321,CEDAR GLEN
92322,CEDARPINES PARK
92323,BAKER
92324,COLTON
92325,CRESTLINE
92327,DAGGETT
92328,DEATH VALLEY
92329,PHELAN
92331,FONTANA
92333,FAWNSKIN
92334,FONTANA
92335,FONTANA
92336,FONTANA
92337,FONTANA
92338,NEWBERRY SPRINGS
92339,FOREST FALLS
92340,HESPERIA
92341,GREEN VALLEY LAKE
92342,HELENDALE
92344,HESPERIA
92345,HESPERIA
92346,HIGHLAND
92347,BARSTOW
92352,LAKE ARROWHEAD
92354,LOMA LINDA
92356,LUCERNE VALLEY
92358,LYTLE CREEK
92359,MENTONE
92363,NEEDLES
92364,BAKER
92365,NEWBERRY SPRINGS
92366,BAKER
92368,ORO GRANDE
92369,PATTON
92371,PHELAN
92372,PINON HILLS
92373,REDLANDS
92374,REDLANDS
92375,REDLANDS
92376,RIALTO
92377,RIALTO
92378,RIMFOREST
92382,RUNNING SPRINGS
92384,SHOSHONE
92385,SKYFOREST
92386,SUGARLOAF
92389,TECOPA
92391,TWIN PEAKS
92392,VICTORVILLE
92393,VICTORVILLE
92394,VICTORVILLE
92395,VICTORVILLE
92397,WRIGHTWOOD
92398,YERMO
92399,YUCAIPA
92401,SAN BERNARDINO
92402,SAN BERNARDINO
92404,SAN BERNARDINO
92405,SAN BERNARDINO
92406,SAN BERNARDINO
92407,SAN BERNARDINO
92408,SAN BERNARDINO
92410,SAN BERNARDINO
92411,SAN BERNARDINO
92413,SAN BERNARDINO
92423,SAN BERNARDINO
92427,SAN BERNARDINO
92501,RIVERSIDE
92502,RIVERSIDE
92503,RIVERSIDE
92504,RIVERSIDE
92505,RIVERSIDE
92506,RIVERSIDE
92507,RIVERSIDE
92508,RIVERSIDE
92509,JURUPA VALLEY
92513,RIVERSIDE
92514,RIVERSIDE
92516,RIVERSIDE
92517,RIVERSIDE
92518,MARCH AIR RESERVE BASE
92519,JURUPA VALLEY
92530,LAKE ELSINORE
92531,LAKE ELSINORE
92532,LAKE ELSINORE
92536,AGUANGA
92539,ANZA
92543,HEMET
92544,HEMET
92545,HEMET
92546,HEMET
92548,HOMELAND
92549,IDYLLWILD
92551,MORENO VALLEY
92552,MORENO VALLEY
92553,MORENO VALLEY
92554,MORENO VALLEY
92555,MORENO VALLEY
92556,MORENO VALLEY
92557,MORENO VALLEY
92561,MOUNTAIN CENTER
92562,MURRIETA
92563,MURRIETA
92564,MURRIETA
92567,NUEVO
92570,PERRIS
92571,PERRIS
92572,PERRIS
92581,SAN JACINTO
92582,SAN JACINTO
92583,SAN JACINTO
92584,MENIFEE
92585,MENIFEE
92586,MENIFEE
92587,MENIFEE
92589,TEMECULA
92590,TEMECULA
92591,TEMECULA
92592,TEMECULA
92593,TEMECULA
92595,WILDOMAR
92596,MURRIETA
92602,IRVINE
92603,IRVINE
92604,IRVINE
92605,HUNTINGTON BEACH
92606,IRVINE
92607,LAGUNA NIGUEL
92609,LAKE FOREST
92610,RANCHO SANTA MARGARITA
92612,IRVINE
92614,IRVINE
92615,HUNTINGTON BEACH
92616,IRVINE
92617,IRVINE
92618,IRVINE
92619,IRVINE
92620,IRVINE
92623,IRVINE
92624,CAPISTRANO BEACH
92625,CORONA DEL MAR
92626,COSTA MESA
92627,COSTA MESA
92628,COSTA MESA
92629,DANA POINT
92630,LAKE FOREST
92637,LAGUNA HILLS
92646,HUNTINGTON BEACH
92647,HUNTINGTON BEACH
92648,HUNTINGTON BEACH
92649,HUNTINGTON BEACH
92650,IRVINE
92651,LAGUNA NIGUEL
92652,LAGUNA BEACH
92653,LAGUNA HILLS
92654,LAGUNA HILLS
92655,WESTMINSTER
92656,LAGUNA HILLS
92657,NEWPORT BEACH
92658,NEWPORT BEACH
92659,NEWPORT BEACH
92660,NEWPORT BEACH
92661,NEWPORT BEACH
92662,NEWPORT BEACH
92663,NEWPORT BEACH
92672,SAN CLEMENTE
92673,SAN CLEMENTE
92674,SAN CLEMENTE
92675,MISSION VIEJO
92676,SILVERADO
92677,LAGUNA NIGUEL
92678,TRABUCO CANYON
92679,RANCHO SANTA MARGARITA
92683,WESTMINSTER
92684,WESTMINSTER
92685,WESTMINSTER
92688,RANCHO SANTA MARGARITA
92690,MISSION VIEJO
92691,MISSION VIEJO
92692,MISSION VIEJO
92693,SAN JUAN CAPISTRANO
92694,MISSION VIEJO
92701,SANTA ANA
92702,SANTA ANA
92703,SANTA ANA
92704,SANTA ANA
92705,SANTA ANA
92706,SANTA ANA
92707,SANTA ANA
92708,FOUNTAIN VALLEY
92711,SANTA ANA
92728,FOUNTAIN VALLEY
92735,SANTA ANA
92780,TUSTIN
92781,TUSTIN
92782,TUSTIN
92799,SANTA ANA
92801,ANAHEIM
92802,ANAHEIM
92803,ANAHEIM
92804,ANAHEIM
92805,ANAHEIM
92806,ANAHEIM
92807,ANAHEIM
92808,ANAHEIM
92809,ANAHEIM
92811,ATWOOD
92812,ANAHEIM
92814,ANAHEIM
92815,ANAHEIM
92816,ANAHEIM
92817,ANAHEIM
92821,BREA
92822,BREA
92823,BREA
92831,FULLERTON
92832,FULLERTON
92833,FULLERTON
92834,FULLERTON
92835,FULLERTON
92836,FULLERTON
92837,FULLERTON
92838,FULLERTON
92840,GARDEN GROVE
92841,GARDEN GROVE
92842,GARDEN GROVE
92843,GARDEN GROVE
92844,GARDEN GROVE
92845,GARDEN GROVE
92846,GARDEN GROVE
92856,ORANGE
92857,ORANGE
92859,ORANGE
92860,NORCO
92861,ORANGE
92863,ORANGE
92865,ORANGE
92866,ORANGE
92867,ORANGE
92868,ORANGE
92869,ORANGE
92870,PLACENTIA
92871,PLACENTIA
92877,CORONA
92878,CORONA
92879,CORONA
92880,NORCO
92881,CORONA
92882,CORONA
92883,CORONA
92885,YORBA LINDA
92886,YORBA LINDA
92887,YORBA LINDA
93001,OXNARD
93002,VENTURA
93003,VENTURA
93004,VENTURA
93005,VENTURA
93006,VENTURA
93007,VENTURA
93010,CAMARILLO
93011,CAMARILLO
93012,CAMARILLO
93013,CARPINTERIA
93014,CARPINTERIA
93015,FILLMORE
93016,FILLMORE
93020,MOORPARK
93021,MOORPARK
93022,OAK VIEW
93023,OJAI
93024,OJAI
93030,OXNARD
93031,OXNARD
93032,OXNARD
93033,OXNARD
93034,OXNARD
93035,OXNARD
93036,OXNARD
93040,PIRU
93041,OXNARD
93044,PORT HUENEME
93060,SANTA PAULA
93061,SANTA PAULA
93062,SIMI VALLEY
93063,SIMI VALLEY
93065,SIMI VALLEY
93066,CAMARILLO
93067,SUMMERLAND
93094,SIMI VALLEY
93101,SANTA BARBARA
93102,SANTA BARBARA
93103,SANTA BARBARA
93105,SANTA BARBARA
93108,SANTA BARBARA
93109,SANTA BARBARA
93110,SANTA BARBARA
93111,SANTA BARBARA
93116,SANTA BARBARA
93117,SANTA BARBARA
93118,GOLETA
93120,SANTA BARBARA
93121,SANTA BARBARA
93130,SANTA BARBARA
93140,SANTA BARBARA
93150,SANTA BARBARA
93160,SANTA BARBARA
93190,SANTA BARBARA
93201,ALPAUGH
93202,ARMONA
93203,ARVIN
93204,AVENAL
93205,BODFISH
93206,BUTTONWILLOW
93207,CALIFORNIA HOT SPRINGS
93210,COALINGA
93212,CORCORAN
93215,DELANO
93216,DELANO
93218,DUCOR
93219,EARLIMART
93220,EDISON
93221,EXETER
93222,PINE MOUNTAIN CLUB
93223,FARMERSVILLE
93224,TAFT
93225,FRAZIER PARK
93226,GLENNVILLE
93227,GOSHEN
93230,HANFORD
93232,HANFORD
93234,HURON
93235,IVANHOE
93237,THREE RIVERS
93238,KERNVILLE
93239,KETTLEMAN CITY
93240,LAKE ISABELLA
93241,LAMONT
93242,LATON
93243,LEBEC
93244,LEMON COVE
93245,LEMOORE
93247,LINDSAY
93249,LOST HILLS
93250,MC FARLAND
93251,MC KITTRICK
93252,MARICOPA
93254,NEW CUYAMA
93255,ONYX
93256,PIXLEY
93257,PORTERVILLE
93258,PORTERVILLE
93260,POSEY
93261,RICHGROVE
93262,THREE RIVERS
93263,SHAFTER
93265,SPRINGVILLE
93266,STRATFORD
93267,STRATHMORE
93268,TAFT
93270,TERRA BELLA
93271,THREE RIVERS
93272,TIPTON
93274,TULARE
93275,TULARE
93276,TUPMAN
93277,VISALIA
93278,VISALIA
93279,VISALIA
93280,WASCO
93283,WELDON
93285,WOFFORD HEIGHTS
93286,WOODLAKE
93287,WOODY
93290,VISALIA
93291,VISALIA
93292,VISALIA
93301,BAKERSFIELD
93302,BAKERSFIELD
93303,BAKERSFIELD
93304,BAKERSFIELD
93305,BAKERSFIELD
93306,BAKERSFIELD
93307,BAKERSFIELD
93308,BAKERSFIELD
93309,BAKERSFIELD
93311,BAKERSFIELD
93312,BAKERSFIELD
93313,BAKERSFIELD
93314,BAKERSFIELD
93380,BAKERSFIELD
93383,BAKERSFIELD
93384,BAKERSFIELD
93385,BAKERSFIELD
93386,BAKERSFIELD
93387,BAKERSFIELD
93388,BAKERSFIELD
93389,BAKERSFIELD
93390,BAKERSFIELD
93401,SAN LUIS OBISPO
93402,LOS OSOS
93403,SAN LUIS OBISPO
93405,SAN LUIS OBISPO
93406,SAN LUIS OBISPO
93412,LOS OSOS
93420,PISMO BEACH
93421,ARROYO GRANDE
93422,ATASCADERO
93423,ATASCADERO
93424,AVILA BEACH
93426,BRADLEY
93427,BUELLTON
93428,CAMBRIA
93429,CASMALIA
93430,CAYUCOS
93432,CRESTON
93433,PISMO BEACH
93434,GUADALUPE
93436,LOMPOC
93437,LOMPOC
93438,LOMPOC
93440,LOS ALAMOS
93441,LOS OLIVOS
93442,MORRO BAY
93443,MORRO BAY
93444,NIPOMO
93445,PISMO BEACH
93446,PASO ROBLES
93447,PASO ROBLES
93448,PISMO BEACH
93449,PISMO BEACH
93450,SAN ARDO
93451,SAN MIGUEL
93452,SAN SIMEON
93453,SANTA MARGARITA
93454,SANTA MARIA
93455,SANTA MARIA
93456,SANTA MARIA
93457,SANTA MARIA
93458,SANTA MARIA
93460,SANTA YNEZ
93461,SHANDON
93463,SOLVANG
93464,SOLVANG
93465,TEMPLETON
93475,OCEANO
93483,GROVER BEACH
93501,MOJAVE
93502,MOJAVE
93504,CALIFORNIA CITY
93505,CALIFORNIA CITY
93510,ACTON
93512,BENTON
93513,BIG PINE
93514,BISHOP
93515,BISHOP
93516,BORON
93517,BRIDGEPORT
93518,CALIENTE
93519,MOJAVE
93522,DARWIN
93523,EDWARDS
93526,INDEPENDENCE
93527,INYOKERN
93528,JOHANNESBURG
93529,JUNE LAKE
93530,KEELER
93531,KEENE
93532,LAKE HUGHES
93534,LANCASTER
93535,LANCASTER
93536,LANCASTER
93539,LANCASTER
93541,LEE VINING
93542,INYOKERN
93543,LITTLEROCK
93544,LLANO
93545,LONE PINE
93546,MAMMOTH LAKES
93549,OLANCHA
93550,PALMDALE
93551,LEONA VALLEY
93552,PALMDALE
93553,PEARBLOSSOM
93555,RIDGECREST
93556,RIDGECREST
93558,JOHANNESBURG
93560,ROSAMOND
93561,TEHACHAPI
93562,RIDGECREST
93563,PEARBLOSSOM
93581,TEHACHAPI
93584,LANCASTER
93590,PALMDALE
93591,PALMDALE
93592,TRONA
93596,BORON
93601,AHWAHNEE
93602,AUBERRY
93604,BASS LAKE
93605,BIG CREEK
93606,BIOLA
93607,RIVERDALE
93608,CANTUA CREEK
93609,CARUTHERS
93610,CHOWCHILLA
93611,CLOVIS
93612,CLOVIS
93613,CLOVIS
93614,COARSEGOLD
93615,CUTLER
93616,DEL REY
93618,DINUBA
93619,CLOVIS
93620,DOS PALOS
93621,DUNLAP
93622,FIREBAUGH
93623,FISH CAMP
93624,FIVE POINTS
93625,FOWLER
93626,FRIANT
93627,HELM
93630,KERMAN
93631,KINGSBURG
93633,KINGS CANYON NATIONAL PK
93634,LAKESHORE
93635,LOS BANOS
93636,MADERA
93637,MADERA
93638,MADERA
93639,MADERA
93640,MENDOTA
93641,MIRAMONTE
93643,NORTH FORK
93644,OAKHURST
93645,O NEALS
93646,ORANGE COVE
93647,OROSI
93648,PARLIER
93649,PIEDRA
93650,FRESNO
93651,PRATHER
93652,RAISIN CITY
93653,RAYMOND
93654,REEDLEY
93656,RIVERDALE
93657,SANGER
93660,SAN JOAQUIN
93661,DOS PALOS
93662,SELMA
93664,SHAVER LAKE
93665,SOUTH DOS PALOS
93666,SULTANA
93667,TOLLHOUSE
93668,TRANQUILLITY
93670,YETTEM
93673,TRAVER
93675,SQUAW VALLEY
93701,FRESNO
93702,FRESNO
93703,FRESNO
93704,FRESNO
93705,FRESNO
93706,FRESNO
93707,FRESNO
93708,FRESNO
93709,FRESNO
93710,FRESNO
93711,FRESNO
93712,FRESNO
93714,FRESNO
93715,FRESNO
93716,FRESNO
93717,FRESNO
93718,FRESNO
93720,FRESNO
93721,FRESNO
93722,FRESNO
93723,FRESNO
93725,FRESNO
93726,FRESNO
93727,FRESNO
93728,FRESNO
93729,FRESNO
93730,FRESNO
93737,FRESNO
93744,FRESNO
93745,FRESNO
93747,FRESNO
93755,FRESNO
93771,FRESNO
93772,FRESNO
93773,FRESNO
93774,FRESNO
93775,FRESNO
93776,FRESNO
93777,FRESNO
93778,FRESNO
93779,FRESNO
93790,FRESNO
93791,FRESNO
93792,FRESNO
93793,FRESNO
93794,FRESNO
93901,SALINAS
93902,SALINAS
93905,SALINAS
93906,SALINAS
93907,SALINAS
93908,SALINAS
93912,SALINAS
93915,SALINAS
93920,BIG SUR
93921,CARMEL BY THE SEA
93922,CARMEL
93923,CARMEL
93924,CARMEL VALLEY
93925,CHUALAR
93926,GONZALES
93927,GREENFIELD
93928,JOLON
93930,KING CITY
93932,LOCKWOOD
93933,MARINA
93940,MONTEREY
93942,MONTEREY
93944,MONTEREY
93950,PACIFIC GROVE
93953,PEBBLE BEACH
93954,SAN LUCAS
93955,SEASIDE
93960,SOLEDAD
93962,SALINAS
94002,BELMONT
94005,BRISBANE
94010,BURLINGAME
94011,BURLINGAME
94014,DALY CITY
94015,DALY CITY
94016,DALY CITY
94017,DALY CITY
94018,EL GRANADA
94019,HALF MOON BAY
94020,LA HONDA
94021,LOMA MAR
94022,LOS ALTOS
94023,LOS ALTOS
94024,LOS ALTOS
94025,MENLO PARK
94026,MENLO PARK
94027,MENLO PARK
94028,MENLO PARK
94030,MILLBRAE
94035,MOUNTAIN VIEW
94037,MONTARA
94038,MOSS BEACH
94039,MOUNTAIN VIEW
94040,MOUNTAIN VIEW
94041,MOUNTAIN VIEW
94042,MOUNTAIN VIEW
94043,MOUNTAIN VIEW
94044,PACIFICA
94060,PESCADERO
94061,REDWOOD CITY
94062,REDWOOD CITY
94063,REDWOOD CITY
94064,REDWOOD CITY
94065,REDWOOD CITY
94066,SAN BRUNO
94070,SAN CARLOS
94074,SAN GREGORIO
94080,SAN BRUNO
94083,SOUTH SAN FRANCISCO
94085,EAST PALO ALTO
94086,SUNNYVALE
94087,SUNNYVALE
94088,SUNNYVALE
94089,SUNNYVALE
94102,SAN FRANCISCO
94103,SAN FRANCISCO
94104,SAN FRANCISCO
94105,SAN FRANCISCO
94107,SAN FRANCISCO
94108,SAN FRANCISCO
94109,SAN FRANCISCO
94110,SAN FRANCISCO
94111,SAN FRANCISCO
94112,SAN FRANCISCO
94114,SAN FRANCISCO
94115,SAN FRANCISCO
94116,SAN FRANCISCO
94117,SAN FRANCISCO
94118,SAN FRANCISCO
94119,SAN FRANCISCO
94120,SAN FRANCISCO
94121,SAN FRANCISCO
94122,SAN FRANCISCO
94123,SAN FRANCISCO
94124,SAN FRANCISCO
94125,BURLINGAME
94126,SAN FRANCISCO
94127,SAN FRANCISCO
94128,SAN FRANCISCO
94129,SAN FRANCISCO
94130,SAN FRANCISCO
94131,SAN FRANCISCO
94132,SAN FRANCISCO
94133,SAN FRANCISCO
94134,SAN FRANCISCO
94140,SAN FRANCISCO
94141,SAN FRANCISCO
94142,SAN FRANCISCO
94146,SAN FRANCISCO
94147,SAN FRANCISCO
94158,SAN FRANCISCO
94159,SAN FRANCISCO
94164,SAN FRANCISCO
94172,SAN FRANCISCO
94188,SAN FRANCISCO
94301,EAST PALO ALTO
94302,PALO ALTO
94303,EAST PALO ALTO
94304,PALO ALTO
94305,EAST PALO ALTO
94306,PALO ALTO
94309,STANFORD
94401,SAN MATEO
94402,SAN MATEO
94403,SAN MATEO
94404,FOSTER CITY
94501,ALAMEDA
94502,ALAMEDA
94503,AMERICAN CANYON
94505,DISCOVERY BAY
94506,DANVILLE
94507,ALAMO
94508,ANGWIN
94509,ANTIOCH
94510,BENICIA
94511,BETHEL ISLAND
94512,SUISUN CITY
94513,BRENTWOOD
94514,BYRON
94515,CALISTOGA
94516,CANYON
94517,CLAYTON
94518,CONCORD
94519,CONCORD
94520,CONCORD
94521,CONCORD
94522,CONCORD
94523,CONCORD
94524,CONCORD
94525,CROCKETT
94526,DANVILLE
94528,DIABLO
94530,EL CERRITO
94531,ANTIOCH
94533,FAIRFIELD
94534,FAIRFIELD
94535,FAIRFIELD
94536,FREMONT
94537,FREMONT
94538,FREMONT
94539,FREMONT
94540,HAYWARD
94541,HAYWARD
94542,HAYWARD
94543,HAYWARD
94544,HAYWARD
94545,HAYWARD
94546,CASTRO VALLEY
94547,HERCULES
94548,KNIGHTSEN
94549,LAFAYETTE
94550,LIVERMORE
94551,LIVERMORE
94552,CASTRO VALLEY
94553,MARTINEZ
94555,FREMONT
94556,MORAGA
94557,HAYWARD
94558,NAPA
94559,NAPA
94560,NEWARK
94561,OAKLEY
94562,YOUNTVILLE
94563,ORINDA
94564,PINOLE
94565,PITTSBURG
94566,PLEASANTON
94567,POPE VALLEY
94568,DUBLIN
94569,PORT COSTA
94570,MORAGA
94571,RIO VISTA
94572,RODEO
94573,RUTHERFORD
94574,SAINT HELENA
94576,ANGWIN
94577,SAN LEANDRO
94578,SAN LEANDRO
94579,SAN LEANDRO
94580,SAN LORENZO
94581,NAPA
94582,SAN RAMON
94583,SAN RAMON
94585,SUISUN CITY
94586,SUNOL
94587,UNION CITY
94588,PLEASANTON
94589,VALLEJO
94590,VALLEJO
94591,VALLEJO
94592,VALLEJO
94595,WALNUT CREEK
94596,WALNUT CREEK
94597,WALNUT CREEK
94598,WALNUT CREEK
94599,YOUNTVILLE
94601,OAKLAND
94602,OAKLAND
94603,OAKLAND
94604,OAKLAND
94605,OAKLAND
94606,OAKLAND
94607,OAKLAND
94608,EMERYVILLE
94609,OAKLAND
94610,OAKLAND
94611,OAKLAND
94612,OAKLAND
94614,OAKLAND
94618,OAKLAND
94619,OAKLAND
94620,OAKLAND
94621,OAKLAND
94623,OAKLAND
94624,OAKLAND
94661,OAKLAND
94662,EMERYVILLE
94701,BERKELEY
94702,BERKELEY
94703,BERKELEY
94704,BERKELEY
94705,BERKELEY
94706,ALBANY
94707,BERKELEY
94708,BERKELEY
94709,BERKELEY
94710,BERKELEY
94712,BERKELEY
94801,RICHMOND
94802,RICHMOND
94803,EL SOBRANTE
94804,RICHMOND
94805,RICHMOND
94806,SAN PABLO
94807,RICHMOND
94808,RICHMOND
94820,EL SOBRANTE
94901,SAN RAFAEL
94903,SAN RAFAEL
94904,SAN RAFAEL
94912,SAN RAFAEL
94913,SAN RAFAEL
94914,KENTFIELD
94915,SAN RAFAEL
94920,BELVEDERE TIBURON
94922,BODEGA
94923,BODEGA BAY
94924,BOLINAS
94925,SAN RAFAEL
94927,ROHNERT PARK
94928,ROHNERT PARK
94929,DILLON BEACH
94930,SAN ANSELMO
94931,COTATI
94933,FOREST KNOLLS
94937,INVERNESS
94938,LAGUNITAS
94939,SAN RAFAEL
94940,MARSHALL
94941,MILL VALLEY
94942,MILL VALLEY
94945,NOVATO
94946,NICASIO
94947,NOVATO
94948,NOVATO
94949,NOVATO
94950,POINT REYES STATION
94951,PENNGROVE
94952,PETALUMA
94953,PETALUMA
94954,PETALUMA
94955,PETALUMA
94956,POINT REYES STATION
94957,ROSS
94960,SAN ANSELMO
94963,SAN GERONIMO
94964,SAN QUENTIN
94965,SAUSALITO
94966,SAUSALITO
94970,STINSON BEACH
94971,TOMALES
94972,VALLEY FORD
94973,WOODACRE
94975,PETALUMA
94976,LARKSPUR
94977,LARKSPUR
94978,FAIRFAX
94979,SAN ANSELMO
95001,APTOS
95002,ALVISO
95003,APTOS
95004,AROMAS
95005,BEN LOMOND
95006,BOULDER CREEK
95007,BOULDER CREEK
95008,CAMPBELL
95009,CAMPBELL
95010,CAPITOLA
95011,CAMPBELL
95012,CASTROVILLE
95013,COYOTE
95014,CUPERTINO
95015,CUPERTINO
95017,DAVENPORT
95018,FELTON
95019,FREEDOM
95020,GILROY
95021,GILROY
95023,HOLLISTER
95024,HOLLISTER
95026,REDWOOD ESTATES
95030,LOS GATOS
95031,LOS GATOS
95032,CAMPBELL
95033,LOS GATOS
95035,MILPITAS
95036,MILPITAS
95037,MORGAN HILL
95038,MORGAN HILL
95039,MOSS LANDING
95041,MOUNT HERMON
95042,SAN JOSE
95043,PAICINES
95044,REDWOOD ESTATES
95045,SAN JUAN BAUTISTA
95046,SAN MARTIN
95050,SANTA CLARA
95051,SANTA CLARA
95052,SANTA CLARA
95054,SANTA CLARA
95055,SANTA CLARA
95056,SANTA CLARA
95060,SANTA CRUZ
95061,SANTA CRUZ
95062,SCOTTS VALLEY
95063,SANTA CRUZ
95064,SANTA CRUZ
95065,SANTA CRUZ
95066,SCOTTS VALLEY
95067,SCOTTS VALLEY
95070,SARATOGA
95071,SARATOGA
95073,CAPITOLA
95075,TRES PINOS
95076,WATSONVILLE
95077,WATSONVILLE
95103,SAN JOSE
95106,SAN JOSE
95108,SAN JOSE
95109,SAN JOSE
95110,SAN JOSE
95111,SAN JOSE
95112,SAN JOSE
95113,SAN JOSE
95116,SAN JOSE
95117,SAN JOSE
95118,SAN JOSE
95119,SAN JOSE
95120,SAN JOSE
95121,SAN JOSE
95122,SAN JOSE
95123,SAN JOSE
95124,SAN JOSE
95125,SAN JOSE
95126,SAN JOSE
95127,SAN JOSE
95128,SAN JOSE
95129,SAN JOSE
95130,SAN JOSE
95131,SAN JOSE
95132,SAN JOSE
95133,SAN JOSE
95134,SAN JOSE
95135,SAN JOSE
95136,SAN JOSE
95138,SAN JOSE
95139,SAN JOSE
95140,SAN JOSE
95148,SAN JOSE
95150,SAN JOSE
95151,SAN JOSE
95152,SAN JOSE
95153,SAN JOSE
95154,SAN JOSE
95155,SAN JOSE
95156,SAN JOSE
95157,SAN JOSE
95158,SAN JOSE
95159,SAN JOSE
95160,SAN JOSE
95161,SAN JOSE
95164,SAN JOSE
95170,SAN JOSE
95172,SAN JOSE
95173,SAN JOSE
95201,STOCKTON
95202,STOCKTON
95203,STOCKTON
95204,STOCKTON
95205,STOCKTON
95206,STOCKTON
95207,STOCKTON
95208,STOCKTON
95209,STOCKTON
95210,STOCKTON
95212,STOCKTON
95213,STOCKTON
95215,STOCKTON
95219,STOCKTON
95220,ACAMPO
95221,ALTAVILLE
95222,ANGELS CAMP
95223,ARNOLD
95224,AVERY
95225,BURSON
95227,CLEMENTS
95228,COPPEROPOLIS
95229,MURPHYS
95230,FARMINGTON
95231,FRENCH CAMP
95232,GLENCOE
95233,HATHAWAY PINES
95234,HOLT
95236,LINDEN
95237,LOCKEFORD
95240,LODI
95241,LODI
95242,LODI
95245,MOKELUMNE HILL
95246,MOUNTAIN RANCH
95247,MURPHYS
95248,RAIL ROAD FLAT
95249,SAN ANDREAS
95251,VALLECITO
95252,VALLEY SPRINGS
95253,VICTOR
95254,WALLACE
95255,WEST POINT
95257,WILSEYVILLE
95258,WOODBRIDGE
95267,STOCKTON
95269,STOCKTON
95301,ATWATER
95303,BALLICO
95304,TRACY
95305,BIG OAK FLAT
95306,CATHEYS VALLEY
95307,CERES
95309,CHINESE CAMP
95310,COLUMBIA
95311,COULTERVILLE
95312,CRESSEY
95313,CROWS LANDING
95315,DELHI
95316,DENAIR
95317,EL NIDO
95318,EL PORTAL
95319,EMPIRE
95320,ESCALON
95321,GROVELAND
95322,GUSTINE
95323,HICKMAN
95324,HILMAR
95325,HORNITOS
95326,HUGHSON
95327,JAMESTOWN
95328,KEYES
95329,LA GRANGE
95330,LATHROP
95333,LE GRAND
95334,LIVINGSTON
95335,LONG BARN
95336,MANTECA
95337,MANTECA
95338,MARIPOSA
95340,MERCED
95341,MERCED
95344,MERCED
95345,MIDPINES
95346,MI WUK VILLAGE
95347,CHINESE CAMP
95348,MERCED
95350,MODESTO
95351,MODESTO
95352,MODESTO
95353,MODESTO
95354,MODESTO
95355,MODESTO
95356,MODESTO
95357,MODESTO
95358,MODESTO
95360,NEWMAN
95361,OAKDALE
95363,PATTERSON
95364,PINECREST
95365,PLANADA
95366,RIPON
95367,RIVERBANK
95368,SALIDA
95369,SNELLING
95370,SONORA
95372,SOULSBYVILLE
95373,STANDARD
95374,STEVINSON
95376,TRACY
95377,TRACY
95378,TRACY
95379,TUOLUMNE
95380,TURLOCK
95381,TURLOCK
95382,TURLOCK
95383,TWAIN HARTE
95385,WESTLEY
95386,WATERFORD
95387,WESTLEY
95388,WINTON
95389,YOSEMITE NATIONAL PARK
95391,TRACY
95401,SANTA ROSA
95402,SANTA ROSA
95403,SANTA ROSA
95404,SANTA ROSA
95405,SANTA ROSA
95406,SANTA ROSA
95407,SANTA ROSA
95409,SANTA ROSA
95410,ALBION
95412,STEWARTS POINT
95415,BOONVILLE
95416,BOYES HOT SPRINGS
95417,LAYTONVILLE
95418,CALPELLA
95419,CAMP MEEKER
95421,CAZADERO
95422,CLEARLAKE
95423,CLEARLAKE OAKS
95424,CLEARLAKE PARK
95425,CLOVERDALE
95426,COBB
95427,COMPTCHE
95428,COVELO
95429,WILLITS
95430,DUNCANS MILLS
95431,GLEN ELLEN
95432,ELK
95433,EL VERANO
95435,FINLEY
95436,FORESTVILLE
95437,FORT BRAGG
95439,FULTON
95441,GEYSERVILLE
95442,GLEN ELLEN
95443,GLENHAVEN
95444,GRATON
95445,GUALALA
95446,GUERNEVILLE
95448,HEALDSBURG
95449,HOPLAND
95450,JENNER
95451,KELSEYVILLE
95452,KENWOOD
95453,LAKEPORT
95454,LAYTONVILLE
95456,LITTLE RIVER
95457,LOWER LAKE
95458,LUCERNE
95459,MANCHESTER
95460,MENDOCINO
95461,MIDDLETOWN
95462,MONTE RIO
95463,YORKVILLE
95464,NICE
95465,OCCIDENTAL
95466,PHILO
95467,MIDDLETOWN
95468,POINT ARENA
95469,POTTER VALLEY
95470,REDWOOD VALLEY
95471,GUERNEVILLE
95472,SEBASTOPOL
95473,SEBASTOPOL
95476,SONOMA
95480,STEWARTS POINT
95481,TALMAGE
95482,UKIAH
95485,UPPER LAKE
95486,VILLA GRANDE
95487,VINEBURG
95488,FORT BRAGG
95490,WILLITS
95492,WINDSOR
95493,UPPER LAKE
95494,YORKVILLE
95497,THE SEA RANCH
95501,EUREKA
95502,EUREKA
95503,EUREKA
95511,ALDERPOINT
95514,BLOCKSBURG
95518,ARCATA
95519,ARCATA
95521,ARCATA
95524,BAYSIDE
95525,BLUE LAKE
95526,BRIDGEVILLE
95527,BURNT RANCH
95528,CARLOTTA
95531,CRESCENT CITY
95534,EUREKA
95536,FERNDALE
95537,FIELDS LANDING
95540,FORTUNA
95542,GARBERVILLE
95543,GASQUET
95545,HONEYDEW
95546,HOOPA
95547,HYDESVILLE
95548,KLAMATH
95549,ARCATA
95550,BLUE LAKE
95551,LOLETA
95552,MAD RIVER
95553,MIRANDA
95554,MYERS FLAT
95555,ORICK
95556,ORLEANS
95558,PETROLIA
95559,PHILLIPSVILLE
95560,REDWAY
95562,RIO DELL
95563,SALYER
95564,SAMOA
95565,RIO DELL
95567,SMITH RIVER
95568,ORLEANS
95569,REDCREST
95570,TRINIDAD
95571,WEOTT
95573,WILLOW CREEK
95585,LEGGETT
95587,GARBERVILLE
95589,WHITETHORN
95595,ZENIA
95601,AMADOR CITY
95602,AUBURN
95603,AUBURN
95604,AUBURN
95605,WEST SACRAMENTO
95606,BROOKS
95608,CARMICHAEL
95609,CARMICHAEL
95610,CITRUS HEIGHTS
95611,CITRUS HEIGHTS
95612,CLARKSBURG
95613,COLOMA
95614,COOL
95615,COURTLAND
95616,DAVIS
95617,DAVIS
95618,DAVIS
95619,DIAMOND SPRINGS
95620,DIXON
95621,CITRUS HEIGHTS
95623,EL DORADO
95624,ELK GROVE
95625,ELMIRA
95626,ELVERTA
95627,ESPARTO
95628,FAIR OAKS
95629,FIDDLETOWN
95630,FOLSOM
95631,FORESTHILL
95632,GALT
95633,GARDEN VALLEY
95634,GEORGETOWN
95635,GREENWOOD
95636,GRIZZLY FLATS
95637,GUINDA
95638,HERALD
95639,HOOD
95640,IONE
95641,ISLETON
95642,JACKSON
95645,KNIGHTS LANDING
95648,LINCOLN
95650,LOOMIS
95651,LOTUS
95652,NORTH HIGHLANDS
95653,MADISON
95655,RANCHO CORDOVA
95656,MOUNT AUKUM
95658,NEWCASTLE
95659,NICOLAUS
95660,NORTH HIGHLANDS
95661,ROSEVILLE
95662,ORANGEVALE
95663,PENRYN
95664,PILOT HILL
95665,PINE GROVE
95666,PIONEER
95667,PLACERVILLE
95668,PLEASANT GROVE
95669,PLYMOUTH
95670,RANCHO CORDOVA
95672,RESCUE
95673,RIO LINDA
95674,RIO OSO
95675,MOUNT AUKUM
95676,ROBBINS
95677,ROCKLIN
95678,ROSEVILLE
95679,RUMSEY
95680,RYDE
95681,SHERIDAN
95682,SHINGLE SPRINGS
95683,SLOUGHHOUSE
95684,SOMERSET
95685,SUTTER CREEK
95686,THORNTON
95687,VACAVILLE
95688,VACAVILLE
95689,VOLCANO
95690,WALNUT GROVE
95691,WEST SACRAMENTO
95692,WHEATLAND
95693,WILTON
95694,WINTERS
95695,WOODLAND
95696,VACAVILLE
95697,YOLO
95698,ZAMORA
95699,SUTTER CREEK
95701,ALTA
95703,APPLEGATE
95709,CAMINO
95712,CHICAGO PARK
95713,COLFAX
95714,DUTCH FLAT
95715,EMIGRANT GAP
95717,GOLD RUN
95720,KYBURZ
95722,MEADOW VISTA
95724,SODA SPRINGS
95726,POLLOCK PINES
95728,SODA SPRINGS
95735,TWIN BRIDGES
95736,WEIMAR
95741,RANCHO CORDOVA
95742,RANCHO CORDOVA
95746,ROSEVILLE
95747,ROSEVILLE
95757,ELK GROVE
95758,ELK GROVE
95759,ELK GROVE
95762,EL DORADO HILLS
95763,FOLSOM
95765,ROCKLIN
95776,WOODLAND
95798,WEST SACRAMENTO
95811,SACRAMENTO
95812,SACRAMENTO
95813,SACRAMENTO
95814,SACRAMENTO
95815,SACRAMENTO
95816,SACRAMENTO
95817,SACRAMENTO
95818,SACRAMENTO
95819,SACRAMENTO
95820,SACRAMENTO
95821,SACRAMENTO
95822,SACRAMENTO
95823,SACRAMENTO
95824,SACRAMENTO
95825,SACRAMENTO
95826,SACRAMENTO
95827,SACRAMENTO
95828,SACRAMENTO
95829,SACRAMENTO
95830,SACRAMENTO
95831,SACRAMENTO
95832,SACRAMENTO
95833,SACRAMENTO
95834,SACRAMENTO
95835,SACRAMENTO
95837,SACRAMENTO
95838,SACRAMENTO
95841,SACRAMENTO
95842,SACRAMENTO
95843,SACRAMENTO
95851,SACRAMENTO
95852,SACRAMENTO
95853,SACRAMENTO
95860,SACRAMENTO
95864,SACRAMENTO
95865,SACRAMENTO
95866,SACRAMENTO
95899,SACRAMENTO
95901,MARYSVILLE
95903,BEALE AFB
95910,ALLEGHANY
95912,ARBUCKLE
95913,ARTOIS
95914,BANGOR
95915,TWAIN
95916,BERRY CREEK
95917,BIGGS
95918,BROWNS VALLEY
95919,BROWNSVILLE
95920,BUTTE CITY
95922,CAMPTONVILLE
95923,CANYON DAM
95924,CEDAR RIDGE
95925,CHALLENGE
95926,CHICO
95927,CHICO
95928,CHICO
95930,CLIPPER MILLS
95932,COLUSA
95934,CRESCENT MILLS
95935,DOBBINS
95936,DOWNIEVILLE
95937,DUNNIGAN
95938,DURHAM
95939,ELK CREEK
95940,OROVILLE
95941,FORBESTOWN
95942,FOREST RANCH
95943,GLENN
95944,GOODYEARS BAR
95945,GRASS VALLEY
95946,PENN VALLEY
95947,GREENVILLE
95948,GRIDLEY
95949,GRASS VALLEY
95950,GRIMES
95951,HAMILTON CITY
95953,LIVE OAK
95954,MAGALIA
95955,MAXWELL
95956,MEADOW VALLEY
95957,MERIDIAN
95958,NELSON
95959,NEVADA CITY
95960,NORTH SAN JUAN
95961,OLIVEHURST
95962,OREGON HOUSE
95963,ORLAND
95965,OROVILLE
95966,OROVILLE
95967,PARADISE
95968,PALERMO
95969,PARADISE
95970,PRINCETON
95971,QUINCY
95972,RACKERBY
95973,CHICO
95974,RICHVALE
95975,ROUGH AND READY
95977,SMARTSVILLE
95978,STIRLING CITY
95979,STONYFORD
95980,TWAIN
95981,CLIPPER MILLS
95982,SUTTER
95983,TAYLORSVILLE
95984,TWAIN
95986,WASHINGTON
95987,WILLIAMS
95988,WILLOWS
95991,MARYSVILLE
95992,YUBA CITY
95993,MARYSVILLE
96001,REDDING
96002,REDDING
96003,REDDING
96006,ADIN
96007,ANDERSON
96008,BELLA VISTA
96009,BIEBER
96010,BIG BAR
96011,BIG BEND
96013,BURNEY
96014,CALLAHAN
96015,CANBY
96016,CASSEL
96017,CASTELLA
96019,SHASTA LAKE
96020,CHESTER
96021,CORNING
96022,COTTONWOOD
96023,DORRIS
96024,DOUGLAS CITY
96025,DUNSMUIR
96027,ETNA
96028,FALL RIVER MILLS
96029,CORNING
96031,FORKS OF SALMON
96032,FORT JONES
96033,FRENCH GULCH
96034,GAZELLE
96035,GERBER
96037,GREENVIEW
96038,GRENADA
96039,HAPPY CAMP
96040,HAT CREEK
96041,HAYFORK
96044,HORNBROOK
96046,HYAMPOM
96047,IGO
96048,JUNCTION CITY
96049,REDDING
96050,KLAMATH RIVER
96051,LAKEHEAD
96052,LEWISTON
96054,LOOKOUT
96055,LOS MOLINOS
96056,MCARTHUR
96057,MCCLOUD
96058,MACDOEL
96059,MANTON
96062,MILLVILLE
96063,MINERAL
96064,MONTAGUE
96065,MONTGOMERY CREEK
96067,MOUNT SHASTA
96068,NUBIEBER
96069,OAK RUN
96071,OLD STATION
96073,PALO CEDRO
96074,PASKENTA
96075,PAYNES CREEK
96076,PLATINA
96078,PROBERTA
96079,SHASTA LAKE
96080,RED BLUFF
96084,ROUND MOUNTAIN
96085,SCOTT BAR
96086,SEIAD VALLEY
96087,SHASTA
96088,SHINGLETOWN
96089,SHASTA LAKE
96090,TEHAMA
96091,TRINITY CENTER
96092,VINA
96093,WEAVERVILLE
96094,WEED
96095,SHASTA
96096,WHITMORE
96097,YREKA
96099,REDDING
96101,ALTURAS
96103,BLAIRSDEN GRAEAGLE
96104,CEDARVILLE
96105,CHILCOOT
96106,CLIO
96107,COLEVILLE
96108,DAVIS CREEK
96109,DOYLE
96110,EAGLEVILLE
96112,FORT BIDWELL
96113,HERLONG
96114,JANESVILLE
96115,LAKE CITY
96116,LIKELY
96117,LITCHFIELD
96118,LOYALTON
96119,MADELINE
96120,MARKLEEVILLE
96121,MILFORD
96122,PORTOLA
96123,RAVENDALE
96124,CALPINE
96125,SIERRA CITY
96126,SIERRAVILLE
96127,SUSANVILLE
96128,STANDISH
96130,SUSANVILLE
96132,RAVENDALE
96133,COLEVILLE
96134,TULELAKE
96135,CHILCOOT
96137,WESTWOOD
96140,CARNELIAN BAY
96141,HOMEWOOD
96142,TAHOMA
96143,KINGS BEACH
96145,TAHOE CITY
96146,OLYMPIC VALLEY
96148,TAHOE VISTA
96150,SOUTH LAKE TAHOE
96151,SOUTH LAKE TAHOE
96155,SOUTH LAKE TAHOE
96158,SOUTH LAKE TAHOE
96160,TRUCKEE
96161,TRUCKEE
96162,TRUCKEE
96701,AIEA
96703,ANAHOLA
96704,CAPTAIN COOK
96705,ELEELE
96706,EWA BEACH
96707,KAPOLEI
96708,HAIKU
96709,KAPOLEI
96710,HONOMU
96712,HALEIWA
96713,HANA
96714,HANALEI
96715,LIHUE
96716,HANAPEPE
96717,HAUULA
96718,HAWAII NATIONAL PARK
96719,HAWI
96720,HILO
96721,HILO
96722,KILAUEA
96725,HOLUALOA
96726,HONAUNAU
96727,HONOKAA
96728,HONOMU
96729,HOOLEHUA
96730,KAAAWA
96731,KAHUKU
96732,KAHULUI
96733,KAHULUI
96734,KAILUA
96737,OCEAN VIEW
96738,WAIKOLOA
96739,KAILUA KONA
96740,KAILUA KONA
96741,KALAHEO
96742,KALAUPAPA
96743,KAMUELA
96744,KANEOHE
96745,KAILUA KONA
96746,KAPAA
96747,KAUMAKANI
96748,KAUNAKAKAI
96749,KEAAU
96750,KEALAKEKUA
96752,KEKAHA
96753,KIHEI
96754,KILAUEA
96755,KAPAAU
96756,KOLOA
96757,KUALAPUU
96759,KUNIA
96760,KURTISTOWN
96761,LAHAINA
96762,LAIE
96763,LANAI CITY
96764,LAUPAHOEHOE
96765,LAWAI
96766,LIHUE
96767,LAHAINA
96768,MAKAWAO
96769,MAKAWELI
96770,MAUNALOA
96771,MOUNTAIN VIEW
96772,NAALEHU
96773,NINOLE
96774,PAAUILO
96776,PAAUILO
96777,PAHALA
96778,PAHOA
96779,PAIA
96780,PAPAALOA
96781,PAPAIKOU
96782,PEARL CITY
96783,PEPEEKEO
96784,KAHULUI
96785,VOLCANO
96786,WAHIAWA
96788,MAKAWAO
96789,MILILANI
96790,KULA
96791,WAIALUA
96792,WAIANAE
96793,WAILUKU
96795,WAIMANALO
96796,WAIMEA
96797,WAIPAHU
96799,PAGO PAGO
96801,HONOLULU
96802,HONOLULU
96803,HONOLULU
96804,HONOLULU
96805,HONOLULU
96806,HONOLULU
96807,HONOLULU
96808,HONOLULU
96809,HONOLULU
96810,HONOLULU
96811,HONOLULU
96812,HONOLULU
96813,HONOLULU
96814,HONOLULU
96815,HONOLULU
96816,HONOLULU
96817,HONOLULU
96818,HONOLULU
96819,HONOLULU
96820,HONOLULU
96821,HONOLULU
96822,HONOLULU
96823,HONOLULU
96824,HONOLULU
96825,HONOLULU
96826,HONOLULU
96828,HONOLULU
96830,HONOLULU
96836,HONOLULU
96837,HONOLULU
96838,HONOLULU
96839,HONOLULU
96910,BARRIGADA
96912,DEDEDO
96913,BARRIGADA
96915,BARRIGADA
96916,MERIZO
96921,BARRIGADA
96923,MANGILAO
96928,BARRIGADA
96929,YIGO
96931,TAMUNING
96932,HAGATNA
96940,KOROR
96941,POHNPEI
96942,CHUUK
96943,YAP
96944,KOSRAE
96950,SAIPAN
96951,ROTA
96952,TINIAN
96960,MAJURO
96970,EBEYE
97001,ANTELOPE
97002,AURORA
97003,PORTLAND
97004,BEAVERCREEK
97005,BEAVERTON
97006,BEAVERTON
97007,BEAVERTON
97008,BEAVERTON
97009,BORING
97010,BRIDAL VEIL
97011,BRIGHTWOOD
97013,CANBY
97014,CASCADE LOCKS
97015,CLACKAMAS
97016,CLATSKANIE
97017,COLTON
97018,COLUMBIA CITY
97019,CORBETT
97020,DONALD
97021,DUFUR
97022,EAGLE CREEK
97023,ESTACADA
97024,FAIRVIEW
97026,GERVAIS
97027,CLACKAMAS
97028,GOVERNMENT CAMP
97029,GRASS VALLEY
97030,GRESHAM
97031,HOOD RIVER
97032,AURORA
97033,KENT
97034,LAKE OSWEGO
97035,LAKE GROVE
97036,MARYLHURST
97037,MAUPIN
97038,MOLALLA
97039,MORO
97040,MOSIER
97041,MOUNT HOOD PARKDALE
97042,MULINO
97044,ODELL
97045,OREGON CITY
97048,RAINIER
97049,RHODODENDRON
97050,RUFUS
97051,SAINT HELENS
97053,SAINT HELENS
97054,SAINT HELENS
97055,SANDY
97056,SCAPPOOSE
97057,SHANIKO
97058,THE DALLES
97060,TROUTDALE
97062,TUALATIN
97063,TYGH VALLEY
97064,VERNONIA
97065,WASCO
97067,WELCHES
97068,WEST LINN
97070,WILSONVILLE
97071,WOODBURN
97075,BEAVERTON
97076,BEAVERTON
97078,BEAVERTON
97080,GRESHAM
97086,CLACKAMAS
97089,BORING
97101,AMITY
97102,CANNON BEACH
97103,ASTORIA
97106,BANKS
97107,BAY CITY
97108,CLOVERDALE
97109,BANKS
97110,CANNON BEACH
97111,CARLTON
97112,CLOVERDALE
97113,CORNELIUS
97114,DAYTON
97115,DUNDEE
97116,FOREST GROVE
97117,FOREST GROVE
97118,GARIBALDI
97119,GASTON
97121,HAMMOND
97122,CLOVERDALE
97123,HILLSBORO
97124,HILLSBORO
97125,BANKS
97127,DAYTON
97128,MCMINNVILLE
97129,HILLSBORO
97130,MANZANITA
97131,NEHALEM
97132,NEWBERG
97133,NORTH PLAINS
97134,OCEANSIDE
97135,PACIFIC CITY
97136,ROCKAWAY BEACH
97137,SAINT PAUL
97138,SEASIDE
97140,SHERWOOD
97141,TILLAMOOK
97143,TILLAMOOK
97144,FOREST GROVE
97145,TOLOVANA PARK
97146,WARRENTON
97147,WHEELER
97148,YAMHILL
97149,CLOVERDALE
97201,PORTLAND
97202,PORTLAND
97203,PORTLAND
97204,PORTLAND
97205,PORTLAND
97206,PORTLAND
97207,PORTLAND
97208,PORTLAND
97209,PORTLAND
97210,PORTLAND
97211,PORTLAND
97212,PORTLAND
97213,PORTLAND
97214,PORTLAND
97215,PORTLAND
97216,PORTLAND
97217,PORTLAND
97218,PORTLAND
97219,PORTLAND
97220,PORTLAND
97221,PORTLAND
97222,PORTLAND
97223,PORTLAND
97224,PORTLAND
97225,PORTLAND
97227,PORTLAND
97228,PORTLAND
97229,PORTLAND
97230,PORTLAND
97231,PORTLAND
97232,PORTLAND
97233,PORTLAND
97236,PORTLAND
97238,PORTLAND
97239,PORTLAND
97240,PORTLAND
97242,PORTLAND
97266,PORTLAND
97267,PORTLAND
97268,PORTLAND
97269,PORTLAND
97280,PORTLAND
97281,PORTLAND
97282,PORTLAND
97283,PORTLAND
97286,PORTLAND
97290,PORTLAND
97292,PORTLAND
97293,PORTLAND
97294,PORTLAND
97296,PORTLAND
97298,PORTLAND
97301,SALEM
97302,SALEM
97303,SALEM
97304,SALEM
97305,SALEM
97306,SALEM
97307,KEIZER
97308,SALEM
97309,SALEM
97317,SALEM
97321,ALBANY
97322,ALBANY
97324,ALSEA
97325,AUMSVILLE
97326,BLODGETT
97327,BROWNSVILLE
97329,FOSTER
97330,CORVALLIS
97333,CORVALLIS
97335,CRABTREE
97336,CRAWFORDSVILLE
97338,DALLAS
97339,CORVALLIS
97341,DEPOE BAY
97342,DETROIT
97343,EDDYVILLE
97344,FALLS CITY
97345,FOSTER
97346,MILL CITY
97347,GRAND RONDE
97348,HALSEY
97350,IDANHA
97351,INDEPENDENCE
97352,JEFFERSON
97355,LEBANON
97357,LOGSDEN
97358,LYONS
97360,MILL CITY
97361,MONMOUTH
97362,MOUNT ANGEL
97364,NEOTSU
97365,NEWPORT
97366,NEWPORT
97367,LINCOLN CITY
97368,LINCOLN CITY
97369,NEWPORT
97370,PHILOMATH
97371,RICKREALL
97373,SAINT BENEDICT
97374,SCIO
97375,SCOTTS MILLS
97376,WALDPORT
97377,SHEDD
97378,SHERIDAN
97380,SILETZ
97381,SILVERTON
97383,STAYTON
97384,LYONS
97385,SUBLIMITY
97386,SWEET HOME
97388,GLENEDEN BEACH
97389,TANGENT
97390,TIDEWATER
97391,TOLEDO
97392,TURNER
97394,WALDPORT
97396,WILLAMINA
97401,EUGENE
97402,EUGENE
97403,EUGENE
97404,EUGENE
97405,EUGENE
97406,AGNESS
97407,ALLEGANY
97408,EUGENE
97409,ALVADORE
97410,AZALEA
97411,BANDON
97412,BLACHLY
97413,BLUE RIVER
97414,BROADBENT
97415,BROOKINGS
97416,CAMAS VALLEY
97417,CANYONVILLE
97419,CHESHIRE
97420,COOS BAY
97423,COQUILLE
97424,COTTAGE GROVE
97426,CRESWELL
97429,DAYS CREEK
97430,DEADWOOD
97431,DEXTER
97432,DILLARD
97434,COTTAGE GROVE
97435,DRAIN
97436,ELKTON
97437,ELMIRA
97438,LOWELL
97439,FLORENCE
97440,EUGENE
97441,GARDINER
97442,GLENDALE
97443,GLIDE
97444,GOLD BEACH
97446,HARRISBURG
97447,IDLEYLD PARK
97448,JUNCTION CITY
97449,LAKESIDE
97450,LANGLOIS
97451,LORANE
97452,LOWELL
97453,MAPLETON
97454,MARCOLA
97455,PLEASANT HILL
97456,MONROE
97457,MYRTLE CREEK
97458,MYRTLE POINT
97459,NORTH BEND
97461,NOTI
97462,OAKLAND
97463,OAKRIDGE
97464,OPHIR
97465,PORT ORFORD
97466,POWERS
97467,REEDSPORT
97469,RIDDLE
97470,ROSEBURG
97471,ROSEBURG
97473,SCOTTSBURG
97475,SPRINGFIELD
97476,PORT ORFORD
97477,SPRINGFIELD
97478,SPRINGFIELD
97479,SUTHERLIN
97480,SWISSHOME
97481,TENMILE
97484,TILLER
97486,UMPQUA
97487,VENETA
97488,VIDA
97489,WALTERVILLE
97490,WALTON
97491,WEDDERBURN
97492,WESTFIR
97493,WESTLAKE
97494,WILBUR
97495,WINCHESTER
97496,WINSTON
97497,WOLF CREEK
97498,YACHATS
97499,YONCALLA
97501,MEDFORD
97502,CENTRAL POINT
97503,WHITE CITY
97504,MEDFORD
97520,ASHLAND
97522,BUTTE FALLS
97523,CAVE JUNCTION
97524,EAGLE POINT
97525,GOLD HILL
97526,GRANTS PASS
97527,GRANTS PASS
97528,GRANTS PASS
97530,JACKSONVILLE
97531,CAVE JUNCTION
97532,MERLIN
97533,MURPHY
97534,CAVE JUNCTION
97535,PHOENIX
97536,PROSPECT
97537,ROGUE RIVER
97538,SELMA
97539,SHADY COVE
97540,PHOENIX
97541,SHADY COVE
97543,SELMA
97544,WILLIAMS
97601,KLAMATH FALLS
97602,KLAMATH FALLS
97603,KLAMATH FALLS
97604,KLAMATH FALLS
97620,ADEL
97621,BEATTY
97622,BLY
97623,BONANZA
97624,CHILOQUIN
97625,BONANZA
97626,FORT KLAMATH
97627,KENO
97630,LAKEVIEW
97632,MALIN
97633,MERRILL
97634,MIDLAND
97635,NEW PINE CREEK
97636,PAISLEY
97637,LAKEVIEW
97638,SILVER LAKE
97639,CHILOQUIN
97640,SUMMER LAKE
97641,CHRISTMAS VALLEY
97701,BEND
97702,BEND
97703,BEND
97707,BEND
97708,BEND
97709,BEND
97710,BURNS
97711,MADRAS
97712,BEND
97720,BURNS
97721,BURNS
97722,BURNS
97730,CAMP SHERMAN
97731,CHEMULT
97732,CRANE
97733,CRESCENT
97734,CULVER
97735,FORT ROCK
97736,BURNS
97737,GILCHRIST
97738,HINES
97739,LA PINE
97741,MADRAS
97750,MITCHELL
97751,PAULINA
97752,POST
97753,POWELL BUTTE
97754,PRINEVILLE
97756,REDMOND
97758,RILEY
97759,SISTERS
97760,TERREBONNE
97761,WARM SPRINGS
97801,PENDLETON
97810,ADAMS
97812,ARLINGTON
97813,ATHENA
97814,BAKER CITY
97817,PRAIRIE CITY
97818,BOARDMAN
97819,JOHN DAY
97820,CANYON CITY
97823,CONDON
97824,COVE
97825,DAYVILLE
97826,ECHO
97827,ELGIN
97828,ENTERPRISE
97830,FOSSIL
97833,HAINES
97834,HALFWAY
97835,HELIX
97836,HEPPNER
97837,PRAIRIE CITY
97838,HERMISTON
97839,HEPPNER
97840,OXBOW
97841,IMBLER
97842,IMNAHA
97843,IONE
97844,IRRIGON
97845,JOHN DAY
97846,JOSEPH
97848,KIMBERLY
97850,LA GRANDE
97856,LONG CREEK
97857,LOSTINE
97862,MILTON FREEWATER
97864,MONUMENT
97865,MOUNT VERNON
97867,NORTH POWDER
97868,PILOT ROCK
97869,PRAIRIE CITY
97870,RICHLAND
97873,SENECA
97874,SPRAY
97875,STANFIELD
97876,IMBLER
97877,SUMPTER
97880,UKIAH
97882,UMATILLA
97883,UNION
97884,UNITY
97885,WALLOWA
97886,WESTON
97901,PARMA
97902,AROCK
97903,VALE
97904,DREWSEY
97905,DURKEE
97906,HARPER
97907,HUNTINGTON
97908,VALE
97909,JAMIESON
97910,JORDAN VALLEY
97911,JUNTURA
97913,NYSSA
97914,ONTARIO
97917,JUNTURA
97918,VALE
97920,HARPER
98001,AUBURN
98002,AUBURN
98003,FEDERAL WAY
98004,BELLEVUE
98005,BELLEVUE
98006,BELLEVUE
98007,BELLEVUE
98008,BELLEVUE
98009,BELLEVUE
98010,BLACK DIAMOND
98011,BOTHELL
98012,EVERETT
98013,VASHON
98014,CARNATION
98015,BELLEVUE
98019,DUVALL
98020,EDMONDS
98021,EVERETT
98022,ENUMCLAW
98023,FEDERAL WAY
98024,FALL CITY
98025,HOBART
98026,EDMONDS
98027,ISSAQUAH
98028,BOTHELL
98029,ISSAQUAH
98030,KENT
98031,KENT
98032,KENT
98033,KIRKLAND
98034,KIRKLAND
98035,KENT
98036,LYNNWOOD
98037,EVERETT
98038,MAPLE VALLEY
98039,MEDINA
98040,MERCER ISLAND
98041,BOTHELL
98042,COVINGTON
98043,LYNNWOOD
98045,NORTH BEND
98046,LYNNWOOD
98047,AUBURN
98050,PRESTON
98051,RAVENSDALE
98052,REDMOND
98053,REDMOND
98055,RENTON
98056,RENTON
98057,RENTON
98058,RENTON
98059,RENTON
98061,ROLLINGBAY
98062,SEAHURST
98063,FEDERAL WAY
98064,KENT
98065,NORTH BEND
98068,SNOQUALMIE PASS
98070,VASHON
98071,AUBURN
98072,WOODINVILLE
98073,REDMOND
98074,REDMOND
98075,ISSAQUAH
98077,WOODINVILLE
98082,MILL CREEK
98083,KIRKLAND
98087,EVERETT
98089,KENT
98092,AUBURN
98093,FEDERAL WAY
98101,SEATTLE
98102,SEATTLE
98103,SEATTLE
98104,SEATTLE
98105,SEATTLE
98106,SEATTLE
98107,SEATTLE
98108,SEATTLE
98109,SEATTLE
98110,BAINBRIDGE ISLAND
98111,SEATTLE
98112,SEATTLE
98113,SEATTLE
98114,SEATTLE
98115,SEATTLE
98116,SEATTLE
98117,SEATTLE
98118,SEATTLE
98119,SEATTLE
98121,SEATTLE
98122,SEATTLE
98124,SEATTLE
98125,LYNNWOOD
98126,SEATTLE
98127,SEATTLE
98133,SEATTLE
98134,SEATTLE
98136,SEATTLE
98138,TUKWILA
98139,SEATTLE
98141,SEATTLE
98144,SEATTLE
98145,SEATTLE
98146,SEATTLE
98148,BURIEN
98154,SEATTLE
98155,LYNNWOOD
98158,SEATAC
98160,SHORELINE
98161,SEATTLE
98164,SEATTLE
98165,SEATTLE
98166,BURIEN
98168,SEATAC
98174,SEATTLE
98175,SEATTLE
98177,SEATTLE
98178,SEATTLE
98188,SEATAC
98194,SEATTLE
98198,DES MOINES
98199,SEATTLE
98201,EVERETT
98203,EVERETT
98204,EVERETT
98206,EVERETT
98208,EVERETT
98213,EVERETT
98220,ACME
98221,ANACORTES
98222,BLAKELY ISLAND
98223,ARLINGTON
98224,BARING
98225,BELLINGHAM
98226,BELLINGHAM
98227,BELLINGHAM
98228,BELLINGHAM
98229,BELLINGHAM
98230,BLAINE
98231,BLAINE
98232,BOW
98233,BURLINGTON
98235,CLEARLAKE
98236,CLINTON
98237,CONCRETE
98238,CONWAY
98239,COUPEVILLE
98240,BLAINE
98241,DARRINGTON
98243,DEER HARBOR
98244,DEMING
98245,EASTSOUND
98247,EVERSON
98248,FERNDALE
98249,FREELAND
98250,FRIDAY HARBOR
98251,GOLD BAR
98252,GRANITE FALLS
98253,GREENBANK
98255,HAMILTON
98256,INDEX
98257,LA CONNER
98258,LAKE STEVENS
98259,NORTH LAKEWOOD
98260,LANGLEY
98261,LOPEZ ISLAND
98262,FERNDALE
98263,LYMAN
98264,LYNDEN
98266,MAPLE FALLS
98267,MARBLEMOUNT
98270,MARYSVILLE
98271,MARYSVILLE
98272,MONROE
98273,MOUNT VERNON
98274,MOUNT VERNON
98275,MUKILTEO
98276,EVERSON
98277,OAK HARBOR
98279,OLGA
98280,ORCAS
98281,POINT ROBERTS
98282,STANWOOD
98283,ROCKPORT
98284,SEDRO WOOLLEY
98286,SHAW ISLAND
98287,SILVANA
98288,SKYKOMISH
98290,SNOHOMISH
98291,SNOHOMISH
98292,STANWOOD
98293,STARTUP
98294,SULTAN
98295,SUMAS
98296,SNOHOMISH
98297,WALDRON
98303,DUPONT
98304,ASHFORD
98305,BEAVER
98310,BREMERTON
98311,BREMERTON
98312,BREMERTON
98315,SILVERDALE
98320,BRINNON
98321,BUCKLEY
98322,BURLEY
98323,CARBONADO
98324,CARLSBORG
98325,CHIMACUM
98326,CLALLAM BAY
98327,DUPONT
98328,EATONVILLE
98329,WAUNA
98330,ELBE
98331,FORKS
98332,GIG HARBOR
98333,FOX ISLAND
98335,GIG HARBOR
98336,GLENOMA
98337,BREMERTON
98338,GRAHAM
98339,PORT HADLOCK
98340,HANSVILLE
98342,INDIANOLA
98343,JOYCE
98344,KAPOWSIN
98345,KEYPORT
98346,KINGSTON
98349,LAKEBAY
98350,LA PUSH
98351,LAKEBAY
98353,MANCHESTER
98354,MILTON
98355,MINERAL
98356,MORTON
98357,NEAH BAY
98358,PORT HADLOCK
98359,OLALLA
98360,ORTING
98361,PACKWOOD
98362,PORT ANGELES
98363,PORT ANGELES
98364,PORT GAMBLE
98365,PORT HADLOCK
98366,PORT ORCHARD
98367,PORT ORCHARD
98368,PORT TOWNSEND
98370,POULSBO
98371,PUYALLUP
98372,PUYALLUP
98373,PUYALLUP
98374,PUYALLUP
98375,PUYALLUP
98376,QUILCENE
98377,RANDLE
98380,SEABECK
98381,PORT ANGELES
98382,SEQUIM
98383,SILVERDALE
98384,SOUTH COLBY
98385,SOUTH PRAIRIE
98386,SOUTHWORTH
98387,SPANAWAY
98388,LAKEWOOD
98390,SUMNER
98391,BONNEY LAKE
98392,SUQUAMISH
98393,TRACYTON
98394,VAUGHN
98395,WAUNA
98396,WILKESON
98401,TACOMA
98402,TACOMA
98403,TACOMA
98404,TACOMA
98405,TACOMA
98406,TACOMA
98407,TACOMA
98408,TACOMA
98409,TACOMA
98411,TACOMA
98415,TACOMA
98417,TACOMA
98418,TACOMA
98419,TACOMA
98421,FIFE
98422,FIFE
98424,FIFE
98433,JOINT BASE LEWIS MCCHORD
98438,JOINT BASE LEWIS MCCHORD
98439,LAKEWOOD
98443,TACOMA
98444,TACOMA
98445,TACOMA
98446,TACOMA
98448,TACOMA
98464,TACOMA
98465,TACOMA
98466,TACOMA
98467,TACOMA
98490,TACOMA
98496,LAKEWOOD
98498,LAKEWOOD
98499,LAKEWOOD
98501,TUMWATER
98502,OLYMPIA
98503,OLYMPIA
98506,OLYMPIA
98507,OLYMPIA
98508,OLYMPIA
98509,LACEY
98511,TUMWATER
98512,TUMWATER
98513,LACEY
98516,LACEY
98520,ABERDEEN
98522,ADNA
98524,ALLYN
98526,AMANDA PARK
98527,BAY CENTER
98528,BELFAIR
98530,BUCODA
98531,CENTRALIA
98532,CHEHALIS
98533,CINEBAR
98535,COPALIS BEACH
98536,COPALIS CROSSING
98537,COSMOPOLIS
98538,CURTIS
98539,DOTY
98540,EAST OLYMPIA
98541,ELMA
98542,ONALASKA
98544,GALVIN
98546,GRAPEVIEW
98547,GRAYLAND
98548,HOODSPORT
98550,ABERDEEN
98552,HUMPTULIPS
98554,LEBAM
98555,LILLIWAUP
98556,LITTLEROCK
98557,MCCLEARY
98558,MCKENNA
98560,MATLOCK
98561,MENLO
98562,MOCLIPS
98563,MONTESANO
98564,MOSSYROCK
98565,NAPAVINE
98566,NEILTON
98568,OAKVILLE
98569,OCEAN SHORES
98570,ONALASKA
98571,PACIFIC BEACH
98572,PE ELL
98575,QUINAULT
98576,RAINIER
98577,RAYMOND
98579,ROCHESTER
98580,ROY
98581,RYDERWOOD
98582,SALKUM
98583,SATSOP
98584,SHELTON
98585,SILVER CREEK
98586,SOUTH BEND
98587,TAHOLAH
98588,TAHUYA
98589,TENINO
98590,TOKELAND
98591,TOLEDO
98592,UNION
98593,VADER
98595,WESTPORT
98596,WINLOCK
98597,YELM
98601,AMBOY
98602,APPLETON
98603,ARIEL
98604,BATTLE GROUND
98605,BINGEN
98606,BRUSH PRAIRIE
98607,CAMAS
98609,CARROLLS
98610,CARSON
98611,CASTLE ROCK
98612,CATHLAMET
98614,CHINOOK
98616,COUGAR
98617,DALLESPORT
98619,GLENWOOD
98620,GOLDENDALE
98621,ROSBURG
98622,BATTLE GROUND
98623,WHITE SALMON
98624,ILWACO
98625,KALAMA
98626,KELSO
98628,KLICKITAT
98629,LA CENTER
98631,LONG BEACH
98632,LONGVIEW
98635,LYLE
98637,OCEAN PARK
98638,NASELLE
98639,NORTH BONNEVILLE
98640,OCEAN PARK
98641,OYSTERVILLE
98642,RIDGEFIELD
98643,ROSBURG
98644,SEAVIEW
98645,TOUTLE
98647,SKAMOKAWA
98648,STEVENSON
98649,TOUTLE
98650,TROUT LAKE
98651,UNDERWOOD
98660,VANCOUVER
98661,VANCOUVER
98662,VANCOUVER
98663,VANCOUVER
98664,VANCOUVER
98665,VANCOUVER
98666,VANCOUVER
98668,VANCOUVER
98671,WASHOUGAL
98672,WHITE SALMON
98673,WISHRAM
98674,WOODLAND
98675,YACOLT
98682,VANCOUVER
98683,VANCOUVER
98684,VANCOUVER
98685,VANCOUVER
98686,VANCOUVER
98687,VANCOUVER
98801,WENATCHEE
98802,WENATCHEE
98807,WENATCHEE
98811,ARDENVOIR
98812,BREWSTER
98813,BRIDGEPORT
98814,CARLTON
98815,CASHMERE
98816,CHELAN
98817,CHELAN FALLS
98819,CONCONULLY
98821,DRYDEN
98822,ENTIAT
98823,EPHRATA
98824,GEORGE
98826,LEAVENWORTH
98827,TONASKET
98828,MALAGA
98829,MALOTT
98830,MANSFIELD
98831,MANSON
98832,MARLIN
98834,METHOW
98836,MONITOR
98837,MOSES LAKE
98840,OKANOGAN
98841,OMAK
98843,ORONDO
98844,OROVILLE
98845,ROCK ISLAND
98846,PATEROS
98847,PESHASTIN
98848,QUINCY
98849,RIVERSIDE
98850,ROCK ISLAND
98851,SOAP LAKE
98852,STEHEKIN
98853,STRATFORD
98855,TONASKET
98856,TWISP
98857,WARDEN
98858,WATERVILLE
98859,TONASKET
98860,WILSON CREEK
98862,WINTHROP
98901,YAKIMA
98902,YAKIMA
98903,UNION GAP
98904,YAKIMA
98907,YAKIMA
98908,YAKIMA
98909,YAKIMA
98920,BROWNSTOWN
98921,BUENA
98922,CLE ELUM
98923,COWICHE
98925,EASTON
98926,ELLENSBURG
98930,GRANDVIEW
98932,GRANGER
98933,HARRAH
98934,KITTITAS
98935,MABTON
98936,MOXEE
98937,NACHES
98938,OUTLOOK
98939,PARKER
98940,RONALD
98941,ROSLYN
98942,SELAH
98943,SOUTH CLE ELUM
98944,SUNNYSIDE
98946,THORP
98947,TIETON
98948,TOPPENISH
98950,VANTAGE
98951,WAPATO
98952,TOPPENISH
98953,ZILLAH
99001,AIRWAY HEIGHTS
99003,CHATTAROY
99004,CHENEY
99005,COLBERT
99006,DEER PARK
99008,REARDAN
99009,ELK
99011,FAIRCHILD AIR FORCE BASE
99012,FAIRFIELD
99013,FORD
99014,FOUR LAKES
99016,SPOKANE VALLEY
99017,SPRAGUE
99018,LATAH
99019,LIBERTY LAKE
99020,MARSHALL
99021,MEAD
99022,MEDICAL LAKE
99025,NEWMAN LAKE
99026,NINE MILE FALLS
99027,OTIS ORCHARDS
99029,REARDAN
99030,ROCKFORD
99031,SPANGLE
99032,SPRAGUE
99033,TEKOA
99034,NINE MILE FALLS
99036,VALLEYFORD
99037,SPOKANE VALLEY
99039,WAVERLY
99040,NINE MILE FALLS
99101,ADDY
99102,ALBION
99103,ALMIRA
99105,RITZVILLE
99109,CHEWELAH
99110,CLAYTON
99111,COLFAX
99113,COLTON
99114,COLVILLE
99115,COULEE CITY
99116,COULEE DAM
99117,CRESTON
99118,CURLEW
99119,CUSICK
99121,DANVILLE
99122,DAVENPORT
99123,ELECTRIC CITY
99124,ELMER CITY
99125,ENDICOTT
99126,KETTLE FALLS
99128,FARMINGTON
99129,HUNTERS
99130,GARFIELD
99131,GIFFORD
99133,GRAND COULEE
99134,HARRINGTON
99135,HARTLINE
99136,LACROSSE
99137,HUNTERS
99138,INCHELIUM
99139,IONE
99140,KELLER
99141,KETTLE FALLS
99143,LACROSSE
99146,LAURIER
99148,LOON LAKE
99149,MALDEN
99150,MALO
99151,MARCUS
99152,METALINE
99153,METALINE FALLS
99154,HARRINGTON
99155,NESPELEM
99156,NEWPORT
99157,NORTHPORT
99158,OAKESDALE
99159,ODESSA
99161,PALOUSE
99163,PULLMAN
99166,REPUBLIC
99167,GIFFORD
99169,RITZVILLE
99170,ROSALIA
99171,SAINT JOHN
99173,SPRINGDALE
99174,COLFAX
99179,UNIONTOWN
99180,USK
99181,CHEWELAH
99185,WILBUR
99201,SPOKANE
99202,SPOKANE VALLEY
99203,SPOKANE
99204,SPOKANE VALLEY
99205,SPOKANE
99206,SPOKANE VALLEY
99207,SPOKANE
99208,SPOKANE
99209,SPOKANE
99210,SPOKANE
99211,SPOKANE VALLEY
99212,SPOKANE VALLEY
99213,SPOKANE VALLEY
99214,SPOKANE VALLEY
99215,SPOKANE VALLEY
99216,SPOKANE VALLEY
99217,SPOKANE
99218,SPOKANE
99219,SPOKANE
99220,SPOKANE
99223,SPOKANE
99224,SPOKANE
99228,SPOKANE
99301,PASCO
99302,PASCO
99320,BENTON CITY
99321,BEVERLY
99322,BICKLETON
99323,BURBANK
99324,COLLEGE PLACE
99326,CONNELL
99328,DAYTON
99329,DIXIE
99330,ELTOPIA
99333,HOOPER
99335,KAHLOTUS
99336,KENNEWICK
99337,PASCO
99338,PASCO
99341,LIND
99343,MESA
99344,OTHELLO
99345,PATERSON
99346,PLYMOUTH
99347,POMEROY
99348,PRESCOTT
99349,ROYAL CITY
99350,PROSSER
99352,RICHLAND
99353,WEST RICHLAND
99354,PASCO
99356,ROOSEVELT
99357,ROYAL CITY
99359,STARBUCK
99360,TOUCHET
99361,WAITSBURG
99362,WALLA WALLA
99363,WALLULA
99371,HOOPER
99401,ANATONE
99402,ASOTIN
99403,LEWISTON
99501,ANCHORAGE
99502,ANCHORAGE
99503,ANCHORAGE
99504,ANCHORAGE
99505,JBER
99506,JBER
99507,ANCHORAGE
99508,ANCHORAGE
99509,ANCHORAGE
99510,ANCHORAGE
99511,ANCHORAGE
99514,ANCHORAGE
99515,ANCHORAGE
99516,ANCHORAGE
99517,ANCHORAGE
99518,ANCHORAGE
99519,ANCHORAGE
99520,ANCHORAGE
99521,ANCHORAGE
99522,ANCHORAGE
99523,ANCHORAGE
99524,ANCHORAGE
99540,ANCHORAGE
99546,ADAK
99547,ATKA
99548,CHIGNIK LAKE
99549,PORT HEIDEN
99550,PORT LIONS
99551,AKIACHAK
99552,AKIAK
99553,AKUTAN
99554,ALAKANUK
99555,ALEKNAGIK
99556,ANCHOR POINT
99557,ANIAK
99558,ANVIK
99559,ATMAUTLUAK
99561,CHEFORNAK
99563,CHEVAK
99564,CHIGNIK
99565,CHIGNIK LAGOON
99566,CHITINA
99567,CHUGIAK
99568,CLAM GULCH
99569,CLARKS POINT
99571,COLD BAY
99572,COOPER LANDING
99573,COPPER CENTER
99574,CHENEGA BAY
99575,CROOKED CREEK
99576,DILLINGHAM
99577,EAGLE RIVER
99578,EEK
99579,EGEGIK
99580,EKWOK
99581,EMMONAK
99583,FALSE PASS
99585,MARSHALL
99586,GAKONA
99587,GIRDWOOD
99588,GLENNALLEN
99589,GOODNEWS BAY
99590,GRAYLING
99591,SAINT GEORGE ISLAND
99602,HOLY CROSS
99603,HOMER
99604,HOOPER BAY
99605,HOPE
99606,ILIAMNA
99607,KALSKAG
99608,KARLUK
99609,KASIGLUK
99610,KASILOF
99611,KENAI
99612,KING COVE
99613,IGIUGIG
99614,ANCHORAGE
99615,AKHIOK
99620,KOTLIK
99621,KWETHLUK
99622,KWIGILLINGOK
99623,WASILLA
99624,LARSEN BAY
99625,LEVELOCK
99626,LOWER KALSKAG
99627,MC GRATH
99629,WASILLA
99630,MEKORYUK
99631,MOOSE PASS
99632,MOUNTAIN VILLAGE
99633,NAKNEK
99634,NAPAKIAK
99635,NIKISKI
99636,NEW STUYAHOK
99637,TOKSOOK BAY
99639,NINILCHIK
99640,NONDALTON
99641,NUNAPITCHUK
99643,OLD HARBOR
99644,OUZINKIE
99645,PALMER
99647,PEDRO BAY
99648,PERRYVILLE
99649,PILOT POINT
99650,PILOT STATION
99652,BIG LAKE
99653,PORT ALSWORTH
99654,WASILLA
99656,RED DEVIL
99657,RUSSIAN MISSION
99658,SAINT MARYS
99659,SAINT MICHAEL
99660,SAINT PAUL ISLAND
99661,SAND POINT
99662,SCAMMON BAY
99663,SELDOVIA
99664,SEWARD
99666,NUNAM IQUA
99667,SKWENTNA
99668,SLEETMUTE
99669,SOLDOTNA
99670,SOUTH NAKNEK
99671,STEBBINS
99672,STERLING
99674,SUTTON
99675,TAKOTNA
99676,TALKEETNA
99677,TATITLEK
99678,TOGIAK
99679,TULUKSAK
99680,TUNTUTULIAK
99682,TYONEK
99683,TRAPPER CREEK
99684,UNALAKLEET
99685,UNALASKA
99686,VALDEZ
99687,WASILLA
99688,WILLOW
99689,YAKUTAT
99690,NIGHTMUTE
99691,NIKOLAI
99692,DUTCH HARBOR
99693,WHITTIER
99694,HOUSTON
99701,FAIRBANKS
99702,EIELSON AFB
99703,FORT WAINWRIGHT
99704,CLEAR
99705,NORTH POLE
99706,FAIRBANKS
99707,FAIRBANKS
99708,FAIRBANKS
99709,FAIRBANKS
99710,FAIRBANKS
99711,NORTH POLE
99712,FAIRBANKS
99714,NORTH POLE
99716,FAIRBANKS
99720,ALLAKAKET
99721,ANAKTUVUK PASS
99722,ARCTIC VILLAGE
99723,BARROW
99724,BEAVER
99725,ESTER
99726,BETTLES FIELD
99727,BUCKLAND
99729,CANTWELL
99730,CENTRAL
99731,FORT GREELY
99732,CHICKEN
99733,CIRCLE
99734,PRUDHOE BAY
99736,DEERING
99737,DELTA JUNCTION
99738,EAGLE
99739,ELIM
99740,FORT YUKON
99741,GALENA
99742,GAMBELL
99743,HEALY
99744,ANDERSON
99745,HUGHES
99746,HUSLIA
99748,KALTAG
99749,KIANA
99750,KIVALINA
99751,KOBUK
99752,KOTZEBUE
99753,KOYUK
99754,KOYUKUK
99755,DENALI NATIONAL PARK
99756,MANLEY HOT SPRINGS
99757,LAKE MINCHUMINA
99758,MINTO
99759,POINT LAY
99760,NENANA
99762,GOLOVIN
99763,NOORVIK
99764,NORTHWAY
99765,NULATO
99766,POINT HOPE
99767,RAMPART
99768,RUBY
99769,SAVOONGA
99770,SELAWIK
99771,SHAKTOOLIK
99772,SHISHMAREF
99773,SHUNGNAK
99776,TANACROSS
99777,TANANA
99778,TELLER
99780,MENTASTA LAKE
99781,VENETIE
99782,WAINWRIGHT
99783,WALES
99784,WHITE MOUNTAIN
99785,BREVIG MISSION
99786,AMBLER
99788,CHALKYITSIK
99789,NUIQSUT
99791,ATQASUK
99801,JUNEAU
99802,JUNEAU
99803,JUNEAU
99820,ANGOON
99821,JUNEAU
99824,DOUGLAS
99825,ELFIN COVE
99826,GUSTAVUS
99827,HAINES
99829,HOONAH
99830,KAKE
99832,PELICAN
99833,PETERSBURG
99835,SITKA
99836,PORT ALEXANDER
99840,SKAGWAY
99841,TENAKEE SPRINGS
99901,KETCHIKAN
99918,COFFMAN COVE
99919,THORNE BAY
99921,CRAIG
99922,HYDABURG
99923,HYDER
99925,KLAWOCK
99926,METLAKATLA
99927,POINT BAKER
99928,WARD COVE
99929,WRANGELL
