{"type":"FeatureCollection","features":[{"type":"Feature","properties":{"county_fips":"08001","name":"Adams"},"geometry":{"type":"Polygon","coordinates":[[[-104.884664,39.747467],[-104.879971,39.747438],[-104.879901,39.754735],[-104.84694,39.754687],[-104.848208,39.756419],[-104.856338,39.758127],[-104.856394,39.768581],[-104.832972,39.766391],[-104.833009,39.769177],[-104.828173,39.769156],[-104.828185,39.772784],[-104.781577,39.772795],[-104.78156,39.776483],[-104.772157,39.776409],[-104.772166,39.7715],[-104.764559,39.771568],[-104.764574,39.769188],[-104.734601,39.769181],[-104.734399,39.798442],[-104.762606,39.798433],[-104.762462,39.823443],[-104.666062,39.822791],[-104.666182,39.813075],[-104.655445,39.812999],[-104.65539,39.822605],[-104.619799,39.822417],[-104.619152,39.87322],[-104.605261,39.873114],[-104.605154,39.881346],[-104.59981,39.881307],[-104.599581,39.899038],[-104.630945,39.899291],[-104.630939,39.906645],[-104.679664,39.907008],[-104.679582,39.914016],[-104.692054,39.914178],[-104.692139,39.906851],[-104.703185,39.906926],[-104.703311,39.895949],[-104.73039,39.896131],[-104.730953,39.845195],[-104.762279,39.84539],[-104.762317,39.841788],[-104.790859,39.841802],[-104.790895,39.798251],[-104.866041,39.798386],[-104.866074,39.812847],[-104.884405,39.812815],[-104.884474,39.798322],[-104.899069,39.798374],[-104.899069,39.800202],[-104.901416,39.800202],[-104.901405,39.798383],[-104.903561,39.798391],[-104.903438,39.783808],[-104.927002,39.783778],[-104.927034,39.791054],[-104.940487,39.791002],[-104.940476,39.794601],[-104.955445,39.794625],[-104.96019,39.791025],[-104.968861,39.791041],[-104.967523,39.793269],[-104.968773,39.793215],[-104.968716,39.798396],[-104.971644,39.798291],[-104.97116,39.795567],[-104.974667,39.795608],[-104.974676,39.794125],[-104.973057,39.794114],[-104.973065,39.792418],[-104.975951,39.792422],[-104.97595,39.791038],[-104.977724,39.791042],[-104.977722,39.791876],[-104.978274,39.791043],[-104.985185,39.791038],[-104.985181,39.791667],[-104.986358,39.791871],[-104.986386,39.791037],[-104.990263,39.791031],[-104.990629,39.792047],[-104.99324,39.792042],[-104.993242,39.791026],[-105.020542,39.791087],[-105.020554,39.792941],[-105.021569,39.793214],[-105.021106,39.79428],[-105.021843,39.794461],[-105.022945,39.793403],[-105.025303,39.793963],[-105.025262,39.791106],[-105.034645,39.792051],[-105.034618,39.791142],[-105.053246,39.791063],[-105.052892,39.914224],[-105.034347,39.914181],[-105.0344,39.921371],[-105.023548,39.921317],[-105.023545,39.919225],[-105.021552,39.919207],[-105.021536,39.921359],[-105.015469,39.921309],[-105.015657,39.943131],[-104.997025,39.943239],[-104.997056,39.946772],[-105.006265,39.946805],[-105.006298,39.950439],[-105.010992,39.950474],[-105.010995,39.951344],[-105.012533,39.950344],[-105.016856,39.952842],[-105.015565,39.955188],[-105.015691,39.970437],[-105.013417,39.970465],[-105.013409,39.972265],[-105.015722,39.972276],[-105.015845,39.981193],[-104.997423,39.981213],[-104.997398,39.97842],[-104.999476,39.978416],[-104.999474,39.977582],[-104.998404,39.977586],[-104.998389,39.975805],[-104.997379,39.975785],[-104.99725,39.968529],[-104.988108,39.968468],[-104.988108,39.972175],[-104.997065,39.972149],[-104.99708,39.973954],[-104.99438,39.973953],[-104.994411,39.975803],[-104.987784,39.975746],[-104.987581,39.987113],[-104.980944,40.000325],[-103.705701,40.001366],[-103.706547,39.739894],[-103.919288,39.74067],[-104.404938,39.738002],[-104.507378,39.73825],[-104.599112,39.739849],[-104.638699,39.739488],[-104.66027,39.740482],[-104.710633,39.740124],[-104.73132,39.740835],[-104.735645,39.740254],[-104.884646,39.740156],[-104.884664,39.747467]]]}},{"type":"Feature","properties":{"county_fips":"08003","name":"Alamosa"},"geometry":{"type":"Polygon","coordinates":[[[-106.0393,37.577172],[-106.038413,37.748353],[-105.927916,37.748849],[-105.617269,37.752306],[-105.497979,37.751003],[-105.457255,37.751464],[-105.456486,37.750765],[-105.457219,37.746662],[-105.454261,37.744463],[-105.452727,37.741276],[-105.455277,37.735148],[-105.455104,37.733601],[-105.453246,37.730868],[-105.454245,37.723951],[-105.457113,37.719269],[-105.462446,37.716982],[-105.463926,37.713801],[-105.466593,37.711845],[-105.471116,37.711248],[-105.47408,37.707659],[-105.477513,37.707532],[-105.478255,37.702377],[-105.480476,37.698076],[-105.480166,37.696638],[-105.481374,37.693755],[-105.480899,37.68718],[-105.478757,37.686139],[-105.477707,37.684611],[-105.476735,37.679938],[-105.476899,37.67585],[-105.478787,37.672102],[-105.478568,37.668476],[-105.477242,37.666199],[-105.48112,37.661703],[-105.481451,37.658525],[-105.486976,37.653483],[-105.487816,37.644522],[-105.492388,37.634783],[-105.491838,37.631899],[-105.492536,37.629606],[-105.491513,37.625003],[-105.496386,37.619185],[-105.498612,37.614492],[-105.497924,37.613068],[-105.495472,37.612223],[-105.494831,37.608499],[-105.493041,37.605287],[-105.493273,37.600919],[-105.501286,37.598603],[-105.501546,37.596835],[-105.494591,37.592352],[-105.494135,37.589077],[-105.494683,37.585542],[-105.492155,37.582681],[-105.490574,37.58262],[-105.486799,37.580031],[-105.485516,37.577899],[-105.490668,37.575462],[-105.49606,37.57006],[-105.497305,37.56686],[-105.49631,37.563852],[-105.500567,37.560141],[-105.595047,37.481827],[-105.603362,37.474125],[-105.62203,37.459212],[-105.743339,37.356798],[-105.983528,37.356246],[-106.038912,37.356953],[-106.0393,37.577172]]]}},{"type":"Feature","properties":{"county_fips":"08005","name":"Arapahoe"},"geometry":{"type":"MultiPolygon","coordinates":[[[[-104.904049,39.625436],[-104.903787,39.626828],[-104.902904,39.624181],[-104.904032,39.624116],[-104.904049,39.625436]]],[[[-105.054169,39.56771],[-105.05341,39.631504],[-105.044139,39.631456],[-105.044161,39.628039],[-105.040062,39.628061],[-105.038005,39.626836],[-105.036802,39.628129],[-105.02932,39.627792],[-105.025422,39.628558],[-105.02536,39.631445],[-105.029656,39.632367],[-105.030059,39.633183],[-105.034756,39.633177],[-105.034707,39.638593],[-105.029998,39.638575],[-105.029927,39.640176],[-105.02998,39.642819],[-105.032797,39.642808],[-105.032729,39.643674],[-105.03466,39.643711],[-105.034615,39.653276],[-105.032162,39.653276],[-105.032089,39.655905],[-105.033076,39.656954],[-105.023003,39.656804],[-105.022982,39.660496],[-105.0158,39.660508],[-105.015696,39.678684],[-105.008664,39.678627],[-105.008637,39.67678],[-105.006357,39.676759],[-105.006321,39.6677],[-105.010941,39.660507],[-105.004395,39.660484],[-105.004886,39.663685],[-105.003969,39.666255],[-105.000355,39.667728],[-104.973486,39.667684],[-104.973489,39.665866],[-104.968805,39.665839],[-104.968785,39.660417],[-104.963084,39.660371],[-104.96307,39.661559],[-104.959443,39.661526],[-104.959485,39.656691],[-104.953788,39.656683],[-104.954983,39.652987],[-104.931703,39.653044],[-104.931873,39.645826],[-104.92246,39.645849],[-104.913227,39.638669],[-104.913407,39.624083],[-104.885264,39.624129],[-104.88512,39.638948],[-104.880332,39.64131],[-104.88014,39.653057],[-104.877,39.65305],[-104.875454,39.651466],[-104.875573,39.64499],[-104.868196,39.647068],[-104.85405,39.65515],[-104.847296,39.657102],[-104.8486,39.657096],[-104.848678,39.659218],[-104.855437,39.660804],[-104.866334,39.660309],[-104.866051,39.670847],[-104.870882,39.674764],[-104.875291,39.674766],[-104.875312,39.672062],[-104.877459,39.672066],[-104.87538,39.668651],[-104.876211,39.663932],[-104.879525,39.663927],[-104.885164,39.667566],[-104.890458,39.667578],[-104.888352,39.665674],[-104.890204,39.66451],[-104.894024,39.667589],[-104.903509,39.667624],[-104.903579,39.676675],[-104.906984,39.678796],[-104.906982,39.679737],[-104.908094,39.679726],[-104.908096,39.680306],[-104.904591,39.680318],[-104.905223,39.686058],[-104.903443,39.684857],[-104.90344,39.678598],[-104.894058,39.678448],[-104.894046,39.682061],[-104.889308,39.682056],[-104.889328,39.685684],[-104.894058,39.685694],[-104.894176,39.69296],[-104.898801,39.692975],[-104.898128,39.690697],[-104.898784,39.690702],[-104.89881,39.689341],[-104.903512,39.689354],[-104.903511,39.69297],[-104.900115,39.692985],[-104.903507,39.696622],[-104.903544,39.698535],[-104.899757,39.69715],[-104.900379,39.69655],[-104.899099,39.695395],[-104.896814,39.696588],[-104.894766,39.696597],[-104.894766,39.69587],[-104.894099,39.696596],[-104.87772,39.696508],[-104.877728,39.698438],[-104.875318,39.698438],[-104.875309,39.696505],[-104.865962,39.696559],[-104.865964,39.699279],[-104.867133,39.69928],[-104.867136,39.700188],[-104.868309,39.700192],[-104.868301,39.698371],[-104.870662,39.698377],[-104.870648,39.700535],[-104.869393,39.701089],[-104.868662,39.703008],[-104.865967,39.703807],[-104.865971,39.711053],[-104.870625,39.710174],[-104.870596,39.718176],[-104.875277,39.718805],[-104.87533,39.725576],[-104.881934,39.72496],[-104.886613,39.729219],[-104.884711,39.73093],[-104.884646,39.740156],[-104.735645,39.740254],[-104.73132,39.740835],[-104.710633,39.740124],[-104.66027,39.740482],[-104.638699,39.739488],[-104.599112,39.739849],[-104.507378,39.73825],[-104.404938,39.738002],[-103.919288,39.74067],[-103.706547,39.739894],[-103.707072,39.566295],[-103.978639,39.56636],[-104.427452,39.563601],[-104.604444,39.565909],[-105.05414,39.566088],[-105.054169,39.56771]]],[[[-104.902671,39.685712],[-104.898786,39.685704],[-104.898783,39.683402],[-104.90115,39.684809],[-104.902671,39.685712]]],[[[-104.911032,39.682073],[-104.908205,39.68207],[-104.908203,39.679883],[-104.91104,39.679887],[-104.911032,39.682073]]],[[[-104.92931,39.702037],[-104.929053,39.701949],[-104.928299,39.701274],[-104.929313,39.701272],[-104.92931,39.702037]]],[[[-104.930242,39.674832],[-104.925725,39.675281],[-104.925746,39.676641],[-104.92343,39.676645],[-104.923414,39.675475],[-104.922353,39.675665],[-104.92225,39.674833],[-104.917559,39.672983],[-104.917544,39.66758],[-104.916378,39.667585],[-104.915939,39.663471],[-104.91297,39.663133],[-104.912985,39.656209],[-104.916572,39.656119],[-104.915513,39.657136],[-104.915898,39.658508],[-104.918247,39.659347],[-104.918875,39.660338],[-104.921016,39.660338],[-104.92224,39.66376],[-104.922221,39.666947],[-104.920579,39.666935],[-104.920572,39.668035],[-104.92266,39.667578],[-104.924712,39.668429],[-104.924941,39.669304],[-104.926429,39.669394],[-104.930242,39.674832]]],[[[-104.933885,39.673347],[-104.931641,39.673374],[-104.931633,39.672808],[-104.929651,39.672382],[-104.927201,39.668965],[-104.929257,39.66938],[-104.929256,39.668481],[-104.930497,39.668485],[-104.930436,39.667471],[-104.931622,39.667473],[-104.931695,39.670564],[-104.933878,39.671192],[-104.933885,39.673347]]],[[[-104.940738,39.706344],[-104.940684,39.711076],[-104.931648,39.711098],[-104.93157,39.709096],[-104.92958,39.708587],[-104.92959,39.706414],[-104.926963,39.706699],[-104.926991,39.703857],[-104.931705,39.703858],[-104.931712,39.702057],[-104.932869,39.702048],[-104.932842,39.703615],[-104.934171,39.703771],[-104.934143,39.70132],[-104.932873,39.701321],[-104.932831,39.700286],[-104.928778,39.70022],[-104.928183,39.696634],[-104.935868,39.696599],[-104.935858,39.697854],[-104.936457,39.697853],[-104.936213,39.694782],[-104.940625,39.6954],[-104.940612,39.69657],[-104.93853,39.696605],[-104.938538,39.697928],[-104.940729,39.697724],[-104.940738,39.706344]],[[-104.934135,39.700144],[-104.934076,39.698436],[-104.931651,39.698398],[-104.931714,39.700208],[-104.934135,39.700144]]]]}},{"type":"Feature","properties":{"county_fips":"08007","name":"Archuleta"},"geometry":{"type":"Polygon","coordinates":[[[-107.482409,37.324435],[-107.482131,37.422673],[-107.375607,37.423623],[-107.12868,37.422942],[-107.128737,37.392409],[-107.04526,37.392304],[-106.871183,37.393665],[-106.710767,37.396238],[-106.710775,37.404228],[-106.678373,37.403596],[-106.678354,37.228566],[-106.597384,37.194974],[-106.589178,37.140188],[-106.489062,37.01508],[-106.47609,36.993548],[-106.86982,36.992497],[-106.877232,37.0001],[-107.481737,37.000127],[-107.481424,37.093861],[-107.482107,37.123499],[-107.482409,37.324435]]]}},{"type":"Feature","properties":{"county_fips":"08009","name":"Baca"},"geometry":{"type":"Polygon","coordinates":[[[-102.539999,37.643734],[-102.041585,37.644282],[-102.042089,36.993016],[-102.260789,36.994388],[-102.698142,36.995149],[-102.752141,36.998341],[-102.815074,36.999774],[-102.986976,36.998524],[-103.002329,37.00015],[-103.086102,37.000188],[-103.087276,37.102678],[-103.08632,37.143426],[-103.086699,37.176386],[-103.083527,37.294291],[-103.082537,37.381613],[-103.074663,37.381754],[-103.075938,37.64342],[-103.024042,37.644363],[-103.021203,37.643654],[-103.003036,37.643614],[-102.852406,37.644224],[-102.766107,37.643417],[-102.539999,37.643734]]]}},{"type":"Feature","properties":{"county_fips":"08011","name":"Bent"},"geometry":{"type":"Polygon","coordinates":[[[-102.741676,38.09656],[-102.740464,37.824064],[-102.747988,37.823216],[-102.747615,37.643642],[-102.852406,37.644224],[-103.021203,37.643654],[-103.024042,37.644363],[-103.026495,37.643826],[-103.117641,37.643299],[-103.205491,37.644086],[-103.404339,37.643576],[-103.403434,37.750011],[-103.403682,37.822792],[-103.399854,37.822812],[-103.399781,37.899616],[-103.398108,37.960627],[-103.398968,37.990555],[-103.39858,38.114491],[-103.399938,38.265435],[-102.950073,38.266926],[-102.842321,38.267066],[-102.822906,38.266488],[-102.798991,38.267796],[-102.76137,38.266678],[-102.74233,38.266971],[-102.741676,38.09656]]]}},{"type":"Feature","properties":{"county_fips":"08013","name":"Boulder"},"geometry":{"type":"MultiPolygon","coordinates":[[[[-105.082349,39.959364],[-105.076567,39.962466],[-105.067269,39.970369],[-105.057709,39.974669],[-105.057747,39.968636],[-105.054202,39.96587],[-105.052828,39.965892],[-105.052889,39.957826],[-105.058207,39.957894],[-105.058195,39.958716],[-105.059328,39.958708],[-105.059332,39.957763],[-105.080048,39.957928],[-105.082349,39.959364]]],[[[-105.16615,39.914047],[-105.238544,39.914386],[-105.397849,39.912886],[-105.397971,39.934867],[-105.400843,39.935032],[-105.406417,39.9317],[-105.411339,39.932613],[-105.413721,39.934486],[-105.415371,39.931713],[-105.417326,39.930669],[-105.418839,39.92867],[-105.422063,39.931626],[-105.42755,39.931048],[-105.430702,39.931693],[-105.440034,39.938388],[-105.447069,39.93691],[-105.449483,39.935206],[-105.453868,39.934026],[-105.455391,39.932373],[-105.457351,39.932186],[-105.66999,39.932388],[-105.675798,39.932445],[-105.675133,39.933324],[-105.678941,39.93286],[-105.683405,39.934105],[-105.686616,39.937469],[-105.689946,39.938812],[-105.693452,39.941529],[-105.693453,39.944017],[-105.691761,39.946417],[-105.694362,39.949684],[-105.693343,39.951421],[-105.689137,39.953699],[-105.688383,39.95653],[-105.685108,39.958741],[-105.688244,39.959765],[-105.688331,39.96288],[-105.689283,39.964144],[-105.688569,39.967092],[-105.690345,39.969855],[-105.688414,39.975426],[-105.684901,39.979447],[-105.685489,39.980626],[-105.684972,39.982867],[-105.68748,39.985418],[-105.686048,39.987477],[-105.685968,39.989743],[-105.683383,39.992295],[-105.68321,39.99465],[-105.689036,39.995374],[-105.691194,39.997313],[-105.690438,40.00138],[-105.691052,40.003764],[-105.688469,40.006946],[-105.690016,40.009113],[-105.689341,40.011026],[-105.689818,40.015108],[-105.687826,40.015979],[-105.684912,40.014614],[-105.680716,40.014006],[-105.670136,40.016879],[-105.661606,40.016466],[-105.658799,40.019107],[-105.65191,40.020905],[-105.652873,40.021945],[-105.652793,40.023772],[-105.643938,40.033301],[-105.640642,40.035019],[-105.640193,40.037255],[-105.638797,40.038787],[-105.63858,40.043801],[-105.637486,40.045845],[-105.644457,40.04985],[-105.645582,40.05266],[-105.648765,40.054289],[-105.651061,40.058445],[-105.649419,40.059992],[-105.646692,40.06522],[-105.641814,40.06787],[-105.638873,40.067031],[-105.64087,40.070178],[-105.641121,40.073],[-105.635429,40.074947],[-105.634758,40.079551],[-105.63262,40.081447],[-105.634253,40.081509],[-105.635633,40.082871],[-105.636004,40.084553],[-105.634974,40.085224],[-105.635211,40.087183],[-105.633683,40.088583],[-105.634693,40.09512],[-105.633266,40.095454],[-105.632022,40.097191],[-105.636047,40.101351],[-105.636681,40.106994],[-105.635705,40.108308],[-105.636042,40.109288],[-105.634652,40.113232],[-105.629973,40.114158],[-105.629121,40.117036],[-105.626566,40.118654],[-105.62821,40.120353],[-105.627574,40.122062],[-105.628782,40.123512],[-105.62609,40.127346],[-105.629983,40.130434],[-105.6297,40.13782],[-105.633626,40.138874],[-105.635468,40.140417],[-105.635656,40.146006],[-105.646275,40.148623],[-105.647341,40.149213],[-105.64729,40.150968],[-105.648744,40.150505],[-105.655996,40.151281],[-105.657128,40.153187],[-105.66059,40.154971],[-105.661343,40.156524],[-105.664684,40.156743],[-105.667729,40.158276],[-105.667536,40.161186],[-105.67058,40.162691],[-105.671473,40.165422],[-105.671548,40.166249],[-105.669591,40.167485],[-105.669198,40.169019],[-105.666919,40.169887],[-105.668115,40.170858],[-105.668573,40.17358],[-105.669733,40.174258],[-105.668299,40.177031],[-105.670771,40.178489],[-105.671791,40.180029],[-105.671875,40.181697],[-105.670315,40.183417],[-105.670364,40.184617],[-105.670872,40.185628],[-105.675469,40.186392],[-105.677554,40.188507],[-105.677644,40.197211],[-105.676405,40.199503],[-105.677645,40.202331],[-105.673832,40.2041],[-105.670559,40.207802],[-105.671119,40.212163],[-105.670192,40.213608],[-105.671255,40.217079],[-105.670303,40.219357],[-105.668577,40.220301],[-105.663156,40.22003],[-105.669046,40.224179],[-105.667767,40.226719],[-105.668444,40.22814],[-105.667354,40.230959],[-105.664378,40.233213],[-105.665437,40.23727],[-105.662128,40.243224],[-105.660283,40.24484],[-105.660006,40.248833],[-105.658932,40.249413],[-105.647074,40.249132],[-105.64402,40.249939],[-105.650825,40.253688],[-105.651358,40.258062],[-105.653321,40.260457],[-105.551586,40.261478],[-105.402349,40.257784],[-105.390996,40.257884],[-105.375226,40.261291],[-105.289445,40.262785],[-105.197741,40.261085],[-105.055089,40.261793],[-105.055563,40.003859],[-105.055518,40.000251],[-105.052823,40.00026],[-105.052797,39.977674],[-105.068065,39.970932],[-105.079891,39.961518],[-105.088031,39.959753],[-105.088695,39.95803],[-105.084216,39.95849],[-105.083117,39.957796],[-105.072002,39.95767],[-105.071899,39.950198],[-105.076568,39.950538],[-105.076637,39.943329],[-105.091072,39.943281],[-105.090853,39.936051],[-105.109236,39.936135],[-105.109235,39.935408],[-105.112856,39.932965],[-105.11345,39.931514],[-105.111873,39.92805],[-105.109404,39.926195],[-105.109414,39.925475],[-105.118657,39.932965],[-105.118774,39.933796],[-105.118562,39.943323],[-105.109353,39.943336],[-105.109333,39.95064],[-105.120514,39.950527],[-105.120837,39.951293],[-105.109537,39.956105],[-105.109517,39.956996],[-105.115643,39.954984],[-105.12116,39.952138],[-105.121943,39.95416],[-105.128002,39.954173],[-105.128165,39.939618],[-105.137578,39.939712],[-105.137604,39.928931],[-105.147041,39.928938],[-105.147143,39.913889],[-105.16615,39.914047]],[[-105.109179,39.956214],[-105.103729,39.957541],[-105.091025,39.957803],[-105.099965,39.957855],[-105.09996,39.958979],[-105.102763,39.958769],[-105.107365,39.958101],[-105.106674,39.95783],[-105.109179,39.957103],[-105.109179,39.956214]]]]}},{"type":"Feature","properties":{"county_fips":"08014","name":"Broomfield"},"geometry":{"type":"MultiPolygon","coordinates":[[[[-105.109178,39.956566],[-105.106674,39.95783],[-105.107365,39.958101],[-105.09996,39.958979],[-105.099965,39.957855],[-105.091025,39.957803],[-105.103729,39.957541],[-105.109178,39.956566]]],[[[-105.166056,39.901768],[-105.16569,39.910515],[-105.147142,39.913849],[-105.147041,39.928938],[-105.137604,39.928931],[-105.137578,39.939712],[-105.128165,39.939618],[-105.128002,39.954173],[-105.121943,39.95416],[-105.12116,39.952138],[-105.115643,39.954984],[-105.109517,39.956996],[-105.109537,39.956105],[-105.120837,39.951293],[-105.120514,39.950527],[-105.109333,39.95064],[-105.109353,39.943336],[-105.118562,39.943323],[-105.118774,39.933796],[-105.118657,39.932965],[-105.109414,39.925475],[-105.109404,39.926195],[-105.111873,39.92805],[-105.11345,39.931514],[-105.112856,39.932965],[-105.109235,39.935408],[-105.109236,39.936135],[-105.090853,39.936051],[-105.091072,39.943281],[-105.076637,39.943329],[-105.076568,39.950538],[-105.071899,39.950198],[-105.072002,39.95767],[-105.083117,39.957796],[-105.084216,39.95849],[-105.088231,39.957928],[-105.088693,39.958424],[-105.088038,39.958443],[-105.088031,39.959753],[-105.078632,39.962182],[-105.068065,39.970932],[-105.052797,39.977674],[-105.052823,40.00026],[-105.007906,40.000483],[-105.007995,40.007581],[-104.989647,40.007679],[-104.989614,40.01489],[-104.999065,40.014887],[-104.99907,40.016131],[-104.995792,40.020361],[-104.999013,40.020627],[-104.996784,40.02082],[-104.996742,40.023509],[-104.999005,40.023509],[-104.999007,40.025776],[-104.986543,40.025799],[-104.9865,40.029309],[-104.980063,40.029325],[-104.980041,40.040316],[-104.979242,40.043758],[-104.961071,40.044144],[-104.961405,40.000337],[-104.980944,40.000325],[-104.987581,39.987113],[-104.987784,39.975746],[-104.994411,39.975803],[-104.99438,39.973953],[-104.99708,39.973954],[-104.997065,39.972149],[-104.988108,39.972175],[-104.988108,39.968468],[-104.99725,39.968529],[-104.997379,39.975785],[-104.998389,39.975805],[-104.998404,39.977586],[-104.999474,39.977582],[-104.999476,39.978416],[-104.997398,39.97842],[-104.997423,39.981213],[-105.015845,39.981193],[-105.015722,39.972276],[-105.013409,39.972265],[-105.013417,39.970465],[-105.015691,39.970437],[-105.015565,39.955188],[-105.016856,39.952842],[-105.012533,39.950344],[-105.010995,39.951344],[-105.010992,39.950474],[-105.006298,39.950439],[-105.006265,39.946805],[-104.997056,39.946772],[-104.997025,39.943239],[-105.015657,39.943131],[-105.015469,39.921309],[-105.021536,39.921359],[-105.021552,39.919207],[-105.023545,39.919225],[-105.023548,39.921317],[-105.0344,39.921371],[-105.034347,39.914181],[-105.052971,39.914224],[-105.055319,39.913725],[-105.055294,39.912426],[-105.057676,39.912429],[-105.057676,39.913702],[-105.058864,39.913687],[-105.058861,39.912438],[-105.060042,39.912453],[-105.060042,39.913977],[-105.062384,39.913987],[-105.062392,39.907025],[-105.071775,39.907018],[-105.071688,39.899832],[-105.08423,39.899837],[-105.084285,39.898957],[-105.096692,39.899788],[-105.096681,39.900787],[-105.100102,39.902206],[-105.100641,39.908638],[-105.106951,39.911729],[-105.106033,39.912768],[-105.107553,39.91239],[-105.108609,39.914137],[-105.147117,39.914002],[-105.147396,39.900094],[-105.128678,39.899985],[-105.128895,39.890353],[-105.130271,39.890643],[-105.130885,39.892697],[-105.136308,39.89202],[-105.136392,39.891016],[-105.137138,39.890831],[-105.134852,39.889292],[-105.146989,39.889212],[-105.165167,39.891486],[-105.166056,39.901768]],[[-105.082566,39.959277],[-105.080048,39.957928],[-105.059332,39.957763],[-105.059328,39.958708],[-105.058195,39.958716],[-105.058207,39.957894],[-105.052889,39.957826],[-105.052828,39.965892],[-105.054202,39.96587],[-105.057747,39.968636],[-105.057709,39.974669],[-105.067269,39.970369],[-105.076567,39.962466],[-105.082566,39.959277]],[[-104.979917,40.029486],[-104.973074,40.029512],[-104.97305,40.033037],[-104.979911,40.033053],[-104.979917,40.029486]]]]}},{"type":"Feature","properties":{"county_fips":"08015","name":"Chaffee"},"geometry":{"type":"Polygon","coordinates":[[[-106.599032,39.036273],[-106.597797,39.039249],[-106.597233,39.044821],[-106.589133,39.045582],[-106.58073,39.048717],[-106.577551,39.05321],[-106.577966,39.057908],[-106.389068,39.056295],[-106.191006,39.056073],[-106.190093,39.054524],[-106.184815,39.050837],[-106.185702,39.046761],[-106.185353,39.04402],[-106.182501,39.038551],[-106.18497,39.036236],[-106.186262,39.033559],[-106.188725,39.033235],[-106.190327,39.03057],[-106.192077,39.029287],[-106.189473,39.021279],[-106.193105,39.019681],[-106.192954,39.017709],[-106.188253,39.015381],[-106.186077,39.015595],[-106.184949,39.012581],[-106.178849,39.010764],[-106.175918,38.999647],[-106.174916,38.999596],[-106.170067,38.994644],[-106.169134,38.991302],[-106.160896,38.99475],[-106.157804,38.994264],[-106.152935,38.9966],[-106.145414,38.997899],[-106.141251,38.994966],[-106.137778,38.994642],[-106.132568,38.995519],[-106.127518,38.994017],[-106.116771,38.988084],[-106.113239,38.98781],[-106.111871,38.986953],[-106.108953,38.987377],[-106.109711,38.982229],[-106.107607,38.979747],[-106.104363,38.973383],[-106.104968,38.970026],[-106.107743,38.964143],[-106.112193,38.960188],[-106.11106,38.957669],[-106.113698,38.955642],[-106.11344,38.952788],[-106.112043,38.950908],[-106.113114,38.945024],[-106.112665,38.941366],[-106.110995,38.940099],[-106.105758,38.940364],[-106.100971,38.9387],[-106.096461,38.938243],[-106.094862,38.936775],[-106.093626,38.937062],[-106.09355,38.937958],[-106.090653,38.936543],[-106.084835,38.93943],[-106.083587,38.937935],[-106.078628,38.935255],[-106.073963,38.934758],[-106.071481,38.933776],[-106.07048,38.932111],[-106.067825,38.932872],[-106.06591,38.931896],[-106.063532,38.93568],[-106.060149,38.937153],[-106.058449,38.939151],[-106.05825,38.941805],[-106.051701,38.943452],[-106.045779,38.941548],[-106.04379,38.941926],[-106.03683,38.940647],[-106.028138,38.942849],[-106.020529,38.934628],[-106.018063,38.934451],[-106.01501,38.932712],[-106.0126,38.929665],[-105.999698,38.918902],[-105.998989,38.917708],[-105.999343,38.916337],[-105.99817,38.915159],[-105.994449,38.914858],[-105.9861,38.918106],[-105.9806,38.915528],[-105.979913,38.914181],[-105.976531,38.914419],[-105.976957,38.913259],[-105.976033,38.911839],[-105.976952,38.911195],[-105.976644,38.910622],[-105.969464,38.908606],[-105.965709,38.905424],[-105.967887,38.90442],[-105.968661,38.90072],[-105.972407,38.899257],[-105.974873,38.896178],[-105.979418,38.894533],[-105.979175,38.888913],[-105.977144,38.885146],[-105.974297,38.882458],[-105.970637,38.883196],[-105.964965,38.885977],[-105.959969,38.884406],[-105.955643,38.883691],[-105.953815,38.884198],[-105.949139,38.883104],[-105.941238,38.885592],[-105.932975,38.878219],[-105.931159,38.874709],[-105.926846,38.874235],[-105.925123,38.872178],[-105.92709,38.871482],[-105.928242,38.870107],[-105.927819,38.868845],[-105.928617,38.86595],[-105.930679,38.866712],[-105.931821,38.866016],[-105.932518,38.864501],[-105.93216,38.862794],[-105.933613,38.860271],[-105.938684,38.857408],[-105.943174,38.852307],[-105.942887,38.850503],[-105.940003,38.848659],[-105.939147,38.846046],[-105.941845,38.84039],[-105.936398,38.836571],[-105.935054,38.834301],[-105.932249,38.832731],[-105.917628,38.81786],[-105.913997,38.816063],[-105.910909,38.812794],[-105.910382,38.810096],[-105.906587,38.806962],[-105.910685,38.804528],[-105.911488,38.802641],[-105.910597,38.801617],[-105.911933,38.799531],[-105.912908,38.795513],[-105.914464,38.793731],[-105.913704,38.792459],[-105.914903,38.790606],[-105.920786,38.789541],[-105.923686,38.786246],[-105.926709,38.785508],[-105.925024,38.783128],[-105.929563,38.78139],[-105.929535,38.779722],[-105.93055,38.778541],[-105.929289,38.774547],[-105.931428,38.772749],[-105.934212,38.771843],[-105.939636,38.772008],[-105.939893,38.770675],[-105.941443,38.769224],[-105.94454,38.768105],[-105.939249,38.764083],[-105.937994,38.756036],[-105.938306,38.753685],[-105.941433,38.748687],[-105.941337,38.745605],[-105.942107,38.744788],[-105.94786,38.743823],[-105.947947,38.741689],[-105.944268,38.737065],[-105.944752,38.735766],[-105.943017,38.734532],[-105.943493,38.730818],[-105.946108,38.727435],[-105.943469,38.723144],[-105.944434,38.721747],[-105.946106,38.721644],[-105.947565,38.720189],[-105.946185,38.716724],[-105.950164,38.714375],[-105.953039,38.713655],[-105.957284,38.708978],[-105.961823,38.706055],[-105.963647,38.701329],[-105.967202,38.697499],[-105.968996,38.697186],[-105.969986,38.694903],[-105.96975,38.693551],[-105.962473,38.691195],[-105.958902,38.691619],[-105.957519,38.690562],[-105.954918,38.690161],[-105.948343,38.691014],[-105.945309,38.690228],[-105.944275,38.684852],[-105.926213,38.679907],[-105.925472,38.678162],[-105.922641,38.677005],[-105.92232,38.675081],[-105.924972,38.672568],[-105.924105,38.670388],[-105.925751,38.669384],[-105.925484,38.666365],[-105.920235,38.664314],[-105.919743,38.662802],[-105.920903,38.659794],[-105.917135,38.659565],[-105.913445,38.65572],[-105.91293,38.653797],[-105.909172,38.653641],[-105.907673,38.65193],[-105.908797,38.649873],[-105.910962,38.648359],[-105.911202,38.647015],[-105.913174,38.645583],[-105.910551,38.641694],[-105.91115,38.639164],[-105.913564,38.63806],[-105.917327,38.634521],[-105.917739,38.633255],[-105.915665,38.630048],[-105.911975,38.629078],[-105.908195,38.626916],[-105.906668,38.62714],[-105.904295,38.624831],[-105.900555,38.624738],[-105.899679,38.621973],[-105.894358,38.623723],[-105.886494,38.621013],[-105.88491,38.618731],[-105.885681,38.617531],[-105.885605,38.615],[-105.878799,38.606223],[-105.878033,38.600581],[-105.880596,38.594863],[-105.886047,38.589535],[-105.889471,38.587549],[-105.891138,38.583957],[-105.890526,38.577356],[-105.89249,38.573289],[-105.888469,38.571978],[-105.885524,38.569782],[-105.885876,38.568219],[-105.884202,38.565501],[-105.884865,38.561698],[-105.89061,38.561053],[-105.892897,38.55913],[-105.89336,38.55801],[-105.89215,38.553851],[-105.893527,38.550935],[-105.897141,38.550794],[-105.90376,38.547982],[-105.903455,38.541293],[-105.90505,38.536725],[-105.904594,38.534154],[-105.905733,38.532358],[-105.903852,38.531429],[-105.903417,38.528527],[-105.904411,38.527634],[-105.904373,38.526151],[-105.90834,38.522489],[-105.908747,38.517655],[-105.907872,38.51489],[-105.905054,38.511663],[-105.906475,38.506757],[-105.908717,38.505631],[-105.93804,38.50347],[-106.010751,38.446566],[-106.015977,38.447624],[-106.01768,38.448693],[-106.016917,38.451796],[-106.019043,38.454423],[-106.030921,38.453547],[-106.041598,38.457256],[-106.042771,38.458267],[-106.052074,38.454221],[-106.055684,38.45489],[-106.058571,38.456945],[-106.06031,38.454964],[-106.060043,38.452737],[-106.062244,38.45033],[-106.058877,38.448097],[-106.058148,38.444248],[-106.066402,38.433796],[-106.070122,38.432343],[-106.069354,38.43018],[-106.071212,38.429159],[-106.07213,38.427387],[-106.074282,38.426503],[-106.074555,38.424979],[-106.075941,38.423788],[-106.084078,38.422876],[-106.086068,38.424113],[-106.087753,38.422422],[-106.090591,38.422265],[-106.24694,38.422768],[-106.248618,38.426043],[-106.24837,38.42864],[-106.249484,38.433244],[-106.245363,38.439171],[-106.249195,38.43935],[-106.253087,38.441003],[-106.261333,38.442355],[-106.266071,38.441735],[-106.270484,38.44552],[-106.274119,38.446886],[-106.272247,38.448776],[-106.27179,38.452442],[-106.272655,38.455196],[-106.280609,38.454337],[-106.288532,38.461373],[-106.289894,38.465953],[-106.289396,38.470465],[-106.290672,38.472287],[-106.290332,38.473253],[-106.295598,38.475586],[-106.301052,38.476089],[-106.303986,38.477761],[-106.304547,38.478708],[-106.304121,38.480052],[-106.306484,38.482341],[-106.306809,38.484141],[-106.309297,38.487963],[-106.309233,38.489849],[-106.310666,38.491366],[-106.311461,38.49487],[-106.31775,38.494878],[-106.320109,38.497691],[-106.323024,38.496944],[-106.327228,38.497588],[-106.330406,38.493727],[-106.336308,38.49665],[-106.338207,38.498207],[-106.339306,38.501217],[-106.342824,38.50288],[-106.34423,38.50459],[-106.345455,38.50823],[-106.348108,38.512499],[-106.343703,38.51746],[-106.342597,38.521537],[-106.346408,38.526253],[-106.347131,38.528761],[-106.354185,38.533384],[-106.354543,38.536146],[-106.353706,38.53922],[-106.355399,38.542556],[-106.353584,38.547133],[-106.353533,38.549973],[-106.350543,38.552667],[-106.350144,38.555583],[-106.346641,38.558864],[-106.347435,38.560202],[-106.346867,38.565104],[-106.344619,38.568564],[-106.351673,38.576905],[-106.35342,38.581467],[-106.3513,38.58349],[-106.355449,38.587936],[-106.355951,38.5901],[-106.358188,38.592713],[-106.361024,38.594487],[-106.361235,38.59588],[-106.359317,38.599393],[-106.364697,38.605889],[-106.363646,38.610224],[-106.364198,38.6145],[-106.369126,38.618678],[-106.3745,38.62085],[-106.380066,38.620416],[-106.382125,38.621719],[-106.382641,38.623416],[-106.385368,38.624995],[-106.386269,38.627783],[-106.385174,38.632362],[-106.380362,38.637057],[-106.379899,38.638483],[-106.385788,38.638627],[-106.390164,38.641034],[-106.392825,38.640085],[-106.401189,38.639702],[-106.402238,38.642163],[-106.401507,38.643076],[-106.401719,38.645783],[-106.407944,38.647679],[-106.411752,38.647029],[-106.417717,38.644461],[-106.420179,38.6467],[-106.421804,38.646789],[-106.427139,38.650673],[-106.429545,38.651235],[-106.430159,38.653468],[-106.429088,38.65762],[-106.432209,38.667921],[-106.43409,38.668878],[-106.435907,38.67115],[-106.436179,38.673735],[-106.438072,38.676635],[-106.437055,38.678069],[-106.437861,38.6825],[-106.440176,38.68687],[-106.445959,38.688988],[-106.448358,38.692945],[-106.451054,38.695365],[-106.452126,38.698777],[-106.448313,38.704928],[-106.44553,38.705533],[-106.443493,38.709231],[-106.431656,38.708708],[-106.429468,38.709811],[-106.425275,38.710307],[-106.423222,38.716166],[-106.422786,38.718857],[-106.423467,38.720847],[-106.417431,38.725675],[-106.416665,38.727814],[-106.416752,38.733756],[-106.418493,38.735304],[-106.42005,38.738805],[-106.418658,38.739632],[-106.418011,38.742028],[-106.418401,38.74915],[-106.419992,38.751045],[-106.41728,38.755426],[-106.415079,38.757184],[-106.417143,38.764435],[-106.41928,38.766161],[-106.417575,38.770329],[-106.415498,38.772441],[-106.413816,38.779093],[-106.416635,38.785196],[-106.416759,38.787268],[-106.413091,38.789999],[-106.412881,38.791161],[-106.414363,38.795203],[-106.41459,38.799138],[-106.417911,38.800691],[-106.418498,38.802906],[-106.420666,38.804149],[-106.422726,38.808375],[-106.420551,38.811609],[-106.416025,38.813787],[-106.415045,38.815282],[-106.416182,38.824092],[-106.411888,38.825736],[-106.407132,38.829342],[-106.403505,38.826597],[-106.399352,38.825531],[-106.397529,38.823134],[-106.395652,38.822503],[-106.391269,38.82276],[-106.383632,38.824705],[-106.383067,38.831135],[-106.381747,38.832857],[-106.379143,38.834954],[-106.378819,38.836125],[-106.370401,38.838469],[-106.370126,38.840485],[-106.364458,38.846185],[-106.365371,38.847606],[-106.365044,38.852985],[-106.356891,38.855318],[-106.352239,38.855617],[-106.349303,38.854887],[-106.348938,38.865112],[-106.346982,38.867213],[-106.340109,38.871234],[-106.335847,38.872049],[-106.336779,38.874994],[-106.334065,38.881309],[-106.332483,38.880696],[-106.327505,38.882297],[-106.326446,38.884101],[-106.326697,38.887318],[-106.326039,38.888927],[-106.321313,38.892599],[-106.320555,38.894708],[-106.322889,38.898019],[-106.32472,38.902929],[-106.324115,38.904796],[-106.326099,38.911004],[-106.334984,38.911666],[-106.338128,38.90872],[-106.345241,38.907067],[-106.357073,38.912945],[-106.361544,38.912339],[-106.364245,38.910936],[-106.365773,38.909871],[-106.367482,38.906917],[-106.37344,38.906608],[-106.376222,38.909539],[-106.375745,38.913039],[-106.377168,38.917981],[-106.376982,38.922674],[-106.380836,38.925685],[-106.383451,38.922964],[-106.386257,38.922969],[-106.386913,38.921121],[-106.392344,38.918775],[-106.393075,38.913702],[-106.393959,38.912249],[-106.399497,38.911943],[-106.402124,38.910617],[-106.407602,38.914762],[-106.413166,38.916268],[-106.41718,38.920898],[-106.418227,38.92663],[-106.421161,38.928093],[-106.424952,38.926095],[-106.430262,38.924909],[-106.434333,38.919999],[-106.434864,38.918184],[-106.436953,38.916317],[-106.437175,38.914906],[-106.44215,38.915574],[-106.446065,38.913866],[-106.448005,38.914362],[-106.449951,38.913012],[-106.453808,38.912755],[-106.457811,38.910078],[-106.461941,38.911303],[-106.465032,38.910354],[-106.467483,38.91226],[-106.470044,38.913053],[-106.472209,38.915927],[-106.474912,38.916123],[-106.480905,38.918643],[-106.48212,38.92093],[-106.485652,38.922108],[-106.489938,38.926316],[-106.490714,38.929685],[-106.493856,38.931089],[-106.496258,38.93347],[-106.504371,38.936849],[-106.505893,38.940929],[-106.505313,38.9444],[-106.507162,38.946092],[-106.515738,38.948664],[-106.519877,38.953969],[-106.521327,38.953688],[-106.526683,38.955411],[-106.528511,38.959883],[-106.523498,38.964839],[-106.521861,38.968666],[-106.524423,38.971093],[-106.528389,38.980727],[-106.534179,38.982292],[-106.546762,38.991078],[-106.550723,38.991701],[-106.552183,38.993476],[-106.554211,38.998711],[-106.556184,38.99812],[-106.559884,38.998528],[-106.566129,38.993792],[-106.569833,38.994481],[-106.574721,38.992821],[-106.577161,38.990444],[-106.580289,38.991912],[-106.582769,38.991476],[-106.586164,38.992813],[-106.590433,38.991271],[-106.595509,38.991277],[-106.599214,38.997994],[-106.594455,39.004185],[-106.595162,39.010305],[-106.594921,39.020809],[-106.591692,39.024923],[-106.594377,39.029959],[-106.597941,39.031666],[-106.599516,39.033788],[-106.599032,39.036273]]]}},{"type":"Feature","properties":{"county_fips":"08017","name":"Cheyenne"},"geometry":{"type":"Polygon","coordinates":[[[-102.546977,38.61343],[-102.620497,38.612914],[-102.800557,38.614476],[-103.054241,38.615068],[-103.172943,38.61245],[-103.172474,38.690057],[-103.164159,38.690133],[-103.163025,39.03761],[-103.051372,39.039561],[-102.857944,39.039337],[-102.72411,39.040199],[-102.715766,39.038675],[-102.511785,39.041393],[-102.375468,39.044849],[-102.367732,39.045625],[-102.046571,39.047038],[-102.044792,38.61534],[-102.390781,38.615178],[-102.546977,38.61343]]]}},{"type":"Feature","properties":{"county_fips":"08019","name":"Clear Creek"},"geometry":{"type":"Polygon","coordinates":[[[-105.724552,39.822077],[-105.723279,39.825353],[-105.719054,39.827794],[-105.71934,39.831051],[-105.716981,39.835472],[-105.713369,39.838212],[-105.705127,39.836612],[-105.696345,39.838919],[-105.693542,39.847853],[-105.690348,39.851996],[-105.681095,39.847287],[-105.677924,39.847281],[-105.676231,39.849218],[-105.667752,39.847527],[-105.662664,39.850016],[-105.659783,39.850448],[-105.655313,39.849438],[-105.651873,39.848291],[-105.649688,39.846506],[-105.643874,39.846098],[-105.633283,39.843702],[-105.630857,39.839255],[-105.631332,39.837322],[-105.628539,39.834362],[-105.628949,39.83274],[-105.622992,39.829385],[-105.621512,39.829547],[-105.613624,39.823033],[-105.611897,39.824626],[-105.605809,39.822642],[-105.603077,39.820513],[-105.602623,39.818114],[-105.597943,39.818358],[-105.595636,39.816111],[-105.592506,39.818398],[-105.584736,39.821786],[-105.580953,39.822726],[-105.577946,39.822492],[-105.574361,39.818884],[-105.574554,39.816625],[-105.575471,39.816453],[-105.575805,39.815077],[-105.57769,39.81462],[-105.579796,39.812782],[-105.578369,39.812407],[-105.579173,39.811716],[-105.577912,39.807706],[-105.578481,39.805448],[-105.572622,39.80314],[-105.570333,39.800532],[-105.565597,39.799367],[-105.564185,39.799736],[-105.560522,39.795069],[-105.559853,39.795545],[-105.555702,39.794422],[-105.554088,39.791863],[-105.549683,39.788929],[-105.546717,39.787967],[-105.545505,39.786882],[-105.547563,39.78594],[-105.548285,39.784027],[-105.547963,39.780765],[-105.544417,39.777759],[-105.54341,39.774515],[-105.53586,39.770873],[-105.529988,39.769058],[-105.526197,39.768783],[-105.517655,39.764924],[-105.510055,39.765702],[-105.507559,39.76311],[-105.500067,39.763063],[-105.494921,39.76407],[-105.49397,39.762917],[-105.496581,39.761106],[-105.497128,39.757864],[-105.493025,39.756962],[-105.484243,39.759414],[-105.478801,39.759127],[-105.470508,39.75676],[-105.463071,39.756966],[-105.461363,39.755699],[-105.454663,39.755927],[-105.450341,39.752986],[-105.441252,39.755664],[-105.436745,39.755796],[-105.4297,39.754697],[-105.427919,39.755835],[-105.42259,39.7552],[-105.422471,39.752124],[-105.423265,39.750355],[-105.422894,39.747758],[-105.421397,39.745856],[-105.418498,39.747017],[-105.41538,39.749491],[-105.410237,39.749875],[-105.406587,39.751477],[-105.398712,39.747294],[-105.397949,39.745487],[-105.398949,39.566056],[-105.500292,39.566135],[-105.587986,39.568197],[-105.721601,39.565269],[-105.829662,39.564865],[-105.830615,39.56646],[-105.836599,39.56879],[-105.838398,39.571453],[-105.838369,39.572952],[-105.831542,39.57808],[-105.827834,39.579069],[-105.826336,39.580258],[-105.821639,39.580409],[-105.819897,39.582229],[-105.817777,39.580778],[-105.813793,39.582406],[-105.808083,39.583395],[-105.800154,39.593415],[-105.795337,39.594234],[-105.791664,39.597891],[-105.781388,39.600897],[-105.775969,39.605139],[-105.776035,39.610726],[-105.782706,39.617957],[-105.782326,39.626771],[-105.782674,39.629024],[-105.784603,39.631147],[-105.790771,39.633983],[-105.793485,39.63638],[-105.798275,39.636354],[-105.806227,39.634947],[-105.810939,39.635348],[-105.817239,39.633555],[-105.818636,39.63491],[-105.819163,39.639659],[-105.821182,39.642692],[-105.825963,39.640931],[-105.82874,39.641949],[-105.834925,39.642002],[-105.839474,39.645595],[-105.841546,39.646184],[-105.846102,39.644087],[-105.848665,39.644156],[-105.854341,39.649081],[-105.856321,39.653951],[-105.856613,39.657614],[-105.859953,39.659229],[-105.864767,39.667218],[-105.873017,39.666021],[-105.879613,39.663638],[-105.884861,39.657084],[-105.893945,39.659418],[-105.896812,39.664664],[-105.903691,39.664435],[-105.910753,39.662294],[-105.919955,39.669434],[-105.922285,39.670123],[-105.926681,39.673588],[-105.92703,39.676703],[-105.921329,39.68431],[-105.919581,39.690287],[-105.920473,39.692538],[-105.920042,39.693888],[-105.924618,39.698972],[-105.924061,39.701574],[-105.924546,39.703423],[-105.921407,39.709936],[-105.916765,39.713576],[-105.911775,39.715295],[-105.910499,39.720713],[-105.90746,39.724045],[-105.90828,39.726246],[-105.906724,39.727532],[-105.904729,39.728779],[-105.899959,39.728781],[-105.891755,39.730387],[-105.88944,39.731548],[-105.883714,39.737012],[-105.882375,39.740328],[-105.883266,39.743807],[-105.882343,39.745579],[-105.885001,39.749986],[-105.884839,39.75172],[-105.880481,39.759303],[-105.882849,39.763383],[-105.885106,39.764155],[-105.886716,39.766003],[-105.887544,39.770477],[-105.889638,39.773658],[-105.890029,39.77864],[-105.89209,39.7808],[-105.892657,39.782638],[-105.890739,39.786384],[-105.887695,39.789022],[-105.887622,39.7966],[-105.875566,39.799258],[-105.872306,39.796692],[-105.860711,39.797054],[-105.855761,39.795505],[-105.854942,39.796154],[-105.853357,39.792274],[-105.850901,39.789091],[-105.851476,39.787766],[-105.847823,39.789194],[-105.844088,39.789518],[-105.838609,39.788132],[-105.829997,39.788219],[-105.822954,39.785605],[-105.820785,39.788801],[-105.819195,39.789832],[-105.810511,39.791475],[-105.80972,39.794963],[-105.808264,39.797333],[-105.806623,39.798598],[-105.80194,39.799336],[-105.800717,39.802277],[-105.799013,39.80343],[-105.793731,39.801944],[-105.79094,39.803101],[-105.784662,39.802434],[-105.779712,39.79905],[-105.765958,39.794855],[-105.76333,39.795212],[-105.76096,39.797101],[-105.754229,39.799232],[-105.750561,39.801303],[-105.747074,39.801325],[-105.742307,39.804193],[-105.73613,39.804892],[-105.735309,39.809345],[-105.733457,39.812542],[-105.724359,39.818229],[-105.723884,39.819332],[-105.724552,39.822077]]]}},{"type":"Feature","properties":{"county_fips":"08021","name":"Conejos"},"geometry":{"type":"Polygon","coordinates":[[[-106.100012,36.994949],[-106.47609,36.993548],[-106.489062,37.01508],[-106.589178,37.140188],[-106.597384,37.194974],[-106.678354,37.228566],[-106.678373,37.403663],[-106.614351,37.402221],[-106.588461,37.40272],[-106.498729,37.401829],[-106.48797,37.401585],[-106.487968,37.39935],[-106.350244,37.401278],[-106.039331,37.400852],[-106.038912,37.356953],[-105.983528,37.356246],[-105.743339,37.356798],[-105.75005,37.351154],[-105.749712,37.349202],[-105.747526,37.349503],[-105.747523,37.34854],[-105.753228,37.344502],[-105.752568,37.342255],[-105.750403,37.341264],[-105.749409,37.338981],[-105.750772,37.333926],[-105.746835,37.331074],[-105.747587,37.327041],[-105.745849,37.323861],[-105.743362,37.321943],[-105.73827,37.320039],[-105.738478,37.318566],[-105.741649,37.317444],[-105.742571,37.316349],[-105.740839,37.314316],[-105.737171,37.313556],[-105.737953,37.311201],[-105.736221,37.308658],[-105.738177,37.307457],[-105.738234,37.306351],[-105.736677,37.305658],[-105.734563,37.302699],[-105.732244,37.303111],[-105.730977,37.304903],[-105.729165,37.304871],[-105.72784,37.298885],[-105.726497,37.296426],[-105.725455,37.295441],[-105.722422,37.294715],[-105.722347,37.292509],[-105.720084,37.290195],[-105.720308,37.285614],[-105.721895,37.285206],[-105.726214,37.286495],[-105.727815,37.285552],[-105.728375,37.284025],[-105.7253,37.281095],[-105.723471,37.276675],[-105.723825,37.274735],[-105.729677,37.271341],[-105.732884,37.266376],[-105.736275,37.266435],[-105.737653,37.265546],[-105.738779,37.263563],[-105.736673,37.260141],[-105.737579,37.257667],[-105.740877,37.255353],[-105.742842,37.25533],[-105.746219,37.248905],[-105.745951,37.247555],[-105.744078,37.2463],[-105.74378,37.243804],[-105.740773,37.240254],[-105.741236,37.234428],[-105.746693,37.230367],[-105.746149,37.226775],[-105.743471,37.222842],[-105.745728,37.217883],[-105.744146,37.214877],[-105.73962,37.21205],[-105.739836,37.210088],[-105.738436,37.207793],[-105.737914,37.204317],[-105.739285,37.202078],[-105.736003,37.199563],[-105.736649,37.196936],[-105.739001,37.194699],[-105.738926,37.191315],[-105.737574,37.189749],[-105.734379,37.189559],[-105.733071,37.188553],[-105.732271,37.184619],[-105.729719,37.180331],[-105.730818,37.17614],[-105.736856,37.170814],[-105.736778,37.168566],[-105.738037,37.16559],[-105.73225,37.159368],[-105.731404,37.156249],[-105.732121,37.153297],[-105.734135,37.149888],[-105.740476,37.145132],[-105.744028,37.143584],[-105.748834,37.135356],[-105.747785,37.128305],[-105.749852,37.119821],[-105.749743,37.114186],[-105.748852,37.111465],[-105.744938,37.105561],[-105.741037,37.103548],[-105.740831,37.101691],[-105.747284,37.093619],[-105.748501,37.088867],[-105.753015,37.084827],[-105.756489,37.078645],[-105.760249,37.076557],[-105.760785,37.074363],[-105.763215,37.072941],[-105.766658,37.066262],[-105.770315,37.06454],[-105.770821,37.062669],[-105.770231,37.06122],[-105.76763,37.060352],[-105.764098,37.055951],[-105.767882,37.0512],[-105.767175,37.048072],[-105.770125,37.047305],[-105.771391,37.045725],[-105.770441,37.044411],[-105.770494,37.041491],[-105.766438,37.040918],[-105.768855,37.036759],[-105.765832,37.035016],[-105.760961,37.026147],[-105.756955,37.026213],[-105.752487,37.028002],[-105.749609,37.026552],[-105.748962,37.023572],[-105.75068,37.021603],[-105.750553,37.020464],[-105.749221,37.018022],[-105.747054,37.018251],[-105.745147,37.017433],[-105.746516,37.01562],[-105.746249,37.014293],[-105.73958,37.012889],[-105.735199,37.014596],[-105.731525,37.014057],[-105.728293,37.015005],[-105.724949,37.013383],[-105.723803,37.010543],[-105.72607,37.009025],[-105.72669,37.006831],[-105.722915,37.003895],[-105.723361,37.002113],[-105.722783,37.000792],[-105.718128,36.999383],[-105.719608,36.996657],[-105.718463,36.995841],[-106.100012,36.994949]]]}},{"type":"Feature","properties":{"county_fips":"08023","name":"Costilla"},"geometry":{"type":"Polygon","coordinates":[[[-105.753278,37.344114],[-105.75253,37.345559],[-105.747308,37.348852],[-105.747526,37.349503],[-105.749655,37.349146],[-105.75005,37.351154],[-105.62203,37.459212],[-105.49631,37.563852],[-105.497305,37.56686],[-105.49606,37.57006],[-105.490668,37.575462],[-105.485516,37.577899],[-105.469855,37.581871],[-105.467275,37.584424],[-105.464478,37.584609],[-105.463321,37.585952],[-105.460268,37.58673],[-105.454492,37.590483],[-105.4551,37.592715],[-105.454528,37.593249],[-105.455224,37.593915],[-105.452454,37.596197],[-105.451302,37.598467],[-105.44785,37.600252],[-105.448172,37.602409],[-105.445887,37.604287],[-105.445044,37.607875],[-105.442279,37.611851],[-105.437567,37.613471],[-105.42851,37.613905],[-105.423507,37.61678],[-105.416997,37.617413],[-105.414911,37.615883],[-105.4084,37.618],[-105.400312,37.613415],[-105.39615,37.616776],[-105.393426,37.617095],[-105.391365,37.618355],[-105.386551,37.626438],[-105.384571,37.627605],[-105.380797,37.627953],[-105.37689,37.634452],[-105.373751,37.635791],[-105.370305,37.639396],[-105.367238,37.638344],[-105.364041,37.638454],[-105.360487,37.636449],[-105.354781,37.636102],[-105.354509,37.637241],[-105.352021,37.638197],[-105.34856,37.637758],[-105.346955,37.641166],[-105.345448,37.642024],[-105.334945,37.643265],[-105.329542,37.642981],[-105.322289,37.646178],[-105.318344,37.648806],[-105.315298,37.648301],[-105.313356,37.649716],[-105.309844,37.650527],[-105.308459,37.653822],[-105.303197,37.653085],[-105.301801,37.653603],[-105.297228,37.658305],[-105.295406,37.656797],[-105.295182,37.653528],[-105.289697,37.650442],[-105.287005,37.650953],[-105.28492,37.645886],[-105.282076,37.645324],[-105.278676,37.646352],[-105.275994,37.645224],[-105.272665,37.640803],[-105.267373,37.640226],[-105.266939,37.638353],[-105.260149,37.639205],[-105.257873,37.640619],[-105.255303,37.640258],[-105.253685,37.637127],[-105.254465,37.633276],[-105.253312,37.631186],[-105.250559,37.629807],[-105.245818,37.629956],[-105.243362,37.629229],[-105.241566,37.623724],[-105.236594,37.621665],[-105.235978,37.620773],[-105.226145,37.620369],[-105.221216,37.621171],[-105.220027,37.62192],[-105.219508,37.624238],[-105.214534,37.626425],[-105.211204,37.623006],[-105.201507,37.619194],[-105.187549,37.619669],[-105.184441,37.615984],[-105.189739,37.614447],[-105.192617,37.611851],[-105.19286,37.610478],[-105.195645,37.608939],[-105.194832,37.607362],[-105.196306,37.602725],[-105.19528,37.601012],[-105.194095,37.601035],[-105.193237,37.592168],[-105.196695,37.592754],[-105.198752,37.594065],[-105.20377,37.594449],[-105.207034,37.589503],[-105.2119,37.586089],[-105.217157,37.584858],[-105.218433,37.583496],[-105.218333,37.582439],[-105.21426,37.579728],[-105.21386,37.577883],[-105.211681,37.577661],[-105.205315,37.574261],[-105.201616,37.574023],[-105.196044,37.569867],[-105.193334,37.566381],[-105.194809,37.564655],[-105.193062,37.56389],[-105.188886,37.559478],[-105.184017,37.555841],[-105.183433,37.553835],[-105.183885,37.552638],[-105.179339,37.548676],[-105.178352,37.546319],[-105.182917,37.546432],[-105.182098,37.54258],[-105.183788,37.540896],[-105.183666,37.539649],[-105.182998,37.538198],[-105.177714,37.534104],[-105.176727,37.526944],[-105.174656,37.525169],[-105.173638,37.522998],[-105.174334,37.51989],[-105.171558,37.518122],[-105.172515,37.515607],[-105.17132,37.513246],[-105.174124,37.509299],[-105.173385,37.505795],[-105.174283,37.502514],[-105.172571,37.498772],[-105.177666,37.491391],[-105.174493,37.486976],[-105.174761,37.485274],[-105.176425,37.483408],[-105.180103,37.481579],[-105.182196,37.479211],[-105.18047,37.478681],[-105.176683,37.475594],[-105.175224,37.46597],[-105.173468,37.461096],[-105.175535,37.456528],[-105.171427,37.455363],[-105.168825,37.456221],[-105.16388,37.454525],[-105.158552,37.457323],[-105.155652,37.456547],[-105.154433,37.453554],[-105.152189,37.451554],[-105.149562,37.443182],[-105.146824,37.441092],[-105.145906,37.438587],[-105.146461,37.436002],[-105.143951,37.431738],[-105.145119,37.428995],[-105.141035,37.428643],[-105.141522,37.423656],[-105.139416,37.415585],[-105.135956,37.412462],[-105.130585,37.411655],[-105.12972,37.409254],[-105.132669,37.403606],[-105.138567,37.400691],[-105.151324,37.400192],[-105.155169,37.399636],[-105.157269,37.398436],[-105.161433,37.393209],[-105.162649,37.390302],[-105.166765,37.388396],[-105.167167,37.385836],[-105.165317,37.381174],[-105.16898,37.375012],[-105.165749,37.369823],[-105.166457,37.365598],[-105.168906,37.361514],[-105.166976,37.358147],[-105.168047,37.354693],[-105.16598,37.352513],[-105.166343,37.348985],[-105.164116,37.345216],[-105.16405,37.343022],[-105.165689,37.341509],[-105.167949,37.337031],[-105.167277,37.334842],[-105.165605,37.33353],[-105.163096,37.328909],[-105.166892,37.322684],[-105.165439,37.31678],[-105.166919,37.313792],[-105.164938,37.308521],[-105.164769,37.304431],[-105.163399,37.300422],[-105.165337,37.295228],[-105.165472,37.291241],[-105.164559,37.289117],[-105.157909,37.292892],[-105.154176,37.293129],[-105.155042,36.995262],[-105.719286,36.996162],[-105.718128,36.999383],[-105.722783,37.000792],[-105.723361,37.002113],[-105.722915,37.003895],[-105.7267,37.006859],[-105.72607,37.009025],[-105.723803,37.010543],[-105.724862,37.013301],[-105.728293,37.015005],[-105.731525,37.014057],[-105.735199,37.014596],[-105.73958,37.012889],[-105.746249,37.014293],[-105.746516,37.01562],[-105.745147,37.017433],[-105.747054,37.018251],[-105.749221,37.018022],[-105.750553,37.020464],[-105.75068,37.021603],[-105.748962,37.023572],[-105.749609,37.026552],[-105.752487,37.028002],[-105.756955,37.026213],[-105.760961,37.026147],[-105.765832,37.035016],[-105.768855,37.036759],[-105.766438,37.040918],[-105.770494,37.041491],[-105.770441,37.044411],[-105.771391,37.045725],[-105.770125,37.047305],[-105.767175,37.048072],[-105.767882,37.0512],[-105.764098,37.055951],[-105.76763,37.060352],[-105.770231,37.06122],[-105.770821,37.062669],[-105.770315,37.06454],[-105.766658,37.066262],[-105.763215,37.072941],[-105.760785,37.074363],[-105.760249,37.076557],[-105.756489,37.078645],[-105.753015,37.084827],[-105.748501,37.088867],[-105.747284,37.093619],[-105.742633,37.098764],[-105.740698,37.102158],[-105.741646,37.104064],[-105.744938,37.105561],[-105.748852,37.111465],[-105.749743,37.114186],[-105.749852,37.119821],[-105.747785,37.128305],[-105.748834,37.135356],[-105.744028,37.143584],[-105.740476,37.145132],[-105.734739,37.149266],[-105.732121,37.153297],[-105.731727,37.158472],[-105.738037,37.16559],[-105.736778,37.168566],[-105.736856,37.170814],[-105.730865,37.176079],[-105.7297,37.180012],[-105.732271,37.184619],[-105.733071,37.188553],[-105.734379,37.189559],[-105.737574,37.189749],[-105.738926,37.191315],[-105.739001,37.194699],[-105.736649,37.196936],[-105.736003,37.199563],[-105.739285,37.202078],[-105.737914,37.204317],[-105.738436,37.207793],[-105.739836,37.210088],[-105.73962,37.21205],[-105.744146,37.214877],[-105.745728,37.217883],[-105.743471,37.222842],[-105.746149,37.226775],[-105.746693,37.230367],[-105.741236,37.234428],[-105.740773,37.240254],[-105.74378,37.243804],[-105.744078,37.2463],[-105.745951,37.247555],[-105.746219,37.248905],[-105.742842,37.25533],[-105.740877,37.255353],[-105.737579,37.257667],[-105.736673,37.260141],[-105.738779,37.263563],[-105.737653,37.265546],[-105.736275,37.266435],[-105.732884,37.266376],[-105.729677,37.271341],[-105.723659,37.275028],[-105.723524,37.276885],[-105.7253,37.281095],[-105.728346,37.283531],[-105.727914,37.285433],[-105.725266,37.286544],[-105.721533,37.285201],[-105.719926,37.286358],[-105.720286,37.290814],[-105.722347,37.292509],[-105.722422,37.294715],[-105.725455,37.295441],[-105.726497,37.296426],[-105.72784,37.298885],[-105.729165,37.304871],[-105.730977,37.304903],[-105.732244,37.303111],[-105.734563,37.302699],[-105.736677,37.305658],[-105.738309,37.30648],[-105.738096,37.307542],[-105.736221,37.308658],[-105.737953,37.311201],[-105.737171,37.313556],[-105.740839,37.314316],[-105.742571,37.316385],[-105.741649,37.317444],[-105.738478,37.318566],[-105.73827,37.320039],[-105.743362,37.321943],[-105.745953,37.324019],[-105.747587,37.327041],[-105.746835,37.331074],[-105.75084,37.334205],[-105.749409,37.338981],[-105.750403,37.341264],[-105.752405,37.342064],[-105.753278,37.344114]]]}},{"type":"Feature","properties":{"county_fips":"08025","name":"Crowley"},"geometry":{"type":"Polygon","coordinates":[[[-103.74764,38.113077],[-103.803033,38.112533],[-103.807316,38.1164],[-103.81191,38.117845],[-103.821866,38.113516],[-103.825908,38.113062],[-103.82871,38.11441],[-103.835616,38.11334],[-103.841687,38.117346],[-103.846211,38.123405],[-103.850335,38.125048],[-103.858342,38.125425],[-103.866262,38.12876],[-103.868672,38.128809],[-103.878001,38.124649],[-103.900662,38.125409],[-103.898512,38.131132],[-103.902064,38.133975],[-103.906054,38.134864],[-103.912768,38.134108],[-103.913525,38.131624],[-103.911733,38.129885],[-103.91098,38.126563],[-103.913487,38.125081],[-103.916302,38.124729],[-103.918687,38.125542],[-103.920152,38.129274],[-103.923399,38.130424],[-103.92593,38.129646],[-103.929041,38.127328],[-103.93012,38.125005],[-103.933989,38.124417],[-103.944586,38.126687],[-103.952461,38.130545],[-103.960155,38.130401],[-103.974378,38.132119],[-103.976407,38.13299],[-103.976957,38.134348],[-103.974128,38.138627],[-103.974991,38.140336],[-103.977753,38.141068],[-103.984213,38.140914],[-103.991203,38.145433],[-103.994696,38.146654],[-103.999228,38.145783],[-104.002074,38.142837],[-104.005106,38.143541],[-104.007751,38.145547],[-104.010227,38.145737],[-104.015061,38.142809],[-104.02719,38.140489],[-104.037321,38.141495],[-104.047045,38.141389],[-104.047913,38.145238],[-104.049179,38.146273],[-104.058242,38.146492],[-104.058403,38.260813],[-104.057902,38.261612],[-104.054725,38.261864],[-104.05635,38.435742],[-104.053921,38.522393],[-103.910516,38.52333],[-103.875508,38.522772],[-103.872609,38.522117],[-103.750888,38.522231],[-103.715476,38.521568],[-103.704872,38.522266],[-103.61299,38.522548],[-103.612983,38.517879],[-103.504666,38.516409],[-103.506669,38.407918],[-103.506985,38.342256],[-103.501747,38.342295],[-103.501637,38.273998],[-103.501764,38.265016],[-103.51006,38.265169],[-103.509364,38.172514],[-103.58321,38.172753],[-103.619283,38.171455],[-103.619172,38.113355],[-103.74764,38.113077]]]}},{"type":"Feature","properties":{"county_fips":"08027","name":"Custer"},"geometry":{"type":"Polygon","coordinates":[[[-105.796897,38.265047],[-105.640539,38.265191],[-105.547577,38.264294],[-105.536963,38.263369],[-105.499923,38.262388],[-105.304045,38.258225],[-105.262914,38.259048],[-105.125544,38.257548],[-105.049215,38.257973],[-105.048287,38.127773],[-105.050678,38.113824],[-105.04951,38.039905],[-105.05019,38.000006],[-105.049917,37.915479],[-105.054307,37.917509],[-105.057201,37.915946],[-105.061497,37.916061],[-105.064211,37.917906],[-105.06585,37.920763],[-105.065034,37.923241],[-105.066301,37.925048],[-105.063737,37.929269],[-105.063572,37.935001],[-105.066425,37.938525],[-105.065471,37.941802],[-105.066056,37.944209],[-105.070472,37.945802],[-105.072219,37.947789],[-105.074244,37.948513],[-105.0778,37.952964],[-105.084057,37.955594],[-105.085532,37.951141],[-105.088011,37.948588],[-105.093828,37.947329],[-105.099097,37.944943],[-105.103129,37.94494],[-105.108507,37.943399],[-105.112984,37.945449],[-105.117163,37.949141],[-105.122612,37.949177],[-105.125975,37.95117],[-105.12504,37.95324],[-105.125551,37.954592],[-105.126906,37.955134],[-105.126411,37.96075],[-105.127576,37.961174],[-105.127909,37.962592],[-105.133409,37.963039],[-105.135949,37.966358],[-105.133195,37.970423],[-105.131335,37.971188],[-105.131348,37.973456],[-105.14055,37.979774],[-105.142145,37.979799],[-105.141641,37.982034],[-105.139419,37.984841],[-105.141241,37.98686],[-105.143909,37.987838],[-105.146452,37.986589],[-105.147965,37.986841],[-105.152491,37.992113],[-105.153199,38.000784],[-105.15191,38.00333],[-105.147948,38.005392],[-105.147969,38.006239],[-105.15984,38.014173],[-105.161101,38.015866],[-105.165826,38.016821],[-105.168652,38.018946],[-105.173264,38.017142],[-105.181006,38.015595],[-105.185252,38.013379],[-105.18775,38.010598],[-105.194586,38.00756],[-105.198919,38.003785],[-105.200044,38.000835],[-105.197073,37.992416],[-105.198814,37.990181],[-105.206068,37.989668],[-105.205897,37.983268],[-105.206702,37.982276],[-105.213986,37.980809],[-105.213109,37.977331],[-105.216505,37.975378],[-105.216358,37.97253],[-105.215366,37.97052],[-105.216627,37.969447],[-105.218095,37.969903],[-105.223136,37.968804],[-105.224683,37.966674],[-105.224646,37.965036],[-105.226262,37.963898],[-105.229418,37.965245],[-105.231663,37.964866],[-105.233056,37.963744],[-105.234426,37.964019],[-105.235809,37.9628],[-105.23856,37.96284],[-105.239933,37.960393],[-105.237598,37.957568],[-105.238096,37.956851],[-105.241799,37.953809],[-105.244716,37.953728],[-105.246694,37.95211],[-105.249742,37.951521],[-105.255436,37.942916],[-105.256764,37.942555],[-105.257546,37.938131],[-105.261549,37.937168],[-105.263168,37.932458],[-105.263942,37.932059],[-105.2638,37.92882],[-105.261842,37.925637],[-105.26805,37.918304],[-105.269908,37.913661],[-105.273418,37.910716],[-105.273818,37.907677],[-105.276233,37.905875],[-105.276988,37.904103],[-105.277949,37.904407],[-105.280549,37.901215],[-105.283224,37.899993],[-105.285076,37.899421],[-105.286736,37.900194],[-105.29104,37.903897],[-105.290784,37.905368],[-105.292407,37.908625],[-105.296681,37.908762],[-105.298011,37.911263],[-105.300254,37.912488],[-105.301659,37.918119],[-105.300541,37.923085],[-105.303607,37.926188],[-105.306574,37.932292],[-105.310281,37.93354],[-105.311093,37.935945],[-105.313772,37.936888],[-105.314507,37.938444],[-105.317081,37.938949],[-105.324526,37.938434],[-105.331702,37.935801],[-105.347209,37.924759],[-105.350814,37.924889],[-105.356054,37.922854],[-105.363779,37.92207],[-105.377088,37.916102],[-105.378396,37.9138],[-105.38165,37.912707],[-105.387903,37.908065],[-105.390305,37.905196],[-105.39408,37.902918],[-105.394792,37.901366],[-105.403421,37.895782],[-105.408697,37.894442],[-105.413635,37.890527],[-105.415486,37.890815],[-105.418689,37.889703],[-105.421597,37.890652],[-105.424151,37.890173],[-105.426855,37.891634],[-105.42779,37.89132],[-105.431972,37.895167],[-105.437279,37.896011],[-105.440272,37.897461],[-105.45236,37.895681],[-105.459235,37.897169],[-105.46697,37.895515],[-105.47301,37.895696],[-105.476056,37.899389],[-105.478875,37.900505],[-105.479,37.902629],[-105.478351,37.903349],[-105.482604,37.905004],[-105.488145,37.909845],[-105.491145,37.915225],[-105.497197,37.920339],[-105.503116,37.923725],[-105.507042,37.93102],[-105.508364,37.936094],[-105.511086,37.939131],[-105.514591,37.93993],[-105.515729,37.942015],[-105.523572,37.948037],[-105.527147,37.949531],[-105.530378,37.953363],[-105.533315,37.955182],[-105.537703,37.955036],[-105.542737,37.95651],[-105.546191,37.956048],[-105.550101,37.953871],[-105.551826,37.950584],[-105.560311,37.951886],[-105.567192,37.957145],[-105.570692,37.958266],[-105.577676,37.965536],[-105.582616,37.965934],[-105.583922,37.967196],[-105.585054,37.970451],[-105.583964,37.973009],[-105.581522,37.975225],[-105.581855,37.977972],[-105.583191,37.979978],[-105.58591,37.979687],[-105.588156,37.986689],[-105.589899,37.987431],[-105.592071,37.992148],[-105.593663,37.992775],[-105.595739,37.995069],[-105.595892,37.99637],[-105.598413,37.997021],[-105.600244,37.999999],[-105.600596,38.002274],[-105.603907,38.003739],[-105.604636,38.005014],[-105.604355,38.008745],[-105.598876,38.011247],[-105.597039,38.013218],[-105.598325,38.016338],[-105.597952,38.020019],[-105.598698,38.022649],[-105.600805,38.023746],[-105.603114,38.027144],[-105.603156,38.030968],[-105.60938,38.032338],[-105.608561,38.033708],[-105.608854,38.034953],[-105.613246,38.038085],[-105.614957,38.043662],[-105.617996,38.047261],[-105.617807,38.05326],[-105.625563,38.055693],[-105.628206,38.057421],[-105.625962,38.061161],[-105.627206,38.06731],[-105.632088,38.068352],[-105.636174,38.071358],[-105.637276,38.072797],[-105.636918,38.076174],[-105.645284,38.082404],[-105.646692,38.085247],[-105.650105,38.086953],[-105.652199,38.089665],[-105.655296,38.091343],[-105.655579,38.09549],[-105.658826,38.097276],[-105.66136,38.100501],[-105.662221,38.104348],[-105.661485,38.106383],[-105.662246,38.106845],[-105.66134,38.111498],[-105.659836,38.112428],[-105.657663,38.117454],[-105.662654,38.119158],[-105.665014,38.124283],[-105.670215,38.128554],[-105.669712,38.130911],[-105.673395,38.137396],[-105.672547,38.14022],[-105.674322,38.141338],[-105.676279,38.145858],[-105.672701,38.148321],[-105.670169,38.153097],[-105.671712,38.154279],[-105.673042,38.159126],[-105.680782,38.160502],[-105.68616,38.165306],[-105.686838,38.166845],[-105.693215,38.165738],[-105.699197,38.167973],[-105.700721,38.169607],[-105.702195,38.174203],[-105.706848,38.178152],[-105.70831,38.18186],[-105.712924,38.183235],[-105.716001,38.185211],[-105.717338,38.188137],[-105.721266,38.191555],[-105.727019,38.199705],[-105.73298,38.200986],[-105.736318,38.209231],[-105.740698,38.210283],[-105.744806,38.214603],[-105.750563,38.214213],[-105.756026,38.218127],[-105.756539,38.22496],[-105.759438,38.228566],[-105.766565,38.231274],[-105.76865,38.234014],[-105.775454,38.235849],[-105.787887,38.242056],[-105.789761,38.24436],[-105.789143,38.251824],[-105.79218,38.254815],[-105.795665,38.260139],[-105.796897,38.265047]]]}},{"type":"Feature","properties":{"county_fips":"08029","name":"Delta"},"geometry":{"type":"Polygon","coordinates":[[[-107.776018,39.047783],[-107.773968,39.047084],[-107.771085,39.043693],[-107.767215,39.043983],[-107.76549,39.043294],[-107.763517,39.046926],[-107.758691,39.047879],[-107.757822,39.049314],[-107.756184,39.049668],[-107.756401,39.052293],[-107.755609,39.053898],[-107.750598,39.053989],[-107.745563,39.057648],[-107.743564,39.057948],[-107.742486,39.059342],[-107.744881,39.059727],[-107.744115,39.060232],[-107.744399,39.062189],[-107.737988,39.06616],[-107.737004,39.065516],[-107.735023,39.066275],[-107.73263,39.062961],[-107.731078,39.065583],[-107.729944,39.066132],[-107.721624,39.065255],[-107.722124,39.068622],[-107.714952,39.075987],[-107.713047,39.079068],[-107.712965,39.080547],[-107.71009,39.081227],[-107.71021,39.082242],[-107.709121,39.083087],[-107.704654,39.084785],[-107.700007,39.083857],[-107.694114,39.085138],[-107.693545,39.087511],[-107.689556,39.087171],[-107.687577,39.088037],[-107.682945,39.092702],[-107.680815,39.100256],[-107.67384,39.101092],[-107.673168,39.104413],[-107.671439,39.107633],[-107.669858,39.108624],[-107.664604,39.109447],[-107.660309,39.111771],[-107.659818,39.112548],[-107.661814,39.113971],[-107.662645,39.115754],[-107.661734,39.117675],[-107.658449,39.119823],[-107.656603,39.122694],[-107.65376,39.124002],[-107.653625,39.126563],[-107.651314,39.130931],[-107.647926,39.131279],[-107.63853,39.141708],[-107.632415,39.140919],[-107.62892,39.148043],[-107.627845,39.149004],[-107.621279,39.151035],[-107.619108,39.154886],[-107.616945,39.155529],[-107.613947,39.15456],[-107.611056,39.156499],[-107.607107,39.16175],[-107.601027,39.16412],[-107.593303,39.164932],[-107.584735,39.171789],[-107.583626,39.173733],[-107.572992,39.176347],[-107.57099,39.177643],[-107.568439,39.181339],[-107.5648,39.180572],[-107.560821,39.178426],[-107.558118,39.178269],[-107.548951,39.181164],[-107.542842,39.182198],[-107.541712,39.184565],[-107.543809,39.186222],[-107.542801,39.191668],[-107.5436,39.193903],[-107.542333,39.195714],[-107.533349,39.198928],[-107.527432,39.19893],[-107.523304,39.197786],[-107.526071,39.200708],[-107.528908,39.202304],[-107.528838,39.202936],[-107.520294,39.206545],[-107.511795,39.215675],[-107.500606,39.217916],[-107.500655,38.668553],[-108.378698,38.668097],[-108.378953,38.829108],[-108.176988,38.895315],[-108.1758,38.897512],[-108.170524,38.898314],[-108.16631,38.902245],[-108.15942,38.901053],[-108.152478,38.901268],[-108.146953,38.907471],[-108.141122,38.906484],[-108.140323,38.908767],[-108.144821,38.916897],[-108.144398,38.91853],[-108.140375,38.920927],[-108.140481,38.925158],[-108.137741,38.926052],[-108.130657,38.922305],[-108.125579,38.924054],[-108.121807,38.926416],[-108.118946,38.929024],[-108.117536,38.931855],[-108.109609,38.938904],[-108.102271,38.94918],[-108.09764,38.953564],[-108.095467,38.954532],[-108.095564,38.956763],[-108.089772,38.960205],[-108.088764,38.962232],[-108.087305,38.96318],[-108.08686,38.967804],[-108.090372,38.971612],[-108.092048,38.97618],[-108.094663,38.980021],[-108.089816,38.981131],[-108.086919,38.982982],[-108.079712,38.991128],[-108.069963,38.996592],[-108.066269,39.000851],[-108.064506,39.00415],[-108.059652,39.006718],[-108.053779,39.014052],[-108.050361,39.015133],[-108.047801,39.011452],[-108.046796,39.012244],[-108.044457,39.012098],[-108.043321,39.013866],[-108.038297,39.015727],[-108.036119,39.01718],[-108.035803,39.020603],[-108.030766,39.028391],[-108.02303,39.030889],[-108.020706,39.033265],[-108.009488,39.039744],[-108.004278,39.041915],[-108.000638,39.045441],[-107.987204,39.052876],[-107.982173,39.059878],[-107.972615,39.061212],[-107.9643,39.059659],[-107.959229,39.060256],[-107.951221,39.059702],[-107.936875,39.062065],[-107.917497,39.064029],[-107.910981,39.062372],[-107.909044,39.060547],[-107.907415,39.060533],[-107.899707,39.06586],[-107.890871,39.066251],[-107.88693,39.067385],[-107.880906,39.070993],[-107.875239,39.070909],[-107.874814,39.072387],[-107.872642,39.073828],[-107.870261,39.074968],[-107.86757,39.074439],[-107.866475,39.076232],[-107.862618,39.078876],[-107.861443,39.077554],[-107.858555,39.080165],[-107.855327,39.07665],[-107.852882,39.078503],[-107.847343,39.078143],[-107.841793,39.076666],[-107.84001,39.077168],[-107.828156,39.071763],[-107.822439,39.070424],[-107.81972,39.070914],[-107.818975,39.069625],[-107.813461,39.067263],[-107.80213,39.064788],[-107.801333,39.063618],[-107.792779,39.060914],[-107.788944,39.056276],[-107.786341,39.056194],[-107.783722,39.053932],[-107.780097,39.05255],[-107.776018,39.047783]]]}},{"type":"Feature","properties":{"county_fips":"08031","name":"Denver"},"geometry":{"type":"MultiPolygon","coordinates":[[[[-104.934135,39.700181],[-104.931714,39.700208],[-104.931651,39.698398],[-104.934076,39.698436],[-104.934135,39.700181]]],[[[-105.109924,39.62716],[-105.109875,39.635072],[-105.091103,39.635083],[-105.0911,39.638719],[-105.081676,39.638759],[-105.081565,39.636166],[-105.073307,39.636563],[-105.073271,39.63874],[-105.076803,39.638735],[-105.076773,39.639353],[-105.074454,39.644104],[-105.072045,39.645984],[-105.063223,39.645992],[-105.063197,39.649626],[-105.057091,39.649701],[-105.057073,39.651248],[-105.053581,39.65116],[-105.053754,39.651727],[-105.057165,39.651986],[-105.05715,39.652946],[-105.058031,39.652959],[-105.058059,39.651251],[-105.062598,39.651513],[-105.062626,39.650267],[-105.0639,39.650295],[-105.063924,39.649566],[-105.070833,39.649579],[-105.06749,39.652491],[-105.067288,39.656879],[-105.070144,39.656874],[-105.070016,39.659071],[-105.071973,39.660024],[-105.076676,39.659312],[-105.079163,39.662041],[-105.081453,39.662056],[-105.081348,39.670133],[-105.07667,39.669061],[-105.074951,39.670485],[-105.071997,39.669344],[-105.071991,39.667763],[-105.053256,39.667785],[-105.053251,39.675037],[-105.062622,39.675008],[-105.06262,39.67928],[-105.060335,39.677954],[-105.057794,39.678697],[-105.057797,39.682272],[-105.053191,39.682397],[-105.053227,39.73311],[-105.055013,39.733724],[-105.055588,39.733105],[-105.055591,39.734508],[-105.053228,39.734922],[-105.053183,39.783797],[-105.062659,39.783847],[-105.062653,39.78834],[-105.064992,39.788359],[-105.064405,39.79108],[-105.061786,39.7905],[-105.06148,39.791075],[-105.034618,39.791142],[-105.034645,39.792051],[-105.025262,39.791106],[-105.025303,39.793963],[-105.022945,39.793403],[-105.021843,39.794461],[-105.021106,39.79428],[-105.021569,39.793214],[-105.020554,39.792941],[-105.020542,39.791087],[-104.993242,39.791026],[-104.99324,39.792042],[-104.990629,39.792047],[-104.990263,39.791031],[-104.986386,39.791037],[-104.986358,39.791871],[-104.985181,39.791667],[-104.985185,39.791038],[-104.978274,39.791043],[-104.977722,39.791876],[-104.977724,39.791042],[-104.97595,39.791038],[-104.975951,39.792422],[-104.973065,39.792418],[-104.973057,39.794114],[-104.974676,39.794125],[-104.974667,39.795608],[-104.97116,39.795567],[-104.971644,39.798291],[-104.968716,39.798396],[-104.968773,39.793215],[-104.967523,39.793269],[-104.968861,39.791041],[-104.96019,39.791025],[-104.955445,39.794625],[-104.940476,39.794601],[-104.940487,39.791002],[-104.927034,39.791054],[-104.927002,39.783778],[-104.903438,39.783808],[-104.903561,39.798391],[-104.901405,39.798383],[-104.901416,39.800202],[-104.899069,39.800202],[-104.899069,39.798374],[-104.884474,39.798322],[-104.884405,39.812815],[-104.866074,39.812847],[-104.866041,39.798386],[-104.790895,39.798251],[-104.790859,39.841802],[-104.762317,39.841788],[-104.762279,39.84539],[-104.730953,39.845195],[-104.73039,39.896131],[-104.703311,39.895949],[-104.703185,39.906926],[-104.692139,39.906851],[-104.692054,39.914178],[-104.679582,39.914016],[-104.679664,39.907008],[-104.630939,39.906645],[-104.630945,39.899291],[-104.599581,39.899038],[-104.59981,39.881307],[-104.605154,39.881346],[-104.605261,39.873114],[-104.619152,39.87322],[-104.619799,39.822417],[-104.65539,39.822605],[-104.655445,39.812999],[-104.666182,39.813075],[-104.666062,39.822791],[-104.762462,39.823443],[-104.762606,39.798433],[-104.734399,39.798442],[-104.734601,39.769181],[-104.764574,39.769188],[-104.764559,39.771568],[-104.772166,39.7715],[-104.772157,39.776409],[-104.78156,39.776483],[-104.781577,39.772795],[-104.828185,39.772784],[-104.828173,39.769156],[-104.833009,39.769177],[-104.832972,39.766391],[-104.856394,39.768581],[-104.856338,39.758127],[-104.848208,39.756419],[-104.84694,39.754687],[-104.879901,39.754735],[-104.879971,39.747438],[-104.884664,39.747467],[-104.884711,39.73093],[-104.886613,39.729219],[-104.881934,39.72496],[-104.87533,39.725576],[-104.875277,39.718805],[-104.870596,39.718176],[-104.870625,39.710174],[-104.865971,39.711053],[-104.865967,39.703807],[-104.868662,39.703008],[-104.869393,39.701089],[-104.870648,39.700535],[-104.870662,39.698377],[-104.868301,39.698371],[-104.868309,39.700192],[-104.867136,39.700188],[-104.867133,39.69928],[-104.865964,39.699279],[-104.865962,39.696559],[-104.875309,39.696505],[-104.875318,39.698438],[-104.877728,39.698438],[-104.87772,39.696508],[-104.894099,39.696596],[-104.894766,39.69587],[-104.894766,39.696597],[-104.896814,39.696588],[-104.899099,39.695395],[-104.900379,39.69655],[-104.899757,39.69715],[-104.903544,39.698535],[-104.903507,39.696622],[-104.900115,39.692985],[-104.903511,39.69297],[-104.903512,39.689354],[-104.89881,39.689341],[-104.898784,39.690702],[-104.898128,39.690697],[-104.898801,39.692975],[-104.894176,39.69296],[-104.894058,39.685694],[-104.889328,39.685684],[-104.889308,39.682056],[-104.894046,39.682061],[-104.894058,39.678448],[-104.90344,39.678598],[-104.903443,39.684857],[-104.905223,39.686058],[-104.904591,39.680318],[-104.908096,39.680306],[-104.908094,39.679726],[-104.906982,39.679737],[-104.906984,39.678796],[-104.903579,39.676675],[-104.903509,39.667624],[-104.894024,39.667589],[-104.890204,39.66451],[-104.888352,39.665674],[-104.890458,39.667578],[-104.885164,39.667566],[-104.879525,39.663927],[-104.876211,39.663932],[-104.87538,39.668651],[-104.877459,39.672066],[-104.875312,39.672062],[-104.875291,39.674766],[-104.870882,39.674764],[-104.866051,39.670847],[-104.866334,39.660309],[-104.855437,39.660804],[-104.848678,39.659218],[-104.8486,39.657096],[-104.847296,39.657102],[-104.85405,39.65515],[-104.868196,39.647068],[-104.875573,39.64499],[-104.875454,39.651466],[-104.877,39.65305],[-104.88014,39.653057],[-104.880332,39.64131],[-104.88512,39.638948],[-104.885264,39.624129],[-104.913407,39.624083],[-104.913227,39.638669],[-104.92246,39.645849],[-104.931873,39.645826],[-104.931703,39.653044],[-104.954983,39.652987],[-104.953788,39.656683],[-104.959485,39.656691],[-104.959443,39.661526],[-104.96307,39.661559],[-104.963084,39.660371],[-104.968785,39.660417],[-104.968805,39.665839],[-104.973489,39.665866],[-104.973486,39.667684],[-105.000355,39.667728],[-105.003969,39.666255],[-105.004886,39.663685],[-105.004395,39.660484],[-105.010941,39.660507],[-105.006321,39.6677],[-105.006357,39.676759],[-105.008637,39.67678],[-105.008664,39.678627],[-105.015696,39.678684],[-105.0158,39.660508],[-105.022982,39.660496],[-105.023003,39.656804],[-105.033076,39.656954],[-105.032089,39.655905],[-105.032162,39.653276],[-105.034615,39.653276],[-105.03466,39.643711],[-105.032729,39.643674],[-105.032797,39.642808],[-105.02998,39.642819],[-105.029927,39.640176],[-105.029998,39.638575],[-105.034707,39.638593],[-105.034756,39.633177],[-105.030059,39.633183],[-105.029656,39.632367],[-105.02536,39.631445],[-105.025422,39.628558],[-105.02932,39.627792],[-105.036802,39.628129],[-105.038005,39.626836],[-105.040062,39.628061],[-105.042807,39.627579],[-105.044161,39.628039],[-105.044139,39.631456],[-105.05341,39.631504],[-105.053342,39.63877],[-105.059045,39.63876],[-105.059297,39.634333],[-105.057009,39.631679],[-105.053457,39.629526],[-105.05344,39.627714],[-105.05578,39.625998],[-105.055809,39.624244],[-105.053483,39.624253],[-105.053516,39.620864],[-105.05724,39.620914],[-105.056489,39.619918],[-105.058193,39.617366],[-105.058125,39.614409],[-105.09701,39.614311],[-105.097029,39.618362],[-105.065141,39.618582],[-105.065662,39.6206],[-105.076116,39.624225],[-105.074517,39.624227],[-105.076273,39.625095],[-105.080232,39.629461],[-105.080952,39.631327],[-105.083712,39.631327],[-105.083735,39.630155],[-105.081693,39.630149],[-105.08173,39.627313],[-105.083813,39.627318],[-105.083789,39.628527],[-105.08558,39.628527],[-105.085626,39.626107],[-105.087391,39.626046],[-105.087384,39.62709],[-105.091164,39.627081],[-105.091256,39.624198],[-105.107503,39.624218],[-105.107496,39.627093],[-105.109924,39.62716]],[[-104.904032,39.624116],[-104.902796,39.624304],[-104.903787,39.626828],[-104.904049,39.625436],[-104.904032,39.624116]],[[-105.081605,39.635002],[-105.08087,39.635001],[-105.08087,39.635683],[-105.081573,39.635688],[-105.081605,39.635002]],[[-105.06356,39.651859],[-105.062589,39.651854],[-105.06256,39.652991],[-105.063539,39.652979],[-105.06356,39.651859]],[[-105.064994,39.653476],[-105.06389,39.653333],[-105.063898,39.65378],[-105.064997,39.653774],[-105.064994,39.653476]],[[-104.929206,39.673332],[-104.926429,39.669394],[-104.924941,39.669304],[-104.924712,39.668429],[-104.92266,39.667578],[-104.920572,39.668035],[-104.920579,39.666935],[-104.922221,39.666947],[-104.92224,39.66376],[-104.921016,39.660338],[-104.918875,39.660338],[-104.918247,39.659347],[-104.915898,39.658508],[-104.915513,39.657136],[-104.916572,39.656119],[-104.912985,39.656209],[-104.91297,39.663133],[-104.915939,39.663471],[-104.916378,39.667585],[-104.917544,39.66758],[-104.917559,39.672983],[-104.92225,39.674833],[-104.922353,39.675665],[-104.923414,39.675475],[-104.92343,39.676645],[-104.925746,39.676641],[-104.925725,39.675281],[-104.930242,39.674832],[-104.929206,39.673332]],[[-104.933881,39.672177],[-104.933028,39.670555],[-104.931695,39.670564],[-104.931622,39.667473],[-104.930436,39.667471],[-104.930497,39.668485],[-104.929256,39.668481],[-104.929257,39.66938],[-104.927201,39.668965],[-104.929651,39.672382],[-104.931633,39.672808],[-104.931641,39.673374],[-104.933885,39.673347],[-104.933881,39.672177]],[[-104.91104,39.679887],[-104.908203,39.679883],[-104.908205,39.68207],[-104.911032,39.682073],[-104.91104,39.679887]],[[-104.90115,39.684809],[-104.899347,39.683737],[-104.898783,39.683402],[-104.898786,39.685704],[-104.902671,39.685712],[-104.90115,39.684809]],[[-104.929313,39.701272],[-104.928766,39.70128],[-104.928299,39.701274],[-104.929182,39.702043],[-104.929313,39.701272]],[[-104.94075,39.706064],[-104.940729,39.697724],[-104.938538,39.697928],[-104.93853,39.696605],[-104.940612,39.69657],[-104.940625,39.6954],[-104.936213,39.694782],[-104.936457,39.697853],[-104.935858,39.697854],[-104.935868,39.696599],[-104.928183,39.696634],[-104.928778,39.70022],[-104.932831,39.700286],[-104.932873,39.701321],[-104.934143,39.70132],[-104.934171,39.703771],[-104.932842,39.703615],[-104.932869,39.702048],[-104.931712,39.702057],[-104.931705,39.703858],[-104.926991,39.703857],[-104.926963,39.706699],[-104.92959,39.706414],[-104.92958,39.708587],[-104.93157,39.709096],[-104.931648,39.711098],[-104.940684,39.711076],[-104.94075,39.706064]]]]}},{"type":"Feature","properties":{"county_fips":"08033","name":"Dolores"},"geometry":{"type":"Polygon","coordinates":[[[-108.70078,37.631551],[-108.917081,37.631902],[-109.008426,37.525281],[-109.024945,37.504545],[-109.043366,37.484818],[-109.041572,37.562138],[-109.041992,37.881083],[-108.820522,37.880851],[-108.819871,37.883958],[-108.820529,37.886041],[-108.817699,37.888088],[-108.818819,37.890084],[-108.818124,37.893753],[-108.81671,37.895538],[-108.624224,37.895334],[-108.374287,37.893477],[-108.256498,37.894607],[-108.257731,37.891045],[-108.257392,37.889681],[-108.253632,37.885944],[-108.250363,37.884572],[-108.247934,37.87938],[-108.237837,37.876392],[-108.235061,37.869313],[-108.23195,37.865066],[-108.231805,37.862054],[-108.229586,37.861041],[-108.229892,37.855742],[-108.226522,37.845529],[-108.226963,37.843249],[-108.223713,37.841926],[-108.221723,37.838771],[-108.21726,37.837043],[-108.218425,37.834905],[-108.215335,37.834348],[-108.214643,37.833132],[-108.212354,37.832038],[-108.210998,37.829049],[-108.210732,37.824836],[-108.209457,37.823268],[-108.210524,37.821623],[-108.209837,37.821021],[-108.205455,37.821779],[-108.199063,37.8242],[-108.192391,37.824414],[-108.183171,37.826479],[-108.178348,37.831178],[-108.17517,37.83255],[-108.169142,37.83111],[-108.167395,37.831635],[-108.163854,37.834923],[-108.160374,37.833809],[-108.152674,37.835146],[-108.150001,37.834335],[-108.148972,37.83736],[-108.147241,37.838853],[-108.145901,37.837891],[-108.144488,37.838317],[-108.142021,37.833043],[-108.140345,37.832353],[-108.140077,37.834874],[-108.137429,37.83789],[-108.131107,37.842957],[-108.126631,37.845343],[-108.124654,37.848591],[-108.12505,37.852067],[-108.122896,37.852143],[-108.120951,37.853841],[-108.117374,37.853444],[-108.112523,37.855235],[-108.098275,37.848411],[-108.09534,37.844318],[-108.095031,37.842415],[-108.096315,37.840299],[-108.0933,37.840837],[-108.090861,37.839937],[-108.08668,37.841807],[-108.084577,37.841617],[-108.081364,37.844186],[-108.079313,37.844367],[-108.075611,37.846744],[-108.072089,37.847765],[-108.069779,37.850777],[-108.068328,37.851457],[-108.066479,37.851048],[-108.064205,37.846727],[-108.060342,37.844877],[-108.059819,37.842628],[-108.058476,37.841],[-108.054902,37.841827],[-108.055679,37.844496],[-108.05159,37.846203],[-108.047677,37.850725],[-108.035837,37.852182],[-108.030865,37.855495],[-108.018909,37.855515],[-108.012116,37.85715],[-108.007289,37.855066],[-108.002679,37.857094],[-107.998986,37.855833],[-107.989472,37.856753],[-107.987967,37.854604],[-107.987386,37.850507],[-107.984172,37.845037],[-107.979821,37.843012],[-107.975306,37.835869],[-107.972033,37.83263],[-107.965895,37.831824],[-107.961892,37.832796],[-107.9587,37.834632],[-107.95492,37.834448],[-107.950763,37.835759],[-107.948182,37.83382],[-107.94678,37.831347],[-107.947024,37.828534],[-107.944738,37.828082],[-107.938134,37.822668],[-107.933866,37.823494],[-107.921347,37.823714],[-107.917844,37.819907],[-107.918088,37.818686],[-107.91361,37.814111],[-107.90965,37.811145],[-107.906003,37.810846],[-107.904309,37.806861],[-107.892224,37.80239],[-107.888977,37.798081],[-107.888745,37.796149],[-107.890873,37.79092],[-107.88993,37.788632],[-107.886257,37.785454],[-107.8825,37.785098],[-107.880224,37.786116],[-107.873187,37.786239],[-107.870009,37.784302],[-107.870497,37.781451],[-107.8674,37.779708],[-107.86425,37.779127],[-107.861805,37.777361],[-107.860845,37.775517],[-107.863152,37.772661],[-107.865218,37.771704],[-107.864892,37.769093],[-107.868639,37.766936],[-107.870437,37.763473],[-107.870481,37.762762],[-107.865707,37.76171],[-107.8632,37.760194],[-107.863099,37.756827],[-107.861912,37.756024],[-107.864278,37.753362],[-107.866092,37.746848],[-107.86967,37.74566],[-107.875622,37.738851],[-107.874544,37.728879],[-107.875622,37.725787],[-107.872966,37.722416],[-107.87371,37.720083],[-107.877195,37.716309],[-107.877949,37.716025],[-107.881588,37.718414],[-107.885513,37.717851],[-107.889396,37.718441],[-107.894235,37.717536],[-107.896733,37.719172],[-107.90301,37.718765],[-107.907015,37.717667],[-107.908919,37.716202],[-107.910336,37.716425],[-107.910975,37.712559],[-107.914889,37.712261],[-107.916967,37.711037],[-107.921805,37.710156],[-107.926474,37.710364],[-107.929856,37.709154],[-107.937206,37.702562],[-107.941435,37.70273],[-107.943863,37.706041],[-107.94529,37.706425],[-107.954309,37.706477],[-107.956977,37.705325],[-107.958105,37.703184],[-107.963644,37.70054],[-107.964355,37.699264],[-107.968875,37.696485],[-107.969307,37.692506],[-107.970882,37.68996],[-107.970308,37.68767],[-107.97506,37.683648],[-107.96942,37.679232],[-107.968844,37.675554],[-107.965803,37.671518],[-107.965861,37.669509],[-107.964412,37.667633],[-107.964469,37.664364],[-107.961553,37.661749],[-107.96168,37.658094],[-107.957078,37.648894],[-107.958581,37.647281],[-107.960061,37.642638],[-107.962155,37.641447],[-107.967247,37.641023],[-107.970086,37.639587],[-108.107996,37.638753],[-108.125632,37.638105],[-108.161142,37.635265],[-108.250635,37.632847],[-108.408293,37.631886],[-108.441005,37.632816],[-108.62565,37.63261],[-108.666056,37.633195],[-108.66606,37.631583],[-108.70078,37.631551]]]}},{"type":"Feature","properties":{"county_fips":"08035","name":"Douglas"},"geometry":{"type":"Polygon","coordinates":[[[-105.027451,39.129836],[-105.329445,39.129487],[-105.321962,39.136967],[-105.32174,39.138842],[-105.322793,39.14083],[-105.322147,39.142958],[-105.323069,39.145596],[-105.321556,39.146191],[-105.315634,39.145801],[-105.316217,39.148724],[-105.315491,39.154525],[-105.313195,39.156626],[-105.31321,39.159888],[-105.310692,39.161526],[-105.309982,39.163519],[-105.307962,39.16534],[-105.304892,39.164057],[-105.302271,39.166689],[-105.300432,39.167227],[-105.300214,39.168017],[-105.302014,39.169246],[-105.29944,39.172529],[-105.293823,39.17313],[-105.293481,39.173709],[-105.294748,39.174838],[-105.287512,39.179064],[-105.287331,39.181255],[-105.289274,39.183889],[-105.28639,39.186314],[-105.284714,39.192074],[-105.2851,39.194588],[-105.282265,39.200968],[-105.278079,39.20223],[-105.275597,39.207626],[-105.27316,39.207624],[-105.269519,39.209419],[-105.263194,39.208005],[-105.26212,39.209918],[-105.259889,39.210607],[-105.260086,39.212558],[-105.261531,39.214461],[-105.260577,39.216855],[-105.263504,39.220976],[-105.261302,39.223269],[-105.262436,39.224637],[-105.261528,39.226571],[-105.263569,39.229058],[-105.261784,39.231482],[-105.257619,39.233154],[-105.255572,39.235853],[-105.254238,39.238131],[-105.25503,39.240274],[-105.253536,39.241372],[-105.253472,39.243314],[-105.252261,39.243645],[-105.246802,39.240384],[-105.240559,39.244057],[-105.235631,39.244261],[-105.233938,39.246868],[-105.234952,39.249491],[-105.23713,39.249348],[-105.237701,39.250674],[-105.234354,39.251979],[-105.234393,39.255307],[-105.231537,39.253881],[-105.227777,39.25386],[-105.226972,39.25635],[-105.223443,39.256154],[-105.223402,39.258417],[-105.225293,39.259623],[-105.225105,39.260525],[-105.219598,39.259641],[-105.217419,39.260395],[-105.218504,39.26678],[-105.220611,39.267842],[-105.220559,39.269174],[-105.215424,39.272483],[-105.217507,39.274596],[-105.215541,39.276636],[-105.216386,39.277618],[-105.211391,39.280734],[-105.211334,39.282915],[-105.212473,39.284484],[-105.208042,39.289612],[-105.208565,39.291169],[-105.20775,39.291518],[-105.206737,39.290625],[-105.205531,39.291681],[-105.206822,39.293813],[-105.203496,39.293022],[-105.202479,39.293583],[-105.202887,39.294752],[-105.205231,39.294899],[-105.207173,39.296228],[-105.207681,39.298194],[-105.204979,39.299798],[-105.201129,39.29927],[-105.201283,39.30077],[-105.200212,39.302029],[-105.196,39.302082],[-105.196281,39.303595],[-105.197997,39.305355],[-105.19668,39.308544],[-105.198397,39.30928],[-105.198458,39.309972],[-105.192926,39.312862],[-105.188713,39.317133],[-105.188814,39.321153],[-105.187803,39.322853],[-105.185486,39.324405],[-105.185958,39.32626],[-105.188301,39.327082],[-105.188184,39.327961],[-105.18297,39.329296],[-105.182156,39.33021],[-105.182268,39.331374],[-105.187432,39.333256],[-105.187837,39.334186],[-105.184248,39.335268],[-105.182144,39.338588],[-105.179233,39.33986],[-105.1787,39.341025],[-105.179533,39.343013],[-105.177289,39.344471],[-105.176546,39.346904],[-105.17735,39.349381],[-105.172129,39.353013],[-105.171849,39.35676],[-105.16946,39.358806],[-105.167648,39.359159],[-105.166574,39.361754],[-105.166892,39.364679],[-105.169195,39.368702],[-105.16748,39.370682],[-105.167173,39.372399],[-105.167998,39.374149],[-105.170165,39.374518],[-105.172997,39.377722],[-105.169615,39.380682],[-105.170856,39.382261],[-105.173284,39.382317],[-105.173506,39.383424],[-105.172978,39.385745],[-105.171219,39.386804],[-105.169968,39.389096],[-105.164033,39.391454],[-105.165495,39.394008],[-105.167258,39.394308],[-105.167194,39.399753],[-105.169714,39.402143],[-105.169441,39.403326],[-105.171315,39.406551],[-105.170963,39.407825],[-105.169042,39.408936],[-105.166141,39.408634],[-105.160293,39.414241],[-105.155093,39.414066],[-105.14942,39.4176],[-105.144923,39.418996],[-105.140567,39.422401],[-105.138206,39.42307],[-105.135924,39.426495],[-105.133071,39.427439],[-105.128424,39.431757],[-105.123598,39.434129],[-105.126144,39.440187],[-105.124704,39.442736],[-105.123983,39.447461],[-105.123103,39.447957],[-105.124184,39.454985],[-105.127474,39.458467],[-105.132529,39.461248],[-105.133186,39.466125],[-105.132625,39.467908],[-105.134931,39.470952],[-105.130357,39.47368],[-105.12812,39.477626],[-105.121823,39.481304],[-105.119026,39.480124],[-105.116276,39.481451],[-105.115883,39.482535],[-105.118266,39.482988],[-105.117646,39.485392],[-105.115093,39.485976],[-105.113975,39.484398],[-105.111709,39.483529],[-105.106942,39.484719],[-105.098707,39.485394],[-105.092523,39.488392],[-105.086286,39.493981],[-105.087257,39.496572],[-105.086057,39.497853],[-105.086394,39.499447],[-105.084841,39.50121],[-105.085046,39.505956],[-105.078402,39.51149],[-105.078843,39.513119],[-105.077945,39.517495],[-105.080096,39.523156],[-105.076106,39.532691],[-105.077745,39.536706],[-105.076419,39.540055],[-105.074594,39.541652],[-105.074111,39.544268],[-105.066735,39.550499],[-105.065672,39.553346],[-105.063884,39.554743],[-105.06427,39.55531],[-105.06113,39.556906],[-105.060714,39.559941],[-105.058257,39.560379],[-105.057252,39.562306],[-105.051366,39.563257],[-105.04874,39.566088],[-104.66016,39.565909],[-104.662465,39.390953],[-104.662483,39.129529],[-105.027451,39.129836]]]}},{"type":"Feature","properties":{"county_fips":"08037","name":"Eagle"},"geometry":{"type":"Polygon","coordinates":[[[-107.11388,39.524607],[-107.113672,39.919112],[-106.876072,39.918814],[-106.712983,39.920618],[-106.653257,39.91997],[-106.626555,39.918671],[-106.626569,39.924785],[-106.618779,39.925225],[-106.434508,39.924914],[-106.434424,39.923387],[-106.439202,39.919945],[-106.440301,39.918323],[-106.439179,39.915632],[-106.432875,39.912607],[-106.4304,39.908906],[-106.430136,39.907152],[-106.43076,39.90162],[-106.428683,39.895107],[-106.429474,39.887114],[-106.428103,39.882164],[-106.433962,39.877375],[-106.434419,39.873001],[-106.43293,39.865276],[-106.42709,39.857675],[-106.423625,39.850106],[-106.423497,39.848052],[-106.425575,39.845488],[-106.423739,39.841425],[-106.420612,39.840003],[-106.415107,39.831441],[-106.412011,39.82867],[-106.41223,39.826786],[-106.410679,39.823699],[-106.411199,39.822089],[-106.410713,39.820364],[-106.409468,39.819202],[-106.407161,39.812804],[-106.401889,39.807545],[-106.4011,39.805648],[-106.40128,39.799855],[-106.400737,39.798736],[-106.39642,39.795781],[-106.395791,39.792707],[-106.396862,39.790093],[-106.394307,39.790564],[-106.389025,39.787697],[-106.388888,39.784225],[-106.391033,39.776942],[-106.385903,39.769562],[-106.385478,39.767164],[-106.379933,39.764326],[-106.379219,39.763036],[-106.374197,39.762218],[-106.373353,39.759549],[-106.370539,39.756612],[-106.363652,39.752076],[-106.359138,39.753152],[-106.354369,39.752351],[-106.350744,39.756879],[-106.343458,39.758986],[-106.343338,39.755292],[-106.342105,39.75303],[-106.338896,39.75067],[-106.335367,39.749356],[-106.332986,39.744071],[-106.331363,39.742548],[-106.330814,39.739269],[-106.326963,39.736552],[-106.325415,39.733233],[-106.320481,39.731674],[-106.318495,39.72866],[-106.312012,39.72519],[-106.309002,39.724945],[-106.30023,39.720732],[-106.298346,39.720569],[-106.2971,39.718022],[-106.295187,39.716417],[-106.293933,39.712317],[-106.294188,39.709345],[-106.290916,39.704066],[-106.277401,39.699539],[-106.275922,39.700044],[-106.272052,39.704348],[-106.269026,39.702563],[-106.264114,39.701292],[-106.262839,39.698818],[-106.262781,39.696708],[-106.264264,39.694036],[-106.264468,39.69125],[-106.265897,39.689536],[-106.263998,39.687053],[-106.261242,39.685792],[-106.261321,39.682716],[-106.25965,39.680813],[-106.258247,39.679804],[-106.255582,39.680034],[-106.252265,39.678982],[-106.250581,39.680211],[-106.246905,39.680653],[-106.238745,39.680274],[-106.239084,39.672452],[-106.240388,39.668138],[-106.23484,39.66203],[-106.231569,39.662127],[-106.227816,39.660842],[-106.222452,39.663027],[-106.219965,39.662586],[-106.218393,39.660763],[-106.218955,39.65628],[-106.217165,39.654592],[-106.209227,39.654278],[-106.207701,39.655288],[-106.194394,39.651123],[-106.189205,39.653341],[-106.18384,39.652153],[-106.184232,39.650636],[-106.18349,39.648612],[-106.18205,39.647666],[-106.179344,39.642503],[-106.179255,39.638457],[-106.176464,39.635722],[-106.176113,39.633968],[-106.177465,39.631677],[-106.17592,39.616111],[-106.176115,39.614221],[-106.177967,39.611795],[-106.177604,39.609056],[-106.183974,39.604173],[-106.184939,39.602258],[-106.185874,39.603304],[-106.190323,39.603979],[-106.193965,39.605502],[-106.200418,39.606404],[-106.202105,39.605836],[-106.205663,39.603866],[-106.206056,39.602045],[-106.209037,39.599396],[-106.210445,39.595571],[-106.211586,39.591442],[-106.210865,39.586803],[-106.213951,39.582015],[-106.213555,39.579317],[-106.214935,39.574752],[-106.211609,39.573369],[-106.210286,39.571665],[-106.209207,39.562594],[-106.205719,39.558211],[-106.197845,39.557774],[-106.196267,39.556888],[-106.197648,39.555066],[-106.197248,39.55265],[-106.198087,39.550277],[-106.202014,39.549983],[-106.209926,39.546943],[-106.210682,39.545176],[-106.210111,39.542512],[-106.211785,39.53971],[-106.210402,39.534909],[-106.211268,39.530132],[-106.217307,39.532033],[-106.224908,39.531391],[-106.228861,39.538405],[-106.234911,39.543492],[-106.23569,39.546629],[-106.234975,39.547855],[-106.236748,39.548594],[-106.243424,39.544119],[-106.248295,39.544251],[-106.249928,39.542094],[-106.250581,39.538544],[-106.254026,39.535347],[-106.255888,39.531813],[-106.254401,39.527409],[-106.255767,39.519897],[-106.253688,39.517919],[-106.248439,39.515699],[-106.246416,39.512752],[-106.249467,39.503972],[-106.253664,39.500325],[-106.256877,39.499661],[-106.259629,39.494968],[-106.256579,39.493259],[-106.247285,39.4913],[-106.245547,39.489392],[-106.249393,39.483961],[-106.250313,39.477434],[-106.251483,39.476714],[-106.25168,39.4743],[-106.250389,39.468941],[-106.251528,39.467521],[-106.251638,39.465039],[-106.249933,39.463345],[-106.245149,39.461476],[-106.242182,39.457697],[-106.238521,39.455169],[-106.23811,39.454158],[-106.238922,39.451361],[-106.235991,39.445962],[-106.231858,39.440971],[-106.228354,39.439757],[-106.224985,39.436601],[-106.223251,39.433807],[-106.22321,39.433105],[-106.225443,39.431843],[-106.226916,39.428625],[-106.232687,39.426248],[-106.230058,39.422261],[-106.230011,39.419892],[-106.230935,39.418611],[-106.229769,39.416046],[-106.228194,39.414437],[-106.218983,39.412328],[-106.21698,39.410216],[-106.217861,39.408346],[-106.212967,39.405688],[-106.212828,39.404006],[-106.201244,39.395928],[-106.201042,39.394815],[-106.203117,39.389612],[-106.2104,39.384124],[-106.210534,39.382795],[-106.206732,39.379636],[-106.225627,39.37963],[-106.226787,39.377054],[-106.226898,39.374165],[-106.229588,39.373167],[-106.233925,39.372936],[-106.239517,39.365667],[-106.245006,39.364107],[-106.250154,39.360701],[-106.250976,39.357632],[-106.252485,39.359111],[-106.259075,39.362012],[-106.263822,39.358769],[-106.270954,39.358074],[-106.272576,39.356358],[-106.281895,39.351455],[-106.283812,39.349469],[-106.285692,39.352128],[-106.292312,39.351849],[-106.295309,39.352936],[-106.296314,39.357335],[-106.302557,39.361119],[-106.311597,39.36222],[-106.321222,39.35927],[-106.328003,39.359236],[-106.332916,39.35823],[-106.339252,39.359064],[-106.344132,39.357712],[-106.351742,39.353683],[-106.358022,39.35514],[-106.362643,39.357217],[-106.363139,39.359234],[-106.364466,39.359972],[-106.37082,39.360637],[-106.371975,39.363708],[-106.374694,39.3657],[-106.376383,39.368542],[-106.378202,39.369401],[-106.380633,39.37615],[-106.38671,39.376666],[-106.391658,39.379397],[-106.397603,39.379845],[-106.400073,39.381008],[-106.405147,39.378927],[-106.408154,39.373696],[-106.411852,39.371313],[-106.414785,39.36749],[-106.417272,39.367296],[-106.421626,39.363797],[-106.426487,39.361871],[-106.71283,39.362007],[-107.022975,39.366167],[-107.113446,39.366066],[-107.11388,39.524607]]]}},{"type":"Feature","properties":{"county_fips":"08039","name":"Elbert"},"geometry":{"type":"Polygon","coordinates":[[[-103.714967,39.26348],[-103.71523,39.128454],[-103.721152,39.128307],[-103.720824,39.098742],[-103.722007,39.084085],[-103.720952,39.05518],[-103.721465,38.997304],[-103.719664,38.866827],[-103.861563,38.866821],[-103.980713,38.868755],[-104.055528,38.868868],[-104.053064,38.955968],[-104.053461,39.043828],[-104.051589,39.12837],[-104.347926,39.128855],[-104.463519,39.129803],[-104.662483,39.129529],[-104.662465,39.390953],[-104.66016,39.565909],[-104.604444,39.565909],[-104.427452,39.563601],[-103.978639,39.56636],[-103.714355,39.566331],[-103.715288,39.394638],[-103.714967,39.26348]]]}},{"type":"Feature","properties":{"county_fips":"08041","name":"El Paso"},"geometry":{"type":"Polygon","coordinates":[[[-105.033473,39.129783],[-104.463519,39.129803],[-104.347926,39.128855],[-104.051589,39.12837],[-104.053461,39.043828],[-104.053064,38.955968],[-104.055539,38.868683],[-104.054577,38.782369],[-104.051942,38.694347],[-104.052982,38.694341],[-104.054083,38.638668],[-104.05426,38.522392],[-104.500523,38.519898],[-104.604108,38.520298],[-104.684322,38.51944],[-104.932949,38.520286],[-104.941582,38.519566],[-104.942528,38.624993],[-104.942229,38.696268],[-104.939715,38.696319],[-104.938961,38.710524],[-104.939869,38.796543],[-104.948775,38.798559],[-105.01555,38.797821],[-105.054363,38.799475],[-105.072184,38.799382],[-105.072371,38.811087],[-105.067951,38.859881],[-105.066441,38.869177],[-105.028633,38.86873],[-105.027108,38.94909],[-105.0273,38.985375],[-105.029945,38.999632],[-105.027691,39.01485],[-105.027139,39.028954],[-105.033473,39.129783]]]}},{"type":"Feature","properties":{"county_fips":"08043","name":"Fremont"},"geometry":{"type":"Polygon","coordinates":[[[-106.012789,38.440777],[-106.012531,38.44497],[-106.011667,38.445904],[-105.93804,38.50347],[-105.906854,38.506266],[-105.905054,38.511663],[-105.907872,38.51489],[-105.908747,38.517655],[-105.90834,38.522489],[-105.904373,38.526151],[-105.904411,38.527634],[-105.903417,38.528527],[-105.903852,38.531429],[-105.905733,38.532358],[-105.904594,38.534154],[-105.90505,38.536725],[-105.903455,38.541293],[-105.90376,38.547982],[-105.897141,38.550794],[-105.893527,38.550935],[-105.89215,38.553851],[-105.89336,38.55801],[-105.892897,38.55913],[-105.89061,38.561053],[-105.884865,38.561698],[-105.884202,38.565501],[-105.885876,38.568219],[-105.885524,38.569782],[-105.888469,38.571978],[-105.89249,38.573289],[-105.890526,38.577356],[-105.891138,38.583957],[-105.889471,38.587549],[-105.886047,38.589535],[-105.880596,38.594863],[-105.878033,38.600581],[-105.879176,38.607312],[-105.885605,38.615],[-105.885681,38.617531],[-105.88491,38.618731],[-105.885972,38.620626],[-105.894358,38.623723],[-105.899679,38.621973],[-105.900555,38.624738],[-105.904295,38.624831],[-105.906668,38.62714],[-105.908195,38.626916],[-105.911975,38.629078],[-105.915665,38.630048],[-105.917739,38.633255],[-105.917327,38.634521],[-105.913564,38.63806],[-105.91115,38.639164],[-105.910551,38.641694],[-105.913174,38.645583],[-105.911202,38.647015],[-105.910962,38.648359],[-105.908797,38.649873],[-105.907673,38.65193],[-105.909172,38.653641],[-105.91293,38.653797],[-105.913445,38.65572],[-105.917135,38.659565],[-105.920903,38.659794],[-105.919743,38.662802],[-105.920235,38.664314],[-105.925484,38.666365],[-105.925751,38.669384],[-105.924105,38.670388],[-105.924972,38.672568],[-105.92232,38.675081],[-105.922641,38.677005],[-105.925472,38.678162],[-105.926213,38.679907],[-105.944275,38.684852],[-105.945309,38.690228],[-105.948343,38.691014],[-105.954918,38.690161],[-105.957519,38.690562],[-105.958902,38.691619],[-105.962473,38.691195],[-105.96975,38.693551],[-105.944488,38.693089],[-105.89839,38.693769],[-105.888912,38.695153],[-105.881574,38.694118],[-105.850859,38.693924],[-105.667397,38.69482],[-105.531547,38.695935],[-105.498246,38.697124],[-105.448388,38.697581],[-105.237043,38.697267],[-105.237069,38.679208],[-105.240303,38.662169],[-105.239927,38.647464],[-105.202261,38.648182],[-105.091363,38.647754],[-105.073469,38.648533],[-105.049799,38.652404],[-105.013197,38.652729],[-104.942205,38.650133],[-104.940366,38.258275],[-105.125544,38.257548],[-105.262914,38.259048],[-105.304045,38.258225],[-105.499923,38.262388],[-105.536963,38.263369],[-105.547577,38.264294],[-105.640539,38.265191],[-105.796897,38.265047],[-105.796987,38.266569],[-105.800013,38.269922],[-105.806642,38.270917],[-105.810874,38.2725],[-105.814604,38.272668],[-105.817868,38.273916],[-105.819382,38.273647],[-105.821474,38.276117],[-105.827123,38.278568],[-105.831683,38.286163],[-105.837202,38.288411],[-105.84083,38.29246],[-105.84278,38.293226],[-105.846629,38.290287],[-105.849419,38.292387],[-105.850176,38.294456],[-105.858315,38.298359],[-105.861623,38.303422],[-105.866817,38.3057],[-105.868612,38.308725],[-105.872008,38.310835],[-105.87391,38.315142],[-105.876376,38.315951],[-105.876718,38.318802],[-105.8798,38.321235],[-105.882247,38.327492],[-105.885142,38.32889],[-105.88692,38.332545],[-105.88876,38.33436],[-105.888766,38.340811],[-105.890765,38.341374],[-105.892574,38.343342],[-105.89364,38.346559],[-105.895423,38.347412],[-105.897647,38.350051],[-105.901248,38.351452],[-105.901978,38.352479],[-105.906307,38.353268],[-105.908447,38.354478],[-105.910236,38.356413],[-105.910804,38.359241],[-105.912489,38.361539],[-105.917989,38.363421],[-105.919851,38.367156],[-105.93136,38.369791],[-105.93577,38.373219],[-105.938536,38.374074],[-105.940433,38.376973],[-105.944637,38.378638],[-105.945432,38.38274],[-105.947067,38.385495],[-105.947606,38.390526],[-105.950654,38.393733],[-105.955668,38.394437],[-105.959495,38.397095],[-105.960669,38.403095],[-105.96954,38.409725],[-105.973389,38.409459],[-105.976919,38.41298],[-105.979222,38.414127],[-105.980409,38.417277],[-105.98395,38.41999],[-105.987308,38.418802],[-105.996768,38.420303],[-106.000715,38.425293],[-106.000267,38.427801],[-106.001563,38.43111],[-106.007477,38.43315],[-106.008662,38.435459],[-106.012307,38.438945],[-106.012789,38.440777]]]}},{"type":"Feature","properties":{"county_fips":"08045","name":"Garfield"},"geometry":{"type":"Polygon","coordinates":[[[-107.884138,39.366195],[-109.050765,39.366677],[-109.051227,39.660466],[-108.895704,39.660487],[-108.895728,39.650337],[-108.875719,39.650198],[-108.858247,39.651096],[-108.851232,39.650317],[-108.715363,39.64978],[-108.554627,39.650164],[-108.554722,39.69364],[-108.311311,39.694714],[-108.217912,39.693855],[-108.217896,39.695137],[-108.12631,39.695275],[-107.938546,39.694464],[-107.938502,39.824996],[-107.787206,39.825047],[-107.694229,39.830107],[-107.544702,39.828083],[-107.43177,39.828377],[-107.431665,39.917725],[-107.318751,39.914968],[-107.319306,39.999981],[-107.319247,40.003765],[-107.317095,40.003762],[-107.316993,40.090765],[-107.037363,40.091538],[-107.037359,40.003081],[-107.03205,40.002939],[-107.031772,39.963727],[-107.032648,39.963725],[-107.032171,39.939669],[-107.033968,39.918913],[-107.113672,39.919112],[-107.113446,39.366066],[-107.884138,39.366195]]]}},{"type":"Feature","properties":{"county_fips":"08047","name":"Gilpin"},"geometry":{"type":"Polygon","coordinates":[[[-105.700777,39.878921],[-105.698383,39.880956],[-105.697692,39.88431],[-105.699364,39.885596],[-105.699719,39.891499],[-105.697218,39.894561],[-105.691121,39.897289],[-105.691802,39.898394],[-105.690315,39.9019],[-105.687233,39.904193],[-105.688594,39.907484],[-105.687859,39.911701],[-105.686507,39.912838],[-105.685979,39.915649],[-105.682187,39.91748],[-105.682807,39.918249],[-105.682272,39.921908],[-105.68008,39.926503],[-105.676614,39.928565],[-105.677973,39.930512],[-105.675798,39.932445],[-105.457351,39.932186],[-105.455391,39.932373],[-105.453868,39.934026],[-105.449483,39.935206],[-105.447069,39.93691],[-105.440034,39.938388],[-105.430702,39.931693],[-105.42755,39.931048],[-105.422063,39.931626],[-105.418839,39.92867],[-105.417326,39.930669],[-105.415371,39.931713],[-105.413721,39.934486],[-105.411339,39.932613],[-105.406417,39.9317],[-105.400843,39.935032],[-105.397971,39.934867],[-105.39745,39.853697],[-105.397949,39.74604],[-105.398712,39.747294],[-105.406587,39.751477],[-105.410237,39.749875],[-105.41538,39.749491],[-105.418498,39.747017],[-105.421397,39.745856],[-105.422894,39.747758],[-105.423265,39.750355],[-105.422471,39.752124],[-105.42259,39.7552],[-105.427919,39.755835],[-105.4297,39.754697],[-105.436745,39.755796],[-105.441252,39.755664],[-105.450341,39.752986],[-105.454663,39.755927],[-105.461363,39.755699],[-105.463071,39.756966],[-105.470508,39.75676],[-105.478801,39.759127],[-105.484243,39.759414],[-105.493025,39.756962],[-105.497128,39.757864],[-105.496581,39.761106],[-105.49397,39.762917],[-105.494921,39.76407],[-105.500067,39.763063],[-105.507559,39.76311],[-105.508458,39.764567],[-105.51147,39.76601],[-105.517655,39.764924],[-105.526197,39.768783],[-105.529988,39.769058],[-105.539393,39.77231],[-105.543871,39.774955],[-105.544417,39.777759],[-105.547963,39.780765],[-105.548285,39.784027],[-105.547563,39.78594],[-105.545505,39.786882],[-105.546717,39.787967],[-105.549683,39.788929],[-105.554088,39.791863],[-105.555702,39.794422],[-105.559853,39.795545],[-105.560522,39.795069],[-105.564185,39.799736],[-105.565597,39.799367],[-105.570333,39.800532],[-105.572622,39.80314],[-105.578481,39.805448],[-105.577912,39.807706],[-105.579173,39.811716],[-105.578369,39.812407],[-105.579796,39.812782],[-105.57769,39.81462],[-105.575805,39.815077],[-105.575471,39.816453],[-105.574554,39.816625],[-105.574361,39.818884],[-105.577946,39.822492],[-105.580953,39.822726],[-105.584736,39.821786],[-105.592506,39.818398],[-105.595636,39.816111],[-105.597943,39.818358],[-105.602623,39.818114],[-105.603077,39.820513],[-105.605809,39.822642],[-105.611897,39.824626],[-105.613624,39.823033],[-105.621512,39.829547],[-105.622992,39.829385],[-105.628949,39.83274],[-105.628539,39.834362],[-105.631332,39.837322],[-105.630857,39.839255],[-105.633283,39.843702],[-105.643874,39.846098],[-105.649688,39.846506],[-105.651873,39.848291],[-105.659783,39.850448],[-105.662664,39.850016],[-105.667752,39.847527],[-105.676231,39.849218],[-105.677924,39.847281],[-105.681095,39.847287],[-105.686681,39.84958],[-105.691106,39.852571],[-105.693492,39.856753],[-105.693577,39.858228],[-105.696125,39.861516],[-105.696181,39.864612],[-105.697769,39.867986],[-105.696851,39.8717],[-105.699154,39.874141],[-105.700777,39.878921]]]}},{"type":"Feature","properties":{"county_fips":"08049","name":"Grand"},"geometry":{"type":"Polygon","coordinates":[[[-105.887622,39.7966],[-105.887695,39.789022],[-105.890739,39.786384],[-105.892657,39.782638],[-105.89209,39.7808],[-105.890029,39.77864],[-105.889638,39.773658],[-105.887544,39.770477],[-105.886716,39.766003],[-105.885106,39.764155],[-105.882849,39.763383],[-105.880481,39.759303],[-105.884839,39.75172],[-105.885001,39.749986],[-105.882343,39.745579],[-105.883266,39.743807],[-105.882375,39.740328],[-105.883714,39.737012],[-105.88944,39.731548],[-105.891755,39.730387],[-105.899959,39.728781],[-105.904729,39.728779],[-105.90828,39.726246],[-105.90746,39.724045],[-105.910499,39.720713],[-105.911775,39.715295],[-105.916765,39.713576],[-105.921407,39.709936],[-105.924546,39.703423],[-105.924061,39.701574],[-105.925071,39.698406],[-105.92666,39.698687],[-105.93009,39.697518],[-105.932801,39.694682],[-105.936495,39.69257],[-105.945601,39.688866],[-105.951036,39.695149],[-105.961941,39.690782],[-105.970427,39.690572],[-105.97235,39.69169],[-105.978187,39.689762],[-105.980951,39.689769],[-105.985401,39.687376],[-105.990978,39.68752],[-105.996339,39.684122],[-106.0029,39.685838],[-106.006484,39.687953],[-106.012987,39.686341],[-106.026686,39.689521],[-106.026332,39.690752],[-106.031889,39.694175],[-106.033642,39.69676],[-106.03431,39.702958],[-106.037888,39.707579],[-106.038106,39.712058],[-106.041583,39.71602],[-106.04467,39.718924],[-106.04793,39.720019],[-106.048635,39.721072],[-106.055951,39.721404],[-106.058548,39.724701],[-106.058039,39.728812],[-106.060175,39.734463],[-106.059719,39.740621],[-106.063658,39.745389],[-106.064853,39.748056],[-106.06325,39.750968],[-106.061897,39.751436],[-106.065898,39.753799],[-106.065806,39.757259],[-106.06476,39.760258],[-106.065555,39.762624],[-106.070134,39.767338],[-106.071032,39.772679],[-106.074574,39.780133],[-106.081207,39.787399],[-106.078049,39.793499],[-106.082163,39.796336],[-106.082353,39.800706],[-106.083946,39.803325],[-106.084115,39.806655],[-106.089974,39.809336],[-106.092016,39.812871],[-106.099916,39.819804],[-106.104652,39.821845],[-106.112427,39.829706],[-106.11704,39.831992],[-106.12031,39.835672],[-106.121767,39.838977],[-106.124989,39.842125],[-106.131483,39.8442],[-106.137912,39.843538],[-106.143404,39.839348],[-106.149507,39.839561],[-106.160147,39.843434],[-106.165117,39.843822],[-106.167603,39.845541],[-106.171143,39.845293],[-106.172522,39.846397],[-106.172511,39.847913],[-106.17403,39.847724],[-106.1777,39.849258],[-106.180446,39.852456],[-106.193082,39.858825],[-106.195424,39.861085],[-106.200566,39.864042],[-106.201545,39.865465],[-106.201391,39.868524],[-106.206368,39.874985],[-106.206499,39.877701],[-106.214174,39.878801],[-106.21686,39.88063],[-106.219321,39.883611],[-106.219374,39.885304],[-106.220782,39.887686],[-106.223089,39.888304],[-106.228361,39.893517],[-106.230009,39.897996],[-106.231881,39.899895],[-106.231688,39.900806],[-106.239298,39.906814],[-106.241115,39.907269],[-106.24691,39.9127],[-106.250581,39.913048],[-106.252027,39.914712],[-106.294777,39.91892],[-106.294624,39.91396],[-106.395433,39.914016],[-106.395257,39.924589],[-106.486254,39.92525],[-106.626569,39.924785],[-106.626112,39.999986],[-106.62653,40.001871],[-106.637031,40.002106],[-106.636995,40.178985],[-106.633121,40.178996],[-106.632257,40.341559],[-106.652832,40.341562],[-106.652187,40.445207],[-106.651856,40.442145],[-106.650342,40.439781],[-106.643351,40.436041],[-106.638601,40.432244],[-106.632508,40.432565],[-106.626368,40.430958],[-106.623491,40.431729],[-106.622167,40.429763],[-106.623665,40.429583],[-106.626518,40.426955],[-106.62884,40.422178],[-106.629153,40.418925],[-106.625196,40.415007],[-106.62392,40.410903],[-106.62099,40.408018],[-106.619525,40.405245],[-106.618033,40.398929],[-106.617645,40.393198],[-106.611981,40.386831],[-106.612321,40.379383],[-106.60943,40.378288],[-106.60819,40.379732],[-106.603734,40.378334],[-106.602505,40.376082],[-106.601046,40.375804],[-106.596525,40.378853],[-106.596666,40.380992],[-106.594535,40.381427],[-106.594616,40.383178],[-106.591053,40.380581],[-106.589432,40.381801],[-106.587697,40.38143],[-106.585425,40.38226],[-106.576553,40.378558],[-106.56942,40.378567],[-106.564709,40.377538],[-106.562501,40.378392],[-106.559301,40.378079],[-106.556685,40.377276],[-106.555353,40.374233],[-106.555589,40.372646],[-106.553458,40.369869],[-106.546661,40.370316],[-106.54439,40.372021],[-106.539899,40.371342],[-106.538533,40.37043],[-106.538335,40.368641],[-106.534921,40.36508],[-106.531328,40.366622],[-106.52972,40.369113],[-106.529264,40.372772],[-106.527622,40.374563],[-106.526819,40.377212],[-106.527491,40.377481],[-106.526459,40.380318],[-106.527143,40.381182],[-106.527025,40.383238],[-106.525279,40.385807],[-106.520408,40.388455],[-106.518899,40.391022],[-106.515783,40.388384],[-106.5123,40.386753],[-106.510296,40.389277],[-106.51048,40.393386],[-106.503629,40.399292],[-106.502595,40.399343],[-106.500984,40.402596],[-106.498827,40.403594],[-106.495781,40.403585],[-106.494902,40.406879],[-106.492747,40.407976],[-106.491852,40.410045],[-106.489842,40.411578],[-106.48252,40.408429],[-106.477305,40.403747],[-106.477897,40.401041],[-106.477082,40.399717],[-106.479982,40.394802],[-106.47968,40.391949],[-106.481283,40.389431],[-106.477817,40.389251],[-106.474494,40.387984],[-106.471218,40.383436],[-106.471108,40.382276],[-106.473082,40.379389],[-106.467118,40.379193],[-106.464395,40.375912],[-106.463178,40.366993],[-106.458338,40.366528],[-106.456146,40.363337],[-106.455549,40.357984],[-106.457826,40.356118],[-106.457018,40.35451],[-106.454283,40.354294],[-106.443242,40.346466],[-106.439525,40.348792],[-106.438766,40.350268],[-106.433037,40.34956],[-106.430616,40.351289],[-106.427454,40.350814],[-106.421793,40.352793],[-106.420045,40.352214],[-106.41854,40.35013],[-106.414032,40.350945],[-106.410328,40.350156],[-106.407379,40.346141],[-106.404016,40.344952],[-106.396376,40.347019],[-106.393397,40.345836],[-106.389732,40.3457],[-106.386463,40.349588],[-106.385264,40.352373],[-106.381227,40.352797],[-106.378465,40.35473],[-106.37493,40.355395],[-106.372462,40.357031],[-106.370005,40.357474],[-106.366308,40.355922],[-106.362194,40.358022],[-106.356482,40.358073],[-106.353758,40.357536],[-106.351456,40.355837],[-106.350374,40.353111],[-106.344856,40.349634],[-106.34389,40.346531],[-106.337641,40.342904],[-106.336996,40.339645],[-106.334562,40.338943],[-106.32948,40.339148],[-106.321221,40.337325],[-106.319734,40.335188],[-106.316221,40.333565],[-106.312241,40.330184],[-106.305782,40.328463],[-106.305174,40.330927],[-106.299548,40.330291],[-106.298339,40.332406],[-106.29597,40.333091],[-106.296476,40.335284],[-106.29387,40.337625],[-106.296453,40.338992],[-106.298525,40.341284],[-106.298696,40.344833],[-106.297182,40.346927],[-106.298721,40.349428],[-106.295806,40.351514],[-106.295516,40.354242],[-106.292668,40.356934],[-106.291071,40.358204],[-106.28841,40.358038],[-106.286341,40.358897],[-106.284229,40.35579],[-106.277947,40.353723],[-106.276764,40.354936],[-106.27161,40.357168],[-106.269839,40.357202],[-106.269208,40.359295],[-106.265662,40.36095],[-106.261727,40.358206],[-106.259728,40.357752],[-106.257686,40.355177],[-106.256147,40.351305],[-106.253573,40.350325],[-106.253567,40.346626],[-106.251239,40.342692],[-106.251071,40.340553],[-106.244771,40.337322],[-106.241215,40.331684],[-106.2389,40.329816],[-106.238984,40.327956],[-106.23622,40.325746],[-106.231523,40.324795],[-106.230074,40.323382],[-106.221719,40.325791],[-106.220725,40.327782],[-106.217064,40.32908],[-106.211492,40.327663],[-106.206211,40.32789],[-106.201734,40.326451],[-106.198866,40.327107],[-106.196927,40.325617],[-106.194989,40.326448],[-106.19273,40.325853],[-106.189178,40.326532],[-106.189005,40.32768],[-106.179829,40.333991],[-106.180137,40.336014],[-106.179194,40.338264],[-106.174734,40.343183],[-106.17049,40.344006],[-106.162011,40.342612],[-106.16098,40.340781],[-106.158254,40.339505],[-106.156396,40.337049],[-106.151623,40.33486],[-106.149384,40.331967],[-106.147527,40.33209],[-106.142627,40.33018],[-106.1368,40.330131],[-106.134286,40.336001],[-106.127899,40.338042],[-106.116738,40.345852],[-106.105057,40.350171],[-106.101621,40.35384],[-106.09939,40.354473],[-106.094978,40.351142],[-106.091528,40.350091],[-106.087444,40.350379],[-106.085681,40.347183],[-106.065769,40.354357],[-106.063243,40.357243],[-106.054568,40.357636],[-106.046986,40.361864],[-106.043384,40.362896],[-106.039711,40.36665],[-106.036028,40.369099],[-106.029834,40.368432],[-106.02739,40.370867],[-106.018622,40.373295],[-106.014581,40.372864],[-106.013484,40.372129],[-106.013904,40.370586],[-106.011605,40.370276],[-106.013075,40.367977],[-106.010851,40.3619],[-105.998341,40.362493],[-105.994395,40.364568],[-105.986654,40.364582],[-105.983853,40.363134],[-105.981263,40.359631],[-105.978345,40.358023],[-105.975949,40.358225],[-105.973149,40.35469],[-105.97231,40.351561],[-105.970635,40.35013],[-105.96615,40.349523],[-105.962403,40.34805],[-105.959659,40.348149],[-105.959723,40.349381],[-105.955439,40.35481],[-105.954343,40.360297],[-105.949812,40.362947],[-105.942557,40.36434],[-105.938482,40.366237],[-105.938724,40.368684],[-105.937312,40.371941],[-105.946712,40.377248],[-105.947223,40.378069],[-105.945919,40.381449],[-105.946607,40.385047],[-105.940462,40.384524],[-105.936322,40.386196],[-105.930817,40.390238],[-105.927536,40.391026],[-105.92441,40.393162],[-105.920557,40.4018],[-105.9136,40.401617],[-105.910843,40.400513],[-105.907797,40.400468],[-105.905068,40.398816],[-105.90332,40.400751],[-105.901658,40.40649],[-105.902098,40.412907],[-105.899013,40.415211],[-105.897669,40.417727],[-105.898578,40.426806],[-105.903331,40.431712],[-105.899814,40.440769],[-105.898772,40.446206],[-105.897078,40.448513],[-105.898891,40.450258],[-105.899824,40.4545],[-105.898334,40.457397],[-105.898351,40.463509],[-105.899345,40.465645],[-105.897225,40.469205],[-105.894305,40.469547],[-105.891754,40.476661],[-105.888693,40.476413],[-105.886019,40.477343],[-105.881548,40.475866],[-105.877466,40.477665],[-105.872265,40.478296],[-105.871136,40.480065],[-105.869152,40.480986],[-105.865585,40.481373],[-105.862474,40.480226],[-105.860595,40.482035],[-105.857175,40.483271],[-105.854926,40.486252],[-105.847308,40.483931],[-105.846967,40.482791],[-105.841082,40.483618],[-105.837823,40.483033],[-105.834605,40.479869],[-105.830608,40.479568],[-105.820114,40.475972],[-105.81542,40.475339],[-105.811053,40.475773],[-105.807341,40.474527],[-105.807133,40.47241],[-105.808865,40.471078],[-105.811049,40.470942],[-105.805691,40.4665],[-105.804479,40.464224],[-105.805136,40.459233],[-105.807614,40.452262],[-105.805775,40.447333],[-105.807813,40.44504],[-105.811728,40.442853],[-105.813019,40.439161],[-105.815974,40.437208],[-105.816366,40.435519],[-105.814557,40.432085],[-105.814307,40.429459],[-105.814456,40.428522],[-105.817231,40.426488],[-105.817266,40.424323],[-105.816423,40.423991],[-105.81534,40.421486],[-105.811126,40.419399],[-105.808265,40.414954],[-105.802009,40.410911],[-105.800423,40.407218],[-105.790951,40.39864],[-105.791664,40.394335],[-105.790545,40.38964],[-105.791232,40.387863],[-105.790729,40.386263],[-105.788561,40.384282],[-105.78725,40.380872],[-105.78182,40.37699],[-105.78195,40.373759],[-105.776437,40.369545],[-105.774219,40.366759],[-105.774105,40.365233],[-105.772596,40.364411],[-105.769133,40.364474],[-105.768012,40.360104],[-105.764441,40.359263],[-105.763028,40.357118],[-105.760225,40.356176],[-105.758289,40.352399],[-105.756225,40.351355],[-105.753299,40.351421],[-105.752383,40.349093],[-105.747757,40.347508],[-105.742269,40.349277],[-105.739613,40.347108],[-105.736345,40.346615],[-105.736444,40.344906],[-105.735441,40.342984],[-105.733108,40.340774],[-105.729944,40.339624],[-105.728786,40.337935],[-105.729088,40.335278],[-105.727372,40.333979],[-105.721438,40.332018],[-105.713127,40.325568],[-105.70168,40.324309],[-105.70202,40.321711],[-105.698719,40.32078],[-105.697648,40.318273],[-105.700167,40.316364],[-105.702109,40.312083],[-105.700398,40.310462],[-105.69706,40.310933],[-105.694834,40.309323],[-105.69014,40.308648],[-105.691278,40.306164],[-105.690989,40.304939],[-105.689295,40.303479],[-105.685761,40.302925],[-105.688248,40.297714],[-105.687368,40.293733],[-105.684758,40.292383],[-105.681165,40.291945],[-105.685398,40.290079],[-105.686488,40.28829],[-105.685565,40.286743],[-105.680579,40.28446],[-105.68068,40.282576],[-105.679262,40.278912],[-105.681469,40.279046],[-105.680347,40.274668],[-105.682428,40.2728],[-105.678903,40.269869],[-105.678187,40.26812],[-105.67559,40.267267],[-105.672055,40.268101],[-105.667909,40.267718],[-105.665236,40.266894],[-105.662378,40.264124],[-105.66072,40.264228],[-105.65417,40.261342],[-105.651358,40.258062],[-105.650825,40.253688],[-105.64402,40.249939],[-105.647074,40.249132],[-105.658932,40.249413],[-105.660006,40.248833],[-105.660283,40.24484],[-105.662128,40.243224],[-105.665437,40.23727],[-105.664378,40.233213],[-105.667354,40.230959],[-105.668444,40.22814],[-105.667767,40.226719],[-105.669046,40.224179],[-105.663156,40.22003],[-105.668577,40.220301],[-105.670303,40.219357],[-105.671255,40.217079],[-105.670192,40.213608],[-105.671119,40.212163],[-105.670559,40.207802],[-105.673832,40.2041],[-105.677645,40.202331],[-105.676405,40.199503],[-105.677644,40.197211],[-105.677627,40.18902],[-105.675469,40.186392],[-105.670872,40.185628],[-105.670364,40.184617],[-105.670315,40.183417],[-105.671875,40.181697],[-105.671791,40.180029],[-105.670771,40.178489],[-105.668299,40.177031],[-105.669733,40.174258],[-105.668573,40.17358],[-105.668115,40.170858],[-105.666919,40.169887],[-105.669198,40.169019],[-105.669591,40.167485],[-105.671548,40.166249],[-105.671473,40.165422],[-105.67058,40.162691],[-105.667536,40.161186],[-105.667729,40.158276],[-105.664684,40.156743],[-105.661343,40.156524],[-105.66059,40.154971],[-105.657128,40.153187],[-105.655996,40.151281],[-105.648744,40.150505],[-105.64729,40.150968],[-105.647341,40.149213],[-105.646275,40.148623],[-105.635656,40.146006],[-105.635468,40.140417],[-105.633626,40.138874],[-105.6297,40.13782],[-105.629983,40.130434],[-105.62609,40.127346],[-105.628782,40.123512],[-105.627574,40.122062],[-105.62821,40.120353],[-105.626566,40.118654],[-105.629121,40.117036],[-105.629973,40.114158],[-105.634652,40.113232],[-105.636042,40.109288],[-105.635705,40.108308],[-105.636681,40.106994],[-105.636047,40.101351],[-105.632022,40.097191],[-105.633266,40.095454],[-105.634693,40.09512],[-105.633683,40.088583],[-105.635211,40.087183],[-105.634974,40.085224],[-105.636004,40.084553],[-105.635633,40.082871],[-105.634253,40.081509],[-105.63262,40.081447],[-105.634758,40.079551],[-105.635429,40.074947],[-105.641121,40.073],[-105.64087,40.070178],[-105.638873,40.067031],[-105.641814,40.06787],[-105.646692,40.06522],[-105.649419,40.059992],[-105.651061,40.058445],[-105.648765,40.054289],[-105.645582,40.05266],[-105.644457,40.04985],[-105.637486,40.045845],[-105.63858,40.043801],[-105.638797,40.038787],[-105.640193,40.037255],[-105.640642,40.035019],[-105.643938,40.033301],[-105.652793,40.023772],[-105.652873,40.021945],[-105.65191,40.020905],[-105.658799,40.019107],[-105.661606,40.016466],[-105.670136,40.016879],[-105.680716,40.014006],[-105.684912,40.014614],[-105.687826,40.015979],[-105.689818,40.015108],[-105.689341,40.011026],[-105.690016,40.009113],[-105.688469,40.006946],[-105.691052,40.003764],[-105.690438,40.00138],[-105.691194,39.997313],[-105.689036,39.995374],[-105.68321,39.99465],[-105.683164,39.992881],[-105.685968,39.989743],[-105.686048,39.987477],[-105.68748,39.985418],[-105.684972,39.982867],[-105.685489,39.980626],[-105.684901,39.979447],[-105.688414,39.975426],[-105.690345,39.969855],[-105.688569,39.967092],[-105.689283,39.964144],[-105.688331,39.96288],[-105.688244,39.959765],[-105.685108,39.958741],[-105.688383,39.95653],[-105.689137,39.953699],[-105.691199,39.952991],[-105.694351,39.950153],[-105.691761,39.946417],[-105.693694,39.942405],[-105.6932,39.941239],[-105.686616,39.937469],[-105.682943,39.933789],[-105.678941,39.93286],[-105.675075,39.933253],[-105.677973,39.930512],[-105.676614,39.928565],[-105.68008,39.926503],[-105.682272,39.921908],[-105.682807,39.918249],[-105.682187,39.91748],[-105.685979,39.915649],[-105.686507,39.912838],[-105.687859,39.911701],[-105.688594,39.907484],[-105.687233,39.904193],[-105.690315,39.9019],[-105.691802,39.898394],[-105.691121,39.897289],[-105.697218,39.894561],[-105.699719,39.891499],[-105.699364,39.885596],[-105.697692,39.88431],[-105.698383,39.880956],[-105.700784,39.878889],[-105.699154,39.874141],[-105.696851,39.8717],[-105.697769,39.867986],[-105.696181,39.864612],[-105.696125,39.861516],[-105.690348,39.851996],[-105.693542,39.847853],[-105.695747,39.839482],[-105.703271,39.836712],[-105.708142,39.836724],[-105.713369,39.838212],[-105.716981,39.835472],[-105.719012,39.831913],[-105.719243,39.827544],[-105.72394,39.824637],[-105.724359,39.818229],[-105.733457,39.812542],[-105.735309,39.809345],[-105.735925,39.804985],[-105.740011,39.804845],[-105.74449,39.803375],[-105.747074,39.801325],[-105.750561,39.801303],[-105.754229,39.799232],[-105.76096,39.797101],[-105.763882,39.794984],[-105.76784,39.795275],[-105.778121,39.798476],[-105.784662,39.802434],[-105.79094,39.803101],[-105.793731,39.801944],[-105.799013,39.80343],[-105.800717,39.802277],[-105.80194,39.799336],[-105.806623,39.798598],[-105.808264,39.797333],[-105.80972,39.794963],[-105.810511,39.791475],[-105.819195,39.789832],[-105.820785,39.788801],[-105.822954,39.785605],[-105.829997,39.788219],[-105.838609,39.788132],[-105.844088,39.789518],[-105.847823,39.789194],[-105.851476,39.787766],[-105.850901,39.789091],[-105.853357,39.792274],[-105.854942,39.796154],[-105.855761,39.795505],[-105.860711,39.797054],[-105.872306,39.796692],[-105.875566,39.799258],[-105.887622,39.7966]]]}},{"type":"Feature","properties":{"county_fips":"08051","name":"Gunnison"},"geometry":{"type":"Polygon","coordinates":[[[-107.000602,38.384114],[-107.001119,38.147072],[-107.56862,38.147267],[-107.568614,38.14877],[-107.564426,38.150329],[-107.563208,38.152897],[-107.562189,38.158792],[-107.564292,38.166664],[-107.566311,38.168728],[-107.566523,38.170741],[-107.567993,38.171468],[-107.566566,38.176645],[-107.568011,38.180811],[-107.570258,38.181353],[-107.572344,38.187435],[-107.572612,38.194064],[-107.575506,38.200019],[-107.575576,38.209797],[-107.580978,38.212685],[-107.579903,38.214811],[-107.58087,38.21809],[-107.579015,38.222663],[-107.580372,38.224968],[-107.580243,38.230824],[-107.582113,38.231139],[-107.582682,38.234603],[-107.584908,38.236255],[-107.58748,38.240228],[-107.58665,38.24303],[-107.588619,38.246761],[-107.588668,38.24929],[-107.590701,38.252046],[-107.593951,38.253523],[-107.600159,38.253895],[-107.612717,38.26216],[-107.612709,38.263587],[-107.615355,38.268971],[-107.614725,38.270107],[-107.617051,38.272507],[-107.617137,38.27545],[-107.619937,38.275272],[-107.624477,38.279711],[-107.62633,38.285576],[-107.629568,38.28873],[-107.629001,38.290853],[-107.629987,38.291687],[-107.629625,38.294157],[-107.631236,38.295205],[-107.631699,38.297259],[-107.63504,38.301896],[-107.50002,38.301926],[-107.500613,38.433187],[-107.500606,39.217916],[-107.497556,39.217463],[-107.494549,39.218423],[-107.492332,39.222044],[-107.487753,39.225609],[-107.485813,39.229113],[-107.484209,39.23538],[-107.482877,39.23562],[-107.480862,39.23402],[-107.478878,39.233646],[-107.477899,39.230818],[-107.474701,39.229046],[-107.463889,39.228354],[-107.460773,39.230314],[-107.457786,39.229402],[-107.451075,39.230673],[-107.449785,39.232251],[-107.444216,39.234333],[-107.442842,39.236468],[-107.439515,39.236946],[-107.435811,39.239146],[-107.42973,39.241014],[-107.4292,39.24223],[-107.43064,39.247441],[-107.429403,39.250589],[-107.430524,39.256698],[-107.426914,39.25773],[-107.424381,39.257597],[-107.424402,39.256492],[-107.421552,39.255491],[-107.416175,39.255807],[-107.40717,39.253412],[-107.403279,39.25385],[-107.400297,39.252946],[-107.397916,39.25373],[-107.394486,39.256299],[-107.392194,39.255009],[-107.391771,39.252311],[-107.390422,39.250591],[-107.386394,39.250303],[-107.384313,39.247832],[-107.379695,39.247289],[-107.376361,39.24599],[-107.375318,39.241881],[-107.371385,39.238924],[-107.376055,39.236702],[-107.379315,39.231091],[-107.377974,39.228757],[-107.378547,39.226227],[-107.376837,39.22338],[-107.376839,39.22013],[-107.378002,39.21486],[-107.380623,39.210229],[-107.378397,39.208146],[-107.378451,39.206266],[-107.377094,39.204134],[-107.377655,39.200822],[-107.376779,39.199024],[-107.366898,39.192041],[-107.363528,39.186324],[-107.35965,39.184834],[-107.357651,39.17982],[-107.35412,39.176087],[-107.353427,39.173042],[-107.343544,39.168603],[-107.336909,39.169035],[-107.336135,39.167668],[-107.333417,39.166204],[-107.328263,39.165339],[-107.318741,39.165313],[-107.315785,39.163842],[-107.311323,39.15949],[-107.307638,39.157134],[-107.305174,39.156652],[-107.304299,39.155551],[-107.29988,39.156455],[-107.296281,39.154333],[-107.293836,39.144709],[-107.292126,39.143909],[-107.290708,39.141673],[-107.288195,39.139764],[-107.28641,39.136601],[-107.28615,39.132717],[-107.283538,39.12793],[-107.285414,39.125125],[-107.28259,39.123868],[-107.28304,39.122642],[-107.281451,39.119611],[-107.28249,39.118718],[-107.06632,39.118805],[-107.06317,39.116425],[-107.06019,39.111958],[-107.053233,39.110573],[-107.046168,39.101919],[-107.040725,39.099084],[-107.03633,39.094928],[-107.030079,39.093429],[-107.029266,39.091913],[-107.02814,39.091517],[-107.019957,39.089548],[-107.015253,39.085681],[-107.012486,39.08438],[-107.004254,39.074497],[-106.996958,39.069348],[-106.988972,39.070712],[-106.986821,39.067162],[-106.986278,39.064275],[-106.9864,39.06247],[-106.99085,39.060041],[-106.991058,39.058525],[-106.989326,39.055479],[-106.989756,39.05198],[-106.993248,39.051322],[-106.996836,39.049343],[-106.999674,39.042772],[-107.001622,39.042273],[-106.996145,39.034175],[-106.98801,39.030797],[-106.979526,39.030762],[-106.973785,39.028884],[-106.968068,39.029921],[-106.967337,39.030853],[-106.964307,39.029581],[-106.963943,39.028513],[-106.965231,39.023324],[-106.96413,39.021061],[-106.965022,39.018928],[-106.964695,39.017545],[-106.958107,39.015512],[-106.95519,39.016631],[-106.95098,39.0166],[-106.948336,39.01472],[-106.944638,39.014427],[-106.937815,39.008255],[-106.935762,39.007418],[-106.935065,39.006078],[-106.928392,39.004559],[-106.917875,38.999184],[-106.910436,39.000508],[-106.907631,38.995085],[-106.908196,38.992579],[-106.900328,38.992491],[-106.895899,38.990106],[-106.893133,38.989525],[-106.891198,38.991022],[-106.884353,38.990406],[-106.881586,38.99276],[-106.878041,38.994275],[-106.876634,38.999991],[-106.878672,39.002862],[-106.87809,39.005909],[-106.87649,39.00694],[-106.867752,39.006859],[-106.861687,39.009439],[-106.859823,39.008294],[-106.859547,39.005729],[-106.856821,39.001131],[-106.856548,38.998968],[-106.852478,38.995527],[-106.848979,38.989333],[-106.845547,38.98622],[-106.840848,38.985612],[-106.835917,38.983579],[-106.834269,38.980844],[-106.83207,38.980772],[-106.831384,38.979732],[-106.827248,38.97772],[-106.81693,38.981383],[-106.810684,38.978682],[-106.801874,38.978303],[-106.799689,38.97965],[-106.800246,38.982176],[-106.796591,38.984166],[-106.794606,38.984825],[-106.78765,38.984329],[-106.783989,38.986916],[-106.782214,38.990743],[-106.78372,38.995814],[-106.782082,38.99888],[-106.782514,38.99927],[-106.780132,38.99978],[-106.778119,39.001278],[-106.775011,39.006125],[-106.768594,39.008169],[-106.768175,39.010231],[-106.765266,39.01207],[-106.761603,39.016184],[-106.761903,39.019301],[-106.757367,39.01971],[-106.75575,39.020578],[-106.751343,39.025794],[-106.745119,39.026923],[-106.744966,39.029646],[-106.747183,39.04002],[-106.749357,39.042528],[-106.74214,39.043997],[-106.740695,39.045906],[-106.73898,39.046105],[-106.735766,39.044801],[-106.732086,39.046365],[-106.729496,39.046477],[-106.722661,39.045157],[-106.717218,39.048297],[-106.713325,39.048601],[-106.710315,39.047573],[-106.707851,39.053458],[-106.705679,39.05479],[-106.703045,39.055917],[-106.694969,39.055667],[-106.692996,39.055065],[-106.690843,39.051349],[-106.687218,39.049106],[-106.685314,39.045383],[-106.684451,39.045135],[-106.674054,39.045811],[-106.673182,39.04466],[-106.668077,39.043689],[-106.666936,39.042552],[-106.664098,39.041854],[-106.655492,39.04442],[-106.651927,39.040838],[-106.65222,39.038913],[-106.648234,39.036045],[-106.646846,39.033285],[-106.646527,39.030847],[-106.65005,39.026333],[-106.648392,39.022152],[-106.638334,39.019223],[-106.637887,39.014704],[-106.63324,39.012105],[-106.630041,39.01221],[-106.627729,39.007628],[-106.62475,39.006053],[-106.624174,39.003635],[-106.619311,39.002593],[-106.615718,38.999992],[-106.614664,38.999992],[-106.612739,38.995697],[-106.603518,38.996612],[-106.601587,38.997857],[-106.599214,38.997994],[-106.595021,38.991072],[-106.590433,38.991271],[-106.586164,38.992813],[-106.582769,38.991476],[-106.580289,38.991912],[-106.577161,38.990444],[-106.574721,38.992821],[-106.569833,38.994481],[-106.566129,38.993792],[-106.559884,38.998528],[-106.556184,38.99812],[-106.554211,38.998711],[-106.552183,38.993476],[-106.550723,38.991701],[-106.546762,38.991078],[-106.534179,38.982292],[-106.528389,38.980727],[-106.524423,38.971093],[-106.521861,38.968666],[-106.523498,38.964839],[-106.528511,38.959883],[-106.526683,38.955411],[-106.521327,38.953688],[-106.519877,38.953969],[-106.515738,38.948664],[-106.507162,38.946092],[-106.505313,38.9444],[-106.505893,38.940929],[-106.504371,38.936849],[-106.496258,38.93347],[-106.493856,38.931089],[-106.490714,38.929685],[-106.489938,38.926316],[-106.485652,38.922108],[-106.48212,38.92093],[-106.480905,38.918643],[-106.474912,38.916123],[-106.472209,38.915927],[-106.470044,38.913053],[-106.467483,38.91226],[-106.465032,38.910354],[-106.461941,38.911303],[-106.457811,38.910078],[-106.453808,38.912755],[-106.449951,38.913012],[-106.448005,38.914362],[-106.446065,38.913866],[-106.44215,38.915574],[-106.437175,38.914906],[-106.436953,38.916317],[-106.434864,38.918184],[-106.434333,38.919999],[-106.430262,38.924909],[-106.424952,38.926095],[-106.421161,38.928093],[-106.418227,38.92663],[-106.41718,38.920898],[-106.413166,38.916268],[-106.407602,38.914762],[-106.402124,38.910617],[-106.399497,38.911943],[-106.393959,38.912249],[-106.393075,38.913702],[-106.392344,38.918775],[-106.386913,38.921121],[-106.386257,38.922969],[-106.383451,38.922964],[-106.380836,38.925685],[-106.376982,38.922674],[-106.377168,38.917981],[-106.375745,38.913039],[-106.376222,38.909539],[-106.37344,38.906608],[-106.367482,38.906917],[-106.365773,38.909871],[-106.364245,38.910936],[-106.361544,38.912339],[-106.357073,38.912945],[-106.345241,38.907067],[-106.338128,38.90872],[-106.334984,38.911666],[-106.326099,38.911004],[-106.324115,38.904796],[-106.32472,38.902929],[-106.322889,38.898019],[-106.320555,38.894708],[-106.321313,38.892599],[-106.326039,38.888927],[-106.326697,38.887318],[-106.326446,38.884101],[-106.327505,38.882297],[-106.332483,38.880696],[-106.334065,38.881309],[-106.336779,38.874994],[-106.335847,38.872049],[-106.340109,38.871234],[-106.346982,38.867213],[-106.348938,38.865112],[-106.349303,38.854887],[-106.352239,38.855617],[-106.356891,38.855318],[-106.365044,38.852985],[-106.365371,38.847606],[-106.364458,38.846185],[-106.370126,38.840485],[-106.370401,38.838469],[-106.378819,38.836125],[-106.379143,38.834954],[-106.381747,38.832857],[-106.383067,38.831135],[-106.383632,38.824705],[-106.391269,38.82276],[-106.395652,38.822503],[-106.397529,38.823134],[-106.399352,38.825531],[-106.403505,38.826597],[-106.407132,38.829342],[-106.411888,38.825736],[-106.416182,38.824092],[-106.415045,38.815282],[-106.416025,38.813787],[-106.420551,38.811609],[-106.422726,38.808375],[-106.420666,38.804149],[-106.418498,38.802906],[-106.417911,38.800691],[-106.41459,38.799138],[-106.414363,38.795203],[-106.412881,38.791161],[-106.413091,38.789999],[-106.416759,38.787268],[-106.416635,38.785196],[-106.413816,38.779093],[-106.415498,38.772441],[-106.417575,38.770329],[-106.41928,38.766161],[-106.417143,38.764435],[-106.415079,38.757184],[-106.41728,38.755426],[-106.419992,38.751045],[-106.418401,38.74915],[-106.418011,38.742028],[-106.418658,38.739632],[-106.42005,38.738805],[-106.418493,38.735304],[-106.416752,38.733756],[-106.416665,38.727814],[-106.417431,38.725675],[-106.423467,38.720847],[-106.422786,38.718857],[-106.423222,38.716166],[-106.425275,38.710307],[-106.429468,38.709811],[-106.431656,38.708708],[-106.443493,38.709231],[-106.44553,38.705533],[-106.448313,38.704928],[-106.452126,38.698777],[-106.451054,38.695365],[-106.448358,38.692945],[-106.445959,38.688988],[-106.440176,38.68687],[-106.437861,38.6825],[-106.437055,38.678069],[-106.438072,38.676635],[-106.436179,38.673735],[-106.435907,38.67115],[-106.43409,38.668878],[-106.432209,38.667921],[-106.429088,38.65762],[-106.430159,38.653468],[-106.429545,38.651235],[-106.427139,38.650673],[-106.421804,38.646789],[-106.420179,38.6467],[-106.417717,38.644461],[-106.411752,38.647029],[-106.407944,38.647679],[-106.401719,38.645783],[-106.401507,38.643076],[-106.402238,38.642163],[-106.401189,38.639702],[-106.392825,38.640085],[-106.390164,38.641034],[-106.385788,38.638627],[-106.379899,38.638483],[-106.380362,38.637057],[-106.385174,38.632362],[-106.386269,38.627783],[-106.385368,38.624995],[-106.382641,38.623416],[-106.382125,38.621719],[-106.380066,38.620416],[-106.3745,38.62085],[-106.369126,38.618678],[-106.364198,38.6145],[-106.363646,38.610224],[-106.364697,38.605889],[-106.359317,38.599393],[-106.361235,38.59588],[-106.361024,38.594487],[-106.358188,38.592713],[-106.355951,38.5901],[-106.355449,38.587936],[-106.3513,38.58349],[-106.35342,38.581467],[-106.351673,38.576905],[-106.344619,38.568564],[-106.346867,38.565104],[-106.347435,38.560202],[-106.346641,38.558864],[-106.350144,38.555583],[-106.350543,38.552667],[-106.353533,38.549973],[-106.353584,38.547133],[-106.355399,38.542556],[-106.353706,38.53922],[-106.354543,38.536146],[-106.354185,38.533384],[-106.347131,38.528761],[-106.346408,38.526253],[-106.342597,38.521537],[-106.343703,38.51746],[-106.348108,38.512499],[-106.345455,38.50823],[-106.34423,38.50459],[-106.342824,38.50288],[-106.339306,38.501217],[-106.338207,38.498207],[-106.336308,38.49665],[-106.330406,38.493727],[-106.327228,38.497588],[-106.323024,38.496944],[-106.320109,38.497691],[-106.31775,38.494878],[-106.311461,38.49487],[-106.310666,38.491366],[-106.309233,38.489849],[-106.309297,38.487963],[-106.306809,38.484141],[-106.306484,38.482341],[-106.304121,38.480052],[-106.304547,38.478708],[-106.303986,38.477761],[-106.301052,38.476089],[-106.295598,38.475586],[-106.290332,38.473253],[-106.290672,38.472287],[-106.289396,38.470465],[-106.289894,38.465953],[-106.288532,38.461373],[-106.280609,38.454337],[-106.272655,38.455196],[-106.27179,38.452442],[-106.272247,38.448776],[-106.274119,38.446886],[-106.270484,38.44552],[-106.266071,38.441735],[-106.261333,38.442355],[-106.253087,38.441003],[-106.249195,38.43935],[-106.245363,38.439171],[-106.249484,38.433244],[-106.24837,38.42864],[-106.248618,38.426043],[-106.24694,38.422768],[-106.500585,38.424402],[-107.000601,38.425619],[-107.000602,38.384114]]]}},{"type":"Feature","properties":{"county_fips":"08053","name":"Hinsdale"},"geometry":{"type":"Polygon","coordinates":[[[-107.591367,37.992252],[-107.58679,37.993764],[-107.586737,37.999408],[-107.580421,38.000548],[-107.574343,38.004661],[-107.574092,38.006349],[-107.566001,38.005195],[-107.556506,37.999162],[-107.554286,37.999472],[-107.54992,37.998294],[-107.546704,38.000379],[-107.54338,38.005766],[-107.537975,38.008919],[-107.537901,38.013072],[-107.539353,38.014707],[-107.539427,38.017715],[-107.537566,38.019702],[-107.536589,38.022744],[-107.539856,38.027109],[-107.538882,38.028236],[-107.536852,38.028686],[-107.536656,38.030534],[-107.537534,38.032291],[-107.531796,38.036992],[-107.531129,38.038963],[-107.527027,38.039878],[-107.525311,38.039039],[-107.522141,38.042044],[-107.522337,38.044164],[-107.520577,38.045725],[-107.522775,38.048186],[-107.52107,38.051792],[-107.522989,38.055325],[-107.522282,38.057222],[-107.518768,38.058259],[-107.515879,38.057881],[-107.51088,38.060877],[-107.514496,38.064295],[-107.515333,38.067838],[-107.51683,38.069741],[-107.52054,38.07042],[-107.52333,38.072049],[-107.526466,38.075921],[-107.530087,38.076486],[-107.533262,38.080059],[-107.53739,38.079435],[-107.544373,38.08073],[-107.550289,38.078236],[-107.554098,38.07953],[-107.55744,38.085715],[-107.559946,38.087776],[-107.560382,38.090601],[-107.559828,38.091669],[-107.56465,38.096992],[-107.565394,38.098868],[-107.562312,38.101519],[-107.562514,38.104811],[-107.560855,38.110503],[-107.561768,38.113981],[-107.563945,38.117096],[-107.564238,38.119064],[-107.563205,38.123212],[-107.563696,38.124993],[-107.564733,38.127906],[-107.568495,38.13101],[-107.56945,38.134305],[-107.573522,38.134953],[-107.574245,38.136009],[-107.572823,38.138432],[-107.571613,38.143288],[-107.56862,38.147267],[-107.001119,38.147072],[-107.001892,38.092765],[-107.000602,37.956041],[-107.004689,37.956921],[-107.006263,37.956218],[-107.006756,37.949203],[-107.007654,37.947292],[-107.008973,37.946522],[-107.017542,37.949018],[-107.022918,37.953792],[-107.025506,37.954501],[-107.029925,37.953466],[-107.031547,37.951052],[-107.033206,37.950081],[-107.042637,37.948683],[-107.051159,37.952956],[-107.056384,37.952257],[-107.059388,37.955651],[-107.060525,37.959143],[-107.065449,37.959752],[-107.06778,37.961299],[-107.070638,37.956804],[-107.073659,37.954524],[-107.085552,37.953361],[-107.088362,37.950409],[-107.092144,37.94917],[-107.094606,37.949307],[-107.100077,37.951896],[-107.102872,37.955221],[-107.106117,37.947134],[-107.110669,37.943344],[-107.121968,37.940867],[-107.129627,37.937838],[-107.133699,37.937624],[-107.138191,37.938848],[-107.138607,37.86586],[-107.137356,37.828788],[-107.13994,37.757197],[-107.145138,37.675497],[-107.123868,37.675029],[-107.123734,37.625002],[-107.125604,37.600492],[-107.128699,37.473336],[-107.12868,37.422942],[-107.375607,37.423623],[-107.482131,37.422673],[-107.482245,37.768353],[-107.481,37.768037],[-107.47842,37.769268],[-107.469391,37.766503],[-107.46901,37.765169],[-107.466908,37.766273],[-107.46738,37.770073],[-107.464994,37.773127],[-107.465182,37.774395],[-107.463875,37.777081],[-107.460804,37.779734],[-107.460404,37.781541],[-107.458134,37.78197],[-107.45954,37.786093],[-107.460758,37.786834],[-107.459382,37.789586],[-107.459224,37.79427],[-107.460969,37.796884],[-107.462139,37.797229],[-107.462223,37.799096],[-107.465884,37.799979],[-107.465795,37.802148],[-107.468946,37.807946],[-107.468843,37.809726],[-107.472305,37.812339],[-107.47475,37.815594],[-107.478876,37.816685],[-107.485477,37.822421],[-107.490996,37.824406],[-107.498173,37.822931],[-107.510289,37.824755],[-107.516817,37.826704],[-107.51733,37.829295],[-107.516567,37.82977],[-107.51613,37.831938],[-107.516835,37.833472],[-107.516204,37.834547],[-107.518374,37.838982],[-107.520586,37.839493],[-107.519667,37.841194],[-107.5224,37.842098],[-107.521774,37.842366],[-107.521783,37.844635],[-107.520964,37.844892],[-107.520906,37.848025],[-107.519048,37.84827],[-107.518593,37.849185],[-107.517859,37.856978],[-107.520787,37.859548],[-107.52108,37.861861],[-107.522476,37.864074],[-107.524402,37.865163],[-107.524142,37.866605],[-107.526014,37.868952],[-107.530041,37.871616],[-107.536021,37.873914],[-107.534972,37.875622],[-107.536468,37.88011],[-107.532481,37.884047],[-107.533481,37.889061],[-107.531282,37.889159],[-107.52787,37.890721],[-107.526056,37.893649],[-107.526238,37.896577],[-107.522296,37.898069],[-107.521638,37.900419],[-107.520167,37.901312],[-107.524635,37.904054],[-107.524806,37.905345],[-107.528505,37.907097],[-107.529716,37.911748],[-107.529205,37.914679],[-107.530747,37.916819],[-107.536652,37.921088],[-107.536518,37.922412],[-107.534546,37.924671],[-107.537358,37.926144],[-107.538351,37.929819],[-107.538146,37.932829],[-107.537701,37.934644],[-107.534149,37.937138],[-107.534309,37.93817],[-107.532378,37.940654],[-107.532593,37.943905],[-107.537346,37.947613],[-107.551046,37.949687],[-107.562673,37.955456],[-107.563629,37.95663],[-107.564534,37.96079],[-107.567219,37.961327],[-107.569005,37.963086],[-107.569035,37.966039],[-107.580296,37.968475],[-107.582984,37.967923],[-107.587004,37.968478],[-107.588221,37.970312],[-107.584165,37.976019],[-107.584357,37.977116],[-107.5882,37.982795],[-107.589808,37.989629],[-107.591367,37.992252]]]}},{"type":"Feature","properties":{"county_fips":"08055","name":"Huerfano"},"geometry":{"type":"Polygon","coordinates":[[[-105.501669,37.598138],[-105.493273,37.600919],[-105.493041,37.605287],[-105.494831,37.608499],[-105.495472,37.612223],[-105.497924,37.613068],[-105.498612,37.614492],[-105.496386,37.619185],[-105.491513,37.625003],[-105.492536,37.629606],[-105.491838,37.631899],[-105.492388,37.634783],[-105.487816,37.644522],[-105.486976,37.653483],[-105.481451,37.658525],[-105.48112,37.661703],[-105.477242,37.666199],[-105.478568,37.668476],[-105.478787,37.672102],[-105.476899,37.67585],[-105.476735,37.679938],[-105.477707,37.684611],[-105.478757,37.686139],[-105.480899,37.68718],[-105.481374,37.693755],[-105.480166,37.696638],[-105.480476,37.698076],[-105.478255,37.702377],[-105.477513,37.707532],[-105.47408,37.707659],[-105.471116,37.711248],[-105.466593,37.711845],[-105.463926,37.713801],[-105.462446,37.716982],[-105.457313,37.71906],[-105.454245,37.723951],[-105.453246,37.730868],[-105.455104,37.733601],[-105.455277,37.735148],[-105.452727,37.741276],[-105.454261,37.744463],[-105.457219,37.746662],[-105.456488,37.750886],[-105.459836,37.753305],[-105.455827,37.756498],[-105.456273,37.758068],[-105.457869,37.758677],[-105.457704,37.76013],[-105.453703,37.767284],[-105.450233,37.77061],[-105.450916,37.775195],[-105.449337,37.779305],[-105.451705,37.782635],[-105.451666,37.786895],[-105.455187,37.790814],[-105.454912,37.795696],[-105.445329,37.801021],[-105.435179,37.804767],[-105.435911,37.811796],[-105.434668,37.813733],[-105.436739,37.819218],[-105.434573,37.821929],[-105.434097,37.824506],[-105.435583,37.828505],[-105.432407,37.833167],[-105.432623,37.835069],[-105.430731,37.837826],[-105.430731,37.839504],[-105.428674,37.843666],[-105.428647,37.844779],[-105.430917,37.84736],[-105.429155,37.85236],[-105.431889,37.854824],[-105.433462,37.857516],[-105.436774,37.858202],[-105.437214,37.860231],[-105.438949,37.861275],[-105.439241,37.866202],[-105.440742,37.869612],[-105.443309,37.870722],[-105.450537,37.878112],[-105.460106,37.880355],[-105.464546,37.878974],[-105.465309,37.87953],[-105.469152,37.878755],[-105.471918,37.879687],[-105.478495,37.87985],[-105.476214,37.883295],[-105.477055,37.887961],[-105.476033,37.891168],[-105.473204,37.89597],[-105.471057,37.895264],[-105.46697,37.895515],[-105.459235,37.897169],[-105.45236,37.895681],[-105.440272,37.897461],[-105.437279,37.896011],[-105.431972,37.895167],[-105.42779,37.89132],[-105.426855,37.891634],[-105.424151,37.890173],[-105.421597,37.890652],[-105.418689,37.889703],[-105.415486,37.890815],[-105.413635,37.890527],[-105.408697,37.894442],[-105.403421,37.895782],[-105.394792,37.901366],[-105.39408,37.902918],[-105.390305,37.905196],[-105.387903,37.908065],[-105.38165,37.912707],[-105.378396,37.9138],[-105.377088,37.916102],[-105.363779,37.92207],[-105.356054,37.922854],[-105.350814,37.924889],[-105.347209,37.924759],[-105.331702,37.935801],[-105.324526,37.938434],[-105.317081,37.938949],[-105.314507,37.938444],[-105.313772,37.936888],[-105.311093,37.935945],[-105.310281,37.93354],[-105.306574,37.932292],[-105.303607,37.926188],[-105.300541,37.923085],[-105.301659,37.918119],[-105.300254,37.912488],[-105.298011,37.911263],[-105.296681,37.908762],[-105.292407,37.908625],[-105.290784,37.905368],[-105.29104,37.903897],[-105.286736,37.900194],[-105.285076,37.899421],[-105.283224,37.899993],[-105.280549,37.901215],[-105.277949,37.904407],[-105.276988,37.904103],[-105.276233,37.905875],[-105.273818,37.907677],[-105.273418,37.910716],[-105.269908,37.913661],[-105.26805,37.918304],[-105.261842,37.925637],[-105.2638,37.92882],[-105.263942,37.932059],[-105.263168,37.932458],[-105.261549,37.937168],[-105.257546,37.938131],[-105.256764,37.942555],[-105.255436,37.942916],[-105.249742,37.951521],[-105.246694,37.95211],[-105.244716,37.953728],[-105.241799,37.953809],[-105.238096,37.956851],[-105.237598,37.957568],[-105.239933,37.960393],[-105.23856,37.96284],[-105.235809,37.9628],[-105.234426,37.964019],[-105.233056,37.963744],[-105.231663,37.964866],[-105.229418,37.965245],[-105.226262,37.963898],[-105.224646,37.965036],[-105.224683,37.966674],[-105.223136,37.968804],[-105.218095,37.969903],[-105.216627,37.969447],[-105.215366,37.97052],[-105.216358,37.97253],[-105.216505,37.975378],[-105.213109,37.977331],[-105.213986,37.980809],[-105.206702,37.982276],[-105.205897,37.983268],[-105.206068,37.989668],[-105.198814,37.990181],[-105.197073,37.992416],[-105.200044,38.000835],[-105.198919,38.003785],[-105.194586,38.00756],[-105.18775,38.010598],[-105.185252,38.013379],[-105.181006,38.015595],[-105.173264,38.017142],[-105.168652,38.018946],[-105.165826,38.016821],[-105.161101,38.015866],[-105.15984,38.014173],[-105.147969,38.006239],[-105.147948,38.005392],[-105.15191,38.00333],[-105.153199,38.000784],[-105.152491,37.992113],[-105.147965,37.986841],[-105.146452,37.986589],[-105.143909,37.987838],[-105.141241,37.98686],[-105.139419,37.984841],[-105.141641,37.982034],[-105.142145,37.979799],[-105.14055,37.979774],[-105.131348,37.973456],[-105.131335,37.971188],[-105.133195,37.970423],[-105.135949,37.966358],[-105.133409,37.963039],[-105.127909,37.962592],[-105.127576,37.961174],[-105.126411,37.96075],[-105.126906,37.955134],[-105.125551,37.954592],[-105.12504,37.95324],[-105.125975,37.95117],[-105.122612,37.949177],[-105.117163,37.949141],[-105.112984,37.945449],[-105.108507,37.943399],[-105.103129,37.94494],[-105.099097,37.944943],[-105.093828,37.947329],[-105.088011,37.948588],[-105.085532,37.951141],[-105.084057,37.955594],[-105.0778,37.952964],[-105.074244,37.948513],[-105.072219,37.947789],[-105.070472,37.945802],[-105.066056,37.944209],[-105.065471,37.941802],[-105.066425,37.938525],[-105.063572,37.935001],[-105.063737,37.929269],[-105.066301,37.925048],[-105.065034,37.923241],[-105.06585,37.920763],[-105.064211,37.917906],[-105.061497,37.916061],[-105.057201,37.915946],[-105.054307,37.917509],[-105.049397,37.915238],[-105.044561,37.911656],[-105.043905,37.90954],[-105.039826,37.908124],[-105.038665,37.904444],[-105.03599,37.904115],[-105.032954,37.905322],[-105.031573,37.904147],[-105.034803,37.894583],[-105.021748,37.887491],[-105.015751,37.88551],[-105.013763,37.883489],[-105.013729,37.881271],[-104.646383,37.900527],[-104.351109,37.817488],[-104.375527,37.798588],[-104.456723,37.74788],[-104.45493,37.740839],[-104.548417,37.609424],[-104.548652,37.5747],[-104.620338,37.530053],[-104.627653,37.510902],[-104.649229,37.49532],[-104.666477,37.494792],[-104.68574,37.495992],[-104.690553,37.493612],[-104.6908,37.492019],[-104.692109,37.491227],[-104.690935,37.489239],[-104.691994,37.487754],[-104.691841,37.486624],[-104.696111,37.485425],[-104.695046,37.482291],[-104.693448,37.481846],[-104.691764,37.479031],[-104.694018,37.475782],[-104.695857,37.475389],[-104.697231,37.471807],[-104.699931,37.469838],[-104.698888,37.467933],[-104.699653,37.465949],[-104.698949,37.464766],[-104.699986,37.46374],[-104.698386,37.45897],[-104.698528,37.457687],[-104.699483,37.457259],[-104.700739,37.450183],[-104.698292,37.448085],[-104.69835,37.445446],[-104.695866,37.442797],[-104.695075,37.439915],[-104.696898,37.43894],[-104.699584,37.440138],[-104.69994,37.439245],[-104.702372,37.438155],[-104.708453,37.436617],[-104.711355,37.437477],[-104.711545,37.43651],[-104.712544,37.43665],[-104.715775,37.434714],[-104.718099,37.431826],[-104.720398,37.431166],[-104.721155,37.429416],[-104.725136,37.429989],[-104.725863,37.426938],[-104.727852,37.426497],[-104.730582,37.427242],[-104.733403,37.425368],[-104.736799,37.424949],[-104.737112,37.423001],[-104.740074,37.421607],[-104.742426,37.41979],[-104.743154,37.417887],[-104.749091,37.413975],[-104.748938,37.407029],[-104.753605,37.406324],[-104.757375,37.407112],[-104.760756,37.405451],[-104.765864,37.40565],[-104.76901,37.404833],[-104.772755,37.406461],[-104.774973,37.403675],[-104.77932,37.403782],[-104.783045,37.400504],[-104.787422,37.400107],[-104.793144,37.401505],[-104.797565,37.401174],[-104.799986,37.400031],[-104.803718,37.402935],[-104.80716,37.402214],[-104.808539,37.399674],[-104.811046,37.39863],[-104.812515,37.400256],[-104.815469,37.400381],[-104.816884,37.399487],[-104.817262,37.3975],[-104.818054,37.397086],[-104.823177,37.398053],[-104.826668,37.395651],[-104.834755,37.395265],[-104.835275,37.397845],[-104.838287,37.398675],[-104.847202,37.39569],[-104.858837,37.393638],[-104.859908,37.39248],[-104.863963,37.390908],[-104.867435,37.391596],[-104.871644,37.391232],[-104.874736,37.388095],[-104.87837,37.38788],[-104.883503,37.385827],[-104.886911,37.387862],[-104.892918,37.389424],[-104.898679,37.389209],[-104.906061,37.390113],[-104.910049,37.393684],[-104.920278,37.393841],[-104.926447,37.397011],[-104.932557,37.395412],[-104.938024,37.389422],[-104.940629,37.38925],[-104.946736,37.391446],[-104.953883,37.389227],[-104.962434,37.381914],[-104.971228,37.376243],[-104.975782,37.376747],[-104.980033,37.374241],[-104.983527,37.373388],[-104.988971,37.37578],[-104.994736,37.375829],[-105.003687,37.3658],[-105.004788,37.363173],[-105.007295,37.362327],[-105.011652,37.358765],[-105.016141,37.358358],[-105.017676,37.357018],[-105.020271,37.35635],[-105.023606,37.356836],[-105.02476,37.349981],[-105.023319,37.342567],[-105.024665,37.340321],[-105.03026,37.339474],[-105.036658,37.341619],[-105.040628,37.338076],[-105.045877,37.335352],[-105.046945,37.333442],[-105.050594,37.331049],[-105.068046,37.326046],[-105.073542,37.320143],[-105.074629,37.316846],[-105.084193,37.314953],[-105.09216,37.315352],[-105.094248,37.314703],[-105.096177,37.311816],[-105.094856,37.308221],[-105.09829,37.303743],[-105.111299,37.299185],[-105.115425,37.296294],[-105.12808,37.296822],[-105.130192,37.297896],[-105.131703,37.30117],[-105.134407,37.299191],[-105.143042,37.295935],[-105.148056,37.296368],[-105.152005,37.293],[-105.157909,37.292892],[-105.164559,37.289117],[-105.165472,37.291241],[-105.165337,37.295228],[-105.163399,37.300422],[-105.164769,37.304431],[-105.164938,37.308521],[-105.166919,37.313792],[-105.165439,37.31678],[-105.166892,37.322684],[-105.163096,37.328909],[-105.165605,37.33353],[-105.167277,37.334842],[-105.167949,37.337031],[-105.165689,37.341509],[-105.16405,37.343022],[-105.164116,37.345216],[-105.166343,37.348985],[-105.16598,37.352513],[-105.168047,37.354693],[-105.166976,37.358147],[-105.168906,37.361514],[-105.166457,37.365598],[-105.165744,37.36942],[-105.166758,37.372253],[-105.16898,37.375012],[-105.165317,37.381174],[-105.167167,37.385836],[-105.166996,37.38785],[-105.166418,37.38877],[-105.162649,37.390302],[-105.161433,37.393209],[-105.156212,37.39923],[-105.142516,37.400946],[-105.138567,37.400691],[-105.132669,37.403606],[-105.12972,37.409254],[-105.130585,37.411655],[-105.135956,37.412462],[-105.139416,37.415585],[-105.141522,37.423656],[-105.141035,37.428643],[-105.145119,37.428995],[-105.143951,37.431738],[-105.146461,37.436002],[-105.145906,37.438587],[-105.146824,37.441092],[-105.149562,37.443182],[-105.152189,37.451554],[-105.154433,37.453554],[-105.155652,37.456547],[-105.158552,37.457323],[-105.16388,37.454525],[-105.168825,37.456221],[-105.171427,37.455363],[-105.175535,37.456528],[-105.173468,37.461096],[-105.175224,37.46597],[-105.176683,37.475594],[-105.18047,37.478681],[-105.182196,37.479211],[-105.180103,37.481579],[-105.176425,37.483408],[-105.174761,37.485274],[-105.174493,37.486976],[-105.177666,37.491391],[-105.172571,37.498772],[-105.174283,37.502514],[-105.173385,37.505795],[-105.174124,37.509299],[-105.17132,37.513246],[-105.172515,37.515607],[-105.171558,37.518122],[-105.174334,37.51989],[-105.173638,37.522998],[-105.174656,37.525169],[-105.176727,37.526944],[-105.177714,37.534104],[-105.182998,37.538198],[-105.183666,37.539649],[-105.183788,37.540896],[-105.182098,37.54258],[-105.182917,37.546432],[-105.178352,37.546319],[-105.179339,37.548676],[-105.183885,37.552638],[-105.183433,37.553835],[-105.184017,37.555841],[-105.188886,37.559478],[-105.193062,37.56389],[-105.194809,37.564655],[-105.193334,37.566381],[-105.196044,37.569867],[-105.201616,37.574023],[-105.205315,37.574261],[-105.211681,37.577661],[-105.21386,37.577883],[-105.21426,37.579728],[-105.218333,37.582439],[-105.218433,37.583496],[-105.217157,37.584858],[-105.2119,37.586089],[-105.207034,37.589503],[-105.20377,37.594449],[-105.198752,37.594065],[-105.196695,37.592754],[-105.193237,37.592168],[-105.194095,37.601035],[-105.19528,37.601012],[-105.196306,37.602725],[-105.194832,37.607362],[-105.195645,37.608939],[-105.19286,37.610478],[-105.192617,37.611851],[-105.189739,37.614447],[-105.184441,37.615984],[-105.187549,37.619669],[-105.201507,37.619194],[-105.211204,37.623006],[-105.214534,37.626425],[-105.219508,37.624238],[-105.220027,37.62192],[-105.221216,37.621171],[-105.226145,37.620369],[-105.235978,37.620773],[-105.236594,37.621665],[-105.241566,37.623724],[-105.243362,37.629229],[-105.245818,37.629956],[-105.250559,37.629807],[-105.253312,37.631186],[-105.254465,37.633276],[-105.253685,37.637127],[-105.255303,37.640258],[-105.257873,37.640619],[-105.260149,37.639205],[-105.266939,37.638353],[-105.267373,37.640226],[-105.272665,37.640803],[-105.275994,37.645224],[-105.278676,37.646352],[-105.282076,37.645324],[-105.28492,37.645886],[-105.287005,37.650953],[-105.289697,37.650442],[-105.295182,37.653528],[-105.295406,37.656797],[-105.297228,37.658305],[-105.301801,37.653603],[-105.303197,37.653085],[-105.308459,37.653822],[-105.309844,37.650527],[-105.313356,37.649716],[-105.315298,37.648301],[-105.318344,37.648806],[-105.322289,37.646178],[-105.329542,37.642981],[-105.334945,37.643265],[-105.345448,37.642024],[-105.346955,37.641166],[-105.34856,37.637758],[-105.352021,37.638197],[-105.354509,37.637241],[-105.354781,37.636102],[-105.360487,37.636449],[-105.364041,37.638454],[-105.367238,37.638344],[-105.370305,37.639396],[-105.373751,37.635791],[-105.37689,37.634452],[-105.380797,37.627953],[-105.384571,37.627605],[-105.386551,37.626438],[-105.391365,37.618355],[-105.393426,37.617095],[-105.39615,37.616776],[-105.400312,37.613415],[-105.4084,37.618],[-105.414911,37.615883],[-105.416997,37.617413],[-105.423507,37.61678],[-105.42851,37.613905],[-105.437567,37.613471],[-105.442279,37.611851],[-105.445044,37.607875],[-105.445887,37.604287],[-105.448172,37.602409],[-105.44785,37.600252],[-105.451302,37.598467],[-105.452454,37.596197],[-105.455224,37.593915],[-105.454528,37.593249],[-105.4551,37.592715],[-105.454492,37.590483],[-105.460268,37.58673],[-105.463321,37.585952],[-105.464478,37.584609],[-105.467275,37.584424],[-105.471447,37.581263],[-105.485516,37.577899],[-105.486799,37.580031],[-105.490574,37.58262],[-105.492155,37.582681],[-105.494294,37.585008],[-105.494591,37.592352],[-105.500913,37.596097],[-105.501669,37.598138]]]}},{"type":"Feature","properties":{"county_fips":"08057","name":"Jackson"},"geometry":{"type":"Polygon","coordinates":[[[-106.873221,40.973636],[-106.870584,40.981223],[-106.862307,40.983703],[-106.859368,40.983197],[-106.857063,40.98128],[-106.855429,40.987085],[-106.850736,40.990247],[-106.850865,40.991279],[-106.861289,40.996238],[-106.861454,40.999968],[-106.857773,41.002663],[-106.455715,41.002118],[-106.386356,41.001144],[-106.314218,40.998923],[-106.190554,40.997578],[-106.192357,40.993688],[-106.194871,40.991132],[-106.195438,40.988195],[-106.19494,40.986936],[-106.191124,40.98603],[-106.190628,40.983908],[-106.192267,40.982562],[-106.19004,40.97864],[-106.190206,40.974541],[-106.189422,40.972516],[-106.186737,40.970214],[-106.187701,40.964906],[-106.184844,40.963831],[-106.185253,40.961032],[-106.187391,40.95872],[-106.184359,40.954603],[-106.18797,40.949651],[-106.189293,40.945893],[-106.187166,40.940825],[-106.187599,40.937745],[-106.18617,40.936727],[-106.185307,40.933973],[-106.177234,40.929481],[-106.173435,40.924783],[-106.169433,40.923513],[-106.169487,40.920047],[-106.16817,40.918398],[-106.159202,40.914726],[-106.159577,40.912766],[-106.158551,40.910619],[-106.154593,40.909421],[-106.152198,40.906789],[-106.150096,40.906432],[-106.147881,40.904638],[-106.144069,40.9049],[-106.139286,40.902402],[-106.136908,40.902028],[-106.136701,40.899584],[-106.131622,40.896972],[-106.130734,40.895494],[-106.13143,40.892865],[-106.128987,40.889281],[-106.127618,40.88489],[-106.12998,40.878213],[-106.132425,40.876553],[-106.130671,40.873868],[-106.127691,40.871785],[-106.126893,40.869556],[-106.123176,40.867501],[-106.120803,40.867632],[-106.118971,40.865776],[-106.116536,40.866441],[-106.113192,40.864279],[-106.108404,40.863258],[-106.107763,40.861368],[-106.104698,40.860329],[-106.104281,40.859263],[-106.105637,40.85536],[-106.108132,40.852232],[-106.102442,40.852334],[-106.098515,40.849736],[-106.101261,40.843563],[-106.09878,40.841699],[-106.092452,40.840702],[-106.090502,40.837181],[-106.08833,40.835785],[-106.087914,40.833403],[-106.079584,40.830242],[-106.076871,40.82841],[-106.075306,40.825609],[-106.073125,40.824633],[-106.071316,40.822331],[-106.064831,40.821567],[-106.062533,40.819509],[-106.057715,40.81712],[-106.057798,40.814438],[-106.054566,40.813325],[-106.053288,40.810417],[-106.051502,40.809141],[-106.05235,40.805862],[-106.048651,40.805079],[-106.046737,40.80302],[-106.046694,40.800791],[-106.044896,40.797682],[-106.046053,40.795541],[-106.045371,40.791857],[-106.04281,40.79013],[-106.039652,40.78576],[-106.034573,40.785285],[-106.029685,40.781562],[-106.031033,40.77787],[-106.028908,40.777515],[-106.029247,40.773436],[-106.024488,40.771264],[-106.026622,40.767952],[-106.024338,40.766296],[-106.023499,40.764349],[-106.02388,40.761328],[-106.020673,40.758429],[-106.022255,40.754689],[-106.015266,40.752816],[-106.014831,40.751378],[-106.015426,40.750312],[-106.012213,40.743406],[-106.01036,40.742401],[-106.010544,40.740798],[-106.008526,40.740178],[-106.006008,40.737619],[-106.000569,40.734337],[-105.99627,40.733126],[-105.991965,40.728919],[-105.99058,40.72718],[-105.990939,40.724801],[-105.988833,40.723063],[-105.988079,40.721368],[-105.990077,40.718313],[-105.988739,40.709605],[-105.986021,40.707627],[-105.982448,40.706692],[-105.980521,40.703842],[-105.977085,40.702648],[-105.972591,40.695624],[-105.972341,40.693786],[-105.973958,40.690144],[-105.970409,40.686764],[-105.969928,40.685394],[-105.971824,40.682792],[-105.971393,40.680769],[-105.969392,40.67774],[-105.966664,40.675681],[-105.966455,40.673455],[-105.965114,40.671418],[-105.965039,40.668207],[-105.958639,40.66301],[-105.957838,40.660874],[-105.955821,40.658854],[-105.956686,40.654964],[-105.954427,40.647444],[-105.951079,40.645878],[-105.950556,40.644637],[-105.951102,40.64349],[-105.948485,40.642318],[-105.948062,40.635986],[-105.949261,40.62732],[-105.947199,40.623746],[-105.945016,40.621854],[-105.947021,40.616689],[-105.944742,40.614231],[-105.944535,40.612092],[-105.942064,40.609077],[-105.938681,40.608811],[-105.934711,40.60643],[-105.929888,40.605754],[-105.92813,40.600058],[-105.928049,40.593024],[-105.926543,40.590589],[-105.924496,40.583253],[-105.924977,40.580934],[-105.922266,40.574237],[-105.921248,40.572559],[-105.918444,40.5707],[-105.914694,40.570636],[-105.910892,40.56642],[-105.909784,40.562134],[-105.909914,40.558806],[-105.911833,40.552688],[-105.90951,40.54793],[-105.909577,40.544982],[-105.907049,40.542888],[-105.90715,40.540578],[-105.90509,40.535285],[-105.907091,40.527843],[-105.911175,40.522181],[-105.910176,40.519147],[-105.907857,40.515493],[-105.904507,40.514119],[-105.899111,40.518225],[-105.894576,40.520196],[-105.883852,40.521751],[-105.880086,40.523269],[-105.869091,40.520738],[-105.867513,40.519714],[-105.866369,40.517257],[-105.8619,40.514449],[-105.860621,40.511549],[-105.857058,40.507856],[-105.854732,40.507789],[-105.852303,40.506553],[-105.851793,40.498474],[-105.855206,40.494363],[-105.856105,40.490412],[-105.854926,40.486252],[-105.857175,40.483271],[-105.860595,40.482035],[-105.862474,40.480226],[-105.865585,40.481373],[-105.869152,40.480986],[-105.871136,40.480065],[-105.872265,40.478296],[-105.877466,40.477665],[-105.881548,40.475866],[-105.886019,40.477343],[-105.888693,40.476413],[-105.891754,40.476661],[-105.894305,40.469547],[-105.897225,40.469205],[-105.899345,40.465645],[-105.898351,40.463509],[-105.898334,40.457397],[-105.899824,40.4545],[-105.898891,40.450258],[-105.897078,40.448513],[-105.898772,40.446206],[-105.899814,40.440769],[-105.903331,40.431712],[-105.898578,40.426806],[-105.897669,40.417727],[-105.899013,40.415211],[-105.902098,40.412907],[-105.901658,40.40649],[-105.90332,40.400751],[-105.905068,40.398816],[-105.907797,40.400468],[-105.910843,40.400513],[-105.9136,40.401617],[-105.920557,40.4018],[-105.92441,40.393162],[-105.927536,40.391026],[-105.930817,40.390238],[-105.936322,40.386196],[-105.940462,40.384524],[-105.946607,40.385047],[-105.945919,40.381449],[-105.947223,40.378069],[-105.946712,40.377248],[-105.937312,40.371941],[-105.938724,40.368684],[-105.938482,40.366237],[-105.942557,40.36434],[-105.949812,40.362947],[-105.954343,40.360297],[-105.955439,40.35481],[-105.959723,40.349381],[-105.959347,40.348481],[-105.960825,40.347939],[-105.970635,40.35013],[-105.97231,40.351561],[-105.973149,40.35469],[-105.975949,40.358225],[-105.978345,40.358023],[-105.981263,40.359631],[-105.983853,40.363134],[-105.986654,40.364582],[-105.994395,40.364568],[-105.998341,40.362493],[-106.010851,40.3619],[-106.013075,40.367977],[-106.011605,40.370276],[-106.013904,40.370586],[-106.013484,40.372129],[-106.014581,40.372864],[-106.018622,40.373295],[-106.02739,40.370867],[-106.029834,40.368432],[-106.036028,40.369099],[-106.039711,40.36665],[-106.043384,40.362896],[-106.046986,40.361864],[-106.054568,40.357636],[-106.063243,40.357243],[-106.065769,40.354357],[-106.085681,40.347183],[-106.087444,40.350379],[-106.091528,40.350091],[-106.094978,40.351142],[-106.09939,40.354473],[-106.101621,40.35384],[-106.105057,40.350171],[-106.116738,40.345852],[-106.127899,40.338042],[-106.134286,40.336001],[-106.1368,40.330131],[-106.142627,40.33018],[-106.147527,40.33209],[-106.149384,40.331967],[-106.151623,40.33486],[-106.156396,40.337049],[-106.158254,40.339505],[-106.16098,40.340781],[-106.162011,40.342612],[-106.17049,40.344006],[-106.174734,40.343183],[-106.179194,40.338264],[-106.180137,40.336014],[-106.179829,40.333991],[-106.189005,40.32768],[-106.189178,40.326532],[-106.19273,40.325853],[-106.194989,40.326448],[-106.196927,40.325617],[-106.198866,40.327107],[-106.201734,40.326451],[-106.206211,40.32789],[-106.211492,40.327663],[-106.217064,40.32908],[-106.220725,40.327782],[-106.221719,40.325791],[-106.230074,40.323382],[-106.231523,40.324795],[-106.23622,40.325746],[-106.238984,40.327956],[-106.2389,40.329816],[-106.241215,40.331684],[-106.244771,40.337322],[-106.251071,40.340553],[-106.251239,40.342692],[-106.253567,40.346626],[-106.253573,40.350325],[-106.256147,40.351305],[-106.257686,40.355177],[-106.259728,40.357752],[-106.261727,40.358206],[-106.265662,40.36095],[-106.269208,40.359295],[-106.269839,40.357202],[-106.27161,40.357168],[-106.276764,40.354936],[-106.277947,40.353723],[-106.284229,40.35579],[-106.286341,40.358897],[-106.28841,40.358038],[-106.291071,40.358204],[-106.292668,40.356934],[-106.295516,40.354242],[-106.295806,40.351514],[-106.298721,40.349428],[-106.297182,40.346927],[-106.298696,40.344833],[-106.298525,40.341284],[-106.296453,40.338992],[-106.29387,40.337625],[-106.296476,40.335284],[-106.29597,40.333091],[-106.298339,40.332406],[-106.299548,40.330291],[-106.305259,40.330896],[-106.305227,40.329106],[-106.306192,40.328502],[-106.312241,40.330184],[-106.316221,40.333565],[-106.319734,40.335188],[-106.321221,40.337325],[-106.32948,40.339148],[-106.334562,40.338943],[-106.336996,40.339645],[-106.337641,40.342904],[-106.34389,40.346531],[-106.344856,40.349634],[-106.350374,40.353111],[-106.351456,40.355837],[-106.353758,40.357536],[-106.356482,40.358073],[-106.362194,40.358022],[-106.366308,40.355922],[-106.370005,40.357474],[-106.372462,40.357031],[-106.37493,40.355395],[-106.378465,40.35473],[-106.381227,40.352797],[-106.385264,40.352373],[-106.386463,40.349588],[-106.389732,40.3457],[-106.393397,40.345836],[-106.396376,40.347019],[-106.404016,40.344952],[-106.407379,40.346141],[-106.410328,40.350156],[-106.414032,40.350945],[-106.41854,40.35013],[-106.420045,40.352214],[-106.421793,40.352793],[-106.427454,40.350814],[-106.430616,40.351289],[-106.433037,40.34956],[-106.438766,40.350268],[-106.439525,40.348792],[-106.44342,40.346533],[-106.454283,40.354294],[-106.457018,40.35451],[-106.457826,40.356118],[-106.455549,40.357984],[-106.456146,40.363337],[-106.458338,40.366528],[-106.463178,40.366993],[-106.464395,40.375912],[-106.467118,40.379193],[-106.473082,40.379389],[-106.471108,40.382276],[-106.471218,40.383436],[-106.474494,40.387984],[-106.477817,40.389251],[-106.481283,40.389431],[-106.47968,40.391949],[-106.479982,40.394802],[-106.477082,40.399717],[-106.477897,40.401041],[-106.477305,40.403747],[-106.48252,40.408429],[-106.489842,40.411578],[-106.491852,40.410045],[-106.492747,40.407976],[-106.494902,40.406879],[-106.495781,40.403585],[-106.498827,40.403594],[-106.500984,40.402596],[-106.502595,40.399343],[-106.503629,40.399292],[-106.51048,40.393386],[-106.510296,40.389277],[-106.5123,40.386753],[-106.515783,40.388384],[-106.518899,40.391022],[-106.520408,40.388455],[-106.525279,40.385807],[-106.527025,40.383238],[-106.527143,40.381182],[-106.526459,40.380318],[-106.527491,40.377481],[-106.526819,40.377212],[-106.527622,40.374563],[-106.529264,40.372772],[-106.52972,40.369113],[-106.531328,40.366622],[-106.534921,40.36508],[-106.538335,40.368641],[-106.538533,40.37043],[-106.539899,40.371342],[-106.54439,40.372021],[-106.546661,40.370316],[-106.553458,40.369869],[-106.555589,40.372646],[-106.555353,40.374233],[-106.556685,40.377276],[-106.559301,40.378079],[-106.562501,40.378392],[-106.564709,40.377538],[-106.56942,40.378567],[-106.576553,40.378558],[-106.585425,40.38226],[-106.587697,40.38143],[-106.589432,40.381801],[-106.591053,40.380581],[-106.594616,40.383178],[-106.594535,40.381427],[-106.596666,40.380992],[-106.596525,40.378853],[-106.601046,40.375804],[-106.602505,40.376082],[-106.603734,40.378334],[-106.60819,40.379732],[-106.60943,40.378288],[-106.612321,40.379383],[-106.611981,40.386831],[-106.617645,40.393198],[-106.618033,40.398929],[-106.619525,40.405245],[-106.62099,40.408018],[-106.62392,40.410903],[-106.625196,40.415007],[-106.629153,40.418925],[-106.62884,40.422178],[-106.626518,40.426955],[-106.623665,40.429583],[-106.622167,40.429763],[-106.623491,40.431729],[-106.626368,40.430958],[-106.632508,40.432565],[-106.638601,40.432244],[-106.643351,40.436041],[-106.650342,40.439781],[-106.651856,40.442145],[-106.65217,40.446262],[-106.651525,40.449377],[-106.655806,40.450191],[-106.656495,40.456043],[-106.658957,40.459376],[-106.65746,40.46243],[-106.658447,40.466594],[-106.657881,40.471559],[-106.659047,40.47211],[-106.665301,40.470524],[-106.667281,40.472647],[-106.667063,40.476061],[-106.664772,40.477118],[-106.663281,40.480272],[-106.656233,40.484408],[-106.657403,40.488333],[-106.65931,40.490198],[-106.653925,40.492439],[-106.653113,40.494732],[-106.65461,40.496443],[-106.654818,40.499029],[-106.656395,40.500946],[-106.655583,40.503413],[-106.655605,40.508513],[-106.656116,40.509454],[-106.661105,40.511944],[-106.65907,40.514582],[-106.663258,40.51704],[-106.666235,40.519879],[-106.670816,40.5205],[-106.673125,40.522461],[-106.673657,40.52586],[-106.669488,40.532481],[-106.669845,40.534446],[-106.676689,40.538035],[-106.678236,40.544049],[-106.683696,40.544798],[-106.68474,40.548921],[-106.686218,40.551327],[-106.692851,40.556639],[-106.691807,40.561169],[-106.692188,40.563537],[-106.696867,40.570544],[-106.698227,40.57436],[-106.702341,40.578025],[-106.698839,40.58289],[-106.699387,40.586796],[-106.694766,40.592009],[-106.693965,40.594452],[-106.69507,40.598011],[-106.698267,40.59939],[-106.698723,40.602039],[-106.704561,40.607587],[-106.703658,40.60862],[-106.703741,40.610553],[-106.706218,40.615606],[-106.70379,40.62013],[-106.703957,40.621838],[-106.701062,40.625513],[-106.703622,40.627771],[-106.698264,40.627483],[-106.697272,40.628415],[-106.697162,40.629932],[-106.694209,40.632902],[-106.688998,40.635058],[-106.686774,40.634727],[-106.688875,40.638778],[-106.688656,40.639649],[-106.686016,40.641441],[-106.682848,40.646865],[-106.680142,40.648036],[-106.680654,40.649284],[-106.682064,40.649675],[-106.687731,40.649873],[-106.692082,40.657746],[-106.691826,40.659958],[-106.690502,40.659906],[-106.685566,40.662883],[-106.687131,40.670581],[-106.686885,40.672728],[-106.686083,40.673707],[-106.681057,40.675168],[-106.682391,40.677898],[-106.687073,40.680608],[-106.687346,40.682679],[-106.680231,40.683681],[-106.679476,40.685918],[-106.672862,40.688336],[-106.672277,40.690692],[-106.668508,40.694633],[-106.667953,40.696305],[-106.668565,40.698618],[-106.670767,40.701047],[-106.672537,40.706913],[-106.672479,40.708478],[-106.668924,40.710257],[-106.668725,40.71104],[-106.671193,40.716379],[-106.669978,40.720715],[-106.673807,40.724025],[-106.66952,40.728791],[-106.671039,40.732819],[-106.673826,40.735109],[-106.676063,40.735303],[-106.676694,40.736631],[-106.674743,40.736678],[-106.671145,40.738659],[-106.668326,40.73912],[-106.662952,40.743018],[-106.662556,40.744769],[-106.665189,40.748857],[-106.664178,40.750965],[-106.661313,40.753346],[-106.661871,40.754085],[-106.663437,40.754076],[-106.665232,40.757688],[-106.669498,40.759657],[-106.669699,40.761697],[-106.663327,40.766979],[-106.662668,40.769856],[-106.659237,40.772861],[-106.652383,40.77562],[-106.649161,40.775388],[-106.649766,40.777587],[-106.648274,40.781848],[-106.642701,40.784865],[-106.636922,40.789489],[-106.635961,40.791931],[-106.636894,40.794153],[-106.636885,40.799592],[-106.635824,40.802616],[-106.636545,40.803717],[-106.635538,40.804756],[-106.636754,40.805628],[-106.637139,40.809209],[-106.635704,40.811896],[-106.638913,40.813928],[-106.639324,40.815829],[-106.638393,40.817004],[-106.643004,40.820367],[-106.643407,40.821454],[-106.647135,40.821296],[-106.652942,40.823402],[-106.659114,40.823746],[-106.659635,40.824937],[-106.65909,40.825513],[-106.660034,40.826653],[-106.663992,40.828196],[-106.66289,40.832317],[-106.664041,40.834966],[-106.661304,40.840904],[-106.662644,40.843341],[-106.654472,40.845543],[-106.654541,40.849117],[-106.658107,40.853696],[-106.664522,40.856758],[-106.66462,40.859202],[-106.665968,40.858234],[-106.666837,40.859165],[-106.668161,40.865144],[-106.677987,40.86787],[-106.679479,40.869555],[-106.680536,40.872276],[-106.680303,40.874303],[-106.682205,40.875789],[-106.682697,40.877636],[-106.68477,40.878662],[-106.686162,40.880615],[-106.685293,40.884604],[-106.685883,40.885822],[-106.691669,40.888192],[-106.694159,40.888018],[-106.699983,40.8848],[-106.700189,40.882648],[-106.703468,40.880435],[-106.704547,40.876656],[-106.705756,40.876004],[-106.727789,40.87129],[-106.738279,40.873067],[-106.739341,40.870843],[-106.742632,40.874971],[-106.742202,40.877105],[-106.745871,40.8798],[-106.74682,40.88209],[-106.740853,40.8898],[-106.74356,40.891994],[-106.750007,40.893765],[-106.761121,40.894053],[-106.764934,40.896367],[-106.77006,40.896497],[-106.76754,40.898641],[-106.767742,40.902163],[-106.769004,40.904138],[-106.773792,40.905405],[-106.777807,40.905437],[-106.780911,40.907042],[-106.783146,40.906131],[-106.786979,40.902907],[-106.788589,40.902842],[-106.787613,40.900601],[-106.792009,40.899956],[-106.794096,40.900738],[-106.795365,40.897917],[-106.7987,40.896224],[-106.800638,40.895901],[-106.802068,40.896909],[-106.804896,40.897311],[-106.807885,40.899423],[-106.809751,40.899753],[-106.805378,40.902333],[-106.806335,40.906645],[-106.808455,40.908547],[-106.811312,40.915954],[-106.819007,40.918636],[-106.818257,40.920256],[-106.818747,40.922545],[-106.824797,40.932007],[-106.825058,40.928847],[-106.829365,40.924259],[-106.837184,40.923659],[-106.84471,40.925091],[-106.850006,40.924201],[-106.852349,40.925183],[-106.849998,40.925451],[-106.848696,40.926725],[-106.852388,40.929729],[-106.851896,40.93355],[-106.856116,40.934975],[-106.856014,40.937328],[-106.859376,40.938423],[-106.862444,40.941467],[-106.8622,40.947278],[-106.863481,40.952412],[-106.864629,40.954192],[-106.869784,40.95622],[-106.869526,40.959823],[-106.870125,40.962604],[-106.872668,40.967212],[-106.872463,40.971082],[-106.873221,40.973636]]]}},{"type":"Feature","properties":{"county_fips":"08059","name":"Jefferson"},"geometry":{"type":"MultiPolygon","coordinates":[[[[-105.055808,39.624314],[-105.05578,39.625998],[-105.05333,39.627989],[-105.053483,39.624253],[-105.055808,39.624314]]],[[[-105.059541,39.635375],[-105.059045,39.63876],[-105.053342,39.63877],[-105.053457,39.629526],[-105.057009,39.631679],[-105.059541,39.635375]]],[[[-105.063539,39.652387],[-105.063539,39.652979],[-105.06256,39.652991],[-105.062589,39.651854],[-105.063539,39.652387]]],[[[-105.064997,39.653774],[-105.063898,39.65378],[-105.06389,39.653333],[-105.064988,39.653331],[-105.064997,39.653774]]],[[[-105.081592,39.635277],[-105.081573,39.635688],[-105.08087,39.635683],[-105.08087,39.635001],[-105.081592,39.635277]]],[[[-105.398349,39.71733],[-105.39745,39.853697],[-105.397849,39.912886],[-105.238544,39.914386],[-105.148472,39.914049],[-105.147142,39.913849],[-105.16569,39.910515],[-105.166055,39.901494],[-105.165167,39.891486],[-105.146989,39.889212],[-105.138325,39.889228],[-105.134852,39.889292],[-105.137138,39.890831],[-105.136392,39.891016],[-105.136308,39.89202],[-105.131514,39.892668],[-105.130885,39.892697],[-105.130209,39.89058],[-105.128895,39.890353],[-105.128678,39.899985],[-105.147396,39.900094],[-105.147117,39.914002],[-105.108609,39.914137],[-105.107553,39.91239],[-105.106033,39.912768],[-105.106951,39.911729],[-105.100641,39.908638],[-105.100102,39.902206],[-105.096681,39.900787],[-105.096692,39.899788],[-105.090626,39.899677],[-105.090624,39.898903],[-105.084285,39.898957],[-105.08423,39.899837],[-105.071688,39.899832],[-105.071775,39.907018],[-105.062392,39.907025],[-105.062384,39.913987],[-105.060042,39.913977],[-105.060042,39.912453],[-105.058861,39.912438],[-105.058864,39.913687],[-105.057676,39.913702],[-105.057676,39.912429],[-105.055294,39.912426],[-105.055319,39.913725],[-105.052892,39.914224],[-105.053246,39.791063],[-105.06148,39.791075],[-105.062364,39.7905],[-105.064405,39.79108],[-105.065008,39.790159],[-105.064992,39.788359],[-105.062653,39.78834],[-105.062659,39.783847],[-105.053183,39.783797],[-105.053228,39.734922],[-105.055591,39.734508],[-105.055588,39.733105],[-105.055013,39.733724],[-105.053227,39.73311],[-105.053191,39.682397],[-105.057797,39.682272],[-105.057794,39.678697],[-105.060335,39.677954],[-105.06262,39.67928],[-105.062622,39.675008],[-105.053251,39.675037],[-105.053256,39.667785],[-105.071991,39.667763],[-105.071997,39.669344],[-105.074951,39.670485],[-105.07667,39.669061],[-105.081348,39.670133],[-105.081457,39.668577],[-105.081453,39.662056],[-105.079163,39.662041],[-105.076676,39.659312],[-105.071973,39.660024],[-105.070016,39.659071],[-105.070144,39.656874],[-105.067288,39.656879],[-105.06749,39.652491],[-105.070833,39.649579],[-105.063924,39.649566],[-105.0639,39.650295],[-105.062626,39.650267],[-105.062598,39.651513],[-105.058059,39.651251],[-105.058031,39.652959],[-105.05715,39.652946],[-105.057165,39.651986],[-105.053754,39.651727],[-105.053581,39.65116],[-105.057073,39.651248],[-105.057091,39.649701],[-105.063197,39.649626],[-105.063223,39.645992],[-105.072045,39.645984],[-105.074454,39.644104],[-105.076773,39.639353],[-105.076803,39.638735],[-105.073271,39.63874],[-105.073307,39.636563],[-105.081565,39.636166],[-105.081676,39.638759],[-105.0911,39.638719],[-105.091103,39.635083],[-105.109875,39.635072],[-105.109924,39.627085],[-105.107496,39.627093],[-105.107503,39.624218],[-105.091256,39.624198],[-105.091164,39.627081],[-105.087384,39.62709],[-105.087391,39.626046],[-105.085626,39.626107],[-105.08558,39.628527],[-105.083789,39.628527],[-105.083813,39.627318],[-105.08173,39.627313],[-105.081693,39.630149],[-105.083735,39.630155],[-105.083712,39.631327],[-105.080952,39.631327],[-105.080232,39.629461],[-105.076273,39.625095],[-105.074517,39.624227],[-105.076116,39.624225],[-105.065091,39.620045],[-105.065141,39.618582],[-105.097029,39.618362],[-105.09701,39.614311],[-105.058125,39.614409],[-105.058193,39.617366],[-105.056489,39.619918],[-105.05724,39.620914],[-105.053516,39.620864],[-105.05414,39.566088],[-105.04874,39.566088],[-105.051366,39.563257],[-105.057252,39.562306],[-105.058257,39.560379],[-105.060714,39.559941],[-105.06113,39.556906],[-105.06427,39.55531],[-105.063884,39.554743],[-105.065672,39.553346],[-105.066735,39.550499],[-105.074111,39.544268],[-105.074594,39.541652],[-105.076419,39.540055],[-105.077745,39.536706],[-105.076106,39.532691],[-105.080096,39.523156],[-105.077945,39.517495],[-105.078843,39.513119],[-105.078402,39.51149],[-105.085046,39.505956],[-105.084841,39.50121],[-105.086394,39.499447],[-105.086057,39.497853],[-105.087257,39.496572],[-105.086109,39.494923],[-105.086751,39.493423],[-105.092523,39.488392],[-105.098707,39.485394],[-105.106942,39.484719],[-105.111709,39.483529],[-105.113975,39.484398],[-105.115093,39.485976],[-105.117646,39.485392],[-105.118266,39.482988],[-105.115883,39.482535],[-105.116276,39.481451],[-105.119026,39.480124],[-105.121823,39.481304],[-105.12812,39.477626],[-105.130357,39.47368],[-105.134931,39.470952],[-105.132625,39.467908],[-105.133186,39.466125],[-105.132529,39.461248],[-105.127474,39.458467],[-105.124184,39.454985],[-105.123103,39.447957],[-105.123983,39.447461],[-105.124704,39.442736],[-105.126144,39.440187],[-105.123598,39.434129],[-105.128424,39.431757],[-105.133071,39.427439],[-105.135924,39.426495],[-105.138206,39.42307],[-105.140567,39.422401],[-105.144923,39.418996],[-105.14942,39.4176],[-105.155093,39.414066],[-105.160293,39.414241],[-105.166141,39.408634],[-105.169042,39.408936],[-105.170963,39.407825],[-105.171315,39.406551],[-105.169441,39.403326],[-105.169714,39.402143],[-105.167194,39.399753],[-105.167258,39.394308],[-105.165495,39.394008],[-105.164033,39.391454],[-105.169968,39.389096],[-105.171219,39.386804],[-105.172978,39.385745],[-105.173506,39.383424],[-105.173284,39.382317],[-105.170856,39.382261],[-105.169615,39.380682],[-105.172997,39.377722],[-105.170165,39.374518],[-105.167998,39.374149],[-105.167173,39.372399],[-105.16748,39.370682],[-105.169195,39.368702],[-105.166892,39.364679],[-105.166574,39.361754],[-105.167648,39.359159],[-105.16946,39.358806],[-105.171849,39.35676],[-105.172129,39.353013],[-105.17735,39.349381],[-105.176546,39.346904],[-105.177289,39.344471],[-105.179533,39.343013],[-105.1787,39.341025],[-105.179233,39.33986],[-105.182144,39.338588],[-105.184248,39.335268],[-105.187837,39.334186],[-105.187432,39.333256],[-105.182268,39.331374],[-105.182156,39.33021],[-105.18297,39.329296],[-105.188184,39.327961],[-105.188301,39.327082],[-105.185958,39.32626],[-105.185486,39.324405],[-105.187803,39.322853],[-105.188814,39.321153],[-105.188713,39.317133],[-105.192926,39.312862],[-105.198458,39.309972],[-105.198397,39.30928],[-105.19668,39.308544],[-105.197997,39.305355],[-105.196281,39.303595],[-105.196,39.302082],[-105.200212,39.302029],[-105.201283,39.30077],[-105.201129,39.29927],[-105.204979,39.299798],[-105.207681,39.298194],[-105.207173,39.296228],[-105.205231,39.294899],[-105.202887,39.294752],[-105.202479,39.293583],[-105.203496,39.293022],[-105.206822,39.293813],[-105.205531,39.291681],[-105.206737,39.290625],[-105.20775,39.291518],[-105.208565,39.291169],[-105.208042,39.289612],[-105.212473,39.284484],[-105.211334,39.282915],[-105.211391,39.280734],[-105.216386,39.277618],[-105.215541,39.276636],[-105.217507,39.274596],[-105.215424,39.272483],[-105.220559,39.269174],[-105.220611,39.267842],[-105.218504,39.26678],[-105.217419,39.260395],[-105.219598,39.259641],[-105.225105,39.260525],[-105.225293,39.259623],[-105.223402,39.258417],[-105.223443,39.256154],[-105.226972,39.25635],[-105.227777,39.25386],[-105.231537,39.253881],[-105.234393,39.255307],[-105.234354,39.251979],[-105.237701,39.250674],[-105.23713,39.249348],[-105.234952,39.249491],[-105.233938,39.246868],[-105.235631,39.244261],[-105.240559,39.244057],[-105.246802,39.240384],[-105.252261,39.243645],[-105.253472,39.243314],[-105.253536,39.241372],[-105.25503,39.240274],[-105.254238,39.238131],[-105.255572,39.235853],[-105.257619,39.233154],[-105.261784,39.231482],[-105.263569,39.229058],[-105.261528,39.226571],[-105.262436,39.224637],[-105.261302,39.223269],[-105.263504,39.220976],[-105.260577,39.216855],[-105.261531,39.214461],[-105.260086,39.212558],[-105.259889,39.210607],[-105.26212,39.209918],[-105.263194,39.208005],[-105.269519,39.209419],[-105.27316,39.207624],[-105.275597,39.207626],[-105.278079,39.20223],[-105.282265,39.200968],[-105.2851,39.194588],[-105.284714,39.192074],[-105.28639,39.186314],[-105.289274,39.183889],[-105.287331,39.181255],[-105.287512,39.179064],[-105.294748,39.174838],[-105.293481,39.173709],[-105.293823,39.17313],[-105.29944,39.172529],[-105.302014,39.169246],[-105.300214,39.168017],[-105.300432,39.167227],[-105.302271,39.166689],[-105.304892,39.164057],[-105.307962,39.16534],[-105.309982,39.163519],[-105.310692,39.161526],[-105.31321,39.159888],[-105.313195,39.156626],[-105.315491,39.154525],[-105.316217,39.148724],[-105.315634,39.145801],[-105.321556,39.146191],[-105.323069,39.145596],[-105.322147,39.142958],[-105.322793,39.14083],[-105.32174,39.138842],[-105.321962,39.136967],[-105.329445,39.129487],[-105.397875,39.129564],[-105.3979,39.24999],[-105.396712,39.264883],[-105.398652,39.326189],[-105.39795,39.388791],[-105.398552,39.463488],[-105.397898,39.466957],[-105.39915,39.581588],[-105.39825,39.636588],[-105.398349,39.71733]]]]}},{"type":"Feature","properties":{"county_fips":"08061","name":"Kiowa"},"geometry":{"type":"Polygon","coordinates":[[[-102.618378,38.267495],[-102.76137,38.266678],[-102.798991,38.267796],[-102.822906,38.266488],[-102.842321,38.267066],[-102.950073,38.266926],[-103.501764,38.265016],[-103.501747,38.342295],[-103.506985,38.342256],[-103.506669,38.407918],[-103.504674,38.523664],[-103.250561,38.523658],[-103.172878,38.525315],[-103.172943,38.61245],[-103.054241,38.615068],[-102.800557,38.614476],[-102.620497,38.612914],[-102.390781,38.615178],[-102.125329,38.614886],[-102.070692,38.615116],[-102.064789,38.615727],[-102.06383,38.615156],[-102.045082,38.615172],[-102.044475,38.268749],[-102.618378,38.267495]]]}},{"type":"Feature","properties":{"county_fips":"08063","name":"Kit Carson"},"geometry":{"type":"Polygon","coordinates":[[[-102.409929,39.044151],[-102.511785,39.041393],[-102.715766,39.038675],[-102.72411,39.040199],[-102.857944,39.039337],[-103.051372,39.039561],[-103.163025,39.03761],[-103.163072,39.127991],[-103.155253,39.127984],[-103.155089,39.13348],[-103.155236,39.38897],[-103.154321,39.56576],[-102.935196,39.568549],[-102.724445,39.567982],[-102.572549,39.56925],[-102.551554,39.570656],[-102.356857,39.570838],[-102.049806,39.574058],[-102.049204,39.374988],[-102.046571,39.047038],[-102.281802,39.046348],[-102.367732,39.045625],[-102.375468,39.044849],[-102.409929,39.044151]]]}},{"type":"Feature","properties":{"county_fips":"08065","name":"Lake"},"geometry":{"type":"Polygon","coordinates":[[[-106.504581,39.287362],[-106.502867,39.289993],[-106.503561,39.295051],[-106.501647,39.299818],[-106.499898,39.301483],[-106.492515,39.303996],[-106.492604,39.305737],[-106.49185,39.30662],[-106.487431,39.30897],[-106.485121,39.312566],[-106.476224,39.314748],[-106.476205,39.312498],[-106.473356,39.308843],[-106.468272,39.307315],[-106.465862,39.311461],[-106.463382,39.311494],[-106.459728,39.313006],[-106.454219,39.312259],[-106.452389,39.315669],[-106.450652,39.316698],[-106.444053,39.315218],[-106.44254,39.315291],[-106.439771,39.317321],[-106.43246,39.316353],[-106.426947,39.323355],[-106.428703,39.328182],[-106.428663,39.332555],[-106.429524,39.33371],[-106.428451,39.335131],[-106.432282,39.335956],[-106.434931,39.341099],[-106.435181,39.346637],[-106.43348,39.354174],[-106.429428,39.358032],[-106.428154,39.360892],[-106.421626,39.363797],[-106.417272,39.367296],[-106.414785,39.36749],[-106.411852,39.371313],[-106.408154,39.373696],[-106.405147,39.378927],[-106.400634,39.380962],[-106.397603,39.379845],[-106.391658,39.379397],[-106.38671,39.376666],[-106.380633,39.37615],[-106.378202,39.369401],[-106.376383,39.368542],[-106.374694,39.3657],[-106.371975,39.363708],[-106.37082,39.360637],[-106.364466,39.359972],[-106.363139,39.359234],[-106.362643,39.357217],[-106.358022,39.35514],[-106.351742,39.353683],[-106.344132,39.357712],[-106.339252,39.359064],[-106.332916,39.35823],[-106.328003,39.359236],[-106.321222,39.35927],[-106.311597,39.36222],[-106.302557,39.361119],[-106.296314,39.357335],[-106.295309,39.352936],[-106.292312,39.351849],[-106.285692,39.352128],[-106.283812,39.349469],[-106.281895,39.351455],[-106.272576,39.356358],[-106.270954,39.358074],[-106.263822,39.358769],[-106.259075,39.362012],[-106.252485,39.359111],[-106.250976,39.357632],[-106.250154,39.360701],[-106.245006,39.364107],[-106.239517,39.365667],[-106.233925,39.372936],[-106.229588,39.373167],[-106.226898,39.374165],[-106.226787,39.377054],[-106.225627,39.37963],[-106.135529,39.379546],[-106.137797,39.376845],[-106.138743,39.372006],[-106.141294,39.370914],[-106.144361,39.36812],[-106.148795,39.36835],[-106.152943,39.362761],[-106.150672,39.359732],[-106.148448,39.358613],[-106.14699,39.34926],[-106.14458,39.346852],[-106.143417,39.343125],[-106.139926,39.339553],[-106.146547,39.329938],[-106.147153,39.327605],[-106.149995,39.3254],[-106.151246,39.320694],[-106.169474,39.322232],[-106.174181,39.318276],[-106.176428,39.312075],[-106.182956,39.310907],[-106.183972,39.309354],[-106.183051,39.301112],[-106.180911,39.2988],[-106.182578,39.29306],[-106.181887,39.289968],[-106.185458,39.285751],[-106.184939,39.283391],[-106.186732,39.279134],[-106.185665,39.273286],[-106.184142,39.26886],[-106.181453,39.265366],[-106.181643,39.263293],[-106.180379,39.259905],[-106.181591,39.257005],[-106.181614,39.25357],[-106.180951,39.252445],[-106.181746,39.250643],[-106.180782,39.247932],[-106.18512,39.242694],[-106.182787,39.239608],[-106.17993,39.239447],[-106.172935,39.236805],[-106.169498,39.233758],[-106.168304,39.23072],[-106.168912,39.22876],[-106.16992,39.228101],[-106.170158,39.222994],[-106.178216,39.219132],[-106.177181,39.218147],[-106.178409,39.212978],[-106.182051,39.209943],[-106.184744,39.209308],[-106.180281,39.202521],[-106.179506,39.199998],[-106.17932,39.193493],[-106.185526,39.186587],[-106.182816,39.180403],[-106.17841,39.17458],[-106.178243,39.167536],[-106.179447,39.165036],[-106.175349,39.156298],[-106.175542,39.152918],[-106.174296,39.149364],[-106.174813,39.148018],[-106.173461,39.144796],[-106.174821,39.141423],[-106.172946,39.138765],[-106.173847,39.137076],[-106.180485,39.132935],[-106.182296,39.13029],[-106.1858,39.129249],[-106.185841,39.126839],[-106.187631,39.124597],[-106.188699,39.12102],[-106.191106,39.121075],[-106.199491,39.115508],[-106.203483,39.114089],[-106.203395,39.111962],[-106.207365,39.109537],[-106.210173,39.103918],[-106.209535,39.103075],[-106.203399,39.102732],[-106.199888,39.104366],[-106.195768,39.104472],[-106.190422,39.102752],[-106.18786,39.103736],[-106.178556,39.103291],[-106.176195,39.09963],[-106.171996,39.096042],[-106.169867,39.090731],[-106.16941,39.086804],[-106.171583,39.085886],[-106.173174,39.083722],[-106.17569,39.082939],[-106.180328,39.077245],[-106.186109,39.074987],[-106.186524,39.071638],[-106.191577,39.067983],[-106.190481,39.063983],[-106.191733,39.059217],[-106.191006,39.056073],[-106.389068,39.056295],[-106.577966,39.057908],[-106.576862,39.063369],[-106.577587,39.072758],[-106.579524,39.075574],[-106.579456,39.077536],[-106.577076,39.079437],[-106.580107,39.081751],[-106.583238,39.082959],[-106.584916,39.08483],[-106.586338,39.087743],[-106.586157,39.09405],[-106.580311,39.102164],[-106.574655,39.104278],[-106.570627,39.104193],[-106.570161,39.103515],[-106.568933,39.104009],[-106.568439,39.105205],[-106.563989,39.106041],[-106.563321,39.107268],[-106.564696,39.10908],[-106.564986,39.114007],[-106.563895,39.115748],[-106.558171,39.120223],[-106.558325,39.124237],[-106.559287,39.124656],[-106.559073,39.125799],[-106.560414,39.128448],[-106.563726,39.131199],[-106.564683,39.13294],[-106.5595,39.139684],[-106.558679,39.143847],[-106.560475,39.145756],[-106.560706,39.14952],[-106.562631,39.151947],[-106.561265,39.155677],[-106.557186,39.15671],[-106.551677,39.161465],[-106.545022,39.158872],[-106.538099,39.158012],[-106.536112,39.159437],[-106.535138,39.163146],[-106.532634,39.162468],[-106.531288,39.161224],[-106.527357,39.161021],[-106.520942,39.157353],[-106.518913,39.159698],[-106.516374,39.160336],[-106.511077,39.163532],[-106.508436,39.16777],[-106.51,39.174653],[-106.508208,39.178049],[-106.502649,39.180419],[-106.499607,39.183848],[-106.498172,39.192701],[-106.495836,39.19441],[-106.493649,39.198326],[-106.4946,39.200148],[-106.493779,39.206367],[-106.494954,39.208541],[-106.492943,39.215858],[-106.493869,39.219317],[-106.491808,39.220812],[-106.491258,39.222793],[-106.492154,39.225679],[-106.489711,39.227977],[-106.492721,39.229408],[-106.49874,39.234931],[-106.497649,39.242022],[-106.488251,39.249264],[-106.486154,39.253907],[-106.483127,39.255103],[-106.482977,39.258018],[-106.48106,39.259888],[-106.482812,39.261474],[-106.48407,39.265396],[-106.483722,39.271702],[-106.482954,39.272441],[-106.489829,39.27314],[-106.493632,39.27798],[-106.498544,39.279325],[-106.499926,39.281673],[-106.504031,39.284761],[-106.504581,39.287362]]]}},{"type":"Feature","properties":{"county_fips":"08067","name":"La Plata"},"geometry":{"type":"Polygon","coordinates":[[[-107.7124,36.999994],[-108.379303,36.999608],[-108.381069,37.001468],[-108.379612,37.004177],[-108.376253,37.006864],[-108.377278,37.008852],[-108.376678,37.011838],[-108.374789,37.013652],[-108.375097,37.01556],[-108.37406,37.01659],[-108.374323,37.017923],[-108.371679,37.020643],[-108.373344,37.024693],[-108.372506,37.025756],[-108.372141,37.028902],[-108.368681,37.028875],[-108.35858,37.02582],[-108.355392,37.025588],[-108.35644,37.028431],[-108.352863,37.03329],[-108.355118,37.03557],[-108.354386,37.038812],[-108.350712,37.040702],[-108.347188,37.045912],[-108.346809,37.048059],[-108.343044,37.048795],[-108.341153,37.051015],[-108.337367,37.052321],[-108.334356,37.054871],[-108.334719,37.059815],[-108.333387,37.060798],[-108.33446,37.062759],[-108.334313,37.064561],[-108.333177,37.067443],[-108.328266,37.069121],[-108.327739,37.071272],[-108.330174,37.074589],[-108.325701,37.076157],[-108.326751,37.079157],[-108.324106,37.081346],[-108.325087,37.083378],[-108.323601,37.085209],[-108.323312,37.087814],[-108.322232,37.089231],[-108.32307,37.090715],[-108.320619,37.095445],[-108.321065,37.0971],[-108.317341,37.097535],[-108.316261,37.099835],[-108.316689,37.101741],[-108.316094,37.102971],[-108.314601,37.104036],[-108.310591,37.104622],[-108.31013,37.1054],[-108.311309,37.109417],[-108.310038,37.110547],[-108.309689,37.112347],[-108.311418,37.114165],[-108.311799,37.116824],[-108.309624,37.119339],[-108.311221,37.123812],[-108.309658,37.124967],[-108.310326,37.129348],[-108.304108,37.135432],[-108.301513,37.13644],[-108.300893,37.138787],[-108.294227,37.144447],[-108.290459,37.145975],[-108.29015,37.146959],[-108.291241,37.149328],[-108.290169,37.154201],[-108.296073,37.158422],[-108.29364,37.163604],[-108.297415,37.17116],[-108.295401,37.17531],[-108.294622,37.180192],[-108.295925,37.186874],[-108.295721,37.190071],[-108.2929,37.194323],[-108.29263,37.198319],[-108.293273,37.199993],[-108.292883,37.202462],[-108.297467,37.20843],[-108.297283,37.213233],[-108.293762,37.216522],[-108.291535,37.220287],[-108.291497,37.222519],[-108.290423,37.223584],[-108.286277,37.224788],[-108.281683,37.228559],[-108.279742,37.228572],[-108.279599,37.227343],[-108.278845,37.227244],[-108.27562,37.229152],[-108.269596,37.229665],[-108.267536,37.233087],[-108.261448,37.235031],[-108.260079,37.239305],[-108.257671,37.240352],[-108.256215,37.243446],[-108.25064,37.246314],[-108.249611,37.249665],[-108.247312,37.24989],[-108.246601,37.254929],[-108.242462,37.261428],[-108.238589,37.262667],[-108.237154,37.270433],[-108.235281,37.272615],[-108.234539,37.275273],[-108.228676,37.276964],[-108.227312,37.278166],[-108.226876,37.280502],[-108.22803,37.281949],[-108.225691,37.286273],[-108.219688,37.287415],[-108.219376,37.293804],[-108.217989,37.29725],[-108.213771,37.298118],[-108.212504,37.300151],[-108.213085,37.303297],[-108.216494,37.306229],[-108.216477,37.311615],[-108.213618,37.313162],[-108.213821,37.31451],[-108.210482,37.321744],[-108.203036,37.326316],[-108.206702,37.332241],[-108.207921,37.333072],[-108.207728,37.335077],[-108.20576,37.338566],[-108.203971,37.346053],[-108.201981,37.348691],[-108.198242,37.3515],[-108.197568,37.355157],[-108.191599,37.359712],[-108.173032,37.366388],[-108.166586,37.365174],[-108.163798,37.362104],[-108.161704,37.362225],[-108.158106,37.363894],[-108.151615,37.362837],[-108.147041,37.365379],[-108.145649,37.367363],[-108.142196,37.369742],[-108.140477,37.372818],[-108.13373,37.373725],[-108.132349,37.374678],[-108.120481,37.374715],[-108.11768,37.376274],[-108.116277,37.378516],[-108.113616,37.380346],[-108.106234,37.381821],[-108.105635,37.388967],[-108.107455,37.392086],[-108.107556,37.394323],[-108.105336,37.405573],[-108.103418,37.408861],[-108.099546,37.412627],[-108.099168,37.415441],[-108.097795,37.417473],[-108.094807,37.419542],[-108.089509,37.421224],[-108.087543,37.42514],[-108.087287,37.427769],[-108.082871,37.427892],[-108.080041,37.429187],[-108.081052,37.432414],[-108.078042,37.438881],[-108.073413,37.438961],[-108.069261,37.437858],[-108.065406,37.438491],[-108.062121,37.437475],[-108.057397,37.438118],[-108.053028,37.437521],[-108.048443,37.442564],[-108.044104,37.443],[-108.042405,37.448353],[-108.038409,37.451931],[-108.039158,37.455875],[-108.037469,37.459066],[-108.034756,37.460603],[-108.033146,37.46494],[-108.03639,37.471178],[-108.034514,37.476829],[-108.032635,37.478792],[-108.033653,37.480099],[-108.033761,37.484498],[-108.035932,37.485733],[-108.036615,37.488199],[-108.036556,37.491127],[-108.034605,37.497173],[-108.037953,37.50277],[-108.037274,37.50527],[-108.035656,37.507165],[-108.03147,37.509059],[-108.033198,37.510359],[-108.034521,37.513135],[-108.033691,37.516321],[-108.032143,37.518046],[-108.034598,37.522275],[-108.033716,37.526679],[-108.034897,37.532044],[-108.028908,37.536252],[-108.025437,37.539719],[-108.025496,37.541106],[-108.02412,37.542921],[-108.023971,37.545925],[-108.02154,37.548667],[-108.021907,37.551279],[-108.020253,37.55378],[-108.02053,37.556423],[-108.019696,37.558524],[-108.021198,37.559414],[-108.021746,37.562824],[-108.018279,37.567141],[-108.02085,37.571445],[-108.019506,37.574027],[-108.020161,37.578284],[-108.019743,37.580904],[-108.020534,37.58249],[-108.019711,37.584947],[-108.023006,37.590999],[-108.016842,37.592068],[-108.016687,37.595827],[-108.013944,37.59647],[-108.014104,37.599028],[-108.01553,37.600852],[-108.014167,37.603759],[-108.013186,37.60479],[-108.009832,37.605777],[-108.004844,37.606048],[-108.004442,37.607667],[-108.000748,37.61118],[-108.0002,37.614325],[-107.996752,37.614416],[-107.993153,37.615859],[-107.991713,37.619652],[-107.989722,37.620707],[-107.987221,37.625004],[-107.983809,37.626174],[-107.979878,37.628875],[-107.972087,37.629816],[-107.97212,37.634321],[-107.969923,37.63717],[-107.970531,37.638476],[-107.970086,37.639587],[-107.758904,37.64033],[-107.743187,37.639547],[-107.482179,37.639501],[-107.481737,37.000127],[-107.7124,36.999994]]]}},{"type":"Feature","properties":{"county_fips":"08069","name":"Larimer"},"geometry":{"type":"Polygon","coordinates":[[[-105.237319,40.261895],[-105.289445,40.262785],[-105.375226,40.261291],[-105.390996,40.257884],[-105.402349,40.257784],[-105.551586,40.261478],[-105.653321,40.260457],[-105.658124,40.263317],[-105.662567,40.264214],[-105.66588,40.267133],[-105.672055,40.268101],[-105.67559,40.267267],[-105.678187,40.26812],[-105.678903,40.269869],[-105.682428,40.2728],[-105.680347,40.274668],[-105.681469,40.279046],[-105.679262,40.278912],[-105.68068,40.282576],[-105.680579,40.28446],[-105.685565,40.286743],[-105.686488,40.28829],[-105.685398,40.290079],[-105.681165,40.291945],[-105.684758,40.292383],[-105.687368,40.293733],[-105.688248,40.297714],[-105.685761,40.302925],[-105.689295,40.303479],[-105.690989,40.304939],[-105.691278,40.306164],[-105.69014,40.308648],[-105.694834,40.309323],[-105.69706,40.310933],[-105.700398,40.310462],[-105.702109,40.312083],[-105.700167,40.316364],[-105.697648,40.318273],[-105.698719,40.32078],[-105.70202,40.321711],[-105.70168,40.324309],[-105.713127,40.325568],[-105.721438,40.332018],[-105.726503,40.333504],[-105.729088,40.335278],[-105.728786,40.337935],[-105.729944,40.339624],[-105.734315,40.341675],[-105.736444,40.344906],[-105.736345,40.346615],[-105.739613,40.347108],[-105.742269,40.349277],[-105.747757,40.347508],[-105.752383,40.349093],[-105.753299,40.351421],[-105.756225,40.351355],[-105.758896,40.352878],[-105.759765,40.355779],[-105.763028,40.357118],[-105.764252,40.359133],[-105.767699,40.359764],[-105.769133,40.364474],[-105.772596,40.364411],[-105.774105,40.365233],[-105.774219,40.366759],[-105.776437,40.369545],[-105.78195,40.373759],[-105.78182,40.37699],[-105.78725,40.380872],[-105.788561,40.384282],[-105.790729,40.386263],[-105.791232,40.387863],[-105.790545,40.38964],[-105.791664,40.394335],[-105.790951,40.39864],[-105.791709,40.399723],[-105.793815,40.4008],[-105.797328,40.405042],[-105.800423,40.407218],[-105.802009,40.410911],[-105.808265,40.414954],[-105.811126,40.419399],[-105.81534,40.421486],[-105.816423,40.423991],[-105.817266,40.424323],[-105.817231,40.426488],[-105.814456,40.428522],[-105.814307,40.429459],[-105.814557,40.432085],[-105.816366,40.435519],[-105.815974,40.437208],[-105.813019,40.439161],[-105.811728,40.442853],[-105.807813,40.44504],[-105.805775,40.447333],[-105.807614,40.452262],[-105.805136,40.459233],[-105.804479,40.464224],[-105.805691,40.4665],[-105.811049,40.470942],[-105.808865,40.471078],[-105.807133,40.47241],[-105.807341,40.474527],[-105.811053,40.475773],[-105.81542,40.475339],[-105.820114,40.475972],[-105.830608,40.479568],[-105.834605,40.479869],[-105.837823,40.483033],[-105.841082,40.483618],[-105.846967,40.482791],[-105.847308,40.483931],[-105.854926,40.486252],[-105.856105,40.490412],[-105.855206,40.494363],[-105.851793,40.498474],[-105.852303,40.506553],[-105.854732,40.507789],[-105.857058,40.507856],[-105.860621,40.511549],[-105.8619,40.514449],[-105.866369,40.517257],[-105.867513,40.519714],[-105.869091,40.520738],[-105.880086,40.523269],[-105.883852,40.521751],[-105.894576,40.520196],[-105.899111,40.518225],[-105.904507,40.514119],[-105.908322,40.516074],[-105.911175,40.522181],[-105.907091,40.527843],[-105.90509,40.535285],[-105.90715,40.540578],[-105.907049,40.542888],[-105.909577,40.544982],[-105.90951,40.54793],[-105.911833,40.552688],[-105.909914,40.558806],[-105.909784,40.562134],[-105.910892,40.56642],[-105.914694,40.570636],[-105.918444,40.5707],[-105.921248,40.572559],[-105.922266,40.574237],[-105.924977,40.580934],[-105.924496,40.583253],[-105.926543,40.590589],[-105.928049,40.593024],[-105.92813,40.600058],[-105.929888,40.605754],[-105.934711,40.60643],[-105.938681,40.608811],[-105.942064,40.609077],[-105.944535,40.612092],[-105.944742,40.614231],[-105.947021,40.616689],[-105.945016,40.621854],[-105.947199,40.623746],[-105.949261,40.62732],[-105.948062,40.635986],[-105.948485,40.642318],[-105.951102,40.64349],[-105.950556,40.644637],[-105.951079,40.645878],[-105.954427,40.647444],[-105.956686,40.654964],[-105.955821,40.658854],[-105.957838,40.660874],[-105.958639,40.66301],[-105.965039,40.668207],[-105.965114,40.671418],[-105.966455,40.673455],[-105.966664,40.675681],[-105.969392,40.67774],[-105.971393,40.680769],[-105.971824,40.682792],[-105.969928,40.685394],[-105.970409,40.686764],[-105.973958,40.690144],[-105.972341,40.693786],[-105.972591,40.695624],[-105.977085,40.702648],[-105.980521,40.703842],[-105.982448,40.706692],[-105.986021,40.707627],[-105.988739,40.709605],[-105.990077,40.718313],[-105.988079,40.721368],[-105.988833,40.723063],[-105.990939,40.724801],[-105.99058,40.72718],[-105.994825,40.732143],[-105.997624,40.733835],[-106.000569,40.734337],[-106.006008,40.737619],[-106.008526,40.740178],[-106.010544,40.740798],[-106.01036,40.742401],[-106.012213,40.743406],[-106.015426,40.750312],[-106.014831,40.751378],[-106.015266,40.752816],[-106.022255,40.754689],[-106.020673,40.758429],[-106.02388,40.761328],[-106.023499,40.764349],[-106.024338,40.766296],[-106.026622,40.767952],[-106.024488,40.771264],[-106.029247,40.773436],[-106.028908,40.777515],[-106.031033,40.77787],[-106.029685,40.781562],[-106.034573,40.785285],[-106.039652,40.78576],[-106.04281,40.79013],[-106.045371,40.791857],[-106.046053,40.795541],[-106.044896,40.797682],[-106.046694,40.800791],[-106.046737,40.80302],[-106.048651,40.805079],[-106.05235,40.805862],[-106.051502,40.809141],[-106.053288,40.810417],[-106.054566,40.813325],[-106.057798,40.814438],[-106.057715,40.81712],[-106.062533,40.819509],[-106.064831,40.821567],[-106.071316,40.822331],[-106.073125,40.824633],[-106.075306,40.825609],[-106.076871,40.82841],[-106.079584,40.830242],[-106.087914,40.833403],[-106.08833,40.835785],[-106.090502,40.837181],[-106.092452,40.840702],[-106.099696,40.842094],[-106.101261,40.843563],[-106.098515,40.849736],[-106.102442,40.852334],[-106.108132,40.852232],[-106.105637,40.85536],[-106.104281,40.859263],[-106.104698,40.860329],[-106.107763,40.861368],[-106.108404,40.863258],[-106.113192,40.864279],[-106.116536,40.866441],[-106.118971,40.865776],[-106.120803,40.867632],[-106.123176,40.867501],[-106.126893,40.869556],[-106.127691,40.871785],[-106.130671,40.873868],[-106.132425,40.876553],[-106.12998,40.878213],[-106.127618,40.88489],[-106.128987,40.889281],[-106.13143,40.892865],[-106.130734,40.895494],[-106.131251,40.896608],[-106.136701,40.899584],[-106.136908,40.902028],[-106.139286,40.902402],[-106.144069,40.9049],[-106.147881,40.904638],[-106.150096,40.906432],[-106.152198,40.906789],[-106.154593,40.909421],[-106.158551,40.910619],[-106.159577,40.912766],[-106.159202,40.914726],[-106.16817,40.918398],[-106.169487,40.920047],[-106.169433,40.923513],[-106.173435,40.924783],[-106.177234,40.929481],[-106.185307,40.933973],[-106.18617,40.936727],[-106.187599,40.937745],[-106.187166,40.940825],[-106.189293,40.945893],[-106.18797,40.949651],[-106.184359,40.954603],[-106.187391,40.95872],[-106.185253,40.961032],[-106.184844,40.963831],[-106.187701,40.964906],[-106.186737,40.970214],[-106.189422,40.972516],[-106.190206,40.974541],[-106.19004,40.97864],[-106.192267,40.982562],[-106.190628,40.983908],[-106.191124,40.98603],[-106.19494,40.986936],[-106.195438,40.988195],[-106.194871,40.991132],[-106.192357,40.993688],[-106.191556,40.996285],[-106.190554,40.997578],[-105.729406,40.996822],[-105.248822,40.99844],[-104.943371,40.998213],[-104.943096,40.69326],[-104.943949,40.63496],[-104.944222,40.435894],[-104.945551,40.349099],[-105.05672,40.349281],[-105.055135,40.335183],[-105.055089,40.261793],[-105.197741,40.261085],[-105.237319,40.261895]]]}},{"type":"Feature","properties":{"county_fips":"08071","name":"Las Animas"},"geometry":{"type":"Polygon","coordinates":[[[-103.425684,36.999269],[-103.737788,36.997989],[-104.368881,36.993445],[-104.624555,36.994375],[-104.625544,36.993598],[-104.644997,36.993379],[-105.029226,36.992727],[-105.1208,36.995428],[-105.155042,36.995262],[-105.154176,37.293129],[-105.152005,37.293],[-105.150499,37.293785],[-105.148056,37.296368],[-105.144768,37.295835],[-105.141362,37.296455],[-105.134407,37.299191],[-105.131703,37.30117],[-105.130192,37.297896],[-105.12808,37.296822],[-105.115425,37.296294],[-105.111299,37.299185],[-105.098554,37.303608],[-105.094856,37.308221],[-105.096177,37.311816],[-105.094248,37.314703],[-105.09216,37.315352],[-105.084193,37.314953],[-105.074629,37.316846],[-105.073542,37.320143],[-105.068046,37.326046],[-105.050594,37.331049],[-105.046945,37.333442],[-105.045877,37.335352],[-105.040628,37.338076],[-105.036658,37.341619],[-105.03026,37.339474],[-105.024665,37.340321],[-105.023319,37.342567],[-105.02476,37.349981],[-105.023606,37.356836],[-105.020271,37.35635],[-105.017676,37.357018],[-105.016141,37.358358],[-105.011652,37.358765],[-105.007295,37.362327],[-105.004788,37.363173],[-105.003687,37.3658],[-104.995505,37.375551],[-104.989901,37.375968],[-104.983527,37.373388],[-104.980033,37.374241],[-104.975782,37.376747],[-104.971228,37.376243],[-104.962434,37.381914],[-104.954715,37.388778],[-104.947409,37.391403],[-104.940629,37.38925],[-104.938024,37.389422],[-104.932557,37.395412],[-104.925607,37.397057],[-104.922182,37.394318],[-104.915979,37.393533],[-104.911149,37.393937],[-104.907875,37.392338],[-104.906061,37.390113],[-104.898679,37.389209],[-104.892918,37.389424],[-104.886911,37.387862],[-104.883503,37.385827],[-104.87837,37.38788],[-104.874736,37.388095],[-104.871644,37.391232],[-104.867435,37.391596],[-104.863963,37.390908],[-104.859908,37.39248],[-104.858837,37.393638],[-104.847202,37.39569],[-104.838287,37.398675],[-104.835275,37.397845],[-104.834755,37.395265],[-104.826668,37.395651],[-104.823177,37.398053],[-104.818054,37.397086],[-104.817262,37.3975],[-104.816884,37.399487],[-104.815469,37.400381],[-104.812515,37.400256],[-104.811046,37.39863],[-104.808539,37.399674],[-104.80716,37.402214],[-104.803718,37.402935],[-104.799986,37.400031],[-104.797565,37.401174],[-104.793144,37.401505],[-104.787422,37.400107],[-104.783045,37.400504],[-104.77932,37.403782],[-104.774973,37.403675],[-104.772755,37.406461],[-104.76901,37.404833],[-104.765864,37.40565],[-104.760756,37.405451],[-104.757375,37.407112],[-104.753605,37.406324],[-104.748938,37.407029],[-104.749091,37.413975],[-104.743154,37.417887],[-104.742426,37.41979],[-104.740074,37.421607],[-104.737112,37.423001],[-104.736799,37.424949],[-104.733403,37.425368],[-104.730582,37.427242],[-104.727852,37.426497],[-104.725863,37.426938],[-104.725136,37.429989],[-104.721155,37.429416],[-104.720398,37.431166],[-104.718099,37.431826],[-104.715775,37.434714],[-104.712544,37.43665],[-104.711545,37.43651],[-104.711355,37.437477],[-104.708453,37.436617],[-104.702372,37.438155],[-104.69994,37.439245],[-104.699584,37.440138],[-104.696898,37.43894],[-104.695075,37.439915],[-104.695866,37.442797],[-104.69835,37.445446],[-104.698292,37.448085],[-104.700739,37.450183],[-104.699483,37.457259],[-104.698528,37.457687],[-104.698386,37.45897],[-104.699986,37.46374],[-104.698949,37.464766],[-104.699653,37.465949],[-104.698888,37.467933],[-104.699931,37.469838],[-104.697231,37.471807],[-104.695857,37.475389],[-104.694018,37.475782],[-104.691764,37.479031],[-104.693448,37.481846],[-104.695046,37.482291],[-104.696111,37.485425],[-104.691841,37.486624],[-104.691994,37.487754],[-104.690935,37.489239],[-104.692109,37.491227],[-104.6908,37.492019],[-104.690553,37.493612],[-104.68574,37.495992],[-104.666477,37.494792],[-104.649229,37.49532],[-104.627653,37.510902],[-104.620338,37.530053],[-104.548652,37.5747],[-104.548417,37.609424],[-104.45493,37.740839],[-104.456723,37.74788],[-104.375527,37.798588],[-104.351109,37.817488],[-104.05929,37.734172],[-104.058196,37.644049],[-103.857124,37.644826],[-103.750507,37.643558],[-103.625502,37.643973],[-103.500498,37.642936],[-103.451799,37.643788],[-103.361555,37.643272],[-103.2676,37.644145],[-103.075938,37.64342],[-103.074663,37.381754],[-103.082537,37.381613],[-103.083527,37.294291],[-103.086699,37.176386],[-103.08632,37.143426],[-103.087276,37.102678],[-103.086102,37.000188],[-103.425684,36.999269]]]}},{"type":"Feature","properties":{"county_fips":"08073","name":"Lincoln"},"geometry":{"type":"Polygon","coordinates":[[[-103.715458,39.30234],[-103.714355,39.566331],[-103.491247,39.565692],[-103.310146,39.566569],[-103.154388,39.565678],[-103.155236,39.38897],[-103.155089,39.13348],[-103.155253,39.127984],[-103.163072,39.127991],[-103.163171,39.12568],[-103.164159,38.690133],[-103.172474,38.690057],[-103.172878,38.525315],[-103.250561,38.523658],[-103.501003,38.523767],[-103.504674,38.523664],[-103.504666,38.516409],[-103.612983,38.517879],[-103.61299,38.522548],[-103.704872,38.522266],[-103.715476,38.521568],[-103.750888,38.522231],[-103.872609,38.522117],[-103.875508,38.522772],[-103.910516,38.52333],[-104.05426,38.522392],[-104.054083,38.638668],[-104.052982,38.694341],[-104.051942,38.694347],[-104.054577,38.782369],[-104.055528,38.868868],[-103.980713,38.868755],[-103.861563,38.866821],[-103.719664,38.866827],[-103.721465,38.997304],[-103.720952,39.05518],[-103.722007,39.084085],[-103.720824,39.098742],[-103.721152,39.128307],[-103.71523,39.128454],[-103.714892,39.285154],[-103.715458,39.30234]]]}},{"type":"Feature","properties":{"county_fips":"08075","name":"Logan"},"geometry":{"type":"Polygon","coordinates":[[[-103.226558,40.436087],[-103.374871,40.435297],[-103.40705,40.43636],[-103.465377,40.436346],[-103.465247,40.457503],[-103.4659,40.458429],[-103.4672,40.523253],[-103.581844,40.523383],[-103.581754,40.596177],[-103.580371,40.702023],[-103.574301,40.702018],[-103.573216,40.789166],[-103.573966,40.876187],[-103.573774,41.001716],[-103.413395,41.001912],[-103.396989,41.002558],[-103.365314,41.001846],[-103.250483,41.001776],[-102.653463,41.002332],[-102.65088,40.70534],[-102.664689,40.705189],[-102.665595,40.611692],[-102.664804,40.438473],[-102.888339,40.438304],[-103.226558,40.436087]]]}},{"type":"Feature","properties":{"county_fips":"08077","name":"Mesa"},"geometry":{"type":"Polygon","coordinates":[[[-108.378333,38.829426],[-108.378959,38.829075],[-108.379136,38.499987],[-109.060091,38.499989],[-109.059824,38.714746],[-109.05895,38.753405],[-109.054022,38.877161],[-109.052561,39.007984],[-109.051166,39.142603],[-109.050765,39.366677],[-108.466016,39.365951],[-108.375643,39.366635],[-108.36774,39.366122],[-107.430949,39.366178],[-107.428458,39.36248],[-107.429144,39.359206],[-107.428807,39.356193],[-107.430402,39.35378],[-107.430514,39.348222],[-107.436762,39.346386],[-107.438873,39.343282],[-107.438539,39.341019],[-107.442905,39.339083],[-107.445511,39.335263],[-107.449998,39.332664],[-107.450819,39.330034],[-107.453475,39.328843],[-107.457661,39.328973],[-107.462527,39.327224],[-107.463414,39.32427],[-107.465957,39.32212],[-107.464117,39.320343],[-107.463256,39.317182],[-107.465214,39.314337],[-107.461749,39.313344],[-107.459229,39.309686],[-107.456937,39.309236],[-107.456456,39.306927],[-107.454498,39.306545],[-107.451667,39.304528],[-107.450119,39.304425],[-107.447208,39.305788],[-107.44491,39.308798],[-107.440615,39.308394],[-107.4388,39.309019],[-107.437772,39.305764],[-107.439734,39.302491],[-107.43788,39.301004],[-107.437479,39.299564],[-107.434731,39.298594],[-107.431169,39.299005],[-107.421167,39.296856],[-107.412606,39.291877],[-107.408559,39.294098],[-107.406776,39.293037],[-107.403835,39.292786],[-107.398127,39.295001],[-107.396654,39.293912],[-107.397684,39.29182],[-107.396148,39.289513],[-107.396961,39.28356],[-107.393958,39.281592],[-107.394073,39.279388],[-107.388337,39.27832],[-107.382189,39.275127],[-107.379835,39.27574],[-107.378376,39.274804],[-107.377479,39.272208],[-107.379175,39.269101],[-107.391465,39.263881],[-107.391708,39.260168],[-107.393699,39.259026],[-107.394486,39.256299],[-107.398657,39.253464],[-107.400297,39.252946],[-107.403279,39.25385],[-107.40717,39.253412],[-107.416175,39.255807],[-107.421947,39.255575],[-107.424402,39.256492],[-107.424569,39.257644],[-107.429584,39.257286],[-107.430521,39.256505],[-107.429403,39.250589],[-107.43064,39.247441],[-107.429455,39.241348],[-107.431299,39.240079],[-107.435811,39.239146],[-107.439515,39.236946],[-107.442842,39.236468],[-107.444216,39.234333],[-107.449785,39.232251],[-107.451075,39.230673],[-107.457786,39.229402],[-107.460773,39.230314],[-107.463889,39.228354],[-107.474701,39.229046],[-107.477899,39.230818],[-107.478878,39.233646],[-107.480862,39.23402],[-107.482877,39.23562],[-107.484209,39.23538],[-107.486893,39.226795],[-107.492332,39.222044],[-107.494549,39.218423],[-107.497556,39.217463],[-107.500966,39.217926],[-107.506173,39.21649],[-107.51068,39.216212],[-107.513832,39.214],[-107.520294,39.206545],[-107.528838,39.202936],[-107.528908,39.202304],[-107.526071,39.200708],[-107.523304,39.197786],[-107.527432,39.19893],[-107.533349,39.198928],[-107.537584,39.197899],[-107.542569,39.195502],[-107.5436,39.193903],[-107.542801,39.191668],[-107.543809,39.186222],[-107.541712,39.184565],[-107.542842,39.182198],[-107.548951,39.181164],[-107.558118,39.178269],[-107.560821,39.178426],[-107.5648,39.180572],[-107.568439,39.181339],[-107.57099,39.177643],[-107.572992,39.176347],[-107.583626,39.173733],[-107.584735,39.171789],[-107.593303,39.164932],[-107.601027,39.16412],[-107.607107,39.16175],[-107.611056,39.156499],[-107.613947,39.15456],[-107.616945,39.155529],[-107.619108,39.154886],[-107.621279,39.151035],[-107.627845,39.149004],[-107.62892,39.148043],[-107.632415,39.140919],[-107.638281,39.141867],[-107.647926,39.131279],[-107.651314,39.130931],[-107.653625,39.126563],[-107.65376,39.124002],[-107.656603,39.122694],[-107.658449,39.119823],[-107.661086,39.118276],[-107.662674,39.116239],[-107.661814,39.113971],[-107.659818,39.112548],[-107.660309,39.111771],[-107.664604,39.109447],[-107.669858,39.108624],[-107.671439,39.107633],[-107.673168,39.104413],[-107.67384,39.101092],[-107.680815,39.100256],[-107.682945,39.092702],[-107.687577,39.088037],[-107.689556,39.087171],[-107.693545,39.087511],[-107.694114,39.085138],[-107.700007,39.083857],[-107.703876,39.084993],[-107.709121,39.083087],[-107.71021,39.082242],[-107.71009,39.081227],[-107.713267,39.080279],[-107.713047,39.079068],[-107.714952,39.075987],[-107.722124,39.068622],[-107.721624,39.065255],[-107.729944,39.066132],[-107.731078,39.065583],[-107.73263,39.062961],[-107.735023,39.066275],[-107.737004,39.065516],[-107.737988,39.06616],[-107.744399,39.062189],[-107.744115,39.060232],[-107.744881,39.059727],[-107.742486,39.059342],[-107.743564,39.057948],[-107.745563,39.057648],[-107.750598,39.053989],[-107.755609,39.053898],[-107.756401,39.052293],[-107.756184,39.049668],[-107.757822,39.049314],[-107.758691,39.047879],[-107.763517,39.046926],[-107.76549,39.043294],[-107.767215,39.043983],[-107.771085,39.043693],[-107.773968,39.047084],[-107.776685,39.048316],[-107.780097,39.05255],[-107.783722,39.053932],[-107.786341,39.056194],[-107.788944,39.056276],[-107.790977,39.059191],[-107.794241,39.061671],[-107.801333,39.063618],[-107.80213,39.064788],[-107.813461,39.067263],[-107.818975,39.069625],[-107.81972,39.070914],[-107.822439,39.070424],[-107.828156,39.071763],[-107.84001,39.077168],[-107.841793,39.076666],[-107.852108,39.078522],[-107.855818,39.076791],[-107.857206,39.079388],[-107.858555,39.080165],[-107.861443,39.077554],[-107.862618,39.078876],[-107.866475,39.076232],[-107.86757,39.074439],[-107.870261,39.074968],[-107.872642,39.073828],[-107.874814,39.072387],[-107.875239,39.070909],[-107.880906,39.070993],[-107.88693,39.067385],[-107.890871,39.066251],[-107.899707,39.06586],[-107.907415,39.060533],[-107.909044,39.060547],[-107.910981,39.062372],[-107.917497,39.064029],[-107.936875,39.062065],[-107.951221,39.059702],[-107.959229,39.060256],[-107.9643,39.059659],[-107.972615,39.061212],[-107.982173,39.059878],[-107.987204,39.052876],[-108.000638,39.045441],[-108.004278,39.041915],[-108.009488,39.039744],[-108.020706,39.033265],[-108.02303,39.030889],[-108.030766,39.028391],[-108.035803,39.020603],[-108.036119,39.01718],[-108.038297,39.015727],[-108.043321,39.013866],[-108.044457,39.012098],[-108.046796,39.012244],[-108.047801,39.011452],[-108.050361,39.015133],[-108.053779,39.014052],[-108.059652,39.006718],[-108.064506,39.00415],[-108.066269,39.000851],[-108.069963,38.996592],[-108.079712,38.991128],[-108.086919,38.982982],[-108.089816,38.981131],[-108.094663,38.980021],[-108.092048,38.97618],[-108.090372,38.971612],[-108.08686,38.967804],[-108.087305,38.96318],[-108.088764,38.962232],[-108.089772,38.960205],[-108.095564,38.956763],[-108.095467,38.954532],[-108.09764,38.953564],[-108.102271,38.94918],[-108.109609,38.938904],[-108.117536,38.931855],[-108.118946,38.929024],[-108.121807,38.926416],[-108.125579,38.924054],[-108.130657,38.922305],[-108.137741,38.926052],[-108.140481,38.925158],[-108.140375,38.920927],[-108.144398,38.91853],[-108.144821,38.916897],[-108.140323,38.908767],[-108.141122,38.906484],[-108.146953,38.907471],[-108.152478,38.901268],[-108.15942,38.901053],[-108.16631,38.902245],[-108.170524,38.898314],[-108.1758,38.897512],[-108.176988,38.895315],[-108.378333,38.829426]]]}},{"type":"Feature","properties":{"county_fips":"08079","name":"Mineral"},"geometry":{"type":"Polygon","coordinates":[[[-107.144733,37.682504],[-107.13994,37.757197],[-107.137356,37.828788],[-107.138607,37.86586],[-107.138191,37.938848],[-107.133699,37.937624],[-107.129627,37.937838],[-107.121968,37.940867],[-107.110669,37.943344],[-107.106117,37.947134],[-107.102872,37.955221],[-107.100077,37.951896],[-107.094606,37.949307],[-107.092144,37.94917],[-107.088362,37.950409],[-107.085552,37.953361],[-107.073659,37.954524],[-107.070638,37.956804],[-107.06778,37.961299],[-107.065449,37.959752],[-107.060525,37.959143],[-107.059388,37.955651],[-107.056384,37.952257],[-107.051159,37.952956],[-107.043528,37.948818],[-107.033206,37.950081],[-107.031547,37.951052],[-107.029925,37.953466],[-107.025506,37.954501],[-107.022918,37.953792],[-107.017542,37.949018],[-107.008973,37.946522],[-107.007654,37.947292],[-107.006756,37.949203],[-107.006695,37.954104],[-107.005624,37.956721],[-107.000956,37.955941],[-106.997749,37.957319],[-106.996866,37.960392],[-106.989807,37.961032],[-106.987625,37.963737],[-106.986934,37.969438],[-106.977922,37.969088],[-106.969921,37.973135],[-106.967981,37.975039],[-106.964013,37.972522],[-106.962453,37.972317],[-106.962179,37.967468],[-106.961355,37.967952],[-106.955369,37.965017],[-106.953042,37.962809],[-106.952365,37.957447],[-106.949091,37.956695],[-106.946317,37.954005],[-106.944464,37.953725],[-106.941519,37.954259],[-106.937356,37.956647],[-106.935406,37.958786],[-106.935258,37.960363],[-106.930141,37.963298],[-106.922378,37.965598],[-106.920312,37.967431],[-106.91675,37.966436],[-106.911579,37.966478],[-106.908668,37.964053],[-106.905199,37.963901],[-106.897834,37.967891],[-106.89456,37.967104],[-106.889603,37.961871],[-106.882751,37.961534],[-106.881367,37.96224],[-106.879167,37.96111],[-106.879342,37.959937],[-106.878341,37.9585],[-106.87988,37.949861],[-106.877136,37.948582],[-106.874352,37.942685],[-106.86976,37.941454],[-106.868681,37.937937],[-106.866253,37.934091],[-106.864198,37.933245],[-106.84727,37.91917],[-106.833984,37.918914],[-106.82994,37.917894],[-106.82452,37.91873],[-106.818427,37.914039],[-106.807937,37.915381],[-106.801026,37.913699],[-106.778537,37.894862],[-106.773066,37.885575],[-106.755823,37.880624],[-106.750597,37.881491],[-106.736666,37.887881],[-106.722903,37.874999],[-106.718664,37.872849],[-106.712441,37.871994],[-106.707976,37.87347],[-106.704484,37.875844],[-106.70154,37.876354],[-106.697161,37.876111],[-106.695314,37.874999],[-106.693523,37.873519],[-106.695675,37.713154],[-106.695638,37.664271],[-106.711624,37.664273],[-106.710767,37.396238],[-106.871183,37.393665],[-107.04526,37.392304],[-107.128737,37.392409],[-107.128699,37.473336],[-107.125604,37.600492],[-107.123734,37.625002],[-107.123868,37.675029],[-107.145138,37.675497],[-107.144733,37.682504]]]}},{"type":"Feature","properties":{"county_fips":"08081","name":"Moffat"},"geometry":{"type":"Polygon","coordinates":[[[-109.050026,41.000691],[-108.526029,40.999592],[-108.181227,41.000455],[-108.046539,41.002064],[-107.317794,41.00292],[-107.316539,40.87495],[-107.313365,40.686553],[-107.314153,40.600281],[-107.371487,40.600302],[-107.371328,40.542399],[-107.428813,40.542207],[-107.428505,40.46976],[-107.432068,40.334879],[-107.442594,40.334755],[-107.442518,40.308439],[-107.439506,40.247328],[-107.439372,40.220454],[-107.495618,40.219991],[-107.612094,40.223651],[-107.653941,40.224275],[-107.653987,40.223452],[-107.661534,40.223408],[-107.753609,40.223862],[-107.764545,40.223701],[-107.764544,40.222615],[-107.780207,40.222508],[-108.113179,40.22167],[-109.050949,40.222647],[-109.051245,40.441599],[-109.050092,40.529198],[-109.04801,40.580977],[-109.047767,40.609879],[-109.048944,40.662601],[-109.048432,40.662601],[-109.049088,40.714503],[-109.048455,40.826081],[-109.050026,41.000691]]]}},{"type":"Feature","properties":{"county_fips":"08083","name":"Montezuma"},"geometry":{"type":"Polygon","coordinates":[[[-109.045768,37.329259],[-109.045184,37.40623],[-109.043366,37.484818],[-109.024945,37.504545],[-109.008426,37.525281],[-108.917081,37.631902],[-108.66606,37.631583],[-108.666056,37.633195],[-108.62565,37.63261],[-108.441005,37.632816],[-108.408293,37.631886],[-108.309126,37.632298],[-108.194484,37.63397],[-108.161142,37.635265],[-108.125632,37.638105],[-108.107996,37.638753],[-107.970086,37.639587],[-107.970531,37.638476],[-107.969923,37.63717],[-107.97212,37.634321],[-107.972087,37.629816],[-107.979878,37.628875],[-107.983809,37.626174],[-107.987221,37.625004],[-107.989722,37.620707],[-107.991713,37.619652],[-107.993153,37.615859],[-107.996752,37.614416],[-108.0002,37.614325],[-108.000748,37.61118],[-108.004442,37.607667],[-108.004844,37.606048],[-108.009832,37.605777],[-108.013186,37.60479],[-108.014167,37.603759],[-108.01553,37.600852],[-108.014104,37.599028],[-108.013944,37.59647],[-108.016687,37.595827],[-108.016842,37.592068],[-108.023006,37.590999],[-108.019711,37.584947],[-108.020534,37.58249],[-108.019743,37.580904],[-108.020161,37.578284],[-108.019506,37.574027],[-108.02085,37.571445],[-108.018279,37.567141],[-108.021746,37.562824],[-108.021198,37.559414],[-108.019696,37.558524],[-108.02053,37.556423],[-108.020253,37.55378],[-108.021907,37.551279],[-108.02154,37.548667],[-108.023971,37.545925],[-108.02412,37.542921],[-108.025496,37.541106],[-108.025437,37.539719],[-108.028908,37.536252],[-108.034897,37.532044],[-108.033716,37.526679],[-108.034598,37.522275],[-108.032143,37.518046],[-108.033691,37.516321],[-108.034521,37.513135],[-108.033198,37.510359],[-108.03147,37.509059],[-108.035656,37.507165],[-108.037274,37.50527],[-108.037953,37.50277],[-108.034605,37.497173],[-108.036556,37.491127],[-108.036615,37.488199],[-108.035932,37.485733],[-108.033761,37.484498],[-108.033653,37.480099],[-108.032635,37.478792],[-108.034514,37.476829],[-108.03639,37.471178],[-108.033146,37.46494],[-108.034756,37.460603],[-108.037469,37.459066],[-108.039158,37.455875],[-108.038409,37.451931],[-108.042405,37.448353],[-108.044104,37.443],[-108.048443,37.442564],[-108.053028,37.437521],[-108.057397,37.438118],[-108.062121,37.437475],[-108.065406,37.438491],[-108.069261,37.437858],[-108.073413,37.438961],[-108.078042,37.438881],[-108.081052,37.432414],[-108.080041,37.429187],[-108.082871,37.427892],[-108.087287,37.427769],[-108.087543,37.42514],[-108.089509,37.421224],[-108.094807,37.419542],[-108.097795,37.417473],[-108.099168,37.415441],[-108.099546,37.412627],[-108.103418,37.408861],[-108.105336,37.405573],[-108.107556,37.394323],[-108.107455,37.392086],[-108.105635,37.388967],[-108.106234,37.381821],[-108.113616,37.380346],[-108.116277,37.378516],[-108.11768,37.376274],[-108.120481,37.374715],[-108.132349,37.374678],[-108.13373,37.373725],[-108.140477,37.372818],[-108.142196,37.369742],[-108.145649,37.367363],[-108.147041,37.365379],[-108.151615,37.362837],[-108.158106,37.363894],[-108.161704,37.362225],[-108.163798,37.362104],[-108.166586,37.365174],[-108.173032,37.366388],[-108.191599,37.359712],[-108.197568,37.355157],[-108.198242,37.3515],[-108.201981,37.348691],[-108.203971,37.346053],[-108.20576,37.338566],[-108.207728,37.335077],[-108.207921,37.333072],[-108.206702,37.332241],[-108.203036,37.326316],[-108.210482,37.321744],[-108.213821,37.31451],[-108.213618,37.313162],[-108.216477,37.311615],[-108.216494,37.306229],[-108.213085,37.303297],[-108.212504,37.300151],[-108.213771,37.298118],[-108.217989,37.29725],[-108.219376,37.293804],[-108.219688,37.287415],[-108.225691,37.286273],[-108.22803,37.281949],[-108.226876,37.280502],[-108.227312,37.278166],[-108.228676,37.276964],[-108.234539,37.275273],[-108.235281,37.272615],[-108.237154,37.270433],[-108.238589,37.262667],[-108.242462,37.261428],[-108.246601,37.254929],[-108.247312,37.24989],[-108.249611,37.249665],[-108.25064,37.246314],[-108.256215,37.243446],[-108.257671,37.240352],[-108.260079,37.239305],[-108.261448,37.235031],[-108.267536,37.233087],[-108.269596,37.229665],[-108.27562,37.229152],[-108.278845,37.227244],[-108.279599,37.227343],[-108.279742,37.228572],[-108.281683,37.228559],[-108.286277,37.224788],[-108.290423,37.223584],[-108.291497,37.222519],[-108.291535,37.220287],[-108.293762,37.216522],[-108.297283,37.213233],[-108.297467,37.20843],[-108.292883,37.202462],[-108.293273,37.199993],[-108.29263,37.198319],[-108.2929,37.194323],[-108.295721,37.190071],[-108.295925,37.186874],[-108.294622,37.180192],[-108.295401,37.17531],[-108.297415,37.17116],[-108.29364,37.163604],[-108.296073,37.158422],[-108.290169,37.154201],[-108.291241,37.149328],[-108.29015,37.146959],[-108.290459,37.145975],[-108.294227,37.144447],[-108.300893,37.138787],[-108.301513,37.13644],[-108.304108,37.135432],[-108.310326,37.129348],[-108.309658,37.124967],[-108.311221,37.123812],[-108.309624,37.119339],[-108.311799,37.116824],[-108.311418,37.114165],[-108.309689,37.112347],[-108.310038,37.110547],[-108.311309,37.109417],[-108.31013,37.1054],[-108.310591,37.104622],[-108.314601,37.104036],[-108.316094,37.102971],[-108.316689,37.101741],[-108.316261,37.099835],[-108.317341,37.097535],[-108.321065,37.0971],[-108.320619,37.095445],[-108.32307,37.090715],[-108.322232,37.089231],[-108.323312,37.087814],[-108.323601,37.085209],[-108.325087,37.083378],[-108.324106,37.081346],[-108.326751,37.079157],[-108.325701,37.076157],[-108.330174,37.074589],[-108.327739,37.071272],[-108.328266,37.069121],[-108.333177,37.067443],[-108.334313,37.064561],[-108.33446,37.062759],[-108.333387,37.060798],[-108.334719,37.059815],[-108.334356,37.054871],[-108.337367,37.052321],[-108.341153,37.051015],[-108.343044,37.048795],[-108.346809,37.048059],[-108.347188,37.045912],[-108.350712,37.040702],[-108.354386,37.038812],[-108.355118,37.03557],[-108.352863,37.03329],[-108.35644,37.028431],[-108.355392,37.025588],[-108.35858,37.02582],[-108.368681,37.028875],[-108.372141,37.028902],[-108.372506,37.025756],[-108.373344,37.024693],[-108.371679,37.020643],[-108.374323,37.017923],[-108.37406,37.01659],[-108.375097,37.01556],[-108.374789,37.013652],[-108.376678,37.011838],[-108.377278,37.008852],[-108.376253,37.006864],[-108.379612,37.004177],[-108.381069,37.001468],[-108.379303,36.999608],[-109.045172,36.998977],[-109.045768,37.329259]]]}},{"type":"Feature","properties":{"county_fips":"08085","name":"Montrose"},"geometry":{"type":"Polygon","coordinates":[[[-108.086691,38.275748],[-108.087218,38.262553],[-108.086604,38.255202],[-108.011531,38.255261],[-108.011531,38.248203],[-107.984084,38.248386],[-107.984184,38.233936],[-107.965419,38.234015],[-107.965408,38.226509],[-107.947142,38.226477],[-107.94702,38.218947],[-107.937588,38.218992],[-107.938145,38.173936],[-107.947744,38.173767],[-107.946963,38.152491],[-108.741856,38.15316],[-108.880672,38.154024],[-108.906749,38.154959],[-108.906749,38.153292],[-108.979578,38.153662],[-109.042583,38.153028],[-109.042835,38.166268],[-109.060187,38.275528],[-109.060119,38.500028],[-108.379136,38.499987],[-108.378698,38.668097],[-107.500655,38.668553],[-107.50002,38.301926],[-107.63504,38.301896],[-107.632988,38.309518],[-107.635325,38.312144],[-107.636498,38.316307],[-107.633747,38.320481],[-107.633536,38.322466],[-107.630962,38.325679],[-107.63234,38.326866],[-107.633627,38.329884],[-107.635423,38.330924],[-107.635697,38.332148],[-107.866597,38.332205],[-107.875618,38.332778],[-108.13238,38.331573],[-108.131748,38.320756],[-108.123683,38.320928],[-108.123269,38.313635],[-108.104819,38.313718],[-108.104161,38.284179],[-108.08635,38.284334],[-108.086691,38.275748]]]}},{"type":"Feature","properties":{"county_fips":"08087","name":"Morgan"},"geometry":{"type":"Polygon","coordinates":[[[-103.8661,40.001233],[-104.150332,40.000856],[-104.1498,40.18087],[-104.150538,40.34748],[-104.150494,40.350245],[-104.147536,40.350245],[-104.147521,40.350964],[-104.146523,40.430088],[-104.147714,40.524389],[-103.803365,40.524175],[-103.695926,40.522018],[-103.581844,40.523383],[-103.4672,40.523253],[-103.464485,40.406242],[-103.464625,40.34992],[-103.470982,40.349759],[-103.471803,40.249979],[-103.472598,40.238628],[-103.473484,40.166652],[-103.472096,40.088481],[-103.47199,40.001502],[-103.8661,40.001233]]]}},{"type":"Feature","properties":{"county_fips":"08089","name":"Otero"},"geometry":{"type":"Polygon","coordinates":[[[-103.673731,38.112906],[-103.619172,38.113355],[-103.619283,38.171455],[-103.58321,38.172753],[-103.509364,38.172514],[-103.51006,38.265169],[-103.399938,38.265435],[-103.39858,38.114491],[-103.398968,37.990555],[-103.398108,37.960627],[-103.399781,37.899616],[-103.399854,37.822812],[-103.403682,37.822792],[-103.403434,37.750011],[-103.404339,37.643576],[-103.451799,37.643788],[-103.500498,37.642936],[-103.625502,37.643973],[-103.750507,37.643558],[-103.857124,37.644826],[-104.058196,37.644049],[-104.05929,37.734172],[-104.061132,37.734704],[-104.062073,37.792123],[-104.061891,37.822715],[-104.060069,37.82303],[-104.059374,37.875009],[-104.059392,38.054326],[-104.058242,38.146492],[-104.049179,38.146273],[-104.047913,38.145238],[-104.047045,38.141389],[-104.037321,38.141495],[-104.02719,38.140489],[-104.015061,38.142809],[-104.010227,38.145737],[-104.007751,38.145547],[-104.005106,38.143541],[-104.002074,38.142837],[-103.999228,38.145783],[-103.994696,38.146654],[-103.991203,38.145433],[-103.984213,38.140914],[-103.977753,38.141068],[-103.974991,38.140336],[-103.974128,38.138627],[-103.976957,38.134348],[-103.976407,38.13299],[-103.974378,38.132119],[-103.960155,38.130401],[-103.952461,38.130545],[-103.944586,38.126687],[-103.933989,38.124417],[-103.93012,38.125005],[-103.929041,38.127328],[-103.92593,38.129646],[-103.923399,38.130424],[-103.920152,38.129274],[-103.918687,38.125542],[-103.916302,38.124729],[-103.913487,38.125081],[-103.91098,38.126563],[-103.911733,38.129885],[-103.913525,38.131624],[-103.912768,38.134108],[-103.906054,38.134864],[-103.902064,38.133975],[-103.898512,38.131132],[-103.900662,38.125409],[-103.878001,38.124649],[-103.868672,38.128809],[-103.866262,38.12876],[-103.858342,38.125425],[-103.850335,38.125048],[-103.846211,38.123405],[-103.841687,38.117346],[-103.835616,38.11334],[-103.82871,38.11441],[-103.825908,38.113062],[-103.821866,38.113516],[-103.81191,38.117845],[-103.807316,38.1164],[-103.803033,38.112533],[-103.750674,38.113214],[-103.673731,38.112906]]]}},{"type":"Feature","properties":{"county_fips":"08091","name":"Ouray"},"geometry":{"type":"Polygon","coordinates":[[[-108.13238,38.331573],[-107.875618,38.332778],[-107.866597,38.332205],[-107.635697,38.332148],[-107.635423,38.330924],[-107.633627,38.329884],[-107.63234,38.326866],[-107.630962,38.325679],[-107.633536,38.322466],[-107.633747,38.320481],[-107.636498,38.316307],[-107.635325,38.312144],[-107.632988,38.309518],[-107.635186,38.302258],[-107.631699,38.297259],[-107.631236,38.295205],[-107.629625,38.294157],[-107.630083,38.292292],[-107.629001,38.290853],[-107.629236,38.287861],[-107.626557,38.28597],[-107.624477,38.279711],[-107.619937,38.275272],[-107.617137,38.27545],[-107.617051,38.272507],[-107.614725,38.270107],[-107.615355,38.268971],[-107.61157,38.260827],[-107.600159,38.253895],[-107.593951,38.253523],[-107.590701,38.252046],[-107.588668,38.24929],[-107.588619,38.246761],[-107.58665,38.24303],[-107.58748,38.240228],[-107.584908,38.236255],[-107.582682,38.234603],[-107.582113,38.231139],[-107.580243,38.230824],[-107.580372,38.224968],[-107.579015,38.222663],[-107.58087,38.21809],[-107.579903,38.214811],[-107.580978,38.212685],[-107.575576,38.209797],[-107.575506,38.200019],[-107.572612,38.194064],[-107.572344,38.187435],[-107.570258,38.181353],[-107.568011,38.180811],[-107.566566,38.176645],[-107.567993,38.171468],[-107.566523,38.170741],[-107.566311,38.168728],[-107.564292,38.166664],[-107.562189,38.158792],[-107.563208,38.152897],[-107.564426,38.150329],[-107.568614,38.14877],[-107.568248,38.147747],[-107.571613,38.143288],[-107.572823,38.138432],[-107.574245,38.136009],[-107.573522,38.134953],[-107.569205,38.134047],[-107.569665,38.133282],[-107.568495,38.13101],[-107.564733,38.127906],[-107.563308,38.123658],[-107.563945,38.117096],[-107.561768,38.113981],[-107.560855,38.110503],[-107.562514,38.104811],[-107.562312,38.101519],[-107.565394,38.098868],[-107.565089,38.097886],[-107.559828,38.091669],[-107.560382,38.090601],[-107.559946,38.087776],[-107.55744,38.085715],[-107.554098,38.07953],[-107.550289,38.078236],[-107.544373,38.08073],[-107.53739,38.079435],[-107.533262,38.080059],[-107.530087,38.076486],[-107.526466,38.075921],[-107.52333,38.072049],[-107.52054,38.07042],[-107.51683,38.069741],[-107.515333,38.067838],[-107.514919,38.064955],[-107.511,38.060539],[-107.515879,38.057881],[-107.518768,38.058259],[-107.522282,38.057222],[-107.522989,38.055325],[-107.52107,38.051792],[-107.522775,38.048186],[-107.520577,38.045725],[-107.522337,38.044164],[-107.522141,38.042044],[-107.525311,38.039039],[-107.527027,38.039878],[-107.531129,38.038963],[-107.531796,38.036992],[-107.537534,38.032291],[-107.536656,38.030534],[-107.536852,38.028686],[-107.538882,38.028236],[-107.539856,38.027109],[-107.536589,38.022744],[-107.537566,38.019702],[-107.539427,38.017715],[-107.539353,38.014707],[-107.537901,38.013072],[-107.537975,38.008919],[-107.54338,38.005766],[-107.546704,38.000379],[-107.54992,37.998294],[-107.554286,37.999472],[-107.556506,37.999162],[-107.566001,38.005195],[-107.574092,38.006349],[-107.574343,38.004661],[-107.580421,38.000548],[-107.586737,37.999408],[-107.58679,37.993764],[-107.591367,37.992252],[-107.589808,37.989629],[-107.5882,37.982795],[-107.584357,37.977116],[-107.584165,37.976019],[-107.588221,37.970312],[-107.587004,37.968478],[-107.582984,37.967923],[-107.580296,37.968475],[-107.572687,37.967166],[-107.570734,37.966027],[-107.569035,37.966039],[-107.568875,37.965015],[-107.641588,37.965009],[-107.640418,37.962016],[-107.641004,37.959609],[-107.639928,37.957859],[-107.642885,37.953134],[-107.642692,37.949558],[-107.64088,37.947155],[-107.641973,37.943731],[-107.640513,37.939398],[-107.642842,37.936611],[-107.642528,37.933212],[-107.641716,37.930993],[-107.640009,37.929534],[-107.639255,37.92587],[-107.637464,37.923564],[-107.637926,37.920859],[-107.646799,37.91665],[-107.646418,37.915319],[-107.64725,37.913405],[-107.648799,37.913007],[-107.650596,37.909647],[-107.656691,37.907992],[-107.661264,37.909446],[-107.662297,37.907456],[-107.661486,37.906563],[-107.663756,37.903517],[-107.666283,37.902965],[-107.671605,37.902886],[-107.678452,37.904482],[-107.680572,37.904057],[-107.683304,37.90092],[-107.688606,37.901769],[-107.689484,37.901203],[-107.689915,37.898975],[-107.692256,37.897728],[-107.693154,37.894804],[-107.695665,37.89241],[-107.697206,37.892844],[-107.701088,37.892046],[-107.701693,37.892941],[-107.705091,37.893969],[-107.70716,37.893634],[-107.708138,37.896627],[-107.707615,37.898614],[-107.70931,37.899426],[-107.711163,37.898632],[-107.712888,37.898927],[-107.716633,37.897088],[-107.719469,37.89789],[-107.720864,37.89742],[-107.724408,37.898802],[-107.732566,37.904233],[-107.736659,37.904564],[-107.738283,37.905432],[-107.73505,37.910896],[-107.736951,37.914565],[-107.737494,37.917687],[-107.733159,37.92032],[-107.733318,37.922063],[-107.735563,37.924859],[-107.733307,37.926947],[-107.732788,37.929975],[-107.737916,37.93446],[-107.739148,37.939261],[-107.742407,37.940368],[-107.743893,37.942044],[-107.744316,37.945797],[-107.748897,37.953116],[-107.755754,37.954646],[-107.760855,37.959632],[-107.763601,37.959209],[-107.765783,37.960951],[-107.769301,37.961981],[-107.776062,37.962011],[-107.778675,37.960948],[-107.780412,37.961879],[-107.785368,37.971012],[-107.78918,37.975273],[-107.787082,37.977205],[-107.786848,37.97851],[-107.791727,37.982355],[-107.793251,37.986415],[-107.795469,37.98852],[-107.79964,37.988264],[-107.802004,37.986891],[-107.804877,37.988818],[-107.814321,37.990673],[-107.815604,37.989394],[-107.819481,37.989724],[-107.824833,37.988163],[-107.829781,37.988963],[-107.837703,37.992528],[-107.843105,37.991653],[-107.848715,37.992459],[-107.849368,37.994427],[-107.847682,37.997518],[-107.843704,37.999142],[-107.841498,38.00113],[-107.842294,38.005823],[-107.84446,38.0059],[-107.849131,38.008599],[-107.858974,38.008397],[-107.862419,38.00943],[-107.86594,38.008012],[-107.873568,38.006819],[-107.878652,38.008232],[-107.8833,38.007371],[-107.889716,38.011615],[-107.891044,38.013531],[-107.889335,38.017615],[-107.891384,38.022537],[-107.891038,38.025018],[-107.900055,38.026029],[-107.898751,38.029424],[-107.896692,38.031598],[-107.896564,38.034753],[-107.893156,38.0392],[-107.892908,38.042724],[-107.888045,38.04539],[-107.891356,38.048707],[-107.891999,38.057837],[-107.893774,38.057742],[-107.892926,38.07247],[-107.896714,38.086829],[-107.892052,38.087011],[-107.892539,38.101347],[-107.891529,38.101364],[-107.891469,38.115957],[-107.951574,38.116125],[-107.951717,38.144982],[-107.965453,38.144903],[-107.965789,38.152328],[-107.946963,38.152491],[-107.947744,38.173767],[-107.938145,38.173936],[-107.937588,38.218992],[-107.94702,38.218947],[-107.947142,38.226477],[-107.965408,38.226509],[-107.965419,38.234015],[-107.984184,38.233936],[-107.984084,38.248386],[-108.011531,38.248203],[-108.011531,38.255261],[-108.086604,38.255202],[-108.087218,38.262553],[-108.08635,38.284334],[-108.104161,38.284179],[-108.104819,38.313718],[-108.123269,38.313635],[-108.123683,38.320928],[-108.131748,38.320756],[-108.13238,38.331573]]]}},{"type":"Feature","properties":{"county_fips":"08093","name":"Park"},"geometry":{"type":"Polygon","coordinates":[[[-106.210173,39.103918],[-106.207365,39.109537],[-106.203395,39.111962],[-106.203483,39.114089],[-106.199491,39.115508],[-106.191106,39.121075],[-106.188699,39.12102],[-106.187631,39.124597],[-106.185841,39.126839],[-106.1858,39.129249],[-106.182296,39.13029],[-106.17842,39.13477],[-106.173086,39.138102],[-106.174821,39.141423],[-106.173461,39.144796],[-106.174813,39.148018],[-106.174296,39.149364],[-106.175542,39.152918],[-106.175349,39.156298],[-106.179447,39.165036],[-106.178243,39.167536],[-106.17841,39.17458],[-106.182816,39.180403],[-106.185526,39.186587],[-106.17932,39.193493],[-106.179506,39.199998],[-106.180281,39.202521],[-106.184744,39.209308],[-106.182051,39.209943],[-106.178409,39.212978],[-106.177181,39.218147],[-106.178216,39.219132],[-106.170158,39.222994],[-106.16992,39.228101],[-106.168912,39.22876],[-106.168304,39.23072],[-106.169498,39.233758],[-106.172935,39.236805],[-106.17993,39.239447],[-106.182787,39.239608],[-106.18512,39.242694],[-106.180782,39.247932],[-106.181746,39.250643],[-106.180951,39.252445],[-106.181614,39.25357],[-106.181591,39.257005],[-106.180379,39.259905],[-106.181643,39.263293],[-106.181453,39.265366],[-106.184142,39.26886],[-106.185665,39.273286],[-106.186732,39.279134],[-106.184939,39.283391],[-106.185458,39.285751],[-106.181887,39.289968],[-106.182578,39.29306],[-106.180911,39.2988],[-106.183051,39.301112],[-106.183972,39.309354],[-106.182956,39.310907],[-106.176428,39.312075],[-106.174181,39.318276],[-106.169474,39.322232],[-106.151246,39.320694],[-106.149995,39.3254],[-106.147153,39.327605],[-106.146547,39.329938],[-106.140274,39.338809],[-106.139926,39.339553],[-106.144407,39.344773],[-106.14458,39.346852],[-106.14699,39.34926],[-106.148448,39.358613],[-106.150672,39.359732],[-106.152909,39.362479],[-106.149197,39.367897],[-106.144361,39.36812],[-106.141294,39.370914],[-106.138743,39.372006],[-106.137797,39.376845],[-106.135529,39.379546],[-106.127447,39.378877],[-106.120308,39.37659],[-106.097206,39.377987],[-106.085632,39.369723],[-106.081207,39.369199],[-106.080241,39.370435],[-106.074192,39.36863],[-106.068471,39.364429],[-106.056096,39.358431],[-106.043926,39.357378],[-106.034717,39.358376],[-106.02672,39.361333],[-106.021966,39.361713],[-106.017619,39.365503],[-106.017473,39.373383],[-106.016794,39.374988],[-106.018383,39.381403],[-106.013851,39.386898],[-106.008401,39.387356],[-106.005,39.389293],[-106.003339,39.391766],[-105.999529,39.393825],[-105.996648,39.394424],[-105.994132,39.397824],[-105.992856,39.401859],[-105.985018,39.401667],[-105.983621,39.402441],[-105.981923,39.405974],[-105.978218,39.407101],[-105.976867,39.40857],[-105.951867,39.414338],[-105.953875,39.420479],[-105.955328,39.421987],[-105.954837,39.42622],[-105.956631,39.428028],[-105.960726,39.429018],[-105.964499,39.432812],[-105.966786,39.438035],[-105.966043,39.438782],[-105.961752,39.440091],[-105.954545,39.438359],[-105.944155,39.44091],[-105.943698,39.446183],[-105.941853,39.448246],[-105.94217,39.452773],[-105.940917,39.456058],[-105.938663,39.458498],[-105.934657,39.457888],[-105.929823,39.459338],[-105.926674,39.459417],[-105.917072,39.457969],[-105.914845,39.458376],[-105.911637,39.456736],[-105.910919,39.458023],[-105.908632,39.459349],[-105.905959,39.459657],[-105.901835,39.464248],[-105.901612,39.469619],[-105.89909,39.4715],[-105.896886,39.475206],[-105.897327,39.477137],[-105.894725,39.477517],[-105.892666,39.479998],[-105.892225,39.484029],[-105.889185,39.48335],[-105.884677,39.484138],[-105.879087,39.483767],[-105.878485,39.489369],[-105.874714,39.493521],[-105.871113,39.495006],[-105.866584,39.494351],[-105.866565,39.496663],[-105.864214,39.499986],[-105.864128,39.501623],[-105.860395,39.50471],[-105.857352,39.505267],[-105.853887,39.504506],[-105.854772,39.506401],[-105.857017,39.50706],[-105.859457,39.509225],[-105.859947,39.512148],[-105.866889,39.516702],[-105.868065,39.51949],[-105.864701,39.522115],[-105.863292,39.52457],[-105.862896,39.527307],[-105.859507,39.531536],[-105.857732,39.532058],[-105.854562,39.527868],[-105.845377,39.52375],[-105.844329,39.525992],[-105.839752,39.527271],[-105.830016,39.532043],[-105.822925,39.529931],[-105.819268,39.537572],[-105.817631,39.53831],[-105.818928,39.545815],[-105.816308,39.54815],[-105.815807,39.551976],[-105.822337,39.553012],[-105.825771,39.555678],[-105.826061,39.557442],[-105.828906,39.561547],[-105.828521,39.563453],[-105.829662,39.564865],[-105.721601,39.565269],[-105.587986,39.568197],[-105.500292,39.566135],[-105.398949,39.566056],[-105.397898,39.466957],[-105.398552,39.463488],[-105.39795,39.388791],[-105.398652,39.326189],[-105.396712,39.264883],[-105.3979,39.24999],[-105.397875,39.129564],[-105.330383,39.129685],[-105.32896,38.697203],[-105.448388,38.697581],[-105.498246,38.697124],[-105.531547,38.695935],[-105.850859,38.693924],[-105.881574,38.694118],[-105.888912,38.695153],[-105.89839,38.693769],[-105.944488,38.693089],[-105.96975,38.693551],[-105.969986,38.694903],[-105.968996,38.697186],[-105.967723,38.697135],[-105.965375,38.698979],[-105.961823,38.706055],[-105.957284,38.708978],[-105.953039,38.713655],[-105.950164,38.714375],[-105.946185,38.716724],[-105.947565,38.720189],[-105.946106,38.721644],[-105.944434,38.721747],[-105.943469,38.723144],[-105.946108,38.727435],[-105.943493,38.730818],[-105.943017,38.734532],[-105.944752,38.735766],[-105.944268,38.737065],[-105.947947,38.741689],[-105.94786,38.743823],[-105.942107,38.744788],[-105.941337,38.745605],[-105.941433,38.748687],[-105.938306,38.753685],[-105.937994,38.756036],[-105.939249,38.764083],[-105.94454,38.768105],[-105.941443,38.769224],[-105.939893,38.770675],[-105.939636,38.772008],[-105.934212,38.771843],[-105.931428,38.772749],[-105.929289,38.774547],[-105.93055,38.778541],[-105.929535,38.779722],[-105.929563,38.78139],[-105.925024,38.783128],[-105.926709,38.785508],[-105.923686,38.786246],[-105.920786,38.789541],[-105.914903,38.790606],[-105.913704,38.792459],[-105.914464,38.793731],[-105.912908,38.795513],[-105.911933,38.799531],[-105.910597,38.801617],[-105.911488,38.802641],[-105.910685,38.804528],[-105.906585,38.806873],[-105.910382,38.810096],[-105.910909,38.812794],[-105.913997,38.816063],[-105.917628,38.81786],[-105.932249,38.832731],[-105.935054,38.834301],[-105.936398,38.836571],[-105.941845,38.84039],[-105.939147,38.846046],[-105.940003,38.848659],[-105.942887,38.850503],[-105.943174,38.852307],[-105.938684,38.857408],[-105.933613,38.860271],[-105.93216,38.862794],[-105.932518,38.864501],[-105.931821,38.866016],[-105.930679,38.866712],[-105.928617,38.86595],[-105.927819,38.868845],[-105.928242,38.870107],[-105.92709,38.871482],[-105.925123,38.872178],[-105.926846,38.874235],[-105.931159,38.874709],[-105.932975,38.878219],[-105.941238,38.885592],[-105.949139,38.883104],[-105.953815,38.884198],[-105.955643,38.883691],[-105.959969,38.884406],[-105.964965,38.885977],[-105.970637,38.883196],[-105.974297,38.882458],[-105.977144,38.885146],[-105.979175,38.888913],[-105.979418,38.894533],[-105.974873,38.896178],[-105.972407,38.899257],[-105.968661,38.90072],[-105.967887,38.90442],[-105.96577,38.905876],[-105.967757,38.906693],[-105.969464,38.908606],[-105.976644,38.910622],[-105.976952,38.911195],[-105.976033,38.911839],[-105.976957,38.913259],[-105.976531,38.914419],[-105.979913,38.914181],[-105.9806,38.915528],[-105.983816,38.916523],[-105.985657,38.918025],[-105.994449,38.914858],[-105.99817,38.915159],[-105.999343,38.916337],[-105.998989,38.917708],[-105.999698,38.918902],[-106.0126,38.929665],[-106.01501,38.932712],[-106.018063,38.934451],[-106.020529,38.934628],[-106.028138,38.942849],[-106.03683,38.940647],[-106.04379,38.941926],[-106.045779,38.941548],[-106.051701,38.943452],[-106.05825,38.941805],[-106.058449,38.939151],[-106.060149,38.937153],[-106.063532,38.93568],[-106.06591,38.931896],[-106.067825,38.932872],[-106.07048,38.932111],[-106.071481,38.933776],[-106.073963,38.934758],[-106.078628,38.935255],[-106.083587,38.937935],[-106.084835,38.93943],[-106.090653,38.936543],[-106.09355,38.937958],[-106.093626,38.937062],[-106.094862,38.936775],[-106.096461,38.938243],[-106.100971,38.9387],[-106.105758,38.940364],[-106.110995,38.940099],[-106.112665,38.941366],[-106.113114,38.945024],[-106.112043,38.950908],[-106.11344,38.952788],[-106.113698,38.955642],[-106.11106,38.957669],[-106.112193,38.960188],[-106.107743,38.964143],[-106.104968,38.970026],[-106.104363,38.973383],[-106.107607,38.979747],[-106.109711,38.982229],[-106.108953,38.987377],[-106.111871,38.986953],[-106.113239,38.98781],[-106.116771,38.988084],[-106.127518,38.994017],[-106.132568,38.995519],[-106.137778,38.994642],[-106.141251,38.994966],[-106.145414,38.997899],[-106.152935,38.9966],[-106.157804,38.994264],[-106.160896,38.99475],[-106.169134,38.991302],[-106.170067,38.994644],[-106.174916,38.999596],[-106.175918,38.999647],[-106.178849,39.010764],[-106.184949,39.012581],[-106.186077,39.015595],[-106.188253,39.015381],[-106.192954,39.017709],[-106.193105,39.019681],[-106.189473,39.021279],[-106.192077,39.029287],[-106.190327,39.03057],[-106.188725,39.033235],[-106.186262,39.033559],[-106.18497,39.036236],[-106.182501,39.038551],[-106.185353,39.04402],[-106.185702,39.046761],[-106.184815,39.050837],[-106.190093,39.054524],[-106.191006,39.056073],[-106.191733,39.059217],[-106.190481,39.063983],[-106.191577,39.067983],[-106.186524,39.071638],[-106.186109,39.074987],[-106.180328,39.077245],[-106.17569,39.082939],[-106.173174,39.083722],[-106.171583,39.085886],[-106.169663,39.086417],[-106.169867,39.090731],[-106.172543,39.096857],[-106.176195,39.09963],[-106.178556,39.103291],[-106.18786,39.103736],[-106.190422,39.102752],[-106.195768,39.104472],[-106.199888,39.104366],[-106.203399,39.102732],[-106.209535,39.103075],[-106.210173,39.103918]]]}},{"type":"Feature","properties":{"county_fips":"08095","name":"Phillips"},"geometry":{"type":"Polygon","coordinates":[[[-102.397229,40.439709],[-102.664804,40.438473],[-102.665595,40.611692],[-102.664689,40.705189],[-102.65088,40.70534],[-102.65131,40.749402],[-102.190805,40.748896],[-102.051416,40.749586],[-102.051465,40.440008],[-102.397229,40.439709]]]}},{"type":"Feature","properties":{"county_fips":"08097","name":"Pitkin"},"geometry":{"type":"Polygon","coordinates":[[[-107.465798,39.322469],[-107.463414,39.32427],[-107.46189,39.32757],[-107.455458,39.329393],[-107.453475,39.328843],[-107.450819,39.330034],[-107.449998,39.332664],[-107.445511,39.335263],[-107.442905,39.339083],[-107.438539,39.341019],[-107.438873,39.343282],[-107.436762,39.346386],[-107.430514,39.348222],[-107.430402,39.35378],[-107.428807,39.356193],[-107.429144,39.359206],[-107.428458,39.36248],[-107.430949,39.366178],[-107.025703,39.36618],[-106.846443,39.364298],[-106.740141,39.362199],[-106.426487,39.361871],[-106.428154,39.360892],[-106.429428,39.358032],[-106.43348,39.354174],[-106.433669,39.351114],[-106.435104,39.347275],[-106.435205,39.342466],[-106.433548,39.337492],[-106.432282,39.335956],[-106.428451,39.335131],[-106.429524,39.33371],[-106.428663,39.332555],[-106.428703,39.328182],[-106.426947,39.323355],[-106.43246,39.316353],[-106.439771,39.317321],[-106.44254,39.315291],[-106.444053,39.315218],[-106.450652,39.316698],[-106.452389,39.315669],[-106.454219,39.312259],[-106.459728,39.313006],[-106.463382,39.311494],[-106.465862,39.311461],[-106.468272,39.307315],[-106.473356,39.308843],[-106.476205,39.312498],[-106.476224,39.314748],[-106.484104,39.31293],[-106.486399,39.311471],[-106.487431,39.30897],[-106.49185,39.30662],[-106.492604,39.305737],[-106.492515,39.303996],[-106.499898,39.301483],[-106.50269,39.298067],[-106.503597,39.293609],[-106.502867,39.289993],[-106.504601,39.287217],[-106.504031,39.284761],[-106.499926,39.281673],[-106.498544,39.279325],[-106.493632,39.27798],[-106.489829,39.27314],[-106.482954,39.272441],[-106.483722,39.271702],[-106.48407,39.265396],[-106.482812,39.261474],[-106.48106,39.259888],[-106.482977,39.258018],[-106.483127,39.255103],[-106.486154,39.253907],[-106.488251,39.249264],[-106.497649,39.242022],[-106.49874,39.234931],[-106.492721,39.229408],[-106.489711,39.227977],[-106.492154,39.225679],[-106.491258,39.222793],[-106.491808,39.220812],[-106.493869,39.219317],[-106.492943,39.215858],[-106.494954,39.208541],[-106.493779,39.206367],[-106.4946,39.200148],[-106.493649,39.198326],[-106.495836,39.19441],[-106.498172,39.192701],[-106.499607,39.183848],[-106.502649,39.180419],[-106.508208,39.178049],[-106.51,39.174653],[-106.508436,39.16777],[-106.511077,39.163532],[-106.516374,39.160336],[-106.518913,39.159698],[-106.520942,39.157353],[-106.527357,39.161021],[-106.531288,39.161224],[-106.532634,39.162468],[-106.535138,39.163146],[-106.536112,39.159437],[-106.538099,39.158012],[-106.545022,39.158872],[-106.551677,39.161465],[-106.557186,39.15671],[-106.561265,39.155677],[-106.562631,39.151947],[-106.560706,39.14952],[-106.560475,39.145756],[-106.558679,39.143847],[-106.5595,39.139684],[-106.564683,39.13294],[-106.563726,39.131199],[-106.560414,39.128448],[-106.559073,39.125799],[-106.559287,39.124656],[-106.558325,39.124237],[-106.558171,39.120223],[-106.563895,39.115748],[-106.564986,39.114007],[-106.564696,39.10908],[-106.563321,39.107268],[-106.563989,39.106041],[-106.568439,39.105205],[-106.568933,39.104009],[-106.570161,39.103515],[-106.570627,39.104193],[-106.574655,39.104278],[-106.580311,39.102164],[-106.586157,39.09405],[-106.586338,39.087743],[-106.584916,39.08483],[-106.583238,39.082959],[-106.580107,39.081751],[-106.577076,39.079437],[-106.579456,39.077536],[-106.579524,39.075574],[-106.577587,39.072758],[-106.576862,39.063369],[-106.577926,39.059072],[-106.577551,39.05321],[-106.58073,39.048717],[-106.584245,39.047187],[-106.589133,39.045582],[-106.597233,39.044821],[-106.597797,39.039249],[-106.599516,39.033788],[-106.597941,39.031666],[-106.594377,39.029959],[-106.591692,39.024923],[-106.594921,39.020809],[-106.595162,39.010305],[-106.594455,39.004185],[-106.598297,38.998744],[-106.603518,38.996612],[-106.612739,38.995697],[-106.614664,38.999992],[-106.615718,38.999992],[-106.619311,39.002593],[-106.624174,39.003635],[-106.62475,39.006053],[-106.627729,39.007628],[-106.630041,39.01221],[-106.63324,39.012105],[-106.637887,39.014704],[-106.638334,39.019223],[-106.648392,39.022152],[-106.65005,39.026333],[-106.646527,39.030847],[-106.646846,39.033285],[-106.648234,39.036045],[-106.65222,39.038913],[-106.651927,39.040838],[-106.655492,39.04442],[-106.664098,39.041854],[-106.666936,39.042552],[-106.668077,39.043689],[-106.673182,39.04466],[-106.674054,39.045811],[-106.684451,39.045135],[-106.685314,39.045383],[-106.687218,39.049106],[-106.690843,39.051349],[-106.692996,39.055065],[-106.703045,39.055917],[-106.707851,39.053458],[-106.710315,39.047573],[-106.713325,39.048601],[-106.717218,39.048297],[-106.722661,39.045157],[-106.729496,39.046477],[-106.732086,39.046365],[-106.735766,39.044801],[-106.73898,39.046105],[-106.740695,39.045906],[-106.74214,39.043997],[-106.749357,39.042528],[-106.747183,39.04002],[-106.744966,39.029646],[-106.745119,39.026923],[-106.751343,39.025794],[-106.75575,39.020578],[-106.757367,39.01971],[-106.761903,39.019301],[-106.761603,39.016184],[-106.765266,39.01207],[-106.768175,39.010231],[-106.768594,39.008169],[-106.775011,39.006125],[-106.778119,39.001278],[-106.780132,38.99978],[-106.782514,38.99927],[-106.782082,38.99888],[-106.78372,38.995814],[-106.782214,38.990743],[-106.783989,38.986916],[-106.78765,38.984329],[-106.794606,38.984825],[-106.796591,38.984166],[-106.800246,38.982176],[-106.799689,38.97965],[-106.800397,38.979051],[-106.804243,38.978139],[-106.806685,38.978886],[-106.810684,38.978682],[-106.81693,38.981383],[-106.827248,38.97772],[-106.831384,38.979732],[-106.83207,38.980772],[-106.834269,38.980844],[-106.835917,38.983579],[-106.840848,38.985612],[-106.845547,38.98622],[-106.848979,38.989333],[-106.852478,38.995527],[-106.856548,38.998968],[-106.856821,39.001131],[-106.859547,39.005729],[-106.859823,39.008294],[-106.861687,39.009439],[-106.867752,39.006859],[-106.87649,39.00694],[-106.87809,39.005909],[-106.878672,39.002862],[-106.876634,38.999991],[-106.878041,38.994275],[-106.881586,38.99276],[-106.884353,38.990406],[-106.891198,38.991022],[-106.893133,38.989525],[-106.895899,38.990106],[-106.900328,38.992491],[-106.908196,38.992579],[-106.907631,38.995085],[-106.910436,39.000508],[-106.917875,38.999184],[-106.928392,39.004559],[-106.935065,39.006078],[-106.935762,39.007418],[-106.937815,39.008255],[-106.944638,39.014427],[-106.948336,39.01472],[-106.95098,39.0166],[-106.95519,39.016631],[-106.958107,39.015512],[-106.964695,39.017545],[-106.965022,39.018928],[-106.96413,39.021061],[-106.965231,39.023324],[-106.963943,39.028513],[-106.964307,39.029581],[-106.967337,39.030853],[-106.968068,39.029921],[-106.973785,39.028884],[-106.979526,39.030762],[-106.98801,39.030797],[-106.996145,39.034175],[-107.001622,39.042273],[-106.999674,39.042772],[-106.996836,39.049343],[-106.993248,39.051322],[-106.989756,39.05198],[-106.989326,39.055479],[-106.991058,39.058525],[-106.99085,39.060041],[-106.9864,39.06247],[-106.986278,39.064275],[-106.986821,39.067162],[-106.988972,39.070712],[-106.996958,39.069348],[-107.004254,39.074497],[-107.012486,39.08438],[-107.015253,39.085681],[-107.019957,39.089548],[-107.02814,39.091517],[-107.029266,39.091913],[-107.030079,39.093429],[-107.03633,39.094928],[-107.040725,39.099084],[-107.046168,39.101919],[-107.053233,39.110573],[-107.06019,39.111958],[-107.06317,39.116425],[-107.06632,39.118805],[-107.28249,39.118718],[-107.281451,39.119611],[-107.28304,39.122642],[-107.28259,39.123868],[-107.285414,39.125125],[-107.283538,39.12793],[-107.28615,39.132717],[-107.28641,39.136601],[-107.288195,39.139764],[-107.290708,39.141673],[-107.292126,39.143909],[-107.293836,39.144709],[-107.296281,39.154333],[-107.29988,39.156455],[-107.304299,39.155551],[-107.305174,39.156652],[-107.307638,39.157134],[-107.311323,39.15949],[-107.315785,39.163842],[-107.318741,39.165313],[-107.328263,39.165339],[-107.333417,39.166204],[-107.336135,39.167668],[-107.336909,39.169035],[-107.343544,39.168603],[-107.353427,39.173042],[-107.35412,39.176087],[-107.357651,39.17982],[-107.35965,39.184834],[-107.363528,39.186324],[-107.366898,39.192041],[-107.370116,39.19376],[-107.377213,39.199649],[-107.377094,39.204134],[-107.378451,39.206266],[-107.378397,39.208146],[-107.380623,39.210229],[-107.378002,39.21486],[-107.376839,39.22013],[-107.376837,39.22338],[-107.378547,39.226227],[-107.377974,39.228757],[-107.379315,39.231091],[-107.376055,39.236702],[-107.371385,39.238924],[-107.375318,39.241881],[-107.376361,39.24599],[-107.379695,39.247289],[-107.384313,39.247832],[-107.386394,39.250303],[-107.390422,39.250591],[-107.391771,39.252311],[-107.392194,39.255009],[-107.394315,39.25589],[-107.394558,39.256694],[-107.393699,39.259026],[-107.391425,39.260591],[-107.391465,39.263881],[-107.379175,39.269101],[-107.377479,39.272208],[-107.378376,39.274804],[-107.379835,39.27574],[-107.382189,39.275127],[-107.388337,39.27832],[-107.394073,39.279388],[-107.393958,39.281592],[-107.396961,39.28356],[-107.396148,39.289513],[-107.397684,39.29182],[-107.396654,39.293912],[-107.398127,39.295001],[-107.403835,39.292786],[-107.406776,39.293037],[-107.408559,39.294098],[-107.412606,39.291877],[-107.421167,39.296856],[-107.431169,39.299005],[-107.434731,39.298594],[-107.437479,39.299564],[-107.43788,39.301004],[-107.439734,39.302491],[-107.437772,39.305764],[-107.4388,39.309019],[-107.440615,39.308394],[-107.44491,39.308798],[-107.447208,39.305788],[-107.450119,39.304425],[-107.456456,39.306927],[-107.456937,39.309236],[-107.459229,39.309686],[-107.461749,39.313344],[-107.465214,39.314337],[-107.463256,39.317182],[-107.464117,39.320343],[-107.465798,39.322469]]]}},{"type":"Feature","properties":{"county_fips":"08099","name":"Prowers"},"geometry":{"type":"Polygon","coordinates":[[[-102.04461,38.030195],[-102.041585,37.644282],[-102.747615,37.643642],[-102.747988,37.823216],[-102.740464,37.824064],[-102.742431,38.171144],[-102.74233,38.266971],[-102.044475,38.268749],[-102.04461,38.030195]]]}},{"type":"Feature","properties":{"county_fips":"08101","name":"Pueblo"},"geometry":{"type":"Polygon","coordinates":[[[-104.941533,38.519569],[-104.932949,38.520286],[-104.684322,38.51944],[-104.604108,38.520298],[-104.500523,38.519898],[-104.165285,38.522271],[-104.124347,38.521746],[-104.053921,38.522393],[-104.05635,38.435742],[-104.054725,38.261864],[-104.058168,38.261402],[-104.058471,38.257641],[-104.057995,38.141468],[-104.059392,38.054326],[-104.059374,37.875009],[-104.060069,37.82303],[-104.061891,37.822715],[-104.062071,37.792517],[-104.061132,37.734704],[-104.361602,37.820462],[-104.646383,37.900527],[-105.013729,37.881271],[-105.013763,37.883489],[-105.015751,37.88551],[-105.021748,37.887491],[-105.034803,37.894583],[-105.031573,37.904147],[-105.032954,37.905322],[-105.03599,37.904115],[-105.038665,37.904444],[-105.039826,37.908124],[-105.043905,37.90954],[-105.044561,37.911656],[-105.049917,37.915479],[-105.05019,38.000006],[-105.04951,38.039905],[-105.050678,38.113824],[-105.048287,38.127773],[-105.049215,38.257973],[-104.940366,38.258275],[-104.941533,38.519569]]]}},{"type":"Feature","properties":{"county_fips":"08103","name":"Rio Blanco"},"geometry":{"type":"Polygon","coordinates":[[[-108.554707,39.687779],[-108.554627,39.650164],[-108.715363,39.64978],[-108.851232,39.650317],[-108.858247,39.651096],[-108.875719,39.650198],[-108.895728,39.650337],[-108.895704,39.660487],[-109.051227,39.660466],[-109.050334,39.852406],[-109.051157,40.008238],[-109.050949,40.222647],[-108.113179,40.22167],[-107.780207,40.222508],[-107.764544,40.222615],[-107.764545,40.223701],[-107.753609,40.223862],[-107.661534,40.223408],[-107.653987,40.223452],[-107.653941,40.224275],[-107.612094,40.223651],[-107.495618,40.219991],[-107.439372,40.220454],[-107.439386,40.223379],[-107.096062,40.225136],[-107.096088,40.226062],[-107.037928,40.225372],[-107.038401,40.165645],[-107.037686,40.165617],[-107.037363,40.091538],[-107.316993,40.090765],[-107.317095,40.003762],[-107.319247,40.003765],[-107.319306,39.999981],[-107.318751,39.914968],[-107.431665,39.917725],[-107.43177,39.828377],[-107.544702,39.828083],[-107.694229,39.830107],[-107.787206,39.825047],[-107.938502,39.824996],[-107.938546,39.694464],[-108.000629,39.694426],[-108.013377,39.695224],[-108.032688,39.694544],[-108.060274,39.69534],[-108.217896,39.695137],[-108.217912,39.693855],[-108.311311,39.694714],[-108.517289,39.694162],[-108.554722,39.69364],[-108.554707,39.687779]]]}},{"type":"Feature","properties":{"county_fips":"08105","name":"Rio Grande"},"geometry":{"type":"Polygon","coordinates":[[[-106.256945,37.400974],[-106.350244,37.401278],[-106.487968,37.39935],[-106.48797,37.401585],[-106.498729,37.401829],[-106.588461,37.40272],[-106.614351,37.402221],[-106.710775,37.404228],[-106.711624,37.664273],[-106.695638,37.664271],[-106.695652,37.715364],[-106.693845,37.835244],[-106.587139,37.834426],[-106.586374,37.747809],[-106.532287,37.748399],[-106.038413,37.748353],[-106.039331,37.400852],[-106.256945,37.400974]]]}},{"type":"Feature","properties":{"county_fips":"08107","name":"Routt"},"geometry":{"type":"Polygon","coordinates":[[[-106.652741,40.388973],[-106.652832,40.341562],[-106.632257,40.341559],[-106.633121,40.178996],[-106.636995,40.178985],[-106.637031,40.002106],[-106.62653,40.001871],[-106.626112,39.999986],[-106.626555,39.918671],[-106.653257,39.91997],[-106.712983,39.920618],[-106.876072,39.918814],[-107.033968,39.918913],[-107.032171,39.939669],[-107.032648,39.963725],[-107.031772,39.963727],[-107.03205,40.002939],[-107.037359,40.003081],[-107.037674,40.163944],[-107.037686,40.165617],[-107.038401,40.165645],[-107.037928,40.225372],[-107.096088,40.226062],[-107.096062,40.225136],[-107.439386,40.223379],[-107.439506,40.247328],[-107.442518,40.308439],[-107.442594,40.334755],[-107.432068,40.334879],[-107.428505,40.46976],[-107.428813,40.542207],[-107.371328,40.542399],[-107.371487,40.600302],[-107.314153,40.600281],[-107.313365,40.686553],[-107.316539,40.87495],[-107.317794,41.00292],[-107.000606,41.003444],[-106.857773,41.002663],[-106.861454,40.999968],[-106.861289,40.996238],[-106.850865,40.991279],[-106.850736,40.990247],[-106.855429,40.987085],[-106.857063,40.98128],[-106.859368,40.983197],[-106.862307,40.983703],[-106.870584,40.981223],[-106.873065,40.975152],[-106.87322,40.973032],[-106.872463,40.971082],[-106.872668,40.967212],[-106.870125,40.962604],[-106.869526,40.959823],[-106.869784,40.95622],[-106.864629,40.954192],[-106.863481,40.952412],[-106.8622,40.947278],[-106.862444,40.941467],[-106.859376,40.938423],[-106.856014,40.937328],[-106.856116,40.934975],[-106.851896,40.93355],[-106.852388,40.929729],[-106.848696,40.926725],[-106.849998,40.925451],[-106.852349,40.925183],[-106.850006,40.924201],[-106.84471,40.925091],[-106.837184,40.923659],[-106.829365,40.924259],[-106.825058,40.928847],[-106.824797,40.932007],[-106.818747,40.922545],[-106.818257,40.920256],[-106.819007,40.918636],[-106.811312,40.915954],[-106.808455,40.908547],[-106.806335,40.906645],[-106.805345,40.901978],[-106.809751,40.899753],[-106.800638,40.895901],[-106.795365,40.897917],[-106.794096,40.900738],[-106.792009,40.899956],[-106.787613,40.900601],[-106.788589,40.902842],[-106.786979,40.902907],[-106.781271,40.906969],[-106.778676,40.906429],[-106.777807,40.905437],[-106.773792,40.905405],[-106.769004,40.904138],[-106.767742,40.902163],[-106.76754,40.898641],[-106.77006,40.896497],[-106.764934,40.896367],[-106.761121,40.894053],[-106.750007,40.893765],[-106.74356,40.891994],[-106.740853,40.8898],[-106.74682,40.88209],[-106.745871,40.8798],[-106.742202,40.877105],[-106.742632,40.874971],[-106.739341,40.870843],[-106.738279,40.873067],[-106.727789,40.87129],[-106.705756,40.876004],[-106.704547,40.876656],[-106.703468,40.880435],[-106.700189,40.882648],[-106.699983,40.8848],[-106.694159,40.888018],[-106.691669,40.888192],[-106.685883,40.885822],[-106.685293,40.884604],[-106.686162,40.880615],[-106.68477,40.878662],[-106.682697,40.877636],[-106.682205,40.875789],[-106.680303,40.874303],[-106.680536,40.872276],[-106.679479,40.869555],[-106.677987,40.86787],[-106.668161,40.865144],[-106.666837,40.859165],[-106.665968,40.858234],[-106.66462,40.859202],[-106.664522,40.856758],[-106.658107,40.853696],[-106.654541,40.849117],[-106.654472,40.845543],[-106.662644,40.843341],[-106.661304,40.840904],[-106.664041,40.834966],[-106.66289,40.832317],[-106.663992,40.828196],[-106.660034,40.826653],[-106.65909,40.825513],[-106.659635,40.824937],[-106.659114,40.823746],[-106.652942,40.823402],[-106.647135,40.821296],[-106.643407,40.821454],[-106.643004,40.820367],[-106.638393,40.817004],[-106.639324,40.815829],[-106.639227,40.814522],[-106.635476,40.811365],[-106.637139,40.809209],[-106.636754,40.805628],[-106.635538,40.804756],[-106.636545,40.803717],[-106.635824,40.802616],[-106.636885,40.799592],[-106.636894,40.794153],[-106.635961,40.791931],[-106.636922,40.789489],[-106.642701,40.784865],[-106.648274,40.781848],[-106.649766,40.777587],[-106.649161,40.775388],[-106.652383,40.77562],[-106.659237,40.772861],[-106.662668,40.769856],[-106.663327,40.766979],[-106.669699,40.761697],[-106.669498,40.759657],[-106.665232,40.757688],[-106.663437,40.754076],[-106.661871,40.754085],[-106.661313,40.753346],[-106.664178,40.750965],[-106.665189,40.748857],[-106.662556,40.744769],[-106.662952,40.743018],[-106.668326,40.73912],[-106.671145,40.738659],[-106.674743,40.736678],[-106.676694,40.736631],[-106.676063,40.735303],[-106.673826,40.735109],[-106.671039,40.732819],[-106.66952,40.728791],[-106.673807,40.724025],[-106.669978,40.720715],[-106.671193,40.716379],[-106.668725,40.71104],[-106.668924,40.710257],[-106.672479,40.708478],[-106.672537,40.706913],[-106.670767,40.701047],[-106.668565,40.698618],[-106.667953,40.696305],[-106.668508,40.694633],[-106.672277,40.690692],[-106.672862,40.688336],[-106.679476,40.685918],[-106.680231,40.683681],[-106.687346,40.682679],[-106.687073,40.680608],[-106.682391,40.677898],[-106.681057,40.675168],[-106.686083,40.673707],[-106.686885,40.672728],[-106.687131,40.670581],[-106.685566,40.662883],[-106.690502,40.659906],[-106.691826,40.659958],[-106.692082,40.657746],[-106.687731,40.649873],[-106.682064,40.649675],[-106.680654,40.649284],[-106.680142,40.648036],[-106.682848,40.646865],[-106.686016,40.641441],[-106.688656,40.639649],[-106.688875,40.638778],[-106.686774,40.634727],[-106.688998,40.635058],[-106.694209,40.632902],[-106.697162,40.629932],[-106.697272,40.628415],[-106.698264,40.627483],[-106.703622,40.627771],[-106.701062,40.625513],[-106.703957,40.621838],[-106.70379,40.62013],[-106.706218,40.615606],[-106.703741,40.610553],[-106.703658,40.60862],[-106.704561,40.607587],[-106.698723,40.602039],[-106.698267,40.59939],[-106.69507,40.598011],[-106.693965,40.594452],[-106.694766,40.592009],[-106.699387,40.586796],[-106.698839,40.58289],[-106.702341,40.578025],[-106.698227,40.57436],[-106.696867,40.570544],[-106.692188,40.563537],[-106.691807,40.561169],[-106.692851,40.556639],[-106.686218,40.551327],[-106.68474,40.548921],[-106.683696,40.544798],[-106.678236,40.544049],[-106.676689,40.538035],[-106.669845,40.534446],[-106.669488,40.532481],[-106.673657,40.52586],[-106.673125,40.522461],[-106.670816,40.5205],[-106.666235,40.519879],[-106.663258,40.51704],[-106.65907,40.514582],[-106.661105,40.511944],[-106.656116,40.509454],[-106.655605,40.508513],[-106.655583,40.503413],[-106.656395,40.500946],[-106.654818,40.499029],[-106.65461,40.496443],[-106.653113,40.494732],[-106.653925,40.492439],[-106.65931,40.490198],[-106.657403,40.488333],[-106.656233,40.484408],[-106.663281,40.480272],[-106.664772,40.477118],[-106.667063,40.476061],[-106.667391,40.473743],[-106.666361,40.471211],[-106.665301,40.470524],[-106.659047,40.47211],[-106.657881,40.471559],[-106.658447,40.466594],[-106.65746,40.46243],[-106.658957,40.459376],[-106.656495,40.456043],[-106.655806,40.450191],[-106.651525,40.449377],[-106.65217,40.446262],[-106.652741,40.388973]]]}},{"type":"Feature","properties":{"county_fips":"08109","name":"Saguache"},"geometry":{"type":"Polygon","coordinates":[[[-107.001889,38.092906],[-107.001062,38.152551],[-107.000601,38.425619],[-106.500585,38.424402],[-106.08813,38.42228],[-106.086068,38.424113],[-106.084078,38.422876],[-106.075941,38.423788],[-106.074555,38.424979],[-106.074282,38.426503],[-106.07213,38.427387],[-106.071212,38.429159],[-106.069354,38.43018],[-106.070122,38.432343],[-106.066402,38.433796],[-106.058148,38.444248],[-106.058877,38.448097],[-106.062244,38.45033],[-106.060043,38.452737],[-106.06031,38.454964],[-106.058571,38.456945],[-106.055684,38.45489],[-106.052074,38.454221],[-106.042771,38.458267],[-106.041598,38.457256],[-106.030921,38.453547],[-106.019043,38.454423],[-106.016917,38.451796],[-106.01768,38.448693],[-106.015977,38.447624],[-106.010751,38.446566],[-106.012531,38.44497],[-106.012307,38.438945],[-106.008662,38.435459],[-106.007477,38.43315],[-106.001563,38.43111],[-106.000267,38.427801],[-106.000715,38.425293],[-105.996768,38.420303],[-105.987308,38.418802],[-105.98395,38.41999],[-105.980409,38.417277],[-105.979222,38.414127],[-105.976919,38.41298],[-105.973389,38.409459],[-105.970226,38.41004],[-105.967933,38.408772],[-105.960669,38.403095],[-105.959495,38.397095],[-105.955668,38.394437],[-105.950654,38.393733],[-105.947606,38.390526],[-105.947067,38.385495],[-105.945432,38.38274],[-105.944637,38.378638],[-105.940433,38.376973],[-105.938536,38.374074],[-105.93577,38.373219],[-105.93136,38.369791],[-105.919851,38.367156],[-105.917989,38.363421],[-105.912489,38.361539],[-105.910804,38.359241],[-105.910236,38.356413],[-105.908447,38.354478],[-105.906307,38.353268],[-105.901978,38.352479],[-105.901248,38.351452],[-105.897647,38.350051],[-105.895423,38.347412],[-105.89364,38.346559],[-105.892574,38.343342],[-105.890765,38.341374],[-105.888766,38.340811],[-105.88876,38.33436],[-105.88692,38.332545],[-105.885142,38.32889],[-105.882247,38.327492],[-105.8798,38.321235],[-105.876718,38.318802],[-105.876376,38.315951],[-105.87391,38.315142],[-105.872008,38.310835],[-105.868612,38.308725],[-105.866817,38.3057],[-105.861623,38.303422],[-105.858315,38.298359],[-105.850176,38.294456],[-105.849419,38.292387],[-105.846629,38.290287],[-105.84278,38.293226],[-105.84083,38.29246],[-105.837202,38.288411],[-105.831683,38.286163],[-105.827123,38.278568],[-105.821474,38.276117],[-105.819382,38.273647],[-105.817868,38.273916],[-105.814604,38.272668],[-105.810874,38.2725],[-105.806642,38.270917],[-105.800013,38.269922],[-105.796855,38.266326],[-105.795665,38.260139],[-105.79218,38.254815],[-105.789143,38.251824],[-105.789761,38.24436],[-105.787887,38.242056],[-105.775454,38.235849],[-105.76865,38.234014],[-105.766565,38.231274],[-105.759438,38.228566],[-105.756539,38.22496],[-105.756026,38.218127],[-105.750563,38.214213],[-105.744806,38.214603],[-105.740698,38.210283],[-105.736318,38.209231],[-105.73298,38.200986],[-105.727019,38.199705],[-105.721266,38.191555],[-105.717338,38.188137],[-105.716001,38.185211],[-105.712924,38.183235],[-105.70831,38.18186],[-105.706848,38.178152],[-105.702195,38.174203],[-105.700721,38.169607],[-105.699197,38.167973],[-105.693215,38.165738],[-105.686838,38.166845],[-105.68616,38.165306],[-105.680782,38.160502],[-105.673042,38.159126],[-105.671712,38.154279],[-105.670169,38.153097],[-105.672701,38.148321],[-105.676279,38.145858],[-105.674322,38.141338],[-105.672547,38.14022],[-105.673395,38.137396],[-105.669712,38.130911],[-105.670215,38.128554],[-105.665014,38.124283],[-105.662654,38.119158],[-105.657663,38.117454],[-105.659836,38.112428],[-105.66134,38.111498],[-105.662246,38.106845],[-105.661485,38.106383],[-105.662221,38.104348],[-105.66136,38.100501],[-105.658826,38.097276],[-105.655579,38.09549],[-105.655296,38.091343],[-105.652199,38.089665],[-105.650105,38.086953],[-105.646692,38.085247],[-105.645284,38.082404],[-105.636918,38.076174],[-105.637276,38.072797],[-105.636174,38.071358],[-105.632088,38.068352],[-105.627206,38.06731],[-105.625962,38.061161],[-105.628206,38.057421],[-105.625563,38.055693],[-105.617807,38.05326],[-105.617996,38.047261],[-105.614957,38.043662],[-105.613246,38.038085],[-105.608854,38.034953],[-105.608561,38.033708],[-105.60938,38.032338],[-105.603156,38.030968],[-105.603114,38.027144],[-105.600805,38.023746],[-105.598698,38.022649],[-105.597952,38.020019],[-105.598325,38.016338],[-105.597039,38.013218],[-105.598876,38.011247],[-105.604355,38.008745],[-105.604636,38.005014],[-105.603907,38.003739],[-105.600596,38.002274],[-105.600244,37.999999],[-105.598413,37.997021],[-105.595892,37.99637],[-105.595739,37.995069],[-105.593663,37.992775],[-105.592071,37.992148],[-105.589899,37.987431],[-105.588156,37.986689],[-105.58591,37.979687],[-105.583191,37.979978],[-105.581855,37.977972],[-105.581522,37.975225],[-105.583964,37.973009],[-105.585054,37.970451],[-105.584158,37.969087],[-105.584462,37.967855],[-105.582616,37.965934],[-105.577676,37.965536],[-105.570692,37.958266],[-105.567192,37.957145],[-105.560311,37.951886],[-105.551826,37.950584],[-105.550101,37.953871],[-105.546191,37.956048],[-105.542737,37.95651],[-105.537703,37.955036],[-105.533315,37.955182],[-105.530378,37.953363],[-105.527147,37.949531],[-105.523572,37.948037],[-105.515729,37.942015],[-105.514591,37.93993],[-105.511086,37.939131],[-105.508364,37.936094],[-105.507042,37.93102],[-105.503116,37.923725],[-105.497197,37.920339],[-105.491145,37.915225],[-105.488145,37.909845],[-105.482604,37.905004],[-105.478351,37.903349],[-105.479,37.902629],[-105.478875,37.900505],[-105.476056,37.899389],[-105.473307,37.896649],[-105.473659,37.894516],[-105.475435,37.892373],[-105.477055,37.887961],[-105.476214,37.883295],[-105.478495,37.87985],[-105.471918,37.879687],[-105.469152,37.878755],[-105.465309,37.87953],[-105.464546,37.878974],[-105.460106,37.880355],[-105.456588,37.879894],[-105.454085,37.878501],[-105.450537,37.878112],[-105.443309,37.870722],[-105.440742,37.869612],[-105.439241,37.866202],[-105.438949,37.861275],[-105.437214,37.860231],[-105.436774,37.858202],[-105.433462,37.857516],[-105.428893,37.851733],[-105.430917,37.84736],[-105.428647,37.844779],[-105.428674,37.843666],[-105.430731,37.839504],[-105.430731,37.837826],[-105.432623,37.835069],[-105.432407,37.833167],[-105.435583,37.828505],[-105.434097,37.824506],[-105.434573,37.821929],[-105.436739,37.819218],[-105.434668,37.813733],[-105.435911,37.811796],[-105.435179,37.804767],[-105.445329,37.801021],[-105.454912,37.795696],[-105.455187,37.790814],[-105.451666,37.786895],[-105.451705,37.782635],[-105.449337,37.779305],[-105.450916,37.775195],[-105.450233,37.77061],[-105.453703,37.767284],[-105.457704,37.76013],[-105.457869,37.758677],[-105.456273,37.758068],[-105.455827,37.756498],[-105.459836,37.753305],[-105.457255,37.751464],[-105.497979,37.751003],[-105.617269,37.752306],[-105.927916,37.748849],[-106.040016,37.748308],[-106.532287,37.748399],[-106.586374,37.747809],[-106.587139,37.834426],[-106.693845,37.835244],[-106.693523,37.873519],[-106.695314,37.874999],[-106.697161,37.876111],[-106.70154,37.876354],[-106.704484,37.875844],[-106.707976,37.87347],[-106.712441,37.871994],[-106.718664,37.872849],[-106.722903,37.874999],[-106.736666,37.887881],[-106.750597,37.881491],[-106.755823,37.880624],[-106.773066,37.885575],[-106.778537,37.894862],[-106.801026,37.913699],[-106.807937,37.915381],[-106.818427,37.914039],[-106.82452,37.91873],[-106.82994,37.917894],[-106.833984,37.918914],[-106.84727,37.91917],[-106.864198,37.933245],[-106.866253,37.934091],[-106.868681,37.937937],[-106.86976,37.941454],[-106.874352,37.942685],[-106.877136,37.948582],[-106.87988,37.949861],[-106.878341,37.9585],[-106.879342,37.959937],[-106.879167,37.96111],[-106.881367,37.96224],[-106.882751,37.961534],[-106.889603,37.961871],[-106.89456,37.967104],[-106.897834,37.967891],[-106.905199,37.963901],[-106.908668,37.964053],[-106.911579,37.966478],[-106.91675,37.966436],[-106.920312,37.967431],[-106.922378,37.965598],[-106.930141,37.963298],[-106.935258,37.960363],[-106.935406,37.958786],[-106.937356,37.956647],[-106.941519,37.954259],[-106.944464,37.953725],[-106.946317,37.954005],[-106.949091,37.956695],[-106.952365,37.957447],[-106.953042,37.962809],[-106.955369,37.965017],[-106.961355,37.967952],[-106.962179,37.967468],[-106.962453,37.972317],[-106.964013,37.972522],[-106.967981,37.975039],[-106.969921,37.973135],[-106.977922,37.969088],[-106.986934,37.969438],[-106.988326,37.962073],[-106.989807,37.961032],[-106.996866,37.960392],[-106.997749,37.957319],[-107.000602,37.956041],[-107.001889,38.092906]]]}},{"type":"Feature","properties":{"county_fips":"08111","name":"San Juan"},"geometry":{"type":"Polygon","coordinates":[[[-107.97506,37.683648],[-107.970308,37.68767],[-107.970882,37.68996],[-107.969307,37.692506],[-107.968875,37.696485],[-107.964355,37.699264],[-107.963644,37.70054],[-107.958105,37.703184],[-107.956977,37.705325],[-107.954309,37.706477],[-107.94529,37.706425],[-107.943863,37.706041],[-107.941435,37.70273],[-107.937206,37.702562],[-107.929856,37.709154],[-107.926474,37.710364],[-107.921805,37.710156],[-107.916967,37.711037],[-107.914889,37.712261],[-107.910975,37.712559],[-107.910336,37.716425],[-107.908919,37.716202],[-107.907015,37.717667],[-107.90301,37.718765],[-107.896733,37.719172],[-107.894235,37.717536],[-107.889396,37.718441],[-107.885513,37.717851],[-107.881588,37.718414],[-107.877949,37.716025],[-107.877195,37.716309],[-107.87371,37.720083],[-107.872966,37.722416],[-107.875622,37.725787],[-107.874544,37.728879],[-107.875622,37.738851],[-107.86967,37.74566],[-107.866092,37.746848],[-107.864278,37.753362],[-107.861912,37.756024],[-107.863099,37.756827],[-107.8632,37.760194],[-107.865707,37.76171],[-107.870481,37.762762],[-107.868639,37.766936],[-107.864892,37.769093],[-107.865382,37.771486],[-107.863152,37.772661],[-107.860845,37.775517],[-107.850829,37.776263],[-107.844554,37.773648],[-107.840852,37.774139],[-107.838669,37.779418],[-107.835933,37.782837],[-107.832754,37.784309],[-107.82753,37.789467],[-107.82465,37.790228],[-107.822201,37.795546],[-107.828461,37.799625],[-107.8247,37.804852],[-107.826163,37.805372],[-107.828959,37.808627],[-107.828521,37.811858],[-107.821023,37.815039],[-107.817224,37.819344],[-107.810684,37.821356],[-107.80869,37.824106],[-107.804424,37.825121],[-107.799559,37.82304],[-107.796447,37.822725],[-107.794479,37.829094],[-107.792723,37.830609],[-107.790426,37.83516],[-107.790234,37.837373],[-107.782923,37.84094],[-107.782536,37.84363],[-107.785068,37.84657],[-107.782687,37.848979],[-107.78003,37.848655],[-107.779099,37.849775],[-107.779139,37.852669],[-107.780277,37.853092],[-107.779566,37.858189],[-107.780668,37.85993],[-107.780129,37.862271],[-107.782802,37.865898],[-107.782642,37.867692],[-107.774902,37.868567],[-107.7691,37.873431],[-107.766058,37.877465],[-107.76092,37.877557],[-107.756164,37.882907],[-107.75619,37.890035],[-107.750617,37.892413],[-107.748133,37.895063],[-107.749011,37.897951],[-107.742968,37.899406],[-107.738283,37.905432],[-107.736659,37.904564],[-107.732566,37.904233],[-107.724408,37.898802],[-107.720864,37.89742],[-107.719469,37.89789],[-107.716633,37.897088],[-107.712888,37.898927],[-107.711163,37.898632],[-107.70931,37.899426],[-107.707615,37.898614],[-107.708138,37.896627],[-107.70716,37.893634],[-107.705091,37.893969],[-107.700639,37.892007],[-107.697206,37.892844],[-107.695665,37.89241],[-107.694037,37.893511],[-107.692388,37.897542],[-107.690514,37.898247],[-107.689484,37.901203],[-107.688606,37.901769],[-107.683304,37.90092],[-107.680572,37.904057],[-107.678452,37.904482],[-107.671605,37.902886],[-107.666283,37.902965],[-107.663756,37.903517],[-107.661486,37.906563],[-107.662297,37.907456],[-107.661264,37.909446],[-107.656691,37.907992],[-107.650596,37.909647],[-107.648799,37.913007],[-107.64725,37.913405],[-107.646418,37.915319],[-107.646799,37.91665],[-107.637926,37.920859],[-107.637464,37.923564],[-107.639255,37.92587],[-107.640009,37.929534],[-107.641716,37.930993],[-107.642528,37.933212],[-107.642842,37.936611],[-107.640513,37.939398],[-107.641973,37.943731],[-107.64088,37.947155],[-107.642692,37.949558],[-107.642885,37.953134],[-107.639928,37.957859],[-107.641004,37.959609],[-107.640418,37.962016],[-107.641588,37.965009],[-107.568875,37.965015],[-107.568283,37.961919],[-107.564534,37.96079],[-107.563629,37.95663],[-107.562673,37.955456],[-107.551046,37.949687],[-107.537346,37.947613],[-107.532593,37.943905],[-107.532378,37.940654],[-107.534309,37.93817],[-107.534149,37.937138],[-107.537701,37.934644],[-107.538146,37.932829],[-107.538351,37.929819],[-107.537358,37.926144],[-107.534546,37.924671],[-107.536518,37.922412],[-107.536652,37.921088],[-107.530747,37.916819],[-107.529205,37.914679],[-107.529716,37.911748],[-107.528505,37.907097],[-107.524806,37.905345],[-107.524635,37.904054],[-107.520167,37.901312],[-107.521638,37.900419],[-107.522296,37.898069],[-107.526238,37.896577],[-107.526056,37.893649],[-107.52787,37.890721],[-107.531282,37.889159],[-107.533481,37.889061],[-107.532481,37.884047],[-107.536468,37.88011],[-107.534972,37.875622],[-107.536021,37.873914],[-107.530041,37.871616],[-107.526014,37.868952],[-107.524142,37.866605],[-107.524402,37.865163],[-107.522476,37.864074],[-107.52108,37.861861],[-107.520787,37.859548],[-107.517859,37.856978],[-107.518593,37.849185],[-107.519048,37.84827],[-107.520906,37.848025],[-107.520964,37.844892],[-107.521783,37.844635],[-107.521774,37.842366],[-107.5224,37.842098],[-107.519667,37.841194],[-107.520586,37.839493],[-107.518374,37.838982],[-107.516204,37.834547],[-107.516835,37.833472],[-107.51613,37.831938],[-107.516567,37.82977],[-107.51733,37.829295],[-107.516817,37.826704],[-107.510289,37.824755],[-107.498173,37.822931],[-107.490996,37.824406],[-107.485477,37.822421],[-107.478876,37.816685],[-107.47475,37.815594],[-107.472305,37.812339],[-107.468843,37.809726],[-107.468946,37.807946],[-107.465795,37.802148],[-107.465884,37.799979],[-107.462223,37.799096],[-107.462139,37.797229],[-107.460969,37.796884],[-107.459224,37.79427],[-107.459382,37.789586],[-107.460758,37.786834],[-107.45954,37.786093],[-107.458134,37.78197],[-107.460404,37.781541],[-107.460804,37.779734],[-107.463875,37.777081],[-107.465182,37.774395],[-107.464994,37.773127],[-107.46738,37.770073],[-107.466908,37.766273],[-107.46901,37.765169],[-107.469391,37.766503],[-107.47842,37.769268],[-107.481,37.768037],[-107.482245,37.768353],[-107.482179,37.639501],[-107.743187,37.639547],[-107.758904,37.64033],[-107.970086,37.639587],[-107.967247,37.641023],[-107.962155,37.641447],[-107.960061,37.642638],[-107.958581,37.647281],[-107.957078,37.648894],[-107.96168,37.658094],[-107.961553,37.661749],[-107.964469,37.664364],[-107.964412,37.667633],[-107.965861,37.669509],[-107.965803,37.671518],[-107.968844,37.675554],[-107.96942,37.679232],[-107.97506,37.683648]]]}},{"type":"Feature","properties":{"county_fips":"08113","name":"San Miguel"},"geometry":{"type":"Polygon","coordinates":[[[-109.042938,37.981607],[-109.041979,38.079557],[-109.042583,38.153028],[-108.979578,38.153662],[-108.906749,38.153292],[-108.906749,38.154959],[-108.880672,38.154024],[-108.741856,38.15316],[-107.965789,38.152328],[-107.965453,38.144903],[-107.951717,38.144982],[-107.951574,38.116125],[-107.891469,38.115957],[-107.891529,38.101364],[-107.892539,38.101347],[-107.892052,38.087011],[-107.896714,38.086829],[-107.892926,38.07247],[-107.893774,38.057742],[-107.891999,38.057837],[-107.891356,38.048707],[-107.888045,38.04539],[-107.892908,38.042724],[-107.893156,38.0392],[-107.896564,38.034753],[-107.896692,38.031598],[-107.898751,38.029424],[-107.900193,38.026249],[-107.891038,38.025018],[-107.891384,38.022537],[-107.889335,38.017615],[-107.891044,38.013531],[-107.889716,38.011615],[-107.8833,38.007371],[-107.878652,38.008232],[-107.873568,38.006819],[-107.86594,38.008012],[-107.862419,38.00943],[-107.858974,38.008397],[-107.849131,38.008599],[-107.84446,38.0059],[-107.842294,38.005823],[-107.841498,38.00113],[-107.843704,37.999142],[-107.847682,37.997518],[-107.849368,37.994427],[-107.848715,37.992459],[-107.843105,37.991653],[-107.837703,37.992528],[-107.829781,37.988963],[-107.824833,37.988163],[-107.819481,37.989724],[-107.815604,37.989394],[-107.814321,37.990673],[-107.804877,37.988818],[-107.802004,37.986891],[-107.79964,37.988264],[-107.795469,37.98852],[-107.793251,37.986415],[-107.791727,37.982355],[-107.786848,37.97851],[-107.787082,37.977205],[-107.78918,37.975273],[-107.785368,37.971012],[-107.780412,37.961879],[-107.778675,37.960948],[-107.776062,37.962011],[-107.769301,37.961981],[-107.765783,37.960951],[-107.763601,37.959209],[-107.760855,37.959632],[-107.755754,37.954646],[-107.748897,37.953116],[-107.744316,37.945797],[-107.743893,37.942044],[-107.742407,37.940368],[-107.739148,37.939261],[-107.737916,37.93446],[-107.732788,37.929975],[-107.733307,37.926947],[-107.735563,37.924859],[-107.733318,37.922063],[-107.733159,37.92032],[-107.737494,37.917687],[-107.736951,37.914565],[-107.73505,37.910896],[-107.736371,37.909505],[-107.73668,37.907728],[-107.742968,37.899406],[-107.749011,37.897951],[-107.748133,37.895063],[-107.749371,37.893527],[-107.753133,37.890963],[-107.75619,37.890035],[-107.756164,37.882907],[-107.76092,37.877557],[-107.766058,37.877465],[-107.7691,37.873431],[-107.774902,37.868567],[-107.782642,37.867692],[-107.782802,37.865898],[-107.780129,37.862271],[-107.780668,37.85993],[-107.779566,37.858189],[-107.780277,37.853092],[-107.779139,37.852669],[-107.779099,37.849775],[-107.78003,37.848655],[-107.782687,37.848979],[-107.785068,37.84657],[-107.782536,37.84363],[-107.782923,37.84094],[-107.790234,37.837373],[-107.790426,37.83516],[-107.792723,37.830609],[-107.794479,37.829094],[-107.796447,37.822725],[-107.799559,37.82304],[-107.804424,37.825121],[-107.80869,37.824106],[-107.810684,37.821356],[-107.817224,37.819344],[-107.821023,37.815039],[-107.828521,37.811858],[-107.828959,37.808627],[-107.826163,37.805372],[-107.8247,37.804852],[-107.828461,37.799625],[-107.822201,37.795546],[-107.82465,37.790228],[-107.82753,37.789467],[-107.832754,37.784309],[-107.835933,37.782837],[-107.838669,37.779418],[-107.840525,37.774534],[-107.8436,37.773556],[-107.850829,37.776263],[-107.860845,37.775517],[-107.861805,37.777361],[-107.86425,37.779127],[-107.8674,37.779708],[-107.870497,37.781451],[-107.870009,37.784302],[-107.873847,37.786483],[-107.880224,37.786116],[-107.8825,37.785098],[-107.886257,37.785454],[-107.88993,37.788632],[-107.890873,37.79092],[-107.888745,37.796149],[-107.888977,37.798081],[-107.892224,37.80239],[-107.904309,37.806861],[-107.906003,37.810846],[-107.90965,37.811145],[-107.91361,37.814111],[-107.918088,37.818686],[-107.917844,37.819907],[-107.921347,37.823714],[-107.933866,37.823494],[-107.938134,37.822668],[-107.944738,37.828082],[-107.947024,37.828534],[-107.94678,37.831347],[-107.948182,37.83382],[-107.950763,37.835759],[-107.95492,37.834448],[-107.9587,37.834632],[-107.961892,37.832796],[-107.965895,37.831824],[-107.972033,37.83263],[-107.975306,37.835869],[-107.979821,37.843012],[-107.984172,37.845037],[-107.987386,37.850507],[-107.987967,37.854604],[-107.989472,37.856753],[-107.998986,37.855833],[-108.002679,37.857094],[-108.007289,37.855066],[-108.012116,37.85715],[-108.018909,37.855515],[-108.030865,37.855495],[-108.035837,37.852182],[-108.047677,37.850725],[-108.05159,37.846203],[-108.055679,37.844496],[-108.054902,37.841827],[-108.058476,37.841],[-108.059819,37.842628],[-108.060342,37.844877],[-108.064205,37.846727],[-108.066479,37.851048],[-108.068328,37.851457],[-108.069779,37.850777],[-108.072089,37.847765],[-108.075611,37.846744],[-108.079313,37.844367],[-108.081364,37.844186],[-108.084577,37.841617],[-108.08668,37.841807],[-108.090861,37.839937],[-108.0933,37.840837],[-108.096315,37.840299],[-108.095031,37.842415],[-108.09534,37.844318],[-108.098275,37.848411],[-108.112523,37.855235],[-108.117374,37.853444],[-108.120951,37.853841],[-108.122896,37.852143],[-108.12505,37.852067],[-108.124654,37.848591],[-108.126631,37.845343],[-108.131107,37.842957],[-108.137429,37.83789],[-108.140077,37.834874],[-108.140345,37.832353],[-108.142021,37.833043],[-108.144488,37.838317],[-108.145901,37.837891],[-108.147241,37.838853],[-108.148972,37.83736],[-108.150001,37.834335],[-108.152674,37.835146],[-108.160374,37.833809],[-108.163854,37.834923],[-108.167395,37.831635],[-108.169142,37.83111],[-108.17517,37.83255],[-108.178348,37.831178],[-108.183171,37.826479],[-108.192391,37.824414],[-108.199063,37.8242],[-108.205455,37.821779],[-108.209837,37.821021],[-108.210524,37.821623],[-108.209457,37.823268],[-108.210732,37.824836],[-108.210998,37.829049],[-108.212354,37.832038],[-108.214643,37.833132],[-108.215335,37.834348],[-108.218425,37.834905],[-108.21726,37.837043],[-108.221723,37.838771],[-108.223713,37.841926],[-108.226963,37.843249],[-108.226522,37.845529],[-108.229892,37.855742],[-108.229586,37.861041],[-108.231805,37.862054],[-108.23195,37.865066],[-108.235061,37.869313],[-108.237837,37.876392],[-108.247934,37.87938],[-108.250363,37.884572],[-108.253632,37.885944],[-108.257392,37.889681],[-108.257731,37.891045],[-108.256498,37.894607],[-108.374287,37.893477],[-108.624224,37.895334],[-108.81671,37.895538],[-108.818124,37.893753],[-108.818819,37.890084],[-108.817699,37.888088],[-108.820529,37.886041],[-108.819871,37.883958],[-108.820522,37.880851],[-109.041992,37.881083],[-109.04204,37.943812],[-109.042938,37.981607]]]}},{"type":"Feature","properties":{"county_fips":"08115","name":"Sedgwick"},"geometry":{"type":"Polygon","coordinates":[[[-102.653488,40.999989],[-102.653463,41.002332],[-102.621033,41.002597],[-102.051717,41.002359],[-102.051416,40.749586],[-102.190805,40.748896],[-102.65131,40.749402],[-102.651814,40.865445],[-102.653488,40.999989]]]}},{"type":"Feature","properties":{"county_fips":"08117","name":"Summit"},"geometry":{"type":"Polygon","coordinates":[[[-106.440301,39.918323],[-106.439202,39.919945],[-106.434424,39.923387],[-106.434508,39.924914],[-106.395257,39.924589],[-106.395433,39.914016],[-106.294624,39.91396],[-106.294777,39.91892],[-106.252027,39.914712],[-106.250581,39.913048],[-106.24691,39.9127],[-106.241115,39.907269],[-106.239298,39.906814],[-106.231688,39.900806],[-106.231881,39.899895],[-106.230009,39.897996],[-106.228361,39.893517],[-106.223089,39.888304],[-106.220782,39.887686],[-106.219374,39.885304],[-106.219321,39.883611],[-106.21686,39.88063],[-106.214174,39.878801],[-106.206499,39.877701],[-106.206368,39.874985],[-106.201391,39.868524],[-106.201545,39.865465],[-106.200566,39.864042],[-106.195424,39.861085],[-106.193082,39.858825],[-106.180446,39.852456],[-106.1777,39.849258],[-106.17403,39.847724],[-106.172511,39.847913],[-106.172522,39.846397],[-106.171143,39.845293],[-106.167603,39.845541],[-106.165117,39.843822],[-106.160147,39.843434],[-106.149507,39.839561],[-106.143404,39.839348],[-106.137912,39.843538],[-106.131483,39.8442],[-106.124989,39.842125],[-106.121767,39.838977],[-106.12031,39.835672],[-106.11704,39.831992],[-106.112427,39.829706],[-106.104652,39.821845],[-106.099916,39.819804],[-106.092016,39.812871],[-106.089974,39.809336],[-106.084115,39.806655],[-106.083946,39.803325],[-106.082353,39.800706],[-106.082163,39.796336],[-106.078049,39.793499],[-106.081207,39.787399],[-106.074574,39.780133],[-106.071032,39.772679],[-106.070134,39.767338],[-106.065555,39.762624],[-106.06476,39.760258],[-106.065806,39.757259],[-106.065898,39.753799],[-106.061897,39.751436],[-106.06325,39.750968],[-106.064853,39.748056],[-106.063658,39.745389],[-106.059719,39.740621],[-106.060175,39.734463],[-106.058039,39.728812],[-106.058548,39.724701],[-106.055951,39.721404],[-106.048635,39.721072],[-106.04793,39.720019],[-106.04467,39.718924],[-106.041583,39.71602],[-106.038106,39.712058],[-106.037888,39.707579],[-106.03431,39.702958],[-106.033642,39.69676],[-106.031889,39.694175],[-106.026332,39.690752],[-106.026686,39.689521],[-106.012987,39.686341],[-106.006484,39.687953],[-106.0029,39.685838],[-105.996339,39.684122],[-105.990978,39.68752],[-105.985401,39.687376],[-105.980951,39.689769],[-105.978187,39.689762],[-105.97235,39.69169],[-105.970427,39.690572],[-105.961941,39.690782],[-105.951036,39.695149],[-105.945601,39.688866],[-105.936495,39.69257],[-105.932801,39.694682],[-105.93009,39.697518],[-105.924618,39.698972],[-105.920042,39.693888],[-105.920473,39.692538],[-105.919581,39.690287],[-105.921329,39.68431],[-105.92703,39.676703],[-105.926681,39.673588],[-105.922285,39.670123],[-105.919955,39.669434],[-105.910753,39.662294],[-105.903691,39.664435],[-105.896812,39.664664],[-105.893945,39.659418],[-105.884861,39.657084],[-105.879613,39.663638],[-105.873017,39.666021],[-105.864767,39.667218],[-105.859953,39.659229],[-105.856613,39.657614],[-105.856321,39.653951],[-105.854341,39.649081],[-105.848665,39.644156],[-105.846102,39.644087],[-105.841546,39.646184],[-105.839474,39.645595],[-105.834925,39.642002],[-105.82874,39.641949],[-105.825963,39.640931],[-105.821182,39.642692],[-105.819163,39.639659],[-105.818636,39.63491],[-105.817239,39.633555],[-105.810939,39.635348],[-105.806227,39.634947],[-105.798275,39.636354],[-105.793485,39.63638],[-105.790771,39.633983],[-105.784603,39.631147],[-105.782674,39.629024],[-105.782326,39.626771],[-105.782706,39.617957],[-105.776143,39.61108],[-105.775744,39.605576],[-105.782745,39.600145],[-105.79075,39.598245],[-105.795337,39.594234],[-105.800154,39.593415],[-105.808083,39.583395],[-105.813793,39.582406],[-105.817777,39.580778],[-105.819897,39.582229],[-105.821639,39.580409],[-105.826544,39.5802],[-105.827263,39.579316],[-105.832391,39.577565],[-105.838369,39.572952],[-105.838398,39.571453],[-105.836599,39.56879],[-105.830005,39.565933],[-105.828521,39.563453],[-105.828906,39.561547],[-105.826061,39.557442],[-105.825771,39.555678],[-105.822337,39.553012],[-105.815807,39.551976],[-105.816308,39.54815],[-105.818928,39.545815],[-105.817631,39.53831],[-105.819268,39.537572],[-105.822925,39.529931],[-105.830016,39.532043],[-105.839752,39.527271],[-105.844329,39.525992],[-105.845377,39.52375],[-105.854562,39.527868],[-105.857732,39.532058],[-105.859507,39.531536],[-105.862896,39.527307],[-105.863292,39.52457],[-105.864701,39.522115],[-105.868065,39.51949],[-105.866889,39.516702],[-105.859947,39.512148],[-105.859457,39.509225],[-105.857017,39.50706],[-105.854772,39.506401],[-105.853887,39.504506],[-105.857352,39.505267],[-105.860395,39.50471],[-105.864128,39.501623],[-105.864214,39.499986],[-105.866565,39.496663],[-105.866584,39.494351],[-105.871113,39.495006],[-105.874714,39.493521],[-105.878485,39.489369],[-105.879087,39.483767],[-105.884677,39.484138],[-105.889185,39.48335],[-105.892225,39.484029],[-105.892666,39.479998],[-105.894725,39.477517],[-105.897327,39.477137],[-105.896886,39.475206],[-105.89909,39.4715],[-105.901612,39.469619],[-105.901835,39.464248],[-105.905959,39.459657],[-105.908632,39.459349],[-105.910919,39.458023],[-105.911637,39.456736],[-105.914845,39.458376],[-105.917072,39.457969],[-105.926674,39.459417],[-105.929823,39.459338],[-105.934657,39.457888],[-105.938663,39.458498],[-105.940917,39.456058],[-105.94217,39.452773],[-105.941853,39.448246],[-105.943698,39.446183],[-105.944155,39.44091],[-105.954545,39.438359],[-105.961752,39.440091],[-105.966043,39.438782],[-105.966786,39.438035],[-105.964499,39.432812],[-105.960726,39.429018],[-105.956631,39.428028],[-105.954837,39.42622],[-105.955328,39.421987],[-105.953875,39.420479],[-105.951867,39.414338],[-105.976867,39.40857],[-105.978218,39.407101],[-105.981923,39.405974],[-105.983621,39.402441],[-105.985018,39.401667],[-105.992856,39.401859],[-105.994132,39.397824],[-105.996648,39.394424],[-105.999529,39.393825],[-106.003339,39.391766],[-106.005,39.389293],[-106.008401,39.387356],[-106.013851,39.386898],[-106.018383,39.381403],[-106.016794,39.374988],[-106.017473,39.373383],[-106.017619,39.365503],[-106.021966,39.361713],[-106.02672,39.361333],[-106.034717,39.358376],[-106.043926,39.357378],[-106.056096,39.358431],[-106.068471,39.364429],[-106.074192,39.36863],[-106.080241,39.370435],[-106.081207,39.369199],[-106.085632,39.369723],[-106.097206,39.377987],[-106.106038,39.377931],[-106.118459,39.376516],[-106.127447,39.378877],[-106.136412,39.379694],[-106.206732,39.379636],[-106.210534,39.382795],[-106.2104,39.384124],[-106.203117,39.389612],[-106.201042,39.394815],[-106.201244,39.395928],[-106.212828,39.404006],[-106.212967,39.405688],[-106.217861,39.408346],[-106.21698,39.410216],[-106.218983,39.412328],[-106.228194,39.414437],[-106.229769,39.416046],[-106.230935,39.418611],[-106.230011,39.419892],[-106.230058,39.422261],[-106.232687,39.426248],[-106.226916,39.428625],[-106.225443,39.431843],[-106.22321,39.433105],[-106.223251,39.433807],[-106.224985,39.436601],[-106.228354,39.439757],[-106.231858,39.440971],[-106.235991,39.445962],[-106.238922,39.451361],[-106.23811,39.454158],[-106.238521,39.455169],[-106.242182,39.457697],[-106.245149,39.461476],[-106.249933,39.463345],[-106.251638,39.465039],[-106.251528,39.467521],[-106.250389,39.468941],[-106.25168,39.4743],[-106.251483,39.476714],[-106.250313,39.477434],[-106.249393,39.483961],[-106.245547,39.489392],[-106.247285,39.4913],[-106.256579,39.493259],[-106.259629,39.494968],[-106.256877,39.499661],[-106.253664,39.500325],[-106.249467,39.503972],[-106.246416,39.512752],[-106.248439,39.515699],[-106.253688,39.517919],[-106.255767,39.519897],[-106.254401,39.527409],[-106.255888,39.531813],[-106.254026,39.535347],[-106.250581,39.538544],[-106.249928,39.542094],[-106.248295,39.544251],[-106.243424,39.544119],[-106.236748,39.548594],[-106.234975,39.547855],[-106.23569,39.546629],[-106.234911,39.543492],[-106.228861,39.538405],[-106.224908,39.531391],[-106.217307,39.532033],[-106.211268,39.530132],[-106.210402,39.534909],[-106.211785,39.53971],[-106.210111,39.542512],[-106.210682,39.545176],[-106.209926,39.546943],[-106.202014,39.549983],[-106.198087,39.550277],[-106.197248,39.55265],[-106.197648,39.555066],[-106.196267,39.556888],[-106.197845,39.557774],[-106.205719,39.558211],[-106.209207,39.562594],[-106.210286,39.571665],[-106.211609,39.573369],[-106.214935,39.574752],[-106.213555,39.579317],[-106.213951,39.582015],[-106.210865,39.586803],[-106.21166,39.589811],[-106.211224,39.593213],[-106.208591,39.600031],[-106.206056,39.602045],[-106.205663,39.603866],[-106.202105,39.605836],[-106.200418,39.606404],[-106.193965,39.605502],[-106.190323,39.603979],[-106.185874,39.603304],[-106.184939,39.602258],[-106.183974,39.604173],[-106.177604,39.609056],[-106.177967,39.611795],[-106.176115,39.614221],[-106.17592,39.616111],[-106.177465,39.631677],[-106.176113,39.633968],[-106.176464,39.635722],[-106.179255,39.638457],[-106.179344,39.642503],[-106.18205,39.647666],[-106.18349,39.648612],[-106.184232,39.650636],[-106.18384,39.652153],[-106.189205,39.653341],[-106.194394,39.651123],[-106.207701,39.655288],[-106.209227,39.654278],[-106.217165,39.654592],[-106.218955,39.65628],[-106.218393,39.660763],[-106.219965,39.662586],[-106.222452,39.663027],[-106.227816,39.660842],[-106.231569,39.662127],[-106.23484,39.66203],[-106.240388,39.668138],[-106.239084,39.672452],[-106.238745,39.680274],[-106.246905,39.680653],[-106.250581,39.680211],[-106.252265,39.678982],[-106.255582,39.680034],[-106.258247,39.679804],[-106.25965,39.680813],[-106.261321,39.682716],[-106.261242,39.685792],[-106.263998,39.687053],[-106.265897,39.689536],[-106.264468,39.69125],[-106.264264,39.694036],[-106.262781,39.696708],[-106.262839,39.698818],[-106.264114,39.701292],[-106.269026,39.702563],[-106.272052,39.704348],[-106.275922,39.700044],[-106.277401,39.699539],[-106.290916,39.704066],[-106.294188,39.709345],[-106.293933,39.712317],[-106.295187,39.716417],[-106.2971,39.718022],[-106.298346,39.720569],[-106.30023,39.720732],[-106.309002,39.724945],[-106.312012,39.72519],[-106.318495,39.72866],[-106.320481,39.731674],[-106.325415,39.733233],[-106.326963,39.736552],[-106.330814,39.739269],[-106.331363,39.742548],[-106.332986,39.744071],[-106.335367,39.749356],[-106.338896,39.75067],[-106.342105,39.75303],[-106.343338,39.755292],[-106.343458,39.758986],[-106.350744,39.756879],[-106.354369,39.752351],[-106.359138,39.753152],[-106.363652,39.752076],[-106.370539,39.756612],[-106.373353,39.759549],[-106.374197,39.762218],[-106.379219,39.763036],[-106.379933,39.764326],[-106.385478,39.767164],[-106.385903,39.769562],[-106.391033,39.776942],[-106.388888,39.784225],[-106.389025,39.787697],[-106.394307,39.790564],[-106.396862,39.790093],[-106.395791,39.792707],[-106.39642,39.795781],[-106.400737,39.798736],[-106.40128,39.799855],[-106.4011,39.805648],[-106.401889,39.807545],[-106.407161,39.812804],[-106.409468,39.819202],[-106.410713,39.820364],[-106.411199,39.822089],[-106.410679,39.823699],[-106.41223,39.826786],[-106.412011,39.82867],[-106.415107,39.831441],[-106.420612,39.840003],[-106.423739,39.841425],[-106.425575,39.845488],[-106.423497,39.848052],[-106.423625,39.850106],[-106.42709,39.857675],[-106.432688,39.864557],[-106.434419,39.873001],[-106.433962,39.877375],[-106.428103,39.882164],[-106.429474,39.887114],[-106.428683,39.895107],[-106.43076,39.90162],[-106.430136,39.907152],[-106.4304,39.908906],[-106.432875,39.912607],[-106.439179,39.915632],[-106.440301,39.918323]]]}},{"type":"Feature","properties":{"county_fips":"08119","name":"Teller"},"geometry":{"type":"Polygon","coordinates":[[[-105.330382,39.129474],[-105.033473,39.129783],[-105.027139,39.028954],[-105.027691,39.01485],[-105.029945,38.999632],[-105.0273,38.985375],[-105.027108,38.94909],[-105.028633,38.86873],[-105.066441,38.869177],[-105.067951,38.859881],[-105.072371,38.811087],[-105.072184,38.799382],[-105.054363,38.799475],[-105.01555,38.797821],[-104.948775,38.798559],[-104.939869,38.796543],[-104.938961,38.710524],[-104.939715,38.696319],[-104.942229,38.696268],[-104.942205,38.650133],[-105.013197,38.652729],[-105.049799,38.652404],[-105.073469,38.648533],[-105.091363,38.647754],[-105.202261,38.648182],[-105.239927,38.647464],[-105.240303,38.662169],[-105.237069,38.679208],[-105.237043,38.697267],[-105.328962,38.697558],[-105.330382,39.129474]]]}},{"type":"Feature","properties":{"county_fips":"08121","name":"Washington"},"geometry":{"type":"Polygon","coordinates":[[[-103.473478,40.167553],[-103.472598,40.238628],[-103.471803,40.249979],[-103.470982,40.349759],[-103.464625,40.34992],[-103.464455,40.40407],[-103.465377,40.436346],[-103.40705,40.43636],[-103.367201,40.435294],[-102.77996,40.438446],[-102.78018,40.351144],[-102.793582,40.351281],[-102.7932,40.239296],[-102.794198,40.118262],[-102.793305,40.002493],[-102.803767,40.002554],[-102.800408,39.829851],[-102.802932,39.567841],[-102.935196,39.568549],[-103.154376,39.565654],[-103.310146,39.566569],[-103.491247,39.565692],[-103.707072,39.566295],[-103.705701,40.001366],[-103.47199,40.001502],[-103.472096,40.088481],[-103.473478,40.167553]]]}},{"type":"Feature","properties":{"county_fips":"08123","name":"Weld"},"geometry":{"type":"MultiPolygon","coordinates":[[[[-104.979911,40.032844],[-104.978259,40.033471],[-104.97305,40.033037],[-104.973074,40.029512],[-104.979917,40.029486],[-104.979911,40.032844]]],[[[-104.753728,40.000471],[-104.961405,40.000337],[-104.961157,40.044144],[-104.979242,40.043758],[-104.980041,40.040316],[-104.980063,40.029325],[-104.9865,40.029309],[-104.986543,40.025799],[-104.999007,40.025776],[-104.999005,40.023509],[-104.996742,40.023509],[-104.996784,40.02082],[-104.999013,40.020627],[-104.995792,40.020361],[-104.99907,40.016131],[-104.999065,40.014887],[-104.989614,40.01489],[-104.989647,40.007679],[-105.007995,40.007581],[-105.007906,40.000483],[-105.055518,40.000251],[-105.055135,40.335183],[-105.05672,40.349281],[-104.945551,40.349099],[-104.944222,40.435894],[-104.943949,40.63496],[-104.943096,40.69326],[-104.943371,40.998213],[-104.855273,40.998048],[-104.778847,40.999769],[-104.577579,41.001559],[-103.573774,41.001716],[-103.573966,40.876187],[-103.573216,40.789166],[-103.574301,40.702018],[-103.580371,40.702023],[-103.581754,40.596177],[-103.581837,40.52316],[-103.695926,40.522018],[-103.803365,40.524175],[-104.147714,40.524389],[-104.146523,40.430088],[-104.147521,40.350964],[-104.147536,40.350245],[-104.150494,40.350245],[-104.150538,40.34748],[-104.1498,40.18087],[-104.150332,40.000856],[-104.753728,40.000471]]]]}},{"type":"Feature","properties":{"county_fips":"08125","name":"Yuma"},"geometry":{"type":"Polygon","coordinates":[[[-102.051726,39.97827],[-102.051666,39.847689],[-102.049806,39.574058],[-102.313493,39.571137],[-102.551554,39.570656],[-102.572549,39.56925],[-102.802932,39.567841],[-102.800408,39.829851],[-102.803767,40.002554],[-102.793305,40.002493],[-102.794198,40.118262],[-102.7932,40.239296],[-102.793582,40.351281],[-102.78018,40.351144],[-102.77996,40.438446],[-102.551283,40.438622],[-102.416274,40.439924],[-102.051465,40.440008],[-102.051726,39.97827]]]}}]}