{"type":"FeatureCollection","features":[{"type":"Feature","properties":{"zcta5":"80002","area_name":"ARVADA"},"geometry":{"type":"Polygon","coordinates":[[[-105.165271,39.797845],[-105.165237,39.799292],[-105.162928,39.799313],[-105.162864,39.801656],[-105.165169,39.80207],[-105.152096,39.80172],[-105.15209,39.803047],[-105.150915,39.802491],[-105.150905,39.805372],[-105.147381,39.805415],[-105.147413,39.801717],[-105.137895,39.801802],[-105.137884,39.804835],[-105.135692,39.805024],[-105.135549,39.801838],[-105.11105,39.801887],[-105.110952,39.80319],[-105.109498,39.803185],[-105.109505,39.801895],[-105.100209,39.802061],[-105.10021,39.804068],[-105.097864,39.80362],[-105.091054,39.804941],[-105.090816,39.802033],[-105.088774,39.802028],[-105.088782,39.803857],[-105.087237,39.803802],[-105.08727,39.802007],[-105.083955,39.802971],[-105.081437,39.802777],[-105.081433,39.801992],[-105.068181,39.802209],[-105.060445,39.800961],[-105.044018,39.804354],[-105.043823,39.794867],[-105.046747,39.794776],[-105.047753,39.792988],[-105.053207,39.792014],[-105.053246,39.791063],[-105.06148,39.791075],[-105.062364,39.7905],[-105.064405,39.79108],[-105.064992,39.788359],[-105.07621,39.785056],[-105.081324,39.784368],[-105.081435,39.786142],[-105.093248,39.783855],[-105.1002,39.783846],[-105.100177,39.788986],[-105.109561,39.787233],[-105.109267,39.793097],[-105.114344,39.792082],[-105.114309,39.794658],[-105.1179,39.794649],[-105.117371,39.791498],[-105.119905,39.791018],[-105.122121,39.791014],[-105.122123,39.794625],[-105.123793,39.794622],[-105.123754,39.790124],[-105.128529,39.789132],[-105.128547,39.793807],[-105.13009,39.793791],[-105.130087,39.791003],[-105.137976,39.790939],[-105.137877,39.779907],[-105.141441,39.778361],[-105.15671,39.776254],[-105.156803,39.790778],[-105.165133,39.790706],[-105.16399,39.795403],[-105.165296,39.795791],[-105.165271,39.797845]]]}},{"type":"Feature","properties":{"zcta5":"80003","area_name":"ARVADA"},"geometry":{"type":"Polygon","coordinates":[[[-105.084052,39.821868],[-105.081425,39.823681],[-105.081751,39.851611],[-105.081849,39.853391],[-105.083676,39.854073],[-105.083207,39.856415],[-105.054657,39.85639],[-105.053013,39.853775],[-105.0529,39.852042],[-105.049463,39.84844],[-105.047929,39.841796],[-105.048995,39.84532],[-105.050695,39.845272],[-105.050716,39.844052],[-105.05324,39.844052],[-105.053266,39.834527],[-105.051423,39.834516],[-105.051424,39.832708],[-105.053261,39.832707],[-105.053267,39.816412],[-105.044081,39.816468],[-105.04411,39.817488],[-105.038558,39.817268],[-105.036223,39.818239],[-105.036242,39.818829],[-105.038189,39.819184],[-105.035413,39.819194],[-105.035391,39.820169],[-105.034505,39.820168],[-105.034697,39.80431],[-105.043116,39.804529],[-105.060445,39.800961],[-105.068181,39.802209],[-105.081433,39.801992],[-105.081415,39.805967],[-105.082574,39.806426],[-105.081424,39.807434],[-105.083808,39.808591],[-105.081996,39.808584],[-105.081434,39.809277],[-105.081399,39.812883],[-105.080518,39.81286],[-105.081432,39.814659],[-105.081486,39.82012],[-105.083838,39.820129],[-105.084052,39.821868]]]}},{"type":"Feature","properties":{"zcta5":"80004","area_name":"ARVADA"},"geometry":{"type":"Polygon","coordinates":[[[-105.169406,39.804928],[-105.168865,39.806125],[-105.163481,39.806921],[-105.164626,39.810612],[-105.164031,39.811668],[-105.165174,39.812457],[-105.16515,39.81719],[-105.161915,39.817747],[-105.16187,39.819777],[-105.158745,39.820445],[-105.159046,39.822119],[-105.161424,39.821962],[-105.162872,39.82093],[-105.165221,39.821303],[-105.165142,39.82701],[-105.155831,39.827025],[-105.155838,39.824777],[-105.155068,39.824784],[-105.155065,39.827038],[-105.1484,39.827094],[-105.148455,39.823122],[-105.147247,39.82304],[-105.14719,39.819965],[-105.141049,39.81995],[-105.141044,39.827056],[-105.081447,39.827244],[-105.081425,39.823681],[-105.084053,39.821845],[-105.083838,39.820129],[-105.081486,39.82012],[-105.081432,39.814659],[-105.080518,39.81286],[-105.081399,39.812883],[-105.081434,39.809277],[-105.081996,39.808584],[-105.083808,39.808591],[-105.081424,39.807434],[-105.082574,39.806426],[-105.081415,39.805967],[-105.081437,39.802777],[-105.08611,39.802798],[-105.086104,39.802015],[-105.08727,39.802007],[-105.087237,39.803802],[-105.088782,39.803857],[-105.088774,39.802028],[-105.090816,39.802033],[-105.091054,39.804941],[-105.097864,39.80362],[-105.10021,39.804068],[-105.100209,39.802061],[-105.109505,39.801895],[-105.109498,39.803185],[-105.110952,39.80319],[-105.11105,39.801887],[-105.135549,39.801838],[-105.135692,39.805024],[-105.137884,39.804835],[-105.137895,39.801802],[-105.147413,39.801717],[-105.147381,39.805415],[-105.150905,39.805372],[-105.150915,39.802491],[-105.15209,39.803047],[-105.152096,39.80172],[-105.16146,39.801663],[-105.161452,39.802192],[-105.165169,39.80207],[-105.165034,39.803043],[-105.168339,39.802681],[-105.168153,39.803648],[-105.169406,39.804928]]]}},{"type":"Feature","properties":{"zcta5":"80005","area_name":"ARVADA"},"geometry":{"type":"Polygon","coordinates":[[[-105.165554,39.890898],[-105.164423,39.891408],[-105.146989,39.889212],[-105.134605,39.889297],[-105.133699,39.888245],[-105.134155,39.887558],[-105.128603,39.885373],[-105.128661,39.878322],[-105.147418,39.878259],[-105.147437,39.87294],[-105.148259,39.871506],[-105.144597,39.870404],[-105.140023,39.866733],[-105.143595,39.865043],[-105.146147,39.86522],[-105.14163,39.862977],[-105.143584,39.861363],[-105.138394,39.862662],[-105.137161,39.862063],[-105.138581,39.860834],[-105.137655,39.85974],[-105.139295,39.85834],[-105.137714,39.85712],[-105.131229,39.8562],[-105.131195,39.854843],[-105.130709,39.856271],[-105.126198,39.855994],[-105.115995,39.853422],[-105.111948,39.854429],[-105.112382,39.853506],[-105.111761,39.85301],[-105.110021,39.853786],[-105.109081,39.855905],[-105.107738,39.856594],[-105.083207,39.856415],[-105.083676,39.854073],[-105.081849,39.853391],[-105.081447,39.827244],[-105.141044,39.827056],[-105.141049,39.81995],[-105.14719,39.819965],[-105.147247,39.82304],[-105.148455,39.823122],[-105.1484,39.827094],[-105.155065,39.827038],[-105.155068,39.824784],[-105.155838,39.824777],[-105.155831,39.827025],[-105.165142,39.82701],[-105.165182,39.829883],[-105.165074,39.829955],[-105.165052,39.82791],[-105.163301,39.827916],[-105.163319,39.830631],[-105.156792,39.830639],[-105.156583,39.834294],[-105.158342,39.834289],[-105.157535,39.835393],[-105.158711,39.836268],[-105.156575,39.836272],[-105.156481,39.840276],[-105.152825,39.840624],[-105.151356,39.839715],[-105.147574,39.839327],[-105.14761,39.841627],[-105.154108,39.841053],[-105.156051,39.84156],[-105.154136,39.841798],[-105.160926,39.841838],[-105.165241,39.843426],[-105.165296,39.857349],[-105.158388,39.857455],[-105.158787,39.858425],[-105.165302,39.858401],[-105.165426,39.870699],[-105.164066,39.870716],[-105.16409,39.87288],[-105.165453,39.872866],[-105.165554,39.890898]]]}},{"type":"Feature","properties":{"zcta5":"80007","area_name":"ARVADA"},"geometry":{"type":"Polygon","coordinates":[[[-105.24113,39.885465],[-105.241066,39.907636],[-105.238933,39.914367],[-105.147143,39.913889],[-105.16569,39.910515],[-105.165453,39.872866],[-105.16409,39.87288],[-105.164066,39.870716],[-105.165426,39.870699],[-105.165302,39.858401],[-105.158787,39.858425],[-105.158388,39.857455],[-105.165296,39.857349],[-105.165241,39.843426],[-105.160926,39.841838],[-105.154136,39.841798],[-105.156051,39.84156],[-105.154108,39.841053],[-105.14761,39.841627],[-105.147574,39.839327],[-105.151356,39.839715],[-105.152825,39.840624],[-105.156481,39.840276],[-105.156575,39.836272],[-105.158711,39.836268],[-105.157535,39.835393],[-105.158342,39.834289],[-105.156583,39.834294],[-105.156792,39.830639],[-105.163319,39.830631],[-105.163301,39.827916],[-105.165052,39.82791],[-105.165182,39.829883],[-105.165221,39.821303],[-105.162872,39.82093],[-105.161424,39.821962],[-105.159046,39.822119],[-105.158745,39.820445],[-105.16187,39.819777],[-105.161915,39.817747],[-105.16515,39.81719],[-105.165174,39.812457],[-105.19869,39.812759],[-105.203247,39.816163],[-105.2152,39.81629],[-105.218572,39.818108],[-105.22164,39.818051],[-105.221947,39.823558],[-105.227359,39.828478],[-105.229012,39.834475],[-105.230958,39.837901],[-105.234537,39.841262],[-105.234951,39.843813],[-105.230162,39.843153],[-105.226342,39.844928],[-105.217277,39.8468],[-105.213819,39.846747],[-105.213805,39.848751],[-105.221967,39.848791],[-105.221995,39.856006],[-105.226722,39.855983],[-105.226773,39.86151],[-105.230204,39.861137],[-105.234762,39.859245],[-105.239898,39.865338],[-105.241059,39.868464],[-105.24113,39.885465]]]}},{"type":"Feature","properties":{"zcta5":"80010","area_name":"AURORA"},"geometry":{"type":"Polygon","coordinates":[[[-104.884641,39.738699],[-104.883993,39.747446],[-104.879971,39.747438],[-104.879901,39.754735],[-104.84694,39.754687],[-104.848208,39.756419],[-104.856338,39.758127],[-104.856394,39.768581],[-104.832972,39.766391],[-104.833009,39.769177],[-104.828323,39.769156],[-104.827927,39.764201],[-104.835383,39.766165],[-104.844482,39.766914],[-104.844423,39.762452],[-104.845758,39.762457],[-104.845735,39.759198],[-104.846963,39.759192],[-104.846931,39.756669],[-104.838891,39.756657],[-104.834514,39.75562],[-104.832852,39.754708],[-104.83289,39.752832],[-104.835444,39.754589],[-104.846945,39.754595],[-104.847091,39.740207],[-104.848471,39.738175],[-104.848518,39.736474],[-104.847094,39.736135],[-104.847185,39.72885],[-104.84992,39.728601],[-104.851048,39.726241],[-104.85227,39.726227],[-104.852258,39.725625],[-104.850306,39.725649],[-104.849929,39.723814],[-104.847234,39.722573],[-104.84724,39.721568],[-104.849174,39.721339],[-104.854626,39.717651],[-104.855217,39.715068],[-104.859274,39.715037],[-104.860692,39.71434],[-104.861287,39.716791],[-104.865945,39.716754],[-104.865971,39.711053],[-104.870625,39.710174],[-104.870596,39.718176],[-104.87432,39.718201],[-104.875342,39.718944],[-104.875282,39.732852],[-104.88417,39.732846],[-104.884641,39.738699]]]}},{"type":"Feature","properties":{"zcta5":"80011","area_name":"AURORA"},"geometry":{"type":"Polygon","coordinates":[[[-104.853286,39.718204],[-104.849174,39.721339],[-104.84724,39.721568],[-104.847234,39.722573],[-104.849929,39.723814],[-104.850306,39.725649],[-104.852258,39.725625],[-104.85227,39.726227],[-104.851048,39.726241],[-104.84992,39.728601],[-104.847185,39.72885],[-104.847094,39.736135],[-104.848518,39.736474],[-104.847637,39.740206],[-104.828271,39.740297],[-104.829774,39.749664],[-104.83289,39.752832],[-104.832941,39.754813],[-104.838891,39.756657],[-104.846931,39.756669],[-104.846963,39.759192],[-104.845735,39.759198],[-104.845758,39.762457],[-104.844423,39.762452],[-104.844482,39.766914],[-104.835383,39.766165],[-104.827927,39.764201],[-104.828163,39.772575],[-104.809998,39.77101],[-104.809884,39.772823],[-104.781577,39.772795],[-104.78156,39.776483],[-104.772157,39.776409],[-104.772166,39.7715],[-104.764559,39.771568],[-104.764574,39.769188],[-104.734601,39.769181],[-104.734673,39.756745],[-104.739176,39.756736],[-104.740043,39.755525],[-104.742341,39.755444],[-104.743195,39.756415],[-104.74208,39.757734],[-104.745043,39.75889],[-104.745029,39.753875],[-104.745721,39.752727],[-104.747474,39.752042],[-104.752528,39.752406],[-104.734779,39.750323],[-104.734893,39.732756],[-104.744277,39.7328],[-104.744257,39.718481],[-104.753671,39.723701],[-104.753613,39.718342],[-104.744091,39.718343],[-104.739894,39.715064],[-104.742101,39.715017],[-104.742075,39.712265],[-104.752732,39.712321],[-104.764486,39.721856],[-104.772519,39.722131],[-104.772344,39.712024],[-104.781429,39.711887],[-104.78145,39.713753],[-104.783651,39.714394],[-104.783513,39.716185],[-104.781528,39.717182],[-104.781799,39.725624],[-104.785358,39.725626],[-104.785314,39.715726],[-104.791164,39.715727],[-104.791166,39.711271],[-104.799485,39.713703],[-104.800191,39.714251],[-104.799942,39.715797],[-104.805732,39.718629],[-104.8098,39.718363],[-104.809778,39.714804],[-104.81248,39.720945],[-104.815734,39.720721],[-104.814902,39.722455],[-104.817315,39.723148],[-104.818196,39.725618],[-104.819379,39.725619],[-104.81937,39.71975],[-104.815285,39.719701],[-104.813689,39.718438],[-104.818795,39.718129],[-104.819369,39.718788],[-104.819365,39.716569],[-104.826262,39.716584],[-104.826042,39.7188],[-104.828284,39.718807],[-104.828288,39.717385],[-104.833245,39.719114],[-104.83579,39.717809],[-104.843507,39.718418],[-104.853754,39.717965],[-104.853286,39.718204]]]}},{"type":"Feature","properties":{"zcta5":"80012","area_name":"AURORA"},"geometry":{"type":"Polygon","coordinates":[[[-104.869774,39.691711],[-104.867889,39.692697],[-104.867887,39.694075],[-104.869129,39.694083],[-104.869144,39.696554],[-104.868321,39.696566],[-104.868311,39.701089],[-104.865966,39.701089],[-104.865945,39.716754],[-104.861287,39.716791],[-104.860692,39.71434],[-104.859274,39.715037],[-104.855419,39.714964],[-104.854586,39.715968],[-104.854626,39.717651],[-104.85157,39.718396],[-104.83579,39.717809],[-104.833245,39.719114],[-104.828288,39.717385],[-104.828284,39.718807],[-104.826042,39.7188],[-104.826262,39.716584],[-104.819365,39.716569],[-104.819369,39.718788],[-104.818795,39.718129],[-104.813689,39.718438],[-104.815285,39.719701],[-104.81937,39.71975],[-104.819379,39.725619],[-104.818196,39.725618],[-104.817315,39.723148],[-104.814902,39.722455],[-104.815734,39.720721],[-104.81248,39.720945],[-104.809778,39.714804],[-104.809878,39.692929],[-104.811311,39.692271],[-104.810992,39.689333],[-104.809886,39.689331],[-104.809904,39.682056],[-104.81929,39.68209],[-104.819295,39.679231],[-104.823287,39.679819],[-104.824596,39.678814],[-104.828321,39.679174],[-104.82825,39.682125],[-104.831929,39.68211],[-104.832466,39.681154],[-104.836287,39.682092],[-104.865942,39.68202],[-104.865963,39.689467],[-104.869534,39.689288],[-104.869774,39.691711]]]}},{"type":"Feature","properties":{"zcta5":"80013","area_name":"AURORA"},"geometry":{"type":"Polygon","coordinates":[[[-104.810196,39.642136],[-104.809904,39.682056],[-104.716148,39.682046],[-104.71617,39.653007],[-104.734896,39.652975],[-104.734998,39.640827],[-104.738882,39.640936],[-104.739222,39.63913],[-104.742147,39.639096],[-104.742144,39.638467],[-104.76322,39.638506],[-104.763489,39.640292],[-104.766691,39.639697],[-104.767259,39.638514],[-104.788744,39.638501],[-104.789265,39.640664],[-104.79143,39.640689],[-104.791471,39.638498],[-104.808027,39.638492],[-104.808525,39.639759],[-104.810235,39.640225],[-104.810196,39.642136]]]}},{"type":"Feature","properties":{"zcta5":"80014","area_name":"AURORA"},"geometry":{"type":"Polygon","coordinates":[[[-104.880381,39.642475],[-104.880086,39.650773],[-104.876845,39.650948],[-104.875942,39.651966],[-104.877,39.65305],[-104.868838,39.653337],[-104.866591,39.655399],[-104.866051,39.670847],[-104.868216,39.672621],[-104.867803,39.674771],[-104.865986,39.674767],[-104.865973,39.676858],[-104.869428,39.676867],[-104.869424,39.678403],[-104.865965,39.67839],[-104.865942,39.68202],[-104.836287,39.682092],[-104.832466,39.681154],[-104.831929,39.68211],[-104.82825,39.682125],[-104.828321,39.679174],[-104.824596,39.678814],[-104.823287,39.679819],[-104.819295,39.679231],[-104.81929,39.68209],[-104.809904,39.682056],[-104.810235,39.640225],[-104.808525,39.639759],[-104.808027,39.638492],[-104.82894,39.638572],[-104.828896,39.647553],[-104.830484,39.651594],[-104.835696,39.656468],[-104.84359,39.658448],[-104.85442,39.654611],[-104.868109,39.646653],[-104.880381,39.642475]]]}},{"type":"Feature","properties":{"zcta5":"80015","area_name":"CENTENNIAL"},"geometry":{"type":"Polygon","coordinates":[[[-104.877706,39.632319],[-104.873906,39.642222],[-104.874892,39.643172],[-104.876944,39.642067],[-104.877319,39.64345],[-104.868109,39.646653],[-104.85442,39.654611],[-104.84359,39.658448],[-104.835696,39.656468],[-104.830484,39.651594],[-104.828896,39.647553],[-104.82894,39.638572],[-104.791471,39.638498],[-104.79143,39.640689],[-104.789265,39.640664],[-104.788744,39.638501],[-104.767259,39.638514],[-104.766691,39.639697],[-104.763489,39.640292],[-104.76322,39.638506],[-104.742144,39.638467],[-104.742147,39.639096],[-104.739222,39.63913],[-104.738882,39.640936],[-104.734998,39.640827],[-104.735058,39.638452],[-104.718877,39.63855],[-104.718966,39.62036],[-104.716617,39.613177],[-104.71675,39.602226],[-104.723905,39.601212],[-104.730768,39.605895],[-104.736492,39.605383],[-104.755506,39.612014],[-104.756461,39.608162],[-104.761109,39.607053],[-104.766433,39.607105],[-104.772388,39.609588],[-104.792378,39.61066],[-104.796057,39.611785],[-104.801976,39.610295],[-104.80753,39.611094],[-104.812913,39.609454],[-104.819915,39.609481],[-104.819931,39.60574],[-104.82346,39.60518],[-104.824593,39.602186],[-104.824572,39.605887],[-104.828668,39.605904],[-104.830905,39.610173],[-104.839852,39.619297],[-104.841464,39.621895],[-104.84431,39.623934],[-104.871255,39.624257],[-104.871197,39.626861],[-104.875767,39.626857],[-104.875693,39.63137],[-104.877706,39.632319]]]}},{"type":"Feature","properties":{"zcta5":"80016","area_name":"CENTENNIAL"},"geometry":{"type":"Polygon","coordinates":[[[-104.826874,39.602223],[-104.824161,39.602184],[-104.82346,39.60518],[-104.819931,39.60574],[-104.819915,39.609481],[-104.812913,39.609454],[-104.80753,39.611094],[-104.801976,39.610295],[-104.796057,39.611785],[-104.792378,39.61066],[-104.772388,39.609588],[-104.766433,39.607105],[-104.761109,39.607053],[-104.756461,39.608162],[-104.755506,39.612014],[-104.736492,39.605383],[-104.730768,39.605895],[-104.723905,39.601212],[-104.71675,39.602226],[-104.716617,39.613177],[-104.718966,39.62036],[-104.718877,39.63855],[-104.66026,39.638417],[-104.660414,39.62391],[-104.654786,39.62396],[-104.654803,39.620874],[-104.651122,39.616661],[-104.651782,39.613048],[-104.654609,39.613879],[-104.653781,39.611633],[-104.650932,39.608695],[-104.655501,39.60493],[-104.65347,39.602229],[-104.654257,39.600637],[-104.656567,39.599101],[-104.656561,39.597991],[-104.659424,39.594933],[-104.660759,39.594929],[-104.660783,39.574349],[-104.642013,39.574308],[-104.642125,39.56589],[-104.717695,39.565897],[-104.717712,39.563957],[-104.708023,39.564096],[-104.707785,39.551186],[-104.707232,39.551072],[-104.736728,39.551261],[-104.736628,39.565888],[-104.791368,39.566087],[-104.790322,39.566685],[-104.790539,39.568312],[-104.794278,39.568662],[-104.795504,39.569584],[-104.795258,39.571032],[-104.799904,39.572387],[-104.800175,39.573599],[-104.79748,39.574925],[-104.797796,39.577708],[-104.799378,39.578392],[-104.800909,39.57799],[-104.801139,39.582093],[-104.804195,39.582314],[-104.805214,39.583104],[-104.804455,39.58524],[-104.805501,39.587783],[-104.811274,39.590586],[-104.815336,39.590907],[-104.816067,39.59209],[-104.813791,39.593102],[-104.813344,39.594952],[-104.821003,39.594989],[-104.826874,39.602223]]]}},{"type":"Feature","properties":{"zcta5":"80017","area_name":"AURORA"},"geometry":{"type":"Polygon","coordinates":[[[-104.811012,39.692432],[-104.809878,39.692929],[-104.8098,39.718363],[-104.805732,39.718629],[-104.799942,39.715797],[-104.800191,39.714251],[-104.799485,39.713703],[-104.791166,39.711271],[-104.791164,39.715727],[-104.785314,39.715726],[-104.785358,39.725626],[-104.781799,39.725624],[-104.781528,39.717182],[-104.783513,39.716185],[-104.783651,39.714394],[-104.78145,39.713753],[-104.781429,39.711887],[-104.772344,39.712024],[-104.772519,39.722131],[-104.765486,39.722178],[-104.752732,39.712321],[-104.742075,39.712265],[-104.742101,39.715017],[-104.739894,39.715064],[-104.734897,39.711027],[-104.73494,39.703804],[-104.739596,39.703797],[-104.73966,39.696511],[-104.734934,39.696511],[-104.734901,39.686443],[-104.732682,39.683322],[-104.734408,39.682584],[-104.734896,39.683307],[-104.734892,39.682188],[-104.743856,39.682032],[-104.809904,39.682056],[-104.809886,39.689331],[-104.810992,39.689333],[-104.811012,39.692432]]]}},{"type":"Feature","properties":{"zcta5":"80018","area_name":"AURORA"},"geometry":{"type":"Polygon","coordinates":[[[-104.753671,39.723701],[-104.744257,39.718481],[-104.744277,39.7328],[-104.734893,39.732756],[-104.734834,39.740321],[-104.732512,39.740765],[-104.710633,39.740124],[-104.661387,39.740446],[-104.661338,39.739262],[-104.659999,39.739472],[-104.660285,39.725534],[-104.650126,39.725534],[-104.65008,39.738923],[-104.640653,39.737761],[-104.640748,39.725533],[-104.622053,39.725472],[-104.622058,39.710788],[-104.641165,39.711149],[-104.640968,39.667387],[-104.603523,39.66725],[-104.603775,39.638228],[-104.625327,39.638355],[-104.627307,39.640394],[-104.635405,39.644021],[-104.639739,39.64699],[-104.643204,39.64779],[-104.644608,39.649594],[-104.649403,39.649698],[-104.652015,39.652505],[-104.653883,39.651642],[-104.656813,39.654412],[-104.659015,39.658756],[-104.661633,39.661865],[-104.661409,39.666169],[-104.662649,39.667434],[-104.669992,39.667417],[-104.670801,39.666333],[-104.672612,39.667285],[-104.673141,39.666549],[-104.671536,39.665305],[-104.672467,39.6651],[-104.673016,39.663759],[-104.6741,39.662867],[-104.675226,39.663499],[-104.676587,39.662873],[-104.676865,39.662429],[-104.675528,39.661845],[-104.676317,39.661258],[-104.677683,39.661818],[-104.678963,39.660925],[-104.676541,39.658652],[-104.677698,39.655911],[-104.67748,39.653831],[-104.678801,39.652873],[-104.679012,39.638495],[-104.735058,39.638452],[-104.734896,39.652975],[-104.71617,39.653007],[-104.716148,39.682046],[-104.734892,39.682188],[-104.734896,39.683307],[-104.734408,39.682584],[-104.732682,39.683322],[-104.734901,39.686443],[-104.734934,39.696511],[-104.73966,39.696511],[-104.739596,39.703797],[-104.73494,39.703804],[-104.734897,39.711027],[-104.744091,39.718343],[-104.753613,39.718342],[-104.753671,39.723701]]]}},{"type":"Feature","properties":{"zcta5":"80019","area_name":"AURORA"},"geometry":{"type":"Polygon","coordinates":[[[-104.762839,39.800153],[-104.762462,39.823443],[-104.666062,39.822791],[-104.666182,39.813075],[-104.655445,39.812999],[-104.65539,39.822605],[-104.625566,39.82249],[-104.625022,39.820605],[-104.625464,39.815394],[-104.629463,39.810295],[-104.629775,39.806809],[-104.631006,39.804631],[-104.629017,39.803688],[-104.629917,39.802282],[-104.628771,39.800636],[-104.629213,39.798942],[-104.626597,39.797802],[-104.659214,39.798072],[-104.659893,39.741428],[-104.661265,39.741406],[-104.661387,39.740446],[-104.710633,39.740124],[-104.731341,39.740835],[-104.734834,39.740321],[-104.734779,39.750323],[-104.752528,39.752406],[-104.747474,39.752042],[-104.745721,39.752727],[-104.745029,39.753875],[-104.745043,39.75889],[-104.74208,39.757734],[-104.743195,39.756415],[-104.742341,39.755444],[-104.740043,39.755525],[-104.739176,39.756736],[-104.734673,39.756745],[-104.734399,39.798442],[-104.762606,39.798433],[-104.762839,39.800153]]]}},{"type":"Feature","properties":{"zcta5":"80020","area_name":"BROOMFIELD"},"geometry":{"type":"Polygon","coordinates":[[[-105.141221,39.945692],[-105.140897,39.946883],[-105.1281,39.946486],[-105.128029,39.950535],[-105.137563,39.950611],[-105.137506,39.957883],[-105.109367,39.957898],[-105.109265,39.97241],[-105.099879,39.972412],[-105.099893,39.961604],[-105.090346,39.961624],[-105.090249,39.957718],[-105.084216,39.95849],[-105.083117,39.957796],[-105.072002,39.95767],[-105.07189,39.96785],[-105.066889,39.971624],[-105.058553,39.97526],[-105.058473,39.974345],[-105.057709,39.974669],[-105.057747,39.968636],[-105.054202,39.96587],[-105.052828,39.965892],[-105.052898,39.943187],[-105.015657,39.943093],[-105.015524,39.933421],[-105.022071,39.933664],[-105.024299,39.931168],[-105.024318,39.928656],[-105.015491,39.928544],[-105.015507,39.924703],[-105.01362,39.920924],[-105.015681,39.918872],[-105.023751,39.9168],[-105.024994,39.915411],[-105.02498,39.914118],[-105.046217,39.914058],[-105.0462,39.911625],[-105.052885,39.911679],[-105.05323,39.869395],[-105.055112,39.869088],[-105.059522,39.870206],[-105.076658,39.893585],[-105.089772,39.913186],[-105.094597,39.916629],[-105.110147,39.92401],[-105.120619,39.931806],[-105.137579,39.939688],[-105.128165,39.939618],[-105.12816,39.940795],[-105.129478,39.941192],[-105.130864,39.942934],[-105.13906,39.943459],[-105.141221,39.945692]]]}},{"type":"Feature","properties":{"zcta5":"80021","area_name":"BROOMFIELD"},"geometry":{"type":"Polygon","coordinates":[[[-105.166056,39.901768],[-105.16569,39.910515],[-105.147142,39.913849],[-105.147041,39.928938],[-105.137604,39.928931],[-105.137579,39.939688],[-105.120619,39.931806],[-105.110147,39.92401],[-105.094597,39.916629],[-105.089772,39.913186],[-105.059702,39.87023],[-105.063367,39.870516],[-105.065177,39.86889],[-105.069026,39.868649],[-105.070045,39.867242],[-105.069368,39.865628],[-105.070463,39.864384],[-105.07059,39.86051],[-105.073814,39.858085],[-105.074117,39.856547],[-105.107672,39.856601],[-105.109081,39.855905],[-105.110021,39.853786],[-105.111761,39.85301],[-105.112382,39.853506],[-105.111948,39.854429],[-105.115995,39.853422],[-105.126198,39.855994],[-105.130709,39.856271],[-105.131195,39.854843],[-105.131229,39.8562],[-105.137714,39.85712],[-105.139267,39.858285],[-105.137633,39.859822],[-105.138581,39.860834],[-105.137161,39.862063],[-105.138109,39.862613],[-105.143584,39.861363],[-105.14163,39.862977],[-105.146147,39.86522],[-105.143595,39.865043],[-105.140116,39.86698],[-105.144597,39.870404],[-105.148259,39.871506],[-105.147437,39.87294],[-105.147418,39.878259],[-105.128661,39.878322],[-105.128603,39.885373],[-105.134155,39.887558],[-105.133699,39.888245],[-105.134605,39.889297],[-105.146989,39.889212],[-105.164423,39.891408],[-105.165554,39.890898],[-105.166056,39.901768]]]}},{"type":"Feature","properties":{"zcta5":"80022","area_name":"COMMERCE CITY"},"geometry":{"type":"MultiPolygon","coordinates":[[[[-104.619742,39.82692],[-104.619152,39.87322],[-104.605261,39.873114],[-104.605154,39.881346],[-104.59981,39.881307],[-104.599776,39.884585],[-104.583392,39.884463],[-104.583336,39.826394],[-104.619742,39.82692]]],[[[-104.640469,39.933837],[-104.631021,39.933773],[-104.630992,39.92832],[-104.64044,39.9284],[-104.640469,39.933837]]],[[[-104.968863,39.791317],[-104.957397,39.803371],[-104.957457,39.805032],[-104.959454,39.808396],[-104.958768,39.812039],[-104.952113,39.813383],[-104.950771,39.815245],[-104.948161,39.830746],[-104.941467,39.830859],[-104.9301,39.840168],[-104.912793,39.857527],[-104.912605,39.853818],[-104.911545,39.85336],[-104.911831,39.851915],[-104.910527,39.851283],[-104.907817,39.852803],[-104.907384,39.85615],[-104.905432,39.855601],[-104.90487,39.856148],[-104.90787,39.851926],[-104.903977,39.853735],[-104.902794,39.855308],[-104.90318,39.856219],[-104.885571,39.856243],[-104.885587,39.854398],[-104.884702,39.854421],[-104.884338,39.856239],[-104.882427,39.85623],[-104.831898,39.899737],[-104.822734,39.899845],[-104.82006,39.898082],[-104.816403,39.899895],[-104.80923,39.900012],[-104.808911,39.914316],[-104.79011,39.914328],[-104.790053,39.917968],[-104.78812,39.917254],[-104.782737,39.917894],[-104.783655,39.921714],[-104.782446,39.925734],[-104.77569,39.925326],[-104.774992,39.926199],[-104.775942,39.927341],[-104.77526,39.927956],[-104.775606,39.929054],[-104.77146,39.928917],[-104.767744,39.931999],[-104.762855,39.931098],[-104.760258,39.931681],[-104.75947,39.932713],[-104.756703,39.931917],[-104.753652,39.932947],[-104.751603,39.935161],[-104.752499,39.939652],[-104.751595,39.941179],[-104.745872,39.941721],[-104.744098,39.942741],[-104.747981,39.947168],[-104.746937,39.948107],[-104.742653,39.947884],[-104.739106,39.95132],[-104.735267,39.951597],[-104.733505,39.952624],[-104.733421,39.94341],[-104.678301,39.943208],[-104.678143,39.928646],[-104.64044,39.9284],[-104.640361,39.906711],[-104.679664,39.907008],[-104.679582,39.914016],[-104.692054,39.914178],[-104.692139,39.906851],[-104.703185,39.906926],[-104.703311,39.895949],[-104.73039,39.896131],[-104.730953,39.845195],[-104.762279,39.84539],[-104.762317,39.841788],[-104.790859,39.841802],[-104.790895,39.798251],[-104.828089,39.798195],[-104.82805,39.812705],[-104.884405,39.812815],[-104.884474,39.798322],[-104.899069,39.798374],[-104.899069,39.800202],[-104.901416,39.800202],[-104.901405,39.798383],[-104.903561,39.798391],[-104.903438,39.783808],[-104.920017,39.783773],[-104.919903,39.791094],[-104.940487,39.791002],[-104.940476,39.794601],[-104.955445,39.794625],[-104.96019,39.791025],[-104.968863,39.791317]],[[-104.919137,39.841747],[-104.917849,39.841742],[-104.917809,39.847356],[-104.917965,39.847459],[-104.919103,39.845041],[-104.919137,39.841747]]]]}},{"type":"Feature","properties":{"zcta5":"80023","area_name":"BROOMFIELD"},"geometry":{"type":"Polygon","coordinates":[[[-105.058553,39.97526],[-105.052797,39.977674],[-105.052823,40.00026],[-105.008011,40.000291],[-105.007995,40.007581],[-104.989647,40.007679],[-104.989614,40.01489],[-104.980905,40.014926],[-104.981051,40.000327],[-104.97571,40.000322],[-104.976341,39.999976],[-104.969239,39.993053],[-104.968807,39.987212],[-104.97017,39.987563],[-104.970192,39.986673],[-104.9594,39.986554],[-104.959629,39.973877],[-104.961433,39.972548],[-104.965682,39.972601],[-104.964653,39.971195],[-104.965995,39.970959],[-104.966123,39.969256],[-104.967608,39.968871],[-104.965601,39.966828],[-104.967371,39.965378],[-104.966235,39.964099],[-104.966206,39.962682],[-104.967412,39.961737],[-104.967948,39.96222],[-104.968547,39.962022],[-104.968011,39.960781],[-104.969235,39.961101],[-104.969731,39.959385],[-104.971294,39.958995],[-104.971843,39.957885],[-104.967273,39.95738],[-104.978326,39.957519],[-104.978188,39.942944],[-105.052898,39.943187],[-105.052828,39.965892],[-105.054202,39.96587],[-105.057747,39.968636],[-105.057709,39.974669],[-105.058473,39.974345],[-105.058553,39.97526]]]}},{"type":"Feature","properties":{"zcta5":"80026","area_name":"LAFAYETTE"},"geometry":{"type":"MultiPolygon","coordinates":[[[[-105.074327,40.054922],[-105.073027,40.054208],[-105.07301,40.052882],[-105.070781,40.052885],[-105.070777,40.051749],[-105.074324,40.051782],[-105.074327,40.054922]]],[[[-105.074399,40.04501],[-105.074341,40.051221],[-105.06499,40.050858],[-105.065006,40.047694],[-105.069774,40.047727],[-105.069756,40.044017],[-105.07441,40.044089],[-105.074399,40.04501]]],[[[-105.162632,40.004474],[-105.157673,40.006629],[-105.149439,40.005106],[-105.146954,40.003729],[-105.143993,40.003773],[-105.141792,40.001983],[-105.141511,40.003777],[-105.140488,40.003772],[-105.140527,40.007408],[-105.131223,40.007401],[-105.131234,40.012073],[-105.135804,40.012037],[-105.135826,40.018331],[-105.131057,40.018328],[-105.131005,40.02286],[-105.121694,40.022898],[-105.121696,40.02199],[-105.116998,40.022001],[-105.116992,40.019087],[-105.113046,40.021091],[-105.112718,40.022525],[-105.108599,40.027327],[-105.108873,40.029292],[-105.130995,40.029208],[-105.131268,40.072805],[-105.102471,40.072899],[-105.102671,40.059126],[-105.093379,40.061281],[-105.093381,40.05575],[-105.092021,40.055783],[-105.091907,40.055003],[-105.088384,40.056416],[-105.086725,40.055471],[-105.087126,40.057174],[-105.086168,40.057954],[-105.085135,40.057676],[-105.085136,40.058386],[-105.075935,40.058517],[-105.075926,40.057863],[-105.074453,40.057885],[-105.074519,40.044088],[-105.09323,40.043701],[-105.092059,40.041992],[-105.093072,40.03935],[-105.091539,40.038042],[-105.091534,40.036599],[-105.098147,40.036435],[-105.093379,40.036378],[-105.093327,40.023978],[-105.091084,40.023034],[-105.090996,40.022074],[-105.093371,40.021521],[-105.098018,40.022041],[-105.098721,40.021962],[-105.098718,40.020955],[-105.102831,40.021011],[-105.102923,40.015],[-105.083849,40.014747],[-105.083618,40.016518],[-105.080578,40.02125],[-105.07903,40.022081],[-105.083875,40.022037],[-105.083898,40.025697],[-105.074618,40.025774],[-105.074405,40.022117],[-105.074411,40.029477],[-105.055372,40.029309],[-105.055392,40.021971],[-105.065004,40.021998],[-105.064959,40.014815],[-105.055448,40.014774],[-105.055518,40.000251],[-105.052823,40.00026],[-105.052797,39.977674],[-105.066889,39.971624],[-105.07189,39.96785],[-105.072002,39.95767],[-105.083117,39.957796],[-105.084216,39.95849],[-105.090249,39.957718],[-105.090346,39.961624],[-105.099893,39.961604],[-105.099879,39.972412],[-105.12252,39.972564],[-105.125293,39.972974],[-105.126986,39.974102],[-105.127833,39.977251],[-105.127848,39.986947],[-105.118639,39.987005],[-105.118546,39.992391],[-105.12234,39.992366],[-105.122813,39.994145],[-105.125754,39.994144],[-105.124767,39.994244],[-105.124753,39.997315],[-105.123226,39.997494],[-105.127922,39.997506],[-105.127951,39.994132],[-105.137353,39.994162],[-105.140531,39.998129],[-105.144304,39.994783],[-105.146779,39.994001],[-105.152729,39.993971],[-105.152733,39.996186],[-105.157268,39.996172],[-105.156837,40.00013],[-105.161924,40.000129],[-105.161726,40.002343],[-105.162632,40.004474]],[[-105.129076,39.99834],[-105.127919,39.998335],[-105.127926,40.000188],[-105.129011,40.000185],[-105.129076,39.99834]]]]}},{"type":"Feature","properties":{"zcta5":"80027","area_name":"SUPERIOR"},"geometry":{"type":"MultiPolygon","coordinates":[[[[-105.129075,39.998353],[-105.129011,40.000185],[-105.127926,40.000188],[-105.127919,39.998335],[-105.129075,39.998353]]],[[[-105.227644,39.924645],[-105.219962,39.927712],[-105.217031,39.93052],[-105.21106,39.932043],[-105.207693,39.93195],[-105.203405,39.934532],[-105.203363,39.935444],[-105.200573,39.935979],[-105.200699,39.937399],[-105.19764,39.93948],[-105.198802,39.940125],[-105.198847,39.957538],[-105.20053,39.961211],[-105.186746,39.963026],[-105.182316,39.964378],[-105.18438,39.965564],[-105.184377,39.9681],[-105.182697,39.968101],[-105.182744,39.972322],[-105.175336,39.972319],[-105.17531,39.97864],[-105.166051,39.978635],[-105.165722,39.983335],[-105.164195,39.985662],[-105.16526,39.988428],[-105.164119,39.987941],[-105.163001,39.989135],[-105.165855,39.98997],[-105.16343,39.992861],[-105.155031,39.994407],[-105.146779,39.994001],[-105.144304,39.994783],[-105.140531,39.998129],[-105.137353,39.994162],[-105.127951,39.994132],[-105.127922,39.997506],[-105.123226,39.997494],[-105.124753,39.997315],[-105.124767,39.994244],[-105.125754,39.994144],[-105.122813,39.994145],[-105.12234,39.992366],[-105.118546,39.992391],[-105.118639,39.987005],[-105.127848,39.986947],[-105.127505,39.97509],[-105.126418,39.973563],[-105.124383,39.972757],[-105.109265,39.97241],[-105.109367,39.957898],[-105.137506,39.957883],[-105.137563,39.950611],[-105.128029,39.950535],[-105.1281,39.946486],[-105.140897,39.946883],[-105.141321,39.945561],[-105.13906,39.943459],[-105.131205,39.943106],[-105.12816,39.940795],[-105.128165,39.939618],[-105.137578,39.939712],[-105.137604,39.928931],[-105.147041,39.928938],[-105.147143,39.913889],[-105.214955,39.914223],[-105.219671,39.91686],[-105.227644,39.924645]]]]}},{"type":"Feature","properties":{"zcta5":"80030","area_name":"WESTMINSTER"},"geometry":{"type":"Polygon","coordinates":[[[-105.053282,39.821163],[-105.053261,39.832707],[-105.051424,39.832708],[-105.051423,39.834516],[-105.053266,39.834527],[-105.053236,39.841807],[-105.026619,39.841784],[-105.026677,39.842306],[-105.024932,39.842383],[-105.024781,39.836004],[-105.015504,39.833301],[-105.015801,39.822042],[-105.021565,39.82246],[-105.025104,39.823567],[-105.02515,39.820811],[-105.031784,39.82409],[-105.034387,39.82405],[-105.034505,39.820168],[-105.035391,39.820169],[-105.035413,39.819194],[-105.038189,39.819184],[-105.0362,39.818806],[-105.036453,39.817789],[-105.04411,39.817488],[-105.044081,39.816468],[-105.045181,39.81644],[-105.053267,39.816412],[-105.053282,39.821163]]]}},{"type":"Feature","properties":{"zcta5":"80031","area_name":"WESTMINSTER"},"geometry":{"type":"MultiPolygon","coordinates":[[[[-105.05324,39.844052],[-105.050716,39.844052],[-105.050695,39.845272],[-105.048995,39.84532],[-105.048242,39.841795],[-105.053236,39.841807],[-105.05324,39.844052]]],[[[-105.074107,39.856703],[-105.073814,39.858085],[-105.07059,39.86051],[-105.070463,39.864384],[-105.069368,39.865628],[-105.070045,39.867242],[-105.068919,39.868741],[-105.065177,39.86889],[-105.063367,39.870516],[-105.059702,39.87023],[-105.0601,39.870945],[-105.055112,39.869088],[-105.05323,39.869395],[-105.052885,39.911679],[-105.0462,39.911625],[-105.046217,39.914058],[-105.02498,39.914118],[-105.025008,39.863492],[-105.026954,39.863485],[-105.026923,39.858702],[-105.026335,39.858722],[-105.026352,39.856276],[-105.02015,39.856323],[-105.019458,39.851775],[-105.016708,39.850056],[-105.01537,39.850051],[-105.015397,39.84531],[-105.018804,39.845148],[-105.018862,39.841759],[-105.024932,39.841788],[-105.025588,39.842448],[-105.026619,39.841784],[-105.047929,39.841796],[-105.049463,39.84844],[-105.0529,39.852042],[-105.053013,39.853775],[-105.054657,39.85639],[-105.074107,39.856703]]]]}},{"type":"Feature","properties":{"zcta5":"80033","area_name":"WHEAT RIDGE"},"geometry":{"type":"Polygon","coordinates":[[[-105.143412,39.774723],[-105.142115,39.777747],[-105.137877,39.779907],[-105.137976,39.790939],[-105.130087,39.791003],[-105.13009,39.793791],[-105.128547,39.793807],[-105.128529,39.789132],[-105.123754,39.790124],[-105.123793,39.794622],[-105.122123,39.794625],[-105.122121,39.791014],[-105.119905,39.791018],[-105.117371,39.791498],[-105.1179,39.794649],[-105.114309,39.794658],[-105.114344,39.792082],[-105.109267,39.793097],[-105.109561,39.787233],[-105.100177,39.788986],[-105.1002,39.783846],[-105.090533,39.783997],[-105.081435,39.786142],[-105.081324,39.784368],[-105.068737,39.786908],[-105.065849,39.788363],[-105.062653,39.78834],[-105.062595,39.776616],[-105.061459,39.776607],[-105.061982,39.771963],[-105.062622,39.771876],[-105.062067,39.771676],[-105.062544,39.770694],[-105.061774,39.770692],[-105.062618,39.769939],[-105.06191,39.764773],[-105.062634,39.764759],[-105.062645,39.762093],[-105.072044,39.762082],[-105.072021,39.758066],[-105.072598,39.758083],[-105.072571,39.754965],[-105.07201,39.754796],[-105.109568,39.754715],[-105.109628,39.762029],[-105.143212,39.761869],[-105.143412,39.774723]]]}},{"type":"Feature","properties":{"zcta5":"80045","area_name":"AURORA"},"geometry":{"type":"Polygon","coordinates":[[[-104.847073,39.741333],[-104.846945,39.754595],[-104.834671,39.75446],[-104.829841,39.749865],[-104.828271,39.740297],[-104.847091,39.740207],[-104.847073,39.741333]]]}},{"type":"Feature","properties":{"zcta5":"80102","area_name":"BENNETT"},"geometry":{"type":"Polygon","coordinates":[[[-104.564612,39.843217],[-104.564528,39.855235],[-104.526785,39.854695],[-104.52669,39.88379],[-104.54633,39.884048],[-104.545803,39.913038],[-104.489312,39.912374],[-104.489639,39.955685],[-104.414337,39.955638],[-104.41463,40.000742],[-104.340032,40.000725],[-104.338149,39.912421],[-104.347699,39.912344],[-104.347637,39.897896],[-104.376305,39.897672],[-104.376173,39.880599],[-104.377053,39.874545],[-104.376089,39.839034],[-104.357654,39.838909],[-104.357929,39.825358],[-104.376539,39.825248],[-104.37736,39.73812],[-104.397627,39.738044],[-104.393185,39.735563],[-104.376966,39.733038],[-104.378053,39.680298],[-104.396936,39.680318],[-104.39743,39.636626],[-104.360317,39.636865],[-104.361934,39.564306],[-104.296062,39.564657],[-104.295919,39.553108],[-104.301235,39.553107],[-104.301248,39.51291],[-104.296387,39.513085],[-104.296416,39.505769],[-104.301246,39.505809],[-104.301514,39.49578],[-104.297012,39.496139],[-104.297026,39.469624],[-104.300716,39.473906],[-104.315646,39.478079],[-104.302858,39.483983],[-104.299726,39.488834],[-104.29943,39.490963],[-104.308321,39.488606],[-104.31157,39.489453],[-104.313874,39.48911],[-104.316237,39.487897],[-104.318009,39.48586],[-104.323472,39.483388],[-104.332391,39.483776],[-104.333897,39.482815],[-104.334929,39.476795],[-104.339447,39.476704],[-104.340423,39.480068],[-104.342934,39.481875],[-104.345331,39.481693],[-104.346723,39.479084],[-104.35104,39.477596],[-104.352284,39.477689],[-104.352554,39.479152],[-104.353826,39.479542],[-104.367671,39.478487],[-104.367413,39.491492],[-104.422612,39.491545],[-104.422604,39.506033],[-104.425822,39.506055],[-104.438797,39.506037],[-104.44091,39.505263],[-104.441312,39.491457],[-104.457795,39.491458],[-104.457367,39.563976],[-104.538774,39.564797],[-104.533576,39.569632],[-104.53401,39.571744],[-104.538902,39.579051],[-104.540991,39.585654],[-104.540514,39.589599],[-104.537361,39.594441],[-104.536559,39.597024],[-104.537499,39.60336],[-104.539118,39.606596],[-104.541815,39.616543],[-104.548325,39.622715],[-104.549373,39.624825],[-104.54933,39.630224],[-104.551623,39.63401],[-104.552368,39.636896],[-104.552293,39.641818],[-104.549211,39.644289],[-104.551269,39.648714],[-104.551272,39.655119],[-104.548983,39.659153],[-104.548995,39.660523],[-104.547246,39.662641],[-104.547675,39.670111],[-104.544771,39.675076],[-104.546467,39.677344],[-104.545098,39.679971],[-104.545584,39.681826],[-104.550502,39.68725],[-104.548169,39.690519],[-104.549033,39.694415],[-104.547602,39.698376],[-104.550198,39.701396],[-104.549625,39.704252],[-104.550336,39.708392],[-104.553153,39.710146],[-104.545661,39.710116],[-104.545801,39.724535],[-104.527168,39.724245],[-104.526955,39.738916],[-104.56451,39.739657],[-104.564508,39.740301],[-104.548167,39.739626],[-104.548165,39.740701],[-104.54578,39.740663],[-104.545793,39.753246],[-104.534464,39.754978],[-104.526975,39.755218],[-104.526961,39.755898],[-104.533145,39.755769],[-104.545796,39.753974],[-104.54578,39.767962],[-104.555205,39.768142],[-104.55522,39.782607],[-104.508155,39.781862],[-104.508224,39.79637],[-104.527086,39.796575],[-104.526961,39.825602],[-104.564525,39.826128],[-104.564612,39.843217]]]}},{"type":"Feature","properties":{"zcta5":"80103","area_name":"BYERS"},"geometry":{"type":"Polygon","coordinates":[[[-104.288189,39.565461],[-104.280883,39.573541],[-104.277297,39.575028],[-104.271972,39.575711],[-104.270612,39.576722],[-104.270541,39.578049],[-104.272543,39.580141],[-104.272612,39.582982],[-104.265284,39.589127],[-104.265998,39.593744],[-104.262992,39.600548],[-104.263055,39.606941],[-104.258426,39.612221],[-104.258901,39.613316],[-104.261828,39.614605],[-104.263036,39.616547],[-104.26003,39.619288],[-104.252544,39.622566],[-104.251066,39.626048],[-104.245542,39.629209],[-104.243439,39.634253],[-104.239333,39.637421],[-104.248669,39.637466],[-104.25509,39.63602],[-104.263181,39.63741],[-104.2846,39.637292],[-104.283619,39.713369],[-104.281755,39.715595],[-104.275811,39.716419],[-104.271044,39.715734],[-104.265114,39.71696],[-104.265094,39.726315],[-104.246974,39.72176],[-104.244973,39.840488],[-104.226185,39.840579],[-104.225898,39.85508],[-104.188396,39.8553],[-104.187303,39.912567],[-104.188284,39.956847],[-104.150885,39.957028],[-104.150242,39.942727],[-104.081511,39.9427],[-104.077056,39.94767],[-104.073507,39.955471],[-104.07211,39.961959],[-104.071812,39.969923],[-104.07446,39.977116],[-104.074568,39.980207],[-104.071925,39.985563],[-104.067081,39.985526],[-104.066944,40.001044],[-104.058002,40.001037],[-104.057252,39.97141],[-104.038396,39.971381],[-104.039054,40.001067],[-103.946535,40.001172],[-103.945693,39.971908],[-103.978127,39.971774],[-103.980542,39.898449],[-103.999384,39.898467],[-103.999129,39.869396],[-103.891662,39.869752],[-103.891573,39.852972],[-103.888459,39.848782],[-103.88555,39.84846],[-103.879432,39.851844],[-103.87277,39.853973],[-103.872105,39.838802],[-103.865276,39.836173],[-103.863674,39.837066],[-103.859903,39.834162],[-103.857465,39.829705],[-103.851142,39.826388],[-103.848708,39.825541],[-103.840932,39.824993],[-103.837994,39.823849],[-103.836035,39.821354],[-103.834046,39.820257],[-103.834045,39.812972],[-103.830959,39.810145],[-103.868424,39.783979],[-103.918975,39.753527],[-103.921215,39.750806],[-103.922233,39.747677],[-103.92188,39.74423],[-103.919288,39.74067],[-103.987526,39.740221],[-103.984366,39.726027],[-103.984867,39.682493],[-103.989715,39.683862],[-103.991897,39.683502],[-103.994158,39.681981],[-103.99624,39.68298],[-103.999246,39.682181],[-104.041383,39.681972],[-104.04042,39.739981],[-104.096249,39.739846],[-104.096548,39.681812],[-104.098499,39.677703],[-104.098663,39.672081],[-104.099487,39.672061],[-104.101063,39.669107],[-104.101563,39.664603],[-104.100134,39.66128],[-104.094529,39.65739],[-104.092916,39.652406],[-104.092953,39.651314],[-104.094789,39.649709],[-104.096166,39.644267],[-104.094838,39.642484],[-104.095058,39.641198],[-104.096028,39.640776],[-104.097143,39.642645],[-104.09863,39.641508],[-104.098137,39.639846],[-104.095175,39.638059],[-104.096211,39.633338],[-104.095439,39.621427],[-104.094795,39.619337],[-104.092657,39.617746],[-104.091349,39.6134],[-104.091856,39.608329],[-104.094259,39.602841],[-104.094906,39.597376],[-104.093371,39.592726],[-104.093859,39.588733],[-104.088731,39.586319],[-104.085994,39.582662],[-104.081734,39.580147],[-104.079955,39.578216],[-104.077359,39.571423],[-104.079049,39.567808],[-104.07808,39.565792],[-104.288471,39.56471],[-104.288189,39.565461]]]}},{"type":"Feature","properties":{"zcta5":"80104","area_name":"CASTLE ROCK"},"geometry":{"type":"Polygon","coordinates":[[[-104.897811,39.276409],[-104.895677,39.289436],[-104.890714,39.29846],[-104.8608,39.37982],[-104.860105,39.395407],[-104.865036,39.40759],[-104.868198,39.412637],[-104.864895,39.413154],[-104.859048,39.407941],[-104.85573,39.406746],[-104.8529,39.406759],[-104.846129,39.410007],[-104.842417,39.410315],[-104.84043,39.409406],[-104.837509,39.406247],[-104.832342,39.405422],[-104.830539,39.403897],[-104.830314,39.386696],[-104.828323,39.382997],[-104.829782,39.37706],[-104.822083,39.375917],[-104.814596,39.37616],[-104.810617,39.377782],[-104.805255,39.382666],[-104.805527,39.38221],[-104.79853,39.382267],[-104.798541,39.380478],[-104.784558,39.380515],[-104.784538,39.369597],[-104.779894,39.369565],[-104.77988,39.362345],[-104.793865,39.362239],[-104.793884,39.353075],[-104.792939,39.350849],[-104.78809,39.35141],[-104.78623,39.352956],[-104.785289,39.355072],[-104.781035,39.35661],[-104.779623,39.358693],[-104.779944,39.360189],[-104.778696,39.363742],[-104.776801,39.364405],[-104.775639,39.365798],[-104.774641,39.364911],[-104.771213,39.365355],[-104.770625,39.366047],[-104.766581,39.36603],[-104.768698,39.36274],[-104.7689,39.357655],[-104.766619,39.354684],[-104.766919,39.35348],[-104.764445,39.348402],[-104.760083,39.345832],[-104.757397,39.342848],[-104.75785,39.341406],[-104.761145,39.339708],[-104.763654,39.337066],[-104.760322,39.336322],[-104.756599,39.333991],[-104.753148,39.328819],[-104.756896,39.318421],[-104.764051,39.312981],[-104.768906,39.305335],[-104.7681,39.301085],[-104.768885,39.297395],[-104.771267,39.295248],[-104.774056,39.290326],[-104.767511,39.289979],[-104.760139,39.283452],[-104.752916,39.280068],[-104.74702,39.27933],[-104.745859,39.278022],[-104.744754,39.272097],[-104.74118,39.270459],[-104.736995,39.270565],[-104.736989,39.269868],[-104.741051,39.266609],[-104.748557,39.262945],[-104.74728,39.26083],[-104.737226,39.260756],[-104.737194,39.25091],[-104.744404,39.245891],[-104.754799,39.243705],[-104.755836,39.242659],[-104.756267,39.238296],[-104.762999,39.235549],[-104.764112,39.233533],[-104.774488,39.227334],[-104.774235,39.205399],[-104.784226,39.20571],[-104.794103,39.202103],[-104.803915,39.195838],[-104.810004,39.213289],[-104.812174,39.245814],[-104.832618,39.245868],[-104.836913,39.247584],[-104.83836,39.246396],[-104.845746,39.246049],[-104.846298,39.242583],[-104.847144,39.241988],[-104.871453,39.242256],[-104.878536,39.24331],[-104.883889,39.248452],[-104.893944,39.262457],[-104.896345,39.267686],[-104.897811,39.276409]]]}},{"type":"Feature","properties":{"zcta5":"80105","area_name":"DEER TRAIL"},"geometry":{"type":"Polygon","coordinates":[[[-104.301509,39.496946],[-104.301246,39.505809],[-104.296416,39.505769],[-104.296387,39.513085],[-104.301248,39.51291],[-104.301235,39.553107],[-104.295919,39.553108],[-104.296062,39.564657],[-104.07808,39.565792],[-104.079049,39.567808],[-104.077359,39.571423],[-104.079955,39.578216],[-104.081734,39.580147],[-104.085994,39.582662],[-104.088731,39.586319],[-104.093859,39.588733],[-104.093371,39.592726],[-104.094906,39.597376],[-104.094259,39.602841],[-104.091856,39.608329],[-104.091349,39.6134],[-104.092657,39.617746],[-104.094795,39.619337],[-104.095439,39.621427],[-104.096211,39.633338],[-104.095175,39.638059],[-104.098137,39.639846],[-104.09863,39.641508],[-104.097143,39.642645],[-104.096028,39.640776],[-104.095058,39.641198],[-104.094838,39.642484],[-104.096166,39.644267],[-104.094789,39.649709],[-104.092953,39.651314],[-104.092916,39.652406],[-104.094529,39.65739],[-104.100134,39.66128],[-104.101563,39.664603],[-104.101063,39.669107],[-104.099487,39.672061],[-104.098663,39.672081],[-104.098499,39.677703],[-104.096548,39.681812],[-104.096249,39.739846],[-104.04042,39.739981],[-104.041383,39.681972],[-103.999246,39.682181],[-103.99624,39.68298],[-103.994158,39.681981],[-103.991897,39.683502],[-103.989715,39.683862],[-103.984867,39.682493],[-103.984366,39.726027],[-103.987526,39.740221],[-103.919288,39.74067],[-103.92188,39.74423],[-103.922233,39.747677],[-103.921215,39.750806],[-103.918975,39.753527],[-103.868424,39.783979],[-103.83106,39.810089],[-103.82359,39.814231],[-103.812572,39.82404],[-103.803213,39.822113],[-103.797606,39.82179],[-103.792297,39.812728],[-103.788974,39.812635],[-103.784939,39.817096],[-103.779892,39.818354],[-103.779001,39.820207],[-103.742606,39.820219],[-103.742364,39.828052],[-103.706263,39.828548],[-103.707072,39.566295],[-104.013503,39.566006],[-104.002397,39.549397],[-104.004143,39.549293],[-104.005254,39.550938],[-104.009777,39.549275],[-104.013057,39.549119],[-104.014126,39.542367],[-104.017203,39.542314],[-104.024168,39.540021],[-104.030308,39.540435],[-104.036444,39.542474],[-104.038304,39.541696],[-104.039589,39.543826],[-104.041512,39.544694],[-104.045503,39.548495],[-104.046912,39.548586],[-104.04754,39.505313],[-104.05403,39.505305],[-104.05411,39.497956],[-104.057347,39.495483],[-104.057276,39.49076],[-104.059936,39.472599],[-104.065735,39.467901],[-104.066564,39.461965],[-104.113053,39.461915],[-104.113061,39.456884],[-104.114247,39.455995],[-104.119211,39.456684],[-104.14678,39.45598],[-104.171556,39.450347],[-104.173539,39.448796],[-104.177317,39.44748],[-104.179214,39.445133],[-104.186479,39.441489],[-104.19554,39.441115],[-104.197723,39.44039],[-104.19778,39.421479],[-104.201364,39.41927],[-104.201429,39.4336],[-104.297051,39.433103],[-104.297012,39.496139],[-104.301514,39.49578],[-104.301509,39.496946]]]}},{"type":"Feature","properties":{"zcta5":"80106","area_name":"ELBERT"},"geometry":{"type":"Polygon","coordinates":[[[-104.700093,39.177004],[-104.700073,39.187684],[-104.690792,39.187639],[-104.691014,39.209411],[-104.695618,39.209408],[-104.695812,39.22406],[-104.681816,39.224081],[-104.68177,39.216839],[-104.662892,39.216716],[-104.662853,39.245823],[-104.590579,39.245538],[-104.590752,39.252113],[-104.570793,39.252322],[-104.570725,39.256065],[-104.55331,39.25592],[-104.553273,39.274344],[-104.549992,39.274366],[-104.549939,39.282021],[-104.543519,39.28207],[-104.543575,39.29268],[-104.534149,39.292648],[-104.534211,39.288953],[-104.515677,39.289072],[-104.515717,39.278038],[-104.497099,39.278154],[-104.497082,39.281701],[-104.477998,39.281705],[-104.477867,39.230549],[-104.464065,39.232603],[-104.463948,39.234301],[-104.461536,39.237767],[-104.459832,39.245753],[-104.456064,39.247149],[-104.458449,39.248339],[-104.458272,39.248957],[-104.454657,39.251258],[-104.452219,39.25611],[-104.451544,39.259613],[-104.429586,39.259287],[-104.426861,39.26219],[-104.422372,39.263466],[-104.418634,39.266238],[-104.40369,39.266275],[-104.403832,39.241529],[-104.37991,39.241096],[-104.351627,39.244019],[-104.351612,39.233535],[-104.347615,39.233584],[-104.347742,39.223175],[-104.343249,39.223101],[-104.34325,39.226911],[-104.33842,39.226881],[-104.33853,39.223025],[-104.329113,39.223007],[-104.329065,39.209897],[-104.338639,39.2099],[-104.338859,39.212075],[-104.343473,39.212095],[-104.343473,39.201333],[-104.347465,39.201233],[-104.347588,39.146861],[-104.351616,39.149871],[-104.354965,39.150283],[-104.366077,39.146266],[-104.369982,39.14705],[-104.372951,39.146659],[-104.379974,39.144576],[-104.382562,39.142403],[-104.385295,39.142862],[-104.385181,39.138124],[-104.386066,39.136012],[-104.386296,39.158179],[-104.450749,39.158146],[-104.450873,39.151225],[-104.441636,39.151332],[-104.441636,39.144118],[-104.459604,39.144075],[-104.459702,39.151185],[-104.477529,39.151534],[-104.477529,39.14374],[-104.482859,39.143798],[-104.482934,39.140889],[-104.487737,39.140889],[-104.487737,39.144254],[-104.497382,39.144291],[-104.497349,39.133406],[-104.498977,39.133895],[-104.504386,39.132311],[-104.504886,39.129527],[-104.551765,39.129427],[-104.552231,39.08619],[-104.560995,39.086081],[-104.560992,39.071197],[-104.570963,39.071117],[-104.571116,39.0571],[-104.567345,39.057095],[-104.566496,39.059737],[-104.557229,39.059992],[-104.557152,39.057199],[-104.554899,39.056695],[-104.552777,39.053512],[-104.548044,39.053491],[-104.54808,39.042547],[-104.539069,39.042582],[-104.538771,39.040729],[-104.536218,39.036798],[-104.534125,39.012685],[-104.563966,39.012848],[-104.561481,39.006317],[-104.562688,39.001474],[-104.562483,38.998162],[-104.589596,38.998537],[-104.589611,39.005861],[-104.607562,39.006065],[-104.607534,39.020549],[-104.625964,39.020461],[-104.626009,39.042258],[-104.607463,39.042751],[-104.607325,39.06551],[-104.60321,39.069326],[-104.603069,39.085174],[-104.602235,39.085839],[-104.59853,39.085809],[-104.598259,39.103912],[-104.626287,39.103821],[-104.626381,39.129461],[-104.662896,39.129527],[-104.662846,39.158627],[-104.671615,39.158559],[-104.673325,39.157223],[-104.673852,39.157952],[-104.675356,39.157377],[-104.675374,39.158408],[-104.677288,39.159593],[-104.676213,39.169287],[-104.674211,39.173162],[-104.7001,39.173066],[-104.700093,39.177004]]]}},{"type":"Feature","properties":{"zcta5":"80107","area_name":"ELIZABETH"},"geometry":{"type":"Polygon","coordinates":[[[-104.663241,39.350007],[-104.662608,39.35061],[-104.6629,39.390723],[-104.661986,39.427523],[-104.662729,39.427492],[-104.662675,39.434079],[-104.661898,39.4344],[-104.661613,39.456024],[-104.662398,39.456014],[-104.662306,39.463516],[-104.589149,39.462974],[-104.58766,39.565618],[-104.457367,39.563976],[-104.458005,39.462385],[-104.478022,39.462667],[-104.478131,39.455116],[-104.49585,39.455056],[-104.495867,39.439298],[-104.491616,39.439178],[-104.491526,39.4371],[-104.495954,39.437374],[-104.496092,39.419114],[-104.514475,39.419259],[-104.514535,39.404925],[-104.528008,39.404997],[-104.532314,39.412049],[-104.533405,39.412055],[-104.533487,39.382909],[-104.538287,39.382952],[-104.538227,39.378045],[-104.543057,39.377568],[-104.546855,39.372633],[-104.542739,39.372077],[-104.542501,39.36056],[-104.537792,39.359643],[-104.537797,39.357774],[-104.533211,39.357746],[-104.533176,39.354243],[-104.528956,39.354238],[-104.528668,39.34383],[-104.531438,39.343798],[-104.531452,39.339772],[-104.53324,39.339785],[-104.533367,39.332388],[-104.535933,39.332384],[-104.535937,39.330529],[-104.538091,39.330574],[-104.538238,39.325143],[-104.541364,39.324928],[-104.541414,39.321041],[-104.535399,39.321028],[-104.535418,39.313595],[-104.526249,39.313606],[-104.5264,39.308426],[-104.553356,39.308271],[-104.553376,39.303274],[-104.552175,39.303264],[-104.552153,39.288894],[-104.543552,39.288651],[-104.543519,39.28207],[-104.549939,39.282021],[-104.549992,39.274366],[-104.553273,39.274344],[-104.55331,39.25592],[-104.570725,39.256065],[-104.570793,39.252322],[-104.590752,39.252113],[-104.590579,39.245538],[-104.662853,39.245823],[-104.663215,39.312019],[-104.662611,39.349907],[-104.663241,39.350007]]]}},{"type":"Feature","properties":{"zcta5":"80108","area_name":"CASTLE ROCK"},"geometry":{"type":"Polygon","coordinates":[[[-104.927806,39.487206],[-104.926966,39.492742],[-104.90422,39.492703],[-104.905138,39.493161],[-104.904863,39.507401],[-104.872524,39.507446],[-104.874591,39.501793],[-104.87278,39.487999],[-104.872554,39.478307],[-104.872949,39.470256],[-104.875023,39.458151],[-104.871576,39.454188],[-104.867827,39.457065],[-104.866284,39.459884],[-104.861511,39.463028],[-104.861497,39.464181],[-104.857784,39.465455],[-104.857672,39.466775],[-104.856429,39.467316],[-104.854737,39.470213],[-104.854797,39.471347],[-104.852426,39.472994],[-104.852421,39.474232],[-104.849462,39.475801],[-104.848024,39.47778],[-104.844998,39.47737],[-104.843425,39.481253],[-104.841506,39.481412],[-104.839701,39.479688],[-104.838296,39.480611],[-104.835285,39.479961],[-104.833671,39.481751],[-104.83023,39.483601],[-104.827932,39.487416],[-104.823979,39.491714],[-104.821186,39.49346],[-104.820557,39.496917],[-104.818969,39.498561],[-104.812732,39.492649],[-104.813622,39.491342],[-104.81306,39.485625],[-104.816659,39.481771],[-104.816072,39.478913],[-104.812297,39.478295],[-104.821751,39.478401],[-104.821787,39.463882],[-104.789068,39.464049],[-104.795935,39.456829],[-104.809417,39.4482],[-104.811139,39.444773],[-104.814588,39.442186],[-104.81866,39.437568],[-104.8156,39.440664],[-104.812176,39.441328],[-104.808989,39.440093],[-104.809019,39.437988],[-104.814214,39.434554],[-104.81982,39.426338],[-104.808484,39.423435],[-104.798347,39.423916],[-104.798345,39.427547],[-104.7765,39.427661],[-104.776003,39.428261],[-104.777051,39.430217],[-104.772148,39.432171],[-104.767155,39.431312],[-104.76403,39.432454],[-104.76311,39.431701],[-104.763253,39.429872],[-104.765315,39.429186],[-104.7698,39.425634],[-104.769908,39.423228],[-104.771276,39.421482],[-104.769549,39.419377],[-104.768883,39.416727],[-104.784422,39.416693],[-104.784434,39.402124],[-104.789068,39.40212],[-104.789119,39.396397],[-104.793597,39.396209],[-104.803194,39.392011],[-104.804233,39.390284],[-104.803316,39.387195],[-104.803736,39.384942],[-104.809687,39.37849],[-104.812739,39.376678],[-104.817116,39.375777],[-104.829782,39.37706],[-104.828323,39.382997],[-104.83029,39.386491],[-104.830363,39.4033],[-104.831548,39.405036],[-104.83713,39.406048],[-104.840818,39.409709],[-104.84267,39.410342],[-104.846129,39.410007],[-104.8529,39.406759],[-104.856334,39.406875],[-104.859048,39.407941],[-104.863854,39.412536],[-104.865596,39.413273],[-104.869888,39.411973],[-104.874863,39.408999],[-104.886167,39.419463],[-104.90651,39.427782],[-104.914778,39.429738],[-104.914544,39.446494],[-104.916036,39.450885],[-104.914529,39.452962],[-104.913689,39.459386],[-104.914484,39.470138],[-104.917728,39.471954],[-104.921579,39.472863],[-104.924595,39.480844],[-104.924369,39.482777],[-104.927806,39.487206]]]}},{"type":"Feature","properties":{"zcta5":"80109","area_name":"CASTLE ROCK"},"geometry":{"type":"Polygon","coordinates":[[[-104.942394,39.328451],[-104.937163,39.327783],[-104.935394,39.330496],[-104.930772,39.330499],[-104.929367,39.331393],[-104.930567,39.333103],[-104.923908,39.333023],[-104.923363,39.355577],[-104.914082,39.355375],[-104.91406,39.361585],[-104.915353,39.362071],[-104.91706,39.360065],[-104.92001,39.359335],[-104.921074,39.360335],[-104.924256,39.358878],[-104.926158,39.359996],[-104.928515,39.359989],[-104.93095,39.361909],[-104.934004,39.361082],[-104.935576,39.364587],[-104.934374,39.36525],[-104.934152,39.36934],[-104.935374,39.370266],[-104.935511,39.376848],[-104.928513,39.376856],[-104.929086,39.405777],[-104.93322,39.405801],[-104.933171,39.412926],[-104.923903,39.41288],[-104.9239,39.427541],[-104.921046,39.427052],[-104.913715,39.427842],[-104.911683,39.424699],[-104.907625,39.424221],[-104.905373,39.423101],[-104.904927,39.427123],[-104.885371,39.419011],[-104.874863,39.408999],[-104.868198,39.412637],[-104.865036,39.40759],[-104.860105,39.395407],[-104.8608,39.37982],[-104.8684,39.357736],[-104.872014,39.35024],[-104.891475,39.297015],[-104.906536,39.298438],[-104.918903,39.297059],[-104.918912,39.301022],[-104.923647,39.300456],[-104.923668,39.308834],[-104.924657,39.309992],[-104.926097,39.310571],[-104.929891,39.310114],[-104.930715,39.312193],[-104.933447,39.315074],[-104.934357,39.318411],[-104.93617,39.319798],[-104.937809,39.318959],[-104.941285,39.319845],[-104.942328,39.321244],[-104.942394,39.328451]]]}},{"type":"Feature","properties":{"zcta5":"80110","area_name":"ENGLEWOOD"},"geometry":{"type":"Polygon","coordinates":[[[-105.034931,39.626206],[-105.034707,39.638593],[-105.029998,39.638575],[-105.029929,39.640115],[-105.028381,39.640112],[-105.028323,39.642259],[-105.03466,39.643711],[-105.034649,39.645979],[-105.031747,39.645978],[-105.031741,39.646917],[-105.029957,39.646833],[-105.029973,39.648143],[-105.031615,39.648165],[-105.031609,39.649405],[-105.029937,39.649329],[-105.029957,39.651293],[-105.033083,39.65237],[-105.032155,39.653196],[-105.032089,39.655905],[-105.033076,39.656954],[-105.025206,39.657429],[-105.025269,39.656817],[-105.023003,39.656804],[-105.022171,39.659758],[-105.022982,39.660496],[-105.0158,39.660508],[-105.015696,39.678684],[-105.008664,39.678627],[-105.008637,39.67678],[-105.006357,39.676759],[-105.006321,39.6677],[-105.010941,39.660507],[-105.004395,39.660484],[-105.004886,39.663685],[-105.003969,39.666255],[-105.000355,39.667728],[-104.988263,39.66768],[-104.988775,39.657029],[-104.98759,39.65638],[-104.987592,39.655002],[-104.988807,39.654974],[-104.988828,39.654107],[-104.987639,39.653169],[-104.987694,39.650656],[-104.988307,39.650643],[-104.988971,39.645808],[-104.988353,39.645807],[-104.988561,39.629514],[-104.987932,39.629517],[-104.987949,39.627698],[-104.989181,39.627698],[-104.989214,39.624073],[-104.987982,39.624069],[-104.987994,39.622803],[-104.992617,39.621068],[-104.992642,39.621724],[-104.996204,39.622489],[-104.998133,39.624043],[-105.000354,39.624098],[-105.000201,39.624799],[-105.003538,39.626629],[-105.002699,39.627645],[-105.002678,39.629501],[-105.013821,39.629394],[-105.014053,39.625739],[-105.016096,39.625755],[-105.016065,39.627734],[-105.02311,39.627736],[-105.023112,39.624127],[-105.034955,39.624161],[-105.034931,39.626206]]]}},{"type":"Feature","properties":{"zcta5":"80111","area_name":"GREENWOOD VILLAGE"},"geometry":{"type":"Polygon","coordinates":[[[-104.925988,39.628939],[-104.925117,39.628662],[-104.925086,39.631303],[-104.923795,39.631304],[-104.925201,39.632906],[-104.925889,39.636346],[-104.924081,39.637397],[-104.92408,39.638619],[-104.922637,39.638619],[-104.923143,39.644235],[-104.92246,39.645849],[-104.913227,39.638669],[-104.913407,39.624083],[-104.885264,39.624129],[-104.88512,39.638948],[-104.877319,39.64345],[-104.876944,39.642067],[-104.874625,39.643153],[-104.873906,39.642222],[-104.877757,39.632237],[-104.875693,39.63137],[-104.875767,39.626857],[-104.871197,39.626861],[-104.871255,39.624257],[-104.84431,39.623934],[-104.841464,39.621895],[-104.839852,39.619297],[-104.830905,39.610173],[-104.828668,39.605904],[-104.824572,39.605887],[-104.824593,39.602186],[-104.826874,39.602223],[-104.823348,39.597646],[-104.824329,39.596757],[-104.824538,39.595163],[-104.835055,39.595032],[-104.834627,39.597148],[-104.836293,39.598186],[-104.838207,39.597083],[-104.840426,39.596995],[-104.840428,39.59574],[-104.841472,39.595332],[-104.843733,39.595414],[-104.84542,39.597062],[-104.848075,39.596715],[-104.848089,39.595071],[-104.857447,39.595059],[-104.857531,39.597108],[-104.86059,39.598313],[-104.860235,39.595035],[-104.876227,39.595026],[-104.876184,39.596217],[-104.877779,39.596222],[-104.877632,39.598683],[-104.880858,39.598672],[-104.880879,39.595037],[-104.887391,39.594724],[-104.88889,39.594886],[-104.888904,39.596885],[-104.893468,39.596873],[-104.893538,39.595926],[-104.894864,39.598673],[-104.897199,39.598663],[-104.897207,39.596882],[-104.898754,39.596886],[-104.898963,39.59617],[-104.89943,39.596891],[-104.904161,39.596814],[-104.90418,39.595034],[-104.922888,39.595059],[-104.922784,39.624082],[-104.925155,39.624073],[-104.925122,39.628267],[-104.925988,39.628939]]]}},{"type":"Feature","properties":{"zcta5":"80112","area_name":"GREENWOOD VILLAGE"},"geometry":{"type":"MultiPolygon","coordinates":[[[[-104.81031,39.562599],[-104.808784,39.564271],[-104.807921,39.564784],[-104.808676,39.561078],[-104.81031,39.562599]]],[[[-104.923045,39.568582],[-104.920786,39.568917],[-104.921493,39.570228],[-104.923031,39.570225],[-104.923022,39.570946],[-104.920718,39.571495],[-104.920709,39.573264],[-104.923006,39.573247],[-104.922888,39.595059],[-104.90418,39.595034],[-104.904161,39.596814],[-104.89943,39.596891],[-104.898963,39.59617],[-104.898754,39.596886],[-104.897207,39.596882],[-104.897199,39.598663],[-104.894864,39.598673],[-104.893538,39.595926],[-104.893468,39.596873],[-104.888904,39.596885],[-104.88889,39.594886],[-104.880879,39.595037],[-104.880858,39.598672],[-104.877632,39.598683],[-104.877779,39.596222],[-104.876184,39.596217],[-104.876227,39.595026],[-104.860235,39.595035],[-104.86059,39.598313],[-104.857531,39.597108],[-104.857447,39.595059],[-104.848089,39.595071],[-104.848075,39.596715],[-104.84542,39.597062],[-104.843733,39.595414],[-104.841472,39.595332],[-104.840428,39.59574],[-104.840426,39.596995],[-104.838207,39.597083],[-104.836293,39.598186],[-104.834627,39.597148],[-104.835055,39.595032],[-104.824538,39.595163],[-104.824329,39.596757],[-104.823348,39.597646],[-104.821003,39.594989],[-104.813344,39.594952],[-104.813791,39.593102],[-104.816067,39.59209],[-104.815535,39.591053],[-104.811274,39.590586],[-104.805902,39.588128],[-104.804455,39.58524],[-104.805214,39.583104],[-104.804195,39.582314],[-104.801139,39.582093],[-104.800909,39.57799],[-104.799378,39.578392],[-104.797796,39.577708],[-104.79748,39.574925],[-104.800175,39.573599],[-104.799904,39.572387],[-104.795615,39.571249],[-104.795504,39.569584],[-104.794278,39.568662],[-104.790709,39.568416],[-104.790123,39.567413],[-104.791368,39.566087],[-104.815686,39.565988],[-104.815666,39.563563],[-104.818763,39.561057],[-104.819918,39.55702],[-104.822999,39.557933],[-104.823508,39.556902],[-104.830116,39.55517],[-104.830003,39.536387],[-104.867403,39.536241],[-104.8685,39.536252],[-104.869885,39.551465],[-104.872366,39.565997],[-104.922963,39.566053],[-104.923045,39.568582]]]]}},{"type":"Feature","properties":{"zcta5":"80113","area_name":"ENGLEWOOD"},"geometry":{"type":"Polygon","coordinates":[[[-104.992617,39.621068],[-104.987994,39.622803],[-104.987982,39.624069],[-104.989214,39.624073],[-104.989181,39.627698],[-104.987949,39.627698],[-104.987932,39.629517],[-104.988561,39.629514],[-104.988353,39.645807],[-104.988971,39.645808],[-104.988307,39.650643],[-104.987694,39.650656],[-104.987639,39.653169],[-104.988828,39.654107],[-104.988807,39.654974],[-104.987592,39.655002],[-104.98759,39.65638],[-104.988775,39.657029],[-104.988263,39.66768],[-104.973486,39.667684],[-104.973489,39.665866],[-104.968805,39.665839],[-104.968785,39.660417],[-104.963084,39.660371],[-104.96307,39.661559],[-104.959443,39.661526],[-104.959485,39.656691],[-104.953788,39.656683],[-104.954983,39.652987],[-104.931703,39.653044],[-104.931873,39.645826],[-104.92246,39.645849],[-104.923143,39.644235],[-104.922637,39.638619],[-104.92408,39.638619],[-104.924081,39.637397],[-104.925889,39.636346],[-104.925201,39.632906],[-104.923795,39.631304],[-104.925086,39.631303],[-104.925117,39.628662],[-104.925988,39.628939],[-104.926013,39.629777],[-104.927428,39.629775],[-104.927468,39.631255],[-104.930854,39.631462],[-104.932112,39.630286],[-104.934306,39.629913],[-104.934612,39.628628],[-104.936274,39.629353],[-104.941043,39.629295],[-104.941066,39.624065],[-104.970463,39.624137],[-104.970458,39.625062],[-104.973256,39.625087],[-104.97766,39.625],[-104.977648,39.624079],[-104.985909,39.624051],[-104.986309,39.621608],[-104.980437,39.616842],[-104.988028,39.616835],[-104.988019,39.619847],[-104.990049,39.619848],[-104.990051,39.620427],[-104.992617,39.621068]]]}},{"type":"Feature","properties":{"zcta5":"80116","area_name":"FRANKTOWN"},"geometry":{"type":"Polygon","coordinates":[[[-104.805345,39.382516],[-104.803452,39.385657],[-104.804233,39.390284],[-104.803194,39.392011],[-104.793597,39.396209],[-104.789119,39.396397],[-104.789068,39.40212],[-104.784434,39.402124],[-104.784422,39.416693],[-104.761098,39.416842],[-104.760073,39.435105],[-104.749176,39.432089],[-104.729226,39.424065],[-104.725833,39.42362],[-104.712752,39.419064],[-104.705092,39.414829],[-104.69922,39.412867],[-104.681626,39.412962],[-104.681537,39.420132],[-104.672686,39.420277],[-104.6705,39.421274],[-104.667564,39.424453],[-104.667204,39.427283],[-104.661986,39.427523],[-104.6629,39.390723],[-104.662608,39.35061],[-104.663258,39.350639],[-104.662611,39.349907],[-104.663215,39.312019],[-104.662892,39.216716],[-104.68177,39.216839],[-104.681816,39.224081],[-104.695812,39.22406],[-104.695618,39.209408],[-104.691014,39.209411],[-104.690792,39.187639],[-104.700073,39.187684],[-104.7001,39.173066],[-104.681492,39.17317],[-104.681483,39.165892],[-104.698869,39.165524],[-104.700805,39.166021],[-104.702325,39.168932],[-104.703932,39.169534],[-104.711368,39.169864],[-104.719968,39.172262],[-104.728173,39.173297],[-104.749506,39.173265],[-104.755127,39.169833],[-104.769168,39.169564],[-104.769611,39.173157],[-104.774237,39.173313],[-104.774163,39.179074],[-104.772016,39.1793],[-104.769799,39.181113],[-104.763414,39.180259],[-104.756156,39.181714],[-104.75435,39.183046],[-104.753357,39.185463],[-104.754463,39.186545],[-104.759034,39.186274],[-104.761439,39.187377],[-104.765648,39.187301],[-104.76768,39.186985],[-104.769435,39.184894],[-104.774107,39.184656],[-104.774547,39.227205],[-104.764112,39.233533],[-104.762999,39.235549],[-104.756267,39.238296],[-104.755836,39.242659],[-104.754799,39.243705],[-104.744404,39.245891],[-104.737194,39.25091],[-104.737226,39.260756],[-104.74728,39.26083],[-104.748557,39.262945],[-104.741051,39.266609],[-104.736765,39.270109],[-104.74118,39.270459],[-104.744754,39.272097],[-104.745859,39.278022],[-104.74702,39.27933],[-104.752916,39.280068],[-104.760139,39.283452],[-104.767511,39.289979],[-104.774056,39.290326],[-104.771267,39.295248],[-104.768885,39.297395],[-104.7681,39.301085],[-104.768906,39.305335],[-104.764051,39.312981],[-104.756896,39.318421],[-104.753148,39.328819],[-104.756599,39.333991],[-104.760322,39.336322],[-104.763654,39.337066],[-104.761145,39.339708],[-104.75785,39.341406],[-104.757397,39.342848],[-104.760083,39.345832],[-104.764445,39.348402],[-104.766919,39.35348],[-104.766619,39.354684],[-104.7689,39.357655],[-104.768698,39.36274],[-104.766581,39.36603],[-104.770625,39.366047],[-104.771213,39.365355],[-104.774641,39.364911],[-104.775639,39.365798],[-104.776801,39.364405],[-104.778696,39.363742],[-104.779944,39.360189],[-104.779623,39.358693],[-104.781035,39.35661],[-104.785289,39.355072],[-104.78623,39.352956],[-104.78809,39.35141],[-104.792939,39.350849],[-104.793884,39.353075],[-104.793865,39.362239],[-104.77988,39.362345],[-104.779894,39.369565],[-104.784538,39.369597],[-104.784558,39.380515],[-104.798541,39.380478],[-104.79853,39.382267],[-104.805345,39.382516]]]}},{"type":"Feature","properties":{"zcta5":"80117","area_name":"KIOWA"},"geometry":{"type":"Polygon","coordinates":[[[-104.553366,39.305584],[-104.553356,39.308271],[-104.5264,39.308426],[-104.526249,39.313606],[-104.535418,39.313595],[-104.535399,39.321028],[-104.541414,39.321041],[-104.541364,39.324928],[-104.538238,39.325143],[-104.538091,39.330574],[-104.535937,39.330529],[-104.535933,39.332384],[-104.533367,39.332388],[-104.53324,39.339785],[-104.531452,39.339772],[-104.531438,39.343798],[-104.528668,39.34383],[-104.528956,39.354238],[-104.533176,39.354243],[-104.533211,39.357746],[-104.537797,39.357774],[-104.537792,39.359643],[-104.542501,39.36056],[-104.542739,39.372077],[-104.546855,39.372633],[-104.543057,39.377568],[-104.538227,39.378045],[-104.538287,39.382952],[-104.533487,39.382909],[-104.533405,39.412055],[-104.532314,39.412049],[-104.528008,39.404997],[-104.514535,39.404925],[-104.514475,39.419259],[-104.496092,39.419114],[-104.495954,39.437374],[-104.491526,39.4371],[-104.491616,39.439178],[-104.495867,39.439298],[-104.49585,39.455056],[-104.478131,39.455116],[-104.478022,39.462667],[-104.458005,39.462385],[-104.457795,39.491458],[-104.441312,39.491457],[-104.441391,39.504257],[-104.440795,39.505367],[-104.438797,39.506037],[-104.422604,39.506033],[-104.422612,39.491545],[-104.367413,39.491492],[-104.367671,39.478487],[-104.353826,39.479542],[-104.352554,39.479152],[-104.352284,39.477689],[-104.35104,39.477596],[-104.346723,39.479084],[-104.345331,39.481693],[-104.342934,39.481875],[-104.340423,39.480068],[-104.339447,39.476704],[-104.334929,39.476795],[-104.333897,39.482815],[-104.332391,39.483776],[-104.323472,39.483388],[-104.318009,39.48586],[-104.316237,39.487897],[-104.313874,39.48911],[-104.31157,39.489453],[-104.308321,39.488606],[-104.29943,39.490963],[-104.299726,39.488834],[-104.302858,39.483983],[-104.315646,39.478079],[-104.300716,39.473906],[-104.297026,39.469624],[-104.297051,39.433103],[-104.274117,39.433042],[-104.2739,39.404264],[-104.283178,39.404226],[-104.286708,39.405233],[-104.286606,39.404028],[-104.283143,39.401405],[-104.28613,39.398918],[-104.286079,39.395316],[-104.289571,39.39294],[-104.287938,39.391864],[-104.283442,39.392194],[-104.28201,39.390734],[-104.282283,39.389803],[-104.285906,39.387731],[-104.2814,39.382782],[-104.284719,39.380904],[-104.284752,39.377127],[-104.283271,39.376731],[-104.280112,39.379332],[-104.278658,39.378252],[-104.278893,39.37192],[-104.281296,39.36559],[-104.281165,39.361803],[-104.279814,39.359903],[-104.279875,39.356618],[-104.277991,39.355387],[-104.277429,39.356146],[-104.274578,39.355552],[-104.274597,39.353634],[-104.272372,39.354389],[-104.272219,39.353364],[-104.27339,39.351725],[-104.272989,39.350796],[-104.272076,39.352321],[-104.270204,39.351787],[-104.26969,39.350836],[-104.268241,39.352012],[-104.265993,39.351093],[-104.264098,39.352214],[-104.262534,39.350836],[-104.260151,39.351682],[-104.259604,39.35135],[-104.26069,39.35053],[-104.255204,39.349345],[-104.254683,39.347552],[-104.251879,39.346448],[-104.253379,39.345971],[-104.254889,39.28818],[-104.244145,39.288083],[-104.244138,39.273631],[-104.251377,39.27415],[-104.274518,39.279745],[-104.305827,39.290453],[-104.310039,39.292567],[-104.310211,39.273745],[-104.328195,39.273775],[-104.328486,39.265178],[-104.333059,39.265217],[-104.333541,39.266579],[-104.34718,39.266644],[-104.352791,39.279769],[-104.352976,39.285439],[-104.354763,39.292172],[-104.353631,39.294305],[-104.353494,39.301484],[-104.356461,39.305682],[-104.356623,39.308554],[-104.377621,39.319076],[-104.394474,39.325235],[-104.394524,39.317787],[-104.389788,39.310472],[-104.390235,39.306206],[-104.394091,39.299825],[-104.401131,39.293159],[-104.404386,39.285188],[-104.407442,39.282269],[-104.408204,39.273014],[-104.409986,39.268849],[-104.418016,39.266639],[-104.422372,39.263466],[-104.426861,39.26219],[-104.429586,39.259287],[-104.451544,39.259613],[-104.452219,39.25611],[-104.454657,39.251258],[-104.458272,39.248957],[-104.458449,39.248339],[-104.456064,39.247149],[-104.459832,39.245753],[-104.461536,39.237767],[-104.463948,39.234301],[-104.464065,39.232603],[-104.477867,39.230549],[-104.477998,39.281705],[-104.497082,39.281701],[-104.497099,39.278154],[-104.515717,39.278038],[-104.515677,39.289072],[-104.534211,39.288953],[-104.534149,39.292648],[-104.543575,39.29268],[-104.543552,39.288651],[-104.552068,39.288852],[-104.552175,39.303264],[-104.553376,39.303274],[-104.553366,39.305584]]]}},{"type":"Feature","properties":{"zcta5":"80118","area_name":"LARKSPUR"},"geometry":{"type":"Polygon","coordinates":[[[-105.029433,39.129934],[-105.026753,39.13548],[-105.027418,39.137693],[-105.02658,39.14426],[-105.025198,39.145711],[-105.025002,39.148773],[-105.02397,39.149895],[-105.026301,39.155697],[-105.022337,39.157393],[-105.022298,39.158642],[-105.020964,39.159521],[-105.022355,39.163816],[-105.020749,39.165315],[-105.023926,39.167602],[-105.023043,39.16905],[-105.023969,39.171438],[-105.026599,39.17232],[-105.025918,39.173525],[-105.022251,39.173255],[-105.018038,39.174838],[-105.013916,39.17754],[-105.011512,39.177578],[-105.009154,39.178708],[-105.009363,39.183827],[-105.008009,39.185584],[-105.008055,39.188188],[-105.012479,39.193829],[-105.011501,39.196668],[-105.013337,39.20011],[-105.013755,39.20393],[-105.005833,39.208004],[-105.003262,39.208599],[-105.002949,39.210897],[-105.000703,39.212338],[-105.000256,39.216294],[-104.997273,39.216303],[-104.995096,39.217448],[-104.990856,39.217114],[-104.988293,39.218693],[-104.988272,39.239002],[-105.006827,39.238995],[-105.006612,39.246411],[-105.003467,39.246381],[-105.003469,39.251415],[-105.018842,39.251413],[-105.019375,39.257363],[-105.027057,39.25654],[-105.025175,39.283709],[-105.023719,39.285587],[-105.02104,39.285137],[-105.017841,39.287589],[-105.015151,39.288283],[-105.011128,39.292266],[-105.006501,39.295366],[-105.004174,39.294839],[-105.001316,39.296886],[-104.997904,39.296873],[-104.997576,39.282236],[-104.988761,39.282482],[-104.988679,39.274938],[-104.96301,39.275133],[-104.962303,39.273138],[-104.956038,39.272174],[-104.955968,39.278963],[-104.942936,39.282544],[-104.932461,39.282643],[-104.919934,39.291702],[-104.918807,39.293053],[-104.918785,39.296064],[-104.91814,39.296831],[-104.906536,39.298438],[-104.891475,39.297015],[-104.895816,39.289036],[-104.897766,39.277269],[-104.897336,39.272205],[-104.894445,39.263328],[-104.883889,39.248452],[-104.878536,39.24331],[-104.871453,39.242256],[-104.847144,39.241988],[-104.846298,39.242583],[-104.845746,39.246049],[-104.83836,39.246396],[-104.836913,39.247584],[-104.832618,39.245868],[-104.812174,39.245814],[-104.810004,39.213289],[-104.803915,39.195838],[-104.794103,39.202103],[-104.784226,39.20571],[-104.774235,39.205399],[-104.774107,39.184656],[-104.769435,39.184894],[-104.76768,39.186985],[-104.765648,39.187301],[-104.761439,39.187377],[-104.759474,39.186334],[-104.754463,39.186545],[-104.75355,39.185906],[-104.75435,39.183046],[-104.756156,39.181714],[-104.763414,39.180259],[-104.769799,39.181113],[-104.772016,39.1793],[-104.774163,39.179074],[-104.774237,39.173313],[-104.769611,39.173157],[-104.76947,39.169568],[-104.755127,39.169833],[-104.749506,39.173265],[-104.728173,39.173297],[-104.719968,39.172262],[-104.711368,39.169864],[-104.703932,39.169534],[-104.702325,39.168932],[-104.700805,39.166021],[-104.698869,39.165524],[-104.681483,39.165892],[-104.681492,39.17317],[-104.674211,39.173162],[-104.676213,39.169287],[-104.677288,39.159593],[-104.675374,39.158408],[-104.675356,39.157377],[-104.673852,39.157952],[-104.673325,39.157223],[-104.671615,39.158559],[-104.662846,39.158627],[-104.662896,39.129527],[-105.029433,39.129934]]]}},{"type":"Feature","properties":{"zcta5":"80120","area_name":"LITTLETON"},"geometry":{"type":"Polygon","coordinates":[[[-105.04085,39.566145],[-105.039162,39.568535],[-105.040659,39.572132],[-105.03735,39.574823],[-105.038197,39.576034],[-105.033809,39.578607],[-105.03333,39.580312],[-105.030727,39.582614],[-105.030274,39.583648],[-105.031199,39.587403],[-105.030308,39.590699],[-105.02988,39.591523],[-105.027673,39.59204],[-105.029061,39.59351],[-105.028934,39.595174],[-105.027857,39.596522],[-105.025378,39.59746],[-105.024606,39.598881],[-105.024524,39.604599],[-105.023487,39.609042],[-105.025305,39.612966],[-105.020826,39.615729],[-105.017058,39.621173],[-105.017079,39.622708],[-105.019121,39.625459],[-105.018632,39.626413],[-105.016065,39.627734],[-105.016096,39.625755],[-105.014053,39.625739],[-105.013821,39.629394],[-105.002678,39.629501],[-105.002699,39.627645],[-105.003538,39.626629],[-105.000201,39.624799],[-105.000354,39.624098],[-104.998133,39.624043],[-104.996204,39.622489],[-104.993833,39.62223],[-104.992587,39.621014],[-104.990051,39.620427],[-104.990049,39.619848],[-104.988019,39.619847],[-104.988039,39.615005],[-104.989149,39.615007],[-104.988924,39.613185],[-104.988052,39.613184],[-104.988953,39.605432],[-104.98818,39.602295],[-104.989463,39.59867],[-104.989148,39.595643],[-104.988271,39.594547],[-104.988485,39.573473],[-104.991934,39.573485],[-104.991872,39.572239],[-104.990651,39.571352],[-104.990086,39.568001],[-104.993987,39.568511],[-104.992793,39.566135],[-105.0018,39.564301],[-105.017131,39.566132],[-105.03232,39.566184],[-105.033251,39.564557],[-105.04085,39.566145]]]}},{"type":"Feature","properties":{"zcta5":"80121","area_name":"CENTENNIAL"},"geometry":{"type":"Polygon","coordinates":[[[-104.989435,39.598873],[-104.98818,39.602295],[-104.988953,39.605432],[-104.988052,39.613184],[-104.988924,39.613185],[-104.989149,39.615007],[-104.988039,39.615005],[-104.988028,39.616835],[-104.980437,39.616842],[-104.986309,39.621608],[-104.985909,39.624051],[-104.977648,39.624079],[-104.97766,39.625],[-104.973256,39.625087],[-104.970458,39.625062],[-104.970463,39.624137],[-104.941066,39.624065],[-104.941043,39.629295],[-104.936274,39.629353],[-104.934612,39.628628],[-104.934306,39.629913],[-104.932112,39.630286],[-104.930854,39.631462],[-104.927468,39.631255],[-104.927428,39.629775],[-104.926013,39.629777],[-104.926173,39.628593],[-104.925122,39.628267],[-104.925155,39.624073],[-104.922784,39.624082],[-104.922888,39.595059],[-104.939848,39.595045],[-104.941407,39.595172],[-104.941375,39.596779],[-104.9456,39.59586],[-104.948069,39.596885],[-104.949024,39.596326],[-104.949095,39.595088],[-104.960159,39.595173],[-104.960108,39.596815],[-104.961653,39.596805],[-104.963726,39.596057],[-104.96371,39.595177],[-104.988289,39.59511],[-104.988271,39.594547],[-104.989148,39.595643],[-104.989435,39.598873]]]}},{"type":"Feature","properties":{"zcta5":"80122","area_name":"CENTENNIAL"},"geometry":{"type":"Polygon","coordinates":[[[-104.991955,39.572517],[-104.991934,39.573485],[-104.988485,39.573473],[-104.988289,39.59511],[-104.96371,39.595177],[-104.963726,39.596057],[-104.960108,39.596815],[-104.960159,39.595173],[-104.949095,39.595088],[-104.949024,39.596326],[-104.948069,39.596885],[-104.9456,39.59586],[-104.941375,39.596779],[-104.941407,39.595172],[-104.939848,39.595045],[-104.922888,39.595059],[-104.923006,39.573247],[-104.920709,39.573264],[-104.920718,39.571495],[-104.923022,39.570946],[-104.923031,39.570225],[-104.921493,39.570228],[-104.920786,39.568917],[-104.923045,39.568582],[-104.922963,39.566053],[-104.988529,39.566124],[-104.988532,39.567988],[-104.990086,39.568001],[-104.990651,39.571352],[-104.991955,39.572517]]]}},{"type":"Feature","properties":{"zcta5":"80123","area_name":"LITTLETON"},"geometry":{"type":"Polygon","coordinates":[[[-105.110161,39.59521],[-105.109991,39.606154],[-105.107734,39.60662],[-105.107549,39.610619],[-105.108057,39.611896],[-105.109951,39.611955],[-105.109353,39.645708],[-105.100523,39.645547],[-105.100502,39.64237],[-105.090274,39.642339],[-105.089635,39.641167],[-105.086368,39.640824],[-105.086352,39.638701],[-105.059431,39.638812],[-105.059138,39.638243],[-105.059045,39.63876],[-105.053342,39.63877],[-105.05341,39.631504],[-105.036321,39.631413],[-105.036321,39.63246],[-105.03477,39.632409],[-105.034955,39.624161],[-105.023112,39.624127],[-105.02311,39.627736],[-105.016324,39.627733],[-105.019098,39.625854],[-105.01687,39.622256],[-105.017058,39.621173],[-105.020826,39.615729],[-105.025305,39.612966],[-105.023487,39.609042],[-105.024856,39.598219],[-105.028337,39.596175],[-105.029847,39.59159],[-105.037519,39.591521],[-105.037564,39.587902],[-105.041768,39.587901],[-105.041684,39.589476],[-105.046752,39.590656],[-105.044279,39.595197],[-105.053703,39.59522],[-105.053772,39.593361],[-105.055711,39.593478],[-105.055941,39.594752],[-105.057879,39.595227],[-105.079499,39.595205],[-105.079806,39.592974],[-105.081703,39.592711],[-105.082065,39.59422],[-105.080288,39.595203],[-105.084677,39.595202],[-105.084666,39.592867],[-105.090103,39.592783],[-105.090117,39.59207],[-105.087946,39.591054],[-105.088267,39.588668],[-105.091068,39.588489],[-105.091517,39.595249],[-105.100882,39.595213],[-105.100722,39.593654],[-105.102438,39.593863],[-105.102533,39.595203],[-105.105452,39.595204],[-105.105995,39.593693],[-105.110167,39.593842],[-105.110161,39.59521]]]}},{"type":"Feature","properties":{"zcta5":"80124","area_name":"HIGHLANDS RANCH"},"geometry":{"type":"Polygon","coordinates":[[[-104.923303,39.523721],[-104.923102,39.529134],[-104.919916,39.529117],[-104.91794,39.526999],[-104.918186,39.526167],[-104.916714,39.525558],[-104.917233,39.529191],[-104.904328,39.529211],[-104.904227,39.55095],[-104.904764,39.558238],[-104.905953,39.558224],[-104.904452,39.560038],[-104.904415,39.565982],[-104.872366,39.565997],[-104.869729,39.550063],[-104.86731,39.519139],[-104.867688,39.517061],[-104.872524,39.507446],[-104.904863,39.507401],[-104.905138,39.493161],[-104.90422,39.492703],[-104.911504,39.492743],[-104.911946,39.501368],[-104.913411,39.502594],[-104.918415,39.50404],[-104.922149,39.510323],[-104.92193,39.511687],[-104.91952,39.514344],[-104.919085,39.519483],[-104.917595,39.521228],[-104.923381,39.521696],[-104.923303,39.523721]]]}},{"type":"Feature","properties":{"zcta5":"80125","area_name":"LITTLETON"},"geometry":{"type":"Polygon","coordinates":[[[-105.135248,39.470711],[-105.133936,39.472166],[-105.130619,39.47368],[-105.128422,39.477658],[-105.12194,39.481524],[-105.120815,39.481765],[-105.119013,39.48055],[-105.116732,39.481502],[-105.118403,39.482973],[-105.118419,39.48476],[-105.11738,39.485719],[-105.114935,39.486107],[-105.113063,39.484151],[-105.110554,39.483795],[-105.098593,39.487373],[-105.096639,39.490359],[-105.094019,39.49227],[-105.09333,39.488054],[-105.086751,39.493423],[-105.086109,39.494923],[-105.087257,39.496572],[-105.086057,39.497853],[-105.086394,39.499447],[-105.084841,39.50121],[-105.085046,39.505956],[-105.078402,39.51149],[-105.078843,39.513119],[-105.077945,39.517495],[-105.080096,39.523156],[-105.076106,39.532691],[-105.077745,39.536706],[-105.076419,39.540055],[-105.074594,39.541652],[-105.074111,39.544268],[-105.066735,39.550499],[-105.065672,39.553346],[-105.063884,39.554743],[-105.06427,39.55531],[-105.06113,39.556906],[-105.060714,39.559941],[-105.058257,39.560379],[-105.057252,39.562306],[-105.051366,39.563257],[-105.04874,39.566088],[-105.04085,39.566145],[-105.033251,39.564557],[-105.036432,39.559959],[-105.036202,39.536069],[-105.03151,39.529543],[-105.02658,39.529425],[-105.026665,39.523615],[-105.011697,39.523033],[-105.011728,39.521771],[-104.999057,39.52177],[-104.998846,39.513319],[-104.994961,39.510546],[-104.991881,39.511575],[-104.989044,39.513855],[-104.987717,39.516021],[-104.982639,39.516681],[-104.980162,39.517895],[-104.973401,39.515999],[-104.968173,39.516094],[-104.964605,39.514748],[-104.960921,39.515353],[-104.957583,39.512889],[-104.956457,39.513283],[-104.955597,39.51091],[-104.952798,39.51017],[-104.949276,39.506986],[-104.950407,39.505867],[-104.951843,39.506762],[-104.953987,39.506431],[-104.956581,39.503933],[-104.962899,39.501842],[-104.960946,39.497723],[-104.963277,39.494262],[-104.961801,39.492192],[-104.979217,39.495712],[-104.984591,39.495881],[-104.984458,39.489376],[-104.982129,39.489374],[-104.982123,39.488295],[-104.979792,39.488292],[-104.979813,39.482875],[-104.993933,39.481808],[-104.988596,39.471058],[-104.989306,39.470956],[-104.997611,39.471018],[-105.000113,39.470339],[-105.001962,39.471532],[-105.005073,39.471687],[-105.004489,39.475991],[-105.005188,39.476028],[-105.006137,39.477926],[-105.005074,39.478858],[-105.004832,39.483009],[-105.002114,39.484453],[-105.002539,39.485018],[-105.005621,39.487135],[-105.015843,39.490946],[-105.018857,39.496183],[-105.026667,39.496142],[-105.026579,39.495467],[-105.024288,39.495576],[-105.023531,39.494882],[-105.025334,39.493251],[-105.025775,39.491502],[-105.024914,39.489755],[-105.026574,39.481777],[-105.026551,39.475081],[-105.023049,39.473014],[-105.024593,39.470733],[-105.030497,39.465524],[-105.031751,39.463063],[-105.034784,39.46099],[-105.03806,39.455682],[-105.039011,39.467092],[-105.045687,39.467211],[-105.045651,39.470926],[-105.052312,39.471022],[-105.053174,39.461397],[-105.054745,39.460513],[-105.054832,39.457582],[-105.052634,39.45354],[-105.054883,39.44661],[-105.052906,39.4438],[-105.053986,39.442538],[-105.053948,39.439582],[-105.055648,39.439316],[-105.055306,39.436851],[-105.057174,39.433796],[-105.059881,39.433137],[-105.06413,39.428566],[-105.063722,39.427106],[-105.064684,39.424285],[-105.066702,39.42262],[-105.065358,39.419785],[-105.057634,39.412675],[-105.057807,39.411521],[-105.059959,39.409361],[-105.067277,39.409085],[-105.072127,39.410865],[-105.072809,39.411661],[-105.072986,39.420106],[-105.090099,39.420092],[-105.096102,39.408471],[-105.098809,39.409709],[-105.10547,39.420327],[-105.105274,39.421751],[-105.107006,39.422515],[-105.105951,39.423409],[-105.106614,39.424345],[-105.109868,39.424801],[-105.111183,39.426449],[-105.114198,39.425851],[-105.118282,39.426298],[-105.118813,39.43119],[-105.120831,39.433851],[-105.123522,39.434561],[-105.12489,39.436221],[-105.126144,39.440187],[-105.124704,39.442736],[-105.123983,39.447461],[-105.123103,39.447957],[-105.124184,39.454985],[-105.127474,39.458467],[-105.132529,39.461248],[-105.132577,39.464321],[-105.133456,39.466319],[-105.132867,39.467469],[-105.135248,39.470711]]]}},{"type":"Feature","properties":{"zcta5":"80126","area_name":"HIGHLANDS RANCH"},"geometry":{"type":"Polygon","coordinates":[[[-104.999088,39.524146],[-104.996893,39.52571],[-104.997376,39.527787],[-104.987487,39.527642],[-104.987126,39.530515],[-104.985198,39.534596],[-104.985875,39.53695],[-104.990506,39.540455],[-104.991932,39.544976],[-104.990276,39.5558],[-104.987317,39.558978],[-104.986688,39.561563],[-104.988529,39.566124],[-104.904415,39.565982],[-104.904436,39.563631],[-104.917143,39.564374],[-104.932519,39.560437],[-104.932243,39.55086],[-104.92775,39.550978],[-104.927129,39.549344],[-104.930582,39.545954],[-104.930969,39.542596],[-104.935384,39.54269],[-104.939084,39.530327],[-104.94102,39.527456],[-104.938553,39.525816],[-104.941349,39.52272],[-104.942035,39.517289],[-104.946846,39.513745],[-104.958071,39.513407],[-104.960921,39.515353],[-104.964605,39.514748],[-104.968173,39.516094],[-104.973401,39.515999],[-104.980162,39.517895],[-104.982639,39.516681],[-104.987717,39.516021],[-104.989044,39.513855],[-104.991881,39.511575],[-104.994961,39.510546],[-104.998846,39.513319],[-104.999088,39.524146]]]}},{"type":"Feature","properties":{"zcta5":"80127","area_name":"LITTLETON"},"geometry":{"type":"Polygon","coordinates":[[[-105.240541,39.513133],[-105.234381,39.513829],[-105.231099,39.516873],[-105.228441,39.518138],[-105.226611,39.517941],[-105.225518,39.516689],[-105.222816,39.516684],[-105.221058,39.5187],[-105.218697,39.519173],[-105.214238,39.524475],[-105.217012,39.526446],[-105.21753,39.528281],[-105.216552,39.52871],[-105.217184,39.530967],[-105.216461,39.531659],[-105.216454,39.533911],[-105.211781,39.537153],[-105.211462,39.538708],[-105.212484,39.538614],[-105.213172,39.539718],[-105.209065,39.540136],[-105.210598,39.541548],[-105.20942,39.542074],[-105.208258,39.551337],[-105.208377,39.554928],[-105.215285,39.55475],[-105.215353,39.562271],[-105.21432,39.562285],[-105.214038,39.566184],[-105.210291,39.563163],[-105.206683,39.56201],[-105.205308,39.560718],[-105.204284,39.561315],[-105.20412,39.564731],[-105.202613,39.565534],[-105.199977,39.563187],[-105.198933,39.560912],[-105.197493,39.563094],[-105.199909,39.565984],[-105.200016,39.568453],[-105.194084,39.564988],[-105.190415,39.564269],[-105.1828,39.568091],[-105.17984,39.570541],[-105.177675,39.570651],[-105.176202,39.572326],[-105.176905,39.572367],[-105.175737,39.574619],[-105.176738,39.575005],[-105.176905,39.578865],[-105.179159,39.579701],[-105.178491,39.581116],[-105.179659,39.583046],[-105.179409,39.584783],[-105.180911,39.584718],[-105.179409,39.586455],[-105.180078,39.587485],[-105.181506,39.587421],[-105.17991,39.588707],[-105.177573,39.588192],[-105.177485,39.589318],[-105.174431,39.589733],[-105.174027,39.591052],[-105.17491,39.591512],[-105.174638,39.592598],[-105.179628,39.593627],[-105.18005,39.595013],[-105.18211,39.595513],[-105.180478,39.596092],[-105.180857,39.5978],[-105.180157,39.599475],[-105.17811,39.600803],[-105.17614,39.599903],[-105.17504,39.602125],[-105.164269,39.602251],[-105.164084,39.60069],[-105.159771,39.599241],[-105.158933,39.60026],[-105.156317,39.600319],[-105.156654,39.601526],[-105.158915,39.602642],[-105.160756,39.605751],[-105.160919,39.606835],[-105.160101,39.60753],[-105.160735,39.608348],[-105.16008,39.609654],[-105.1605,39.615797],[-105.164005,39.623487],[-105.158576,39.624139],[-105.158639,39.622494],[-105.157482,39.622703],[-105.156162,39.618995],[-105.155594,39.619022],[-105.155671,39.622274],[-105.153058,39.620801],[-105.15121,39.621445],[-105.153456,39.624087],[-105.138158,39.6241],[-105.137693,39.625212],[-105.128656,39.625033],[-105.128614,39.638665],[-105.12046,39.639215],[-105.109846,39.638699],[-105.109951,39.611955],[-105.108057,39.611896],[-105.107549,39.610619],[-105.107734,39.60662],[-105.109991,39.606154],[-105.110206,39.585706],[-105.109488,39.583877],[-105.105871,39.581325],[-105.105059,39.579366],[-105.105671,39.577152],[-105.110169,39.571694],[-105.110218,39.569582],[-105.107742,39.569584],[-105.107265,39.566918],[-105.107255,39.566257],[-105.109943,39.566254],[-105.109958,39.55758],[-105.108197,39.555532],[-105.108297,39.554079],[-105.110742,39.553471],[-105.119863,39.554842],[-105.124112,39.552498],[-105.12033,39.553395],[-105.115909,39.552518],[-105.10689,39.547159],[-105.102827,39.54716],[-105.101069,39.542609],[-105.095792,39.541719],[-105.092839,39.5399],[-105.095245,39.531964],[-105.095073,39.526805],[-105.097582,39.51084],[-105.095028,39.499991],[-105.095242,39.496508],[-105.09395,39.494018],[-105.092858,39.494057],[-105.096639,39.490359],[-105.097466,39.488232],[-105.099354,39.487091],[-105.110554,39.483795],[-105.113063,39.484151],[-105.114935,39.486107],[-105.11738,39.485719],[-105.118419,39.48476],[-105.118403,39.482973],[-105.116689,39.482066],[-105.11696,39.481312],[-105.119013,39.48055],[-105.120815,39.481765],[-105.12194,39.481524],[-105.128422,39.477658],[-105.130619,39.47368],[-105.135085,39.471219],[-105.135197,39.470398],[-105.132867,39.467469],[-105.133456,39.466319],[-105.132577,39.464321],[-105.132529,39.461248],[-105.127474,39.458467],[-105.124184,39.454985],[-105.123103,39.447957],[-105.123983,39.447461],[-105.124704,39.442736],[-105.126144,39.440187],[-105.123598,39.434129],[-105.129147,39.431162],[-105.161084,39.43112],[-105.161086,39.427518],[-105.166126,39.427311],[-105.179356,39.427736],[-105.179889,39.431104],[-105.184709,39.431042],[-105.185185,39.434452],[-105.202967,39.433055],[-105.203465,39.448484],[-105.208124,39.448159],[-105.207883,39.455295],[-105.212648,39.455148],[-105.212625,39.463009],[-105.222237,39.462563],[-105.222356,39.466416],[-105.227032,39.466251],[-105.227372,39.474002],[-105.228228,39.473987],[-105.228318,39.481894],[-105.224608,39.481896],[-105.224701,39.479246],[-105.223868,39.478246],[-105.219843,39.480434],[-105.221825,39.483816],[-105.220312,39.485666],[-105.218697,39.48562],[-105.219219,39.484486],[-105.217616,39.484956],[-105.21612,39.48378],[-105.214524,39.483717],[-105.207645,39.485691],[-105.204962,39.491498],[-105.206092,39.4948],[-105.211017,39.493007],[-105.226724,39.498059],[-105.229287,39.502142],[-105.231694,39.503292],[-105.233248,39.505407],[-105.233525,39.506237],[-105.232721,39.506777],[-105.238709,39.510625],[-105.240541,39.513133]]]}},{"type":"Feature","properties":{"zcta5":"80128","area_name":"LITTLETON"},"geometry":{"type":"Polygon","coordinates":[[[-105.124098,39.552658],[-105.119863,39.554842],[-105.110742,39.553471],[-105.108297,39.554079],[-105.108197,39.555532],[-105.109958,39.55758],[-105.109943,39.566254],[-105.107255,39.566257],[-105.107265,39.566918],[-105.107742,39.569584],[-105.110218,39.569582],[-105.110169,39.571694],[-105.105671,39.577152],[-105.105059,39.579366],[-105.105871,39.581325],[-105.110068,39.584805],[-105.110167,39.593842],[-105.105995,39.593693],[-105.105452,39.595204],[-105.102533,39.595203],[-105.102438,39.593863],[-105.100722,39.593654],[-105.100882,39.595213],[-105.091517,39.595249],[-105.090897,39.588489],[-105.088267,39.588668],[-105.087946,39.591054],[-105.090117,39.59207],[-105.090103,39.592783],[-105.084666,39.592867],[-105.084677,39.595202],[-105.080288,39.595203],[-105.082065,39.59422],[-105.081703,39.592711],[-105.079806,39.592974],[-105.079499,39.595205],[-105.057879,39.595227],[-105.055941,39.594752],[-105.055711,39.593478],[-105.053772,39.593361],[-105.053703,39.59522],[-105.044279,39.595197],[-105.046752,39.590656],[-105.041684,39.589476],[-105.041768,39.587901],[-105.037564,39.587902],[-105.037519,39.591521],[-105.029847,39.59159],[-105.028937,39.595145],[-105.029061,39.59351],[-105.027673,39.59204],[-105.02988,39.591523],[-105.030308,39.590699],[-105.031224,39.585562],[-105.030383,39.583236],[-105.03333,39.580312],[-105.033809,39.578607],[-105.038197,39.576034],[-105.03735,39.574823],[-105.040659,39.572132],[-105.039178,39.569249],[-105.040476,39.566354],[-105.04874,39.566088],[-105.051366,39.563257],[-105.057252,39.562306],[-105.058257,39.560379],[-105.060714,39.559941],[-105.06113,39.556906],[-105.06427,39.55531],[-105.063884,39.554743],[-105.065672,39.553346],[-105.066735,39.550499],[-105.074111,39.544268],[-105.074594,39.541652],[-105.076419,39.540055],[-105.077745,39.536706],[-105.076106,39.532691],[-105.080096,39.523156],[-105.077945,39.517495],[-105.078843,39.513119],[-105.078402,39.51149],[-105.084665,39.506585],[-105.085227,39.50543],[-105.084841,39.50121],[-105.086394,39.499447],[-105.086057,39.497853],[-105.087257,39.496572],[-105.086286,39.493981],[-105.093009,39.48814],[-105.093951,39.489206],[-105.094019,39.49227],[-105.092874,39.494196],[-105.09395,39.494018],[-105.095242,39.496508],[-105.095028,39.499991],[-105.097582,39.51084],[-105.095073,39.526805],[-105.095245,39.531964],[-105.092839,39.5399],[-105.095792,39.541719],[-105.101069,39.542609],[-105.102827,39.54716],[-105.10689,39.547159],[-105.115909,39.552518],[-105.12033,39.553395],[-105.124098,39.552658]]]}},{"type":"Feature","properties":{"zcta5":"80129","area_name":"HIGHLANDS RANCH"},"geometry":{"type":"Polygon","coordinates":[[[-105.036513,39.553231],[-105.036329,39.560363],[-105.03232,39.566184],[-105.015621,39.566096],[-105.0018,39.564301],[-104.992793,39.566135],[-104.993987,39.568511],[-104.988532,39.567988],[-104.988389,39.565169],[-104.986688,39.561563],[-104.987317,39.558978],[-104.990276,39.5558],[-104.992021,39.545983],[-104.99142,39.542136],[-104.990111,39.539863],[-104.985223,39.535848],[-104.987487,39.527642],[-104.997376,39.527787],[-104.996893,39.52571],[-104.999002,39.524624],[-104.999057,39.52177],[-105.011728,39.521771],[-105.011697,39.523033],[-105.026665,39.523615],[-105.02658,39.529425],[-105.03151,39.529543],[-105.036202,39.536069],[-105.036513,39.553231]]]}},{"type":"Feature","properties":{"zcta5":"80130","area_name":"HIGHLANDS RANCH"},"geometry":{"type":"Polygon","coordinates":[[[-104.958071,39.513407],[-104.946846,39.513745],[-104.942035,39.517289],[-104.941349,39.52272],[-104.938553,39.525816],[-104.94102,39.527456],[-104.939084,39.530327],[-104.935384,39.54269],[-104.930969,39.542596],[-104.930582,39.545954],[-104.927053,39.5496],[-104.92775,39.550978],[-104.932243,39.55086],[-104.932519,39.560437],[-104.917143,39.564374],[-104.904436,39.563631],[-104.904452,39.560038],[-104.905953,39.558224],[-104.904764,39.558238],[-104.904227,39.55095],[-104.904328,39.529211],[-104.917233,39.529191],[-104.916714,39.525558],[-104.918186,39.526167],[-104.91794,39.526999],[-104.919916,39.529117],[-104.923102,39.529134],[-104.923381,39.521696],[-104.917595,39.521228],[-104.919085,39.519483],[-104.919349,39.514841],[-104.92193,39.511687],[-104.92202,39.509901],[-104.918415,39.50404],[-104.913411,39.502594],[-104.911946,39.501368],[-104.911504,39.492743],[-104.926966,39.492742],[-104.927385,39.494631],[-104.93386,39.4968],[-104.934662,39.499116],[-104.938488,39.502482],[-104.943084,39.503418],[-104.946788,39.505636],[-104.949908,39.506129],[-104.94951,39.507344],[-104.952798,39.51017],[-104.955597,39.51091],[-104.956457,39.513283],[-104.958071,39.513407]]]}},{"type":"Feature","properties":{"zcta5":"80131","area_name":"LOUVIERS"},"geometry":{"type":"Polygon","coordinates":[[[-105.015092,39.47726],[-105.011597,39.480728],[-105.009377,39.485288],[-105.006923,39.487558],[-105.002144,39.484522],[-105.004742,39.48318],[-105.005074,39.478858],[-105.006137,39.477926],[-105.005188,39.476028],[-105.004489,39.475991],[-105.004676,39.472761],[-105.0054,39.472635],[-105.004222,39.469304],[-105.00861,39.469112],[-105.012411,39.465369],[-105.014306,39.464484],[-105.012271,39.472828],[-105.01468,39.472186],[-105.014142,39.474925],[-105.015092,39.47726]]]}},{"type":"Feature","properties":{"zcta5":"80132","area_name":"MONUMENT"},"geometry":{"type":"Polygon","coordinates":[[[-104.991395,39.066045],[-104.990857,39.068012],[-104.989784,39.068034],[-104.987519,39.072262],[-104.981369,39.074083],[-104.979555,39.075858],[-104.967495,39.076962],[-104.964321,39.077994],[-104.963339,39.079807],[-104.96097,39.080634],[-104.955624,39.079435],[-104.94644,39.080991],[-104.94458,39.081949],[-104.941272,39.086305],[-104.938707,39.094932],[-104.933098,39.099543],[-104.930889,39.105165],[-104.928706,39.105699],[-104.926614,39.108217],[-104.923769,39.109463],[-104.923733,39.107101],[-104.921505,39.106843],[-104.921145,39.105865],[-104.919158,39.105223],[-104.919144,39.107064],[-104.909777,39.107131],[-104.90971,39.10809],[-104.906262,39.108041],[-104.906349,39.109346],[-104.907254,39.109631],[-104.906051,39.11056],[-104.905087,39.109451],[-104.903071,39.109444],[-104.903125,39.10828],[-104.901258,39.108226],[-104.901133,39.109575],[-104.89858,39.110852],[-104.895915,39.109163],[-104.897615,39.106153],[-104.893224,39.104109],[-104.8899,39.099636],[-104.8856,39.096474],[-104.884522,39.096422],[-104.887288,39.100019],[-104.879737,39.100263],[-104.876934,39.098049],[-104.876563,39.098611],[-104.873228,39.097638],[-104.874027,39.100818],[-104.878889,39.103659],[-104.879286,39.106983],[-104.881579,39.109083],[-104.881544,39.110391],[-104.889432,39.110887],[-104.895844,39.114356],[-104.896015,39.129858],[-104.766571,39.129674],[-104.766657,39.121451],[-104.771106,39.112571],[-104.770686,39.099986],[-104.775707,39.100048],[-104.77561,39.078282],[-104.784891,39.078293],[-104.784978,39.070959],[-104.79419,39.070775],[-104.794187,39.068994],[-104.796701,39.066515],[-104.808289,39.062047],[-104.812788,39.062016],[-104.812784,39.063795],[-104.822046,39.063794],[-104.822103,39.056562],[-104.8493,39.056627],[-104.851446,39.057885],[-104.852953,39.060035],[-104.853182,39.059438],[-104.856232,39.064981],[-104.857967,39.072035],[-104.859305,39.07185],[-104.860253,39.071281],[-104.857196,39.054696],[-104.8585,39.054685],[-104.85876,39.050364],[-104.854697,39.047853],[-104.852565,39.045132],[-104.853969,39.043951],[-104.853631,39.042318],[-104.854813,39.04294],[-104.85454,39.045923],[-104.856175,39.047312],[-104.857549,39.047334],[-104.857907,39.045098],[-104.860478,39.044641],[-104.861268,39.04586],[-104.867228,39.046676],[-104.867286,39.048939],[-104.870655,39.050888],[-104.872282,39.050008],[-104.876074,39.050466],[-104.887403,39.047927],[-104.894616,39.048213],[-104.894456,39.04926],[-104.883126,39.049465],[-104.876214,39.050664],[-104.873099,39.050582],[-104.868409,39.052097],[-104.868755,39.053871],[-104.870123,39.0552],[-104.872252,39.056704],[-104.877921,39.058443],[-104.87785,39.059416],[-104.880078,39.06095],[-104.883973,39.06099],[-104.889097,39.058517],[-104.891651,39.058934],[-104.897639,39.05793],[-104.901874,39.059135],[-104.901973,39.058105],[-104.903929,39.056448],[-104.907509,39.055221],[-104.906193,39.05624],[-104.913071,39.056402],[-104.914502,39.055824],[-104.914413,39.070924],[-104.919841,39.070957],[-104.921062,39.068653],[-104.926262,39.06754],[-104.928511,39.068359],[-104.92977,39.069802],[-104.931967,39.069],[-104.932176,39.071157],[-104.933084,39.070495],[-104.934535,39.071613],[-104.934424,39.069702],[-104.936267,39.071355],[-104.93633,39.069293],[-104.939464,39.066977],[-104.941038,39.070784],[-104.943234,39.070116],[-104.942701,39.071357],[-104.944169,39.070652],[-104.943787,39.069454],[-104.946307,39.067781],[-104.947767,39.069131],[-104.949678,39.068466],[-104.950118,39.070977],[-104.956318,39.068415],[-104.960234,39.069247],[-104.960316,39.068499],[-104.962608,39.067775],[-104.963477,39.068402],[-104.964392,39.067003],[-104.965513,39.066959],[-104.968603,39.064651],[-104.970956,39.064565],[-104.970873,39.062873],[-104.975993,39.058911],[-104.976041,39.057505],[-104.979006,39.059102],[-104.98581,39.058344],[-104.987238,39.057248],[-104.988923,39.057574],[-104.990999,39.059],[-104.990437,39.060348],[-104.991395,39.066045]]]}},{"type":"Feature","properties":{"zcta5":"80133","area_name":"MONUMENT"},"geometry":{"type":"Polygon","coordinates":[[[-104.923805,39.117497],[-104.923787,39.129822],[-104.896015,39.129858],[-104.895844,39.114356],[-104.889432,39.110887],[-104.881544,39.110391],[-104.881579,39.109083],[-104.879286,39.106983],[-104.878889,39.103659],[-104.874027,39.100818],[-104.873228,39.097638],[-104.876563,39.098611],[-104.876934,39.098049],[-104.879737,39.100263],[-104.887288,39.100019],[-104.884522,39.096422],[-104.8856,39.096474],[-104.8899,39.099636],[-104.893224,39.104109],[-104.897615,39.106153],[-104.895915,39.109163],[-104.89858,39.110852],[-104.901133,39.109575],[-104.901258,39.108226],[-104.903125,39.10828],[-104.903071,39.109444],[-104.905087,39.109451],[-104.906051,39.11056],[-104.907254,39.109631],[-104.906349,39.109346],[-104.906262,39.108041],[-104.90971,39.10809],[-104.909777,39.107131],[-104.919144,39.107064],[-104.919158,39.105223],[-104.920225,39.105356],[-104.921505,39.106843],[-104.923733,39.107101],[-104.923805,39.117497]]]}},{"type":"Feature","properties":{"zcta5":"80134","area_name":"PARKER"},"geometry":{"type":"Polygon","coordinates":[[[-104.875023,39.458151],[-104.872949,39.470256],[-104.872554,39.478307],[-104.87278,39.487999],[-104.874591,39.501793],[-104.874055,39.50441],[-104.867347,39.518362],[-104.8685,39.536252],[-104.830003,39.536387],[-104.830116,39.55517],[-104.823508,39.556902],[-104.822999,39.557933],[-104.819918,39.55702],[-104.818763,39.561057],[-104.815666,39.563563],[-104.815686,39.565988],[-104.785308,39.566088],[-104.780207,39.558526],[-104.768494,39.537882],[-104.76389,39.510262],[-104.756995,39.508917],[-104.756464,39.50286],[-104.755144,39.499143],[-104.751515,39.496186],[-104.749499,39.493193],[-104.737774,39.491703],[-104.72624,39.488154],[-104.723429,39.486199],[-104.717325,39.478516],[-104.71053,39.475979],[-104.703081,39.470714],[-104.691104,39.46435],[-104.681287,39.454089],[-104.68065,39.450644],[-104.677457,39.447543],[-104.670256,39.442673],[-104.668943,39.437015],[-104.667615,39.435028],[-104.661898,39.4344],[-104.662675,39.434079],[-104.662729,39.427492],[-104.667204,39.427283],[-104.667564,39.424453],[-104.6705,39.421274],[-104.672686,39.420277],[-104.681537,39.420132],[-104.681626,39.412962],[-104.694554,39.412839],[-104.700078,39.413055],[-104.705736,39.415126],[-104.712752,39.419064],[-104.725833,39.42362],[-104.729226,39.424065],[-104.749176,39.432089],[-104.760073,39.435105],[-104.761098,39.416842],[-104.768882,39.416831],[-104.769549,39.419377],[-104.771213,39.421042],[-104.769908,39.423228],[-104.769722,39.425749],[-104.765315,39.429186],[-104.763253,39.429872],[-104.76311,39.431701],[-104.764214,39.432487],[-104.767155,39.431312],[-104.769966,39.432286],[-104.772566,39.432061],[-104.777093,39.430173],[-104.776003,39.428261],[-104.7765,39.427661],[-104.798345,39.427547],[-104.798347,39.423916],[-104.808484,39.423435],[-104.81982,39.426338],[-104.814214,39.434554],[-104.809019,39.437988],[-104.808989,39.440093],[-104.812176,39.441328],[-104.8156,39.440664],[-104.81866,39.437568],[-104.814588,39.442186],[-104.811139,39.444773],[-104.809417,39.4482],[-104.795935,39.456829],[-104.789068,39.464049],[-104.821787,39.463882],[-104.821751,39.478401],[-104.812297,39.478295],[-104.816072,39.478913],[-104.816659,39.481771],[-104.81306,39.485625],[-104.813622,39.491342],[-104.812732,39.492649],[-104.818969,39.498561],[-104.820557,39.496917],[-104.821408,39.493182],[-104.823979,39.491714],[-104.828301,39.48699],[-104.83023,39.483601],[-104.833671,39.481751],[-104.834569,39.480247],[-104.838296,39.480611],[-104.839701,39.479688],[-104.841506,39.481412],[-104.843425,39.481253],[-104.844998,39.47737],[-104.848024,39.47778],[-104.849462,39.475801],[-104.852421,39.474232],[-104.852426,39.472994],[-104.854797,39.471347],[-104.854737,39.470213],[-104.856429,39.467316],[-104.857672,39.466775],[-104.857784,39.465455],[-104.861497,39.464181],[-104.861511,39.463028],[-104.866284,39.459884],[-104.867714,39.457191],[-104.870843,39.454581],[-104.871576,39.454188],[-104.875023,39.458151]],[[-104.810536,39.562283],[-104.808676,39.561078],[-104.807921,39.564784],[-104.809196,39.563879],[-104.810536,39.562283]]]}},{"type":"Feature","properties":{"zcta5":"80135","area_name":"SEDALIA"},"geometry":{"type":"Polygon","coordinates":[[[-105.398652,39.326189],[-105.398646,39.336926],[-105.395835,39.33605],[-105.390355,39.332641],[-105.390301,39.331652],[-105.39139,39.331101],[-105.375818,39.329359],[-105.3718,39.32765],[-105.373607,39.325018],[-105.379832,39.321526],[-105.372007,39.321312],[-105.36566,39.318866],[-105.358576,39.310916],[-105.354293,39.309795],[-105.35205,39.308112],[-105.350467,39.308387],[-105.347832,39.307316],[-105.343603,39.304429],[-105.340146,39.303634],[-105.338032,39.302252],[-105.332932,39.296008],[-105.32423,39.289079],[-105.319692,39.280601],[-105.320636,39.277647],[-105.319843,39.276137],[-105.321095,39.27414],[-105.321098,39.271496],[-105.319744,39.267324],[-105.317021,39.26492],[-105.316712,39.263693],[-105.317712,39.259918],[-105.321924,39.25928],[-105.322043,39.258703],[-105.313642,39.25809],[-105.312159,39.25558],[-105.310579,39.254647],[-105.310073,39.246241],[-105.302663,39.243872],[-105.303338,39.241924],[-105.301844,39.23927],[-105.303358,39.236243],[-105.301982,39.233719],[-105.301832,39.231115],[-105.298898,39.230447],[-105.297634,39.233027],[-105.295979,39.233365],[-105.294181,39.235694],[-105.290096,39.236894],[-105.284673,39.239881],[-105.273501,39.242304],[-105.271431,39.243445],[-105.268127,39.243218],[-105.265071,39.240837],[-105.25833,39.242183],[-105.255384,39.241606],[-105.25367,39.24383],[-105.251607,39.244341],[-105.246483,39.24259],[-105.245782,39.244118],[-105.242684,39.244622],[-105.241398,39.246276],[-105.240693,39.247569],[-105.24136,39.25],[-105.24066,39.252065],[-105.238754,39.252094],[-105.235951,39.253476],[-105.23489,39.255845],[-105.231497,39.254135],[-105.227401,39.254176],[-105.226972,39.25635],[-105.224405,39.255894],[-105.223822,39.256814],[-105.223743,39.258253],[-105.225555,39.25941],[-105.22552,39.260595],[-105.21972,39.26143],[-105.219383,39.263684],[-105.218476,39.264385],[-105.218504,39.26678],[-105.220611,39.267842],[-105.220778,39.268662],[-105.219179,39.270503],[-105.215424,39.272483],[-105.217507,39.274596],[-105.215541,39.276636],[-105.216193,39.278002],[-105.213897,39.278693],[-105.211391,39.280734],[-105.211334,39.282915],[-105.212473,39.284484],[-105.208042,39.289612],[-105.208565,39.291169],[-105.20775,39.291518],[-105.206737,39.290625],[-105.205531,39.291681],[-105.206822,39.293813],[-105.203496,39.293022],[-105.202479,39.293583],[-105.202887,39.294752],[-105.205231,39.294899],[-105.207173,39.296228],[-105.207681,39.298194],[-105.204979,39.299798],[-105.201129,39.29927],[-105.201283,39.30077],[-105.200212,39.302029],[-105.196,39.302082],[-105.196281,39.303595],[-105.197997,39.305355],[-105.19668,39.308544],[-105.198397,39.30928],[-105.198458,39.309972],[-105.192926,39.312862],[-105.188713,39.317133],[-105.188814,39.321153],[-105.187803,39.322853],[-105.185486,39.324405],[-105.185958,39.32626],[-105.188301,39.327082],[-105.188184,39.327961],[-105.18297,39.329296],[-105.182156,39.33021],[-105.182268,39.331374],[-105.187432,39.333256],[-105.187837,39.334186],[-105.184248,39.335268],[-105.182144,39.338588],[-105.179233,39.33986],[-105.1787,39.341025],[-105.179533,39.343013],[-105.177289,39.344471],[-105.176546,39.346904],[-105.17735,39.349381],[-105.172129,39.353013],[-105.172357,39.355817],[-105.171517,39.35722],[-105.167531,39.359326],[-105.166435,39.362958],[-105.169195,39.368859],[-105.167099,39.3722],[-105.167998,39.374149],[-105.170165,39.374518],[-105.172652,39.376799],[-105.172826,39.378143],[-105.169615,39.380682],[-105.170856,39.382261],[-105.173284,39.382317],[-105.173506,39.383424],[-105.172978,39.385745],[-105.171219,39.386804],[-105.169968,39.389096],[-105.164033,39.391454],[-105.165495,39.394008],[-105.167258,39.394308],[-105.167194,39.399753],[-105.169408,39.40159],[-105.169441,39.403326],[-105.171315,39.406551],[-105.170026,39.408617],[-105.166141,39.408634],[-105.160293,39.414241],[-105.155093,39.414066],[-105.14942,39.4176],[-105.144923,39.418996],[-105.140567,39.422401],[-105.138206,39.42307],[-105.136475,39.426008],[-105.133071,39.427439],[-105.128424,39.431757],[-105.122548,39.434644],[-105.120637,39.433689],[-105.11986,39.431748],[-105.11872,39.431019],[-105.118282,39.426298],[-105.114198,39.425851],[-105.111183,39.426449],[-105.109868,39.424801],[-105.106614,39.424345],[-105.105951,39.423409],[-105.107006,39.422515],[-105.105228,39.421679],[-105.10547,39.420327],[-105.101009,39.412825],[-105.099112,39.409979],[-105.096705,39.408603],[-105.096102,39.408471],[-105.090099,39.420092],[-105.072986,39.420106],[-105.072809,39.411661],[-105.071982,39.410747],[-105.069697,39.409501],[-105.06455,39.408771],[-105.062261,39.409708],[-105.059486,39.409516],[-105.057634,39.412675],[-105.065358,39.419785],[-105.066702,39.42262],[-105.064684,39.424285],[-105.063722,39.427106],[-105.06413,39.428566],[-105.059881,39.433137],[-105.057174,39.433796],[-105.055306,39.436851],[-105.055648,39.439316],[-105.053948,39.439582],[-105.053986,39.442538],[-105.052906,39.4438],[-105.054883,39.44661],[-105.052634,39.45354],[-105.054832,39.457582],[-105.054745,39.460513],[-105.053174,39.461397],[-105.052312,39.471022],[-105.045651,39.470926],[-105.045687,39.467211],[-105.039011,39.467092],[-105.03806,39.455682],[-105.034784,39.46099],[-105.031751,39.463063],[-105.030497,39.465524],[-105.024593,39.470733],[-105.023049,39.473014],[-105.026551,39.475081],[-105.026574,39.481777],[-105.024914,39.489755],[-105.025775,39.491502],[-105.025334,39.493251],[-105.023531,39.494882],[-105.024288,39.495576],[-105.026579,39.495467],[-105.026667,39.496142],[-105.018857,39.496183],[-105.015948,39.491018],[-105.006923,39.487558],[-105.009377,39.485288],[-105.011597,39.480728],[-105.015092,39.47726],[-105.014142,39.474925],[-105.01468,39.472186],[-105.012271,39.472828],[-105.014306,39.464484],[-105.012411,39.465369],[-105.00861,39.469112],[-105.004736,39.468898],[-105.00404,39.469667],[-105.005073,39.471687],[-105.001962,39.471532],[-105.000113,39.470339],[-104.997611,39.471018],[-104.988596,39.471058],[-104.993933,39.481808],[-104.979813,39.482875],[-104.979792,39.488292],[-104.982123,39.488295],[-104.982129,39.489374],[-104.984458,39.489376],[-104.984591,39.495881],[-104.979217,39.495712],[-104.961801,39.492192],[-104.963277,39.494262],[-104.960946,39.497723],[-104.962899,39.501842],[-104.956581,39.503933],[-104.952849,39.506761],[-104.950574,39.50588],[-104.948993,39.506344],[-104.944181,39.503792],[-104.938488,39.502482],[-104.934662,39.499116],[-104.93386,39.4968],[-104.926819,39.494156],[-104.927815,39.486818],[-104.924369,39.482777],[-104.924595,39.480844],[-104.921706,39.473103],[-104.914484,39.470138],[-104.913689,39.459386],[-104.914529,39.452962],[-104.916036,39.450885],[-104.914544,39.446494],[-104.914778,39.429738],[-104.904927,39.427123],[-104.905373,39.423101],[-104.907625,39.424221],[-104.911683,39.424699],[-104.913715,39.427842],[-104.921046,39.427052],[-104.9239,39.427541],[-104.923903,39.41288],[-104.933171,39.412926],[-104.93322,39.405801],[-104.929086,39.405777],[-104.928513,39.376856],[-104.935511,39.376848],[-104.935374,39.370266],[-104.934152,39.36934],[-104.934374,39.36525],[-104.935576,39.364587],[-104.934004,39.361082],[-104.93095,39.361909],[-104.928515,39.359989],[-104.926158,39.359996],[-104.924256,39.358878],[-104.921074,39.360335],[-104.92001,39.359335],[-104.91706,39.360065],[-104.915353,39.362071],[-104.91406,39.361585],[-104.914082,39.355375],[-104.923363,39.355577],[-104.923908,39.333023],[-104.930567,39.333103],[-104.929367,39.331393],[-104.930772,39.330499],[-104.935394,39.330496],[-104.937163,39.327783],[-104.942394,39.328451],[-104.942328,39.321244],[-104.941285,39.319845],[-104.937809,39.318959],[-104.93617,39.319798],[-104.934357,39.318411],[-104.933447,39.315074],[-104.930715,39.312193],[-104.929891,39.310114],[-104.925644,39.31053],[-104.923668,39.308834],[-104.923647,39.300456],[-104.918912,39.301022],[-104.918903,39.297059],[-104.917815,39.296944],[-104.918785,39.296064],[-104.918807,39.293053],[-104.932461,39.282643],[-104.942936,39.282544],[-104.955968,39.278963],[-104.956038,39.272174],[-104.962303,39.273138],[-104.96301,39.275133],[-104.988679,39.274938],[-104.988761,39.282482],[-104.997576,39.282236],[-104.997904,39.296873],[-105.001316,39.296886],[-105.004174,39.294839],[-105.006376,39.295434],[-105.011128,39.292266],[-105.015151,39.288283],[-105.017841,39.287589],[-105.02104,39.285137],[-105.02409,39.285371],[-105.025175,39.283709],[-105.027057,39.25654],[-105.019375,39.257363],[-105.018842,39.251413],[-105.003469,39.251415],[-105.003467,39.246381],[-105.006612,39.246411],[-105.006827,39.238995],[-104.988272,39.239002],[-104.988293,39.218693],[-104.990856,39.217114],[-104.995096,39.217448],[-104.997273,39.216303],[-105.000256,39.216294],[-105.000703,39.212338],[-105.002949,39.210897],[-105.003262,39.208599],[-105.005833,39.208004],[-105.013755,39.20393],[-105.013337,39.20011],[-105.011501,39.196668],[-105.012479,39.193829],[-105.008055,39.188188],[-105.008009,39.185584],[-105.009363,39.183827],[-105.009154,39.178708],[-105.011512,39.177578],[-105.013916,39.17754],[-105.018038,39.174838],[-105.022251,39.173255],[-105.025918,39.173525],[-105.026599,39.17232],[-105.023969,39.171438],[-105.023043,39.16905],[-105.023926,39.167602],[-105.020749,39.165315],[-105.022355,39.163816],[-105.020964,39.159521],[-105.022298,39.158642],[-105.022337,39.157393],[-105.026301,39.155697],[-105.02397,39.149895],[-105.025002,39.148773],[-105.025198,39.145711],[-105.02658,39.14426],[-105.027418,39.137693],[-105.026753,39.13548],[-105.029549,39.129831],[-105.397875,39.129564],[-105.3979,39.24999],[-105.396712,39.264883],[-105.398652,39.326189]]]}},{"type":"Feature","properties":{"zcta5":"80136","area_name":"BENNETT"},"geometry":{"type":"Polygon","coordinates":[[[-104.397107,39.73804],[-104.37736,39.73812],[-104.376539,39.825248],[-104.357929,39.825358],[-104.357654,39.838909],[-104.376089,39.839034],[-104.377053,39.874545],[-104.376173,39.880599],[-104.376305,39.897672],[-104.347637,39.897896],[-104.347699,39.912344],[-104.338149,39.912421],[-104.340032,40.000725],[-104.169334,40.000781],[-104.171352,39.999084],[-104.169512,39.956949],[-104.188284,39.956847],[-104.187303,39.912567],[-104.188396,39.8553],[-104.225898,39.85508],[-104.226185,39.840579],[-104.244973,39.840488],[-104.246974,39.72176],[-104.265094,39.726315],[-104.265114,39.71696],[-104.271044,39.715734],[-104.275811,39.716419],[-104.281755,39.715595],[-104.283619,39.713369],[-104.2846,39.637292],[-104.263181,39.63741],[-104.25509,39.63602],[-104.248669,39.637466],[-104.239333,39.637421],[-104.243439,39.634253],[-104.245542,39.629209],[-104.251066,39.626048],[-104.252544,39.622566],[-104.26003,39.619288],[-104.263036,39.616547],[-104.261828,39.614605],[-104.258901,39.613316],[-104.258426,39.612221],[-104.263055,39.606941],[-104.262992,39.600548],[-104.265998,39.593744],[-104.265284,39.589127],[-104.272612,39.582982],[-104.272278,39.579427],[-104.270378,39.577651],[-104.271447,39.57591],[-104.277297,39.575028],[-104.280883,39.573541],[-104.285012,39.569631],[-104.285019,39.56853],[-104.287916,39.566311],[-104.288471,39.56471],[-104.361934,39.564306],[-104.360317,39.636865],[-104.39743,39.636626],[-104.396936,39.680318],[-104.378053,39.680298],[-104.376966,39.733038],[-104.393185,39.735563],[-104.397627,39.738044],[-104.397107,39.73804]]]}},{"type":"Feature","properties":{"zcta5":"80137","area_name":"WATKINS"},"geometry":{"type":"Polygon","coordinates":[[[-104.679942,39.638426],[-104.679012,39.638495],[-104.678801,39.652873],[-104.67748,39.653831],[-104.677698,39.655911],[-104.676541,39.658652],[-104.678963,39.660925],[-104.677683,39.661818],[-104.676317,39.661258],[-104.675528,39.661845],[-104.676865,39.662429],[-104.676587,39.662873],[-104.675226,39.663499],[-104.6741,39.662867],[-104.673016,39.663759],[-104.672467,39.6651],[-104.671536,39.665305],[-104.673141,39.666549],[-104.672612,39.667285],[-104.670801,39.666333],[-104.669992,39.667417],[-104.662649,39.667434],[-104.661409,39.666169],[-104.661633,39.661865],[-104.659015,39.658756],[-104.656813,39.654412],[-104.653883,39.651642],[-104.652015,39.652505],[-104.649403,39.649698],[-104.644608,39.649594],[-104.643204,39.64779],[-104.639739,39.64699],[-104.635405,39.644021],[-104.627307,39.640394],[-104.625327,39.638355],[-104.603775,39.638228],[-104.603523,39.66725],[-104.640968,39.667387],[-104.641165,39.711149],[-104.622058,39.710788],[-104.622053,39.725472],[-104.640748,39.725533],[-104.640653,39.737761],[-104.65008,39.738923],[-104.650126,39.725534],[-104.660285,39.725534],[-104.659999,39.739472],[-104.661338,39.739262],[-104.661415,39.741128],[-104.659893,39.741428],[-104.659214,39.798072],[-104.626597,39.797802],[-104.629213,39.798942],[-104.628771,39.800636],[-104.629917,39.802282],[-104.629017,39.803688],[-104.631006,39.804631],[-104.629775,39.806809],[-104.629463,39.810295],[-104.625336,39.815747],[-104.625566,39.82249],[-104.619799,39.822417],[-104.619743,39.826852],[-104.583336,39.826394],[-104.583392,39.884463],[-104.52669,39.88379],[-104.526785,39.854695],[-104.564528,39.855235],[-104.564525,39.826128],[-104.526961,39.825602],[-104.527086,39.796575],[-104.508224,39.79637],[-104.508155,39.781862],[-104.55522,39.782607],[-104.555205,39.768142],[-104.54578,39.767962],[-104.545796,39.753974],[-104.533145,39.755769],[-104.526961,39.755898],[-104.526975,39.755218],[-104.534464,39.754978],[-104.545793,39.753246],[-104.54578,39.740663],[-104.548165,39.740701],[-104.548167,39.739626],[-104.564508,39.740301],[-104.56451,39.739657],[-104.526955,39.738916],[-104.527168,39.724245],[-104.545801,39.724535],[-104.545661,39.710116],[-104.553153,39.710146],[-104.550336,39.708392],[-104.549625,39.704252],[-104.550198,39.701396],[-104.547602,39.698376],[-104.549033,39.694415],[-104.548169,39.690519],[-104.550502,39.68725],[-104.545584,39.681826],[-104.545098,39.679971],[-104.546467,39.677344],[-104.544771,39.675076],[-104.547675,39.670111],[-104.547246,39.662641],[-104.548995,39.660523],[-104.548983,39.659153],[-104.551272,39.655119],[-104.551269,39.648714],[-104.549211,39.644289],[-104.552293,39.641818],[-104.552368,39.636896],[-104.551623,39.63401],[-104.54933,39.630224],[-104.549373,39.624825],[-104.548325,39.622715],[-104.541815,39.616543],[-104.539118,39.606596],[-104.537499,39.60336],[-104.536559,39.597024],[-104.537361,39.594441],[-104.540514,39.589599],[-104.540991,39.585654],[-104.538902,39.579051],[-104.53401,39.571744],[-104.533576,39.569632],[-104.538774,39.564797],[-104.642125,39.56589],[-104.642013,39.574308],[-104.660783,39.574349],[-104.660759,39.594929],[-104.659424,39.594933],[-104.65347,39.602229],[-104.655501,39.60493],[-104.650932,39.608695],[-104.653781,39.611633],[-104.654609,39.613879],[-104.651782,39.613048],[-104.651122,39.616661],[-104.654803,39.620874],[-104.654786,39.62396],[-104.660414,39.62391],[-104.66026,39.638417],[-104.679942,39.638426]]]}},{"type":"Feature","properties":{"zcta5":"80138","area_name":"PARKER"},"geometry":{"type":"Polygon","coordinates":[[[-104.785239,39.566088],[-104.736628,39.565888],[-104.736728,39.551261],[-104.707232,39.551072],[-104.707785,39.551186],[-104.708023,39.564096],[-104.717712,39.563957],[-104.717695,39.565897],[-104.58766,39.565618],[-104.589149,39.462974],[-104.662306,39.463516],[-104.662398,39.456014],[-104.661613,39.456024],[-104.661898,39.4344],[-104.667289,39.434766],[-104.668943,39.437015],[-104.670256,39.442673],[-104.677457,39.447543],[-104.68065,39.450644],[-104.681287,39.454089],[-104.691104,39.46435],[-104.703081,39.470714],[-104.71053,39.475979],[-104.717325,39.478516],[-104.723429,39.486199],[-104.72624,39.488154],[-104.737774,39.491703],[-104.749499,39.493193],[-104.751515,39.496186],[-104.755144,39.499143],[-104.756464,39.50286],[-104.756995,39.508917],[-104.76389,39.510262],[-104.768494,39.537882],[-104.785239,39.566088]]]}},{"type":"Feature","properties":{"zcta5":"80202","area_name":"DENVER"},"geometry":{"type":"Polygon","coordinates":[[[-105.012368,39.755388],[-105.003471,39.761549],[-105.000193,39.765536],[-104.998222,39.766668],[-104.998355,39.762093],[-104.994798,39.763486],[-104.99471,39.760906],[-104.993597,39.75933],[-104.99723,39.756631],[-104.989975,39.750941],[-104.991196,39.750005],[-104.989446,39.74865],[-104.988227,39.749586],[-104.986106,39.747941],[-104.986117,39.744889],[-104.987419,39.744833],[-104.987376,39.743357],[-104.986115,39.743279],[-104.986135,39.740062],[-104.987389,39.740106],[-104.987413,39.738431],[-104.989063,39.737782],[-104.991655,39.738444],[-104.991115,39.740637],[-104.991987,39.741308],[-104.993182,39.740385],[-104.994942,39.741706],[-104.996936,39.740163],[-104.998567,39.740193],[-104.999597,39.742133],[-104.99635,39.744665],[-104.998959,39.746665],[-105.000716,39.745266],[-105.003345,39.74846],[-105.003229,39.749239],[-105.00823,39.753239],[-105.012368,39.755388]],[[-104.990541,39.745791],[-104.990094,39.745446],[-104.988902,39.74638],[-104.989334,39.746715],[-104.990541,39.745791]]]}},{"type":"Feature","properties":{"zcta5":"80203","area_name":"DENVER"},"geometry":{"type":"Polygon","coordinates":[[[-104.989795,39.728428],[-104.987423,39.726943],[-104.987404,39.729094],[-104.988135,39.72909],[-104.987389,39.740106],[-104.986135,39.740062],[-104.986116,39.741678],[-104.984854,39.741675],[-104.984846,39.743276],[-104.986115,39.743279],[-104.986105,39.747526],[-104.978177,39.7475],[-104.977544,39.746963],[-104.978187,39.745268],[-104.977536,39.744847],[-104.977548,39.742684],[-104.978169,39.742689],[-104.977553,39.742113],[-104.977609,39.736865],[-104.97815,39.736873],[-104.977587,39.729059],[-104.978155,39.729066],[-104.978108,39.725929],[-104.977554,39.725941],[-104.978125,39.722491],[-104.977549,39.722126],[-104.978128,39.722129],[-104.978148,39.72051],[-104.97753,39.719437],[-104.978506,39.719329],[-104.978526,39.716522],[-104.988289,39.716578],[-104.988358,39.71836],[-104.987497,39.718358],[-104.987498,39.719368],[-104.988351,39.719354],[-104.988327,39.725644],[-104.989795,39.728428]]]}},{"type":"Feature","properties":{"zcta5":"80204","area_name":"DENVER"},"geometry":{"type":"Polygon","coordinates":[[[-105.053247,39.724914],[-105.053244,39.729539],[-105.052632,39.729536],[-105.053238,39.731294],[-105.052186,39.73129],[-105.052202,39.733103],[-105.053227,39.73311],[-105.052671,39.743975],[-105.035765,39.74395],[-105.035771,39.746378],[-105.03695,39.746388],[-105.036956,39.747578],[-105.029337,39.74758],[-105.029022,39.74685],[-105.029014,39.74758],[-105.027757,39.74758],[-105.027436,39.746833],[-105.027437,39.747581],[-105.020509,39.747599],[-105.018967,39.747574],[-105.018955,39.745861],[-105.016261,39.743389],[-105.015133,39.749855],[-105.009489,39.753926],[-105.003229,39.749239],[-105.003345,39.74846],[-105.000716,39.745266],[-104.998959,39.746665],[-104.99635,39.744665],[-104.999597,39.742133],[-104.998567,39.740193],[-104.996936,39.740163],[-104.994942,39.741706],[-104.993182,39.740385],[-104.991987,39.741308],[-104.991115,39.740637],[-104.991655,39.738444],[-104.989063,39.737782],[-104.987413,39.738431],[-104.988135,39.72909],[-104.987404,39.729094],[-104.987423,39.726943],[-104.989996,39.728304],[-104.988327,39.725644],[-104.988329,39.722537],[-104.990844,39.72307],[-105.000182,39.722528],[-105.000182,39.720925],[-105.00702,39.720927],[-105.009264,39.723103],[-105.009276,39.725367],[-105.005703,39.725536],[-105.00966,39.725784],[-105.018669,39.725185],[-105.01866,39.723883],[-105.020979,39.723881],[-105.020973,39.722901],[-105.024578,39.722061],[-105.025113,39.722063],[-105.025136,39.725426],[-105.027131,39.725424],[-105.027699,39.724584],[-105.026713,39.722205],[-105.028801,39.7214],[-105.028805,39.722927],[-105.031926,39.723193],[-105.052608,39.722224],[-105.053247,39.724914]]]}},{"type":"Feature","properties":{"zcta5":"80205","area_name":"DENVER"},"geometry":{"type":"Polygon","coordinates":[[[-104.997082,39.756687],[-104.991203,39.761057],[-104.988092,39.761642],[-104.982365,39.765896],[-104.976466,39.769028],[-104.963659,39.778844],[-104.964865,39.777396],[-104.964687,39.776242],[-104.959412,39.775324],[-104.9594,39.772893],[-104.940487,39.772886],[-104.940508,39.758294],[-104.941203,39.758277],[-104.940547,39.75442],[-104.940653,39.743752],[-104.958205,39.743822],[-104.95979,39.744766],[-104.959784,39.746935],[-104.964757,39.746943],[-104.964717,39.74821],[-104.968429,39.74821],[-104.968432,39.747101],[-104.969388,39.74696],[-104.974738,39.747475],[-104.974763,39.746159],[-104.976159,39.746175],[-104.976154,39.747156],[-104.977202,39.747488],[-104.986105,39.747526],[-104.997082,39.756687]]]}},{"type":"Feature","properties":{"zcta5":"80206","area_name":"DENVER"},"geometry":{"type":"Polygon","coordinates":[[[-104.965881,39.729093],[-104.964619,39.730484],[-104.964608,39.735054],[-104.964093,39.735053],[-104.964122,39.73682],[-104.964773,39.73682],[-104.964063,39.739673],[-104.964766,39.739678],[-104.964174,39.741333],[-104.964758,39.741306],[-104.964173,39.741924],[-104.964755,39.743334],[-104.964136,39.743541],[-104.964757,39.746943],[-104.959784,39.746935],[-104.95979,39.744766],[-104.958205,39.743822],[-104.94189,39.743764],[-104.941887,39.74194],[-104.940744,39.741941],[-104.940593,39.736683],[-104.940002,39.736523],[-104.940608,39.729226],[-104.939457,39.729224],[-104.939461,39.727411],[-104.940604,39.727376],[-104.940608,39.725297],[-104.940003,39.725302],[-104.940631,39.721215],[-104.940095,39.716223],[-104.949775,39.716251],[-104.949769,39.714661],[-104.950357,39.714663],[-104.953228,39.71592],[-104.959311,39.716073],[-104.95931,39.718344],[-104.964566,39.718344],[-104.964016,39.720726],[-104.964189,39.7256],[-104.964806,39.725775],[-104.964189,39.725777],[-104.964201,39.726714],[-104.96587,39.727304],[-104.965881,39.729093]]]}},{"type":"Feature","properties":{"zcta5":"80207","area_name":"DENVER"},"geometry":{"type":"Polygon","coordinates":[[[-104.941203,39.758277],[-104.940508,39.758294],[-104.940628,39.765674],[-104.933155,39.765646],[-104.933263,39.768948],[-104.932543,39.768932],[-104.932539,39.767407],[-104.931737,39.7674],[-104.931744,39.771735],[-104.926999,39.771421],[-104.926998,39.775282],[-104.924612,39.774945],[-104.924614,39.773002],[-104.922314,39.772831],[-104.922313,39.771055],[-104.917615,39.771068],[-104.917609,39.773821],[-104.903495,39.772275],[-104.903568,39.778301],[-104.882862,39.777127],[-104.883084,39.772888],[-104.887821,39.770164],[-104.902324,39.771602],[-104.902604,39.765396],[-104.898865,39.765213],[-104.898882,39.76342],[-104.900265,39.763417],[-104.900258,39.761876],[-104.898927,39.761769],[-104.898934,39.760239],[-104.903456,39.761423],[-104.903427,39.751015],[-104.898735,39.751015],[-104.898763,39.747953],[-104.94061,39.746884],[-104.941203,39.758277]]]}},{"type":"Feature","properties":{"zcta5":"80209","area_name":"DENVER"},"geometry":{"type":"Polygon","coordinates":[[[-104.992412,39.708635],[-104.992403,39.710261],[-104.987575,39.711157],[-104.987501,39.716575],[-104.973391,39.716531],[-104.973248,39.718401],[-104.970136,39.717528],[-104.96525,39.71413],[-104.961588,39.715432],[-104.959307,39.715312],[-104.959311,39.716073],[-104.953228,39.71592],[-104.949769,39.714661],[-104.949775,39.716251],[-104.941339,39.716229],[-104.940713,39.705283],[-104.941446,39.705248],[-104.941556,39.703818],[-104.942725,39.703828],[-104.941508,39.700191],[-104.940694,39.700189],[-104.940612,39.69657],[-104.950018,39.696578],[-104.951382,39.697488],[-104.952355,39.696585],[-104.968707,39.69659],[-104.968726,39.69478],[-104.967526,39.694777],[-104.967768,39.692952],[-104.973414,39.69297],[-104.973388,39.696603],[-104.98128,39.696626],[-104.980418,39.695142],[-104.982771,39.697152],[-104.989713,39.696644],[-104.990962,39.703494],[-104.987542,39.701592],[-104.987558,39.705729],[-104.989969,39.705793],[-104.990007,39.708472],[-104.992412,39.708635]]]}},{"type":"Feature","properties":{"zcta5":"80210","area_name":"DENVER"},"geometry":{"type":"Polygon","coordinates":[[[-104.990438,39.687652],[-104.989444,39.692634],[-104.989868,39.696644],[-104.982771,39.697152],[-104.980418,39.695142],[-104.98128,39.696626],[-104.973388,39.696603],[-104.973414,39.69297],[-104.967768,39.692952],[-104.967526,39.694777],[-104.968726,39.69478],[-104.968707,39.69659],[-104.952355,39.696585],[-104.951382,39.697488],[-104.950018,39.696578],[-104.940612,39.69657],[-104.940562,39.692941],[-104.94302,39.692938],[-104.943022,39.691167],[-104.941912,39.690295],[-104.941908,39.689318],[-104.943026,39.689318],[-104.943023,39.685685],[-104.940825,39.685685],[-104.94042,39.682897],[-104.940718,39.674814],[-104.943022,39.674823],[-104.943006,39.668276],[-104.942799,39.667558],[-104.941252,39.667558],[-104.941906,39.662486],[-104.940686,39.662481],[-104.940683,39.653013],[-104.954983,39.652987],[-104.953788,39.656683],[-104.959485,39.656691],[-104.959443,39.661526],[-104.96307,39.661559],[-104.963084,39.660371],[-104.968785,39.660417],[-104.968805,39.665839],[-104.973489,39.665866],[-104.973486,39.667684],[-104.988263,39.66768],[-104.988144,39.692981],[-104.988675,39.692983],[-104.988741,39.687576],[-104.990438,39.687652]]]}},{"type":"Feature","properties":{"zcta5":"80211","area_name":"DENVER"},"geometry":{"type":"Polygon","coordinates":[[[-105.043943,39.783242],[-105.025084,39.784387],[-105.007096,39.783142],[-105.002581,39.783501],[-104.998334,39.782399],[-104.998222,39.766668],[-105.000193,39.765536],[-105.003471,39.761549],[-105.012494,39.755295],[-105.009489,39.753926],[-105.015133,39.749855],[-105.016261,39.743389],[-105.018955,39.745861],[-105.018967,39.747574],[-105.027437,39.747581],[-105.027436,39.746833],[-105.027757,39.74758],[-105.029014,39.74758],[-105.029022,39.74685],[-105.029337,39.74758],[-105.037519,39.747577],[-105.038146,39.754858],[-105.037569,39.75486],[-105.037556,39.756076],[-105.036559,39.75606],[-105.036358,39.758504],[-105.037606,39.7585],[-105.037604,39.762124],[-105.038155,39.762124],[-105.037611,39.762675],[-105.037555,39.769205],[-105.038155,39.769462],[-105.037554,39.769486],[-105.03755,39.771291],[-105.038148,39.771284],[-105.037493,39.773117],[-105.037479,39.776459],[-105.038089,39.7765],[-105.037401,39.776945],[-105.037514,39.780211],[-105.038106,39.780215],[-105.037519,39.783264],[-105.043943,39.783242]]]}},{"type":"Feature","properties":{"zcta5":"80212","area_name":"DENVER"},"geometry":{"type":"Polygon","coordinates":[[[-105.065005,39.790321],[-105.064405,39.79108],[-105.062364,39.7905],[-105.06148,39.791075],[-105.053246,39.791063],[-105.053207,39.792014],[-105.047753,39.792988],[-105.046747,39.794776],[-105.043825,39.794787],[-105.043861,39.798259],[-105.034717,39.799284],[-105.034681,39.79751],[-105.035821,39.7975],[-105.03585,39.795748],[-105.037575,39.795517],[-105.037553,39.793427],[-105.038125,39.793424],[-105.037542,39.792931],[-105.037534,39.791532],[-105.038102,39.79153],[-105.037549,39.783882],[-105.034601,39.783487],[-105.043941,39.783642],[-105.037519,39.783264],[-105.038106,39.780215],[-105.037514,39.780211],[-105.037401,39.776945],[-105.038089,39.7765],[-105.037479,39.776459],[-105.037493,39.773117],[-105.038148,39.771284],[-105.03755,39.771291],[-105.037554,39.769486],[-105.038155,39.769462],[-105.037555,39.769205],[-105.037611,39.762675],[-105.038155,39.762124],[-105.037604,39.762124],[-105.037606,39.7585],[-105.036358,39.758504],[-105.036368,39.756665],[-105.038146,39.754858],[-105.038143,39.753017],[-105.037576,39.753014],[-105.038153,39.7512],[-105.037525,39.750969],[-105.03695,39.746388],[-105.035771,39.746378],[-105.035765,39.74395],[-105.053212,39.74398],[-105.052621,39.762086],[-105.062645,39.762093],[-105.062634,39.764759],[-105.06191,39.764773],[-105.062618,39.769939],[-105.061774,39.770692],[-105.062544,39.770694],[-105.062067,39.771676],[-105.062622,39.771876],[-105.061982,39.771963],[-105.061459,39.776607],[-105.062595,39.776616],[-105.062653,39.78834],[-105.064992,39.788359],[-105.065005,39.790321]]]}},{"type":"Feature","properties":{"zcta5":"80214","area_name":"LAKEWOOD"},"geometry":{"type":"MultiPolygon","coordinates":[[[[-105.056802,39.725216],[-105.055828,39.725262],[-105.055714,39.724481],[-105.056786,39.724479],[-105.056802,39.725216]]],[[[-105.090872,39.725314],[-105.085247,39.725359],[-105.084627,39.725339],[-105.086278,39.724666],[-105.090872,39.725314]]],[[[-105.092567,39.736332],[-105.090773,39.736538],[-105.090758,39.740309],[-105.091867,39.740305],[-105.092199,39.742767],[-105.091366,39.743604],[-105.091349,39.747066],[-105.09078,39.747073],[-105.091365,39.747605],[-105.091379,39.751151],[-105.090792,39.75115],[-105.090798,39.754795],[-105.07201,39.754796],[-105.072571,39.754965],[-105.072598,39.758083],[-105.072021,39.758066],[-105.072044,39.762082],[-105.052621,39.762086],[-105.053238,39.756939],[-105.052672,39.753464],[-105.053232,39.75346],[-105.052665,39.742695],[-105.053206,39.739286],[-105.0526,39.739287],[-105.052604,39.736763],[-105.053227,39.73677],[-105.053227,39.73311],[-105.052202,39.733103],[-105.052186,39.73129],[-105.053238,39.731294],[-105.052632,39.729536],[-105.053244,39.729539],[-105.053253,39.7258],[-105.062681,39.725709],[-105.067418,39.724889],[-105.069752,39.725424],[-105.069756,39.724901],[-105.074508,39.724536],[-105.075519,39.725537],[-105.090879,39.725569],[-105.091326,39.728515],[-105.092051,39.728777],[-105.09201,39.73239],[-105.091289,39.732934],[-105.092577,39.732931],[-105.092567,39.736332]]]]}},{"type":"Feature","properties":{"zcta5":"80215","area_name":"LAKEWOOD"},"geometry":{"type":"Polygon","coordinates":[[[-105.147096,39.739195],[-105.144871,39.739728],[-105.142334,39.741679],[-105.142489,39.761867],[-105.109628,39.762029],[-105.109568,39.754715],[-105.090798,39.754795],[-105.090792,39.75115],[-105.091379,39.751151],[-105.091365,39.747605],[-105.09078,39.747073],[-105.091349,39.747066],[-105.091366,39.743604],[-105.092199,39.742767],[-105.091867,39.740305],[-105.090758,39.740309],[-105.090773,39.736538],[-105.092566,39.736522],[-105.092577,39.732931],[-105.091289,39.732934],[-105.09201,39.73239],[-105.092051,39.728777],[-105.091326,39.728515],[-105.090872,39.725314],[-105.097389,39.725271],[-105.097262,39.724044],[-105.100233,39.72403],[-105.100239,39.725429],[-105.130575,39.725282],[-105.125261,39.725464],[-105.124427,39.727792],[-105.124992,39.729131],[-105.123617,39.729122],[-105.123693,39.733046],[-105.128386,39.734806],[-105.128262,39.740078],[-105.132888,39.740135],[-105.132892,39.738153],[-105.137686,39.738233],[-105.137666,39.73875],[-105.141504,39.737419],[-105.141513,39.739729],[-105.147096,39.739195]]]}},{"type":"Feature","properties":{"zcta5":"80216","area_name":"DENVER"},"geometry":{"type":"Polygon","coordinates":[[[-105.006465,39.783323],[-105.006436,39.783839],[-105.00034,39.783794],[-105.000549,39.788372],[-105.001674,39.788711],[-105.001695,39.791024],[-104.998436,39.791027],[-104.998462,39.799455],[-105.000222,39.802361],[-105.004207,39.804835],[-104.996866,39.805492],[-104.996838,39.809659],[-104.997535,39.810672],[-104.987476,39.81483],[-104.987478,39.809093],[-104.97806,39.809159],[-104.978049,39.812751],[-104.973358,39.812732],[-104.972171,39.811576],[-104.97102,39.811574],[-104.969722,39.81178],[-104.969212,39.812735],[-104.959312,39.812706],[-104.958211,39.813561],[-104.955004,39.81363],[-104.954771,39.812881],[-104.958714,39.812097],[-104.959477,39.80998],[-104.959412,39.808186],[-104.957457,39.805032],[-104.957454,39.803273],[-104.96572,39.795242],[-104.968861,39.791041],[-104.96019,39.791025],[-104.955445,39.794625],[-104.940476,39.794601],[-104.940487,39.791002],[-104.919903,39.791094],[-104.920017,39.783773],[-104.903438,39.783808],[-104.903561,39.798391],[-104.901405,39.798383],[-104.901416,39.800202],[-104.899069,39.800202],[-104.899069,39.798374],[-104.889376,39.798324],[-104.889382,39.797777],[-104.894117,39.797801],[-104.894125,39.796914],[-104.89732,39.795364],[-104.897354,39.793384],[-104.903338,39.793532],[-104.903198,39.788328],[-104.899631,39.785591],[-104.902108,39.781504],[-104.900133,39.77847],[-104.903569,39.778422],[-104.903495,39.772275],[-104.917609,39.773821],[-104.917615,39.771068],[-104.922313,39.771055],[-104.922314,39.772831],[-104.924614,39.773002],[-104.924612,39.774945],[-104.926998,39.775282],[-104.926999,39.771421],[-104.931744,39.771735],[-104.931737,39.7674],[-104.932539,39.767407],[-104.932543,39.768932],[-104.933263,39.768948],[-104.933155,39.765646],[-104.940628,39.765674],[-104.940487,39.772886],[-104.9594,39.772893],[-104.959412,39.775324],[-104.964687,39.776242],[-104.964865,39.777396],[-104.963659,39.778844],[-104.976466,39.769028],[-104.982365,39.765896],[-104.988092,39.761642],[-104.991203,39.761057],[-104.993597,39.75933],[-104.99471,39.760906],[-104.994798,39.763486],[-104.998355,39.762093],[-104.998334,39.782399],[-105.002581,39.783501],[-105.006465,39.783323]]]}},{"type":"Feature","properties":{"zcta5":"80218","area_name":"DENVER"},"geometry":{"type":"Polygon","coordinates":[[[-104.978527,39.716602],[-104.978506,39.719329],[-104.97753,39.719437],[-104.978148,39.72051],[-104.978128,39.722129],[-104.977549,39.722126],[-104.978125,39.722491],[-104.977554,39.725941],[-104.978108,39.725929],[-104.978155,39.729066],[-104.977587,39.729059],[-104.97815,39.736873],[-104.977609,39.736865],[-104.977553,39.742113],[-104.978169,39.742689],[-104.977548,39.742684],[-104.977536,39.744847],[-104.978187,39.745268],[-104.977544,39.746963],[-104.978177,39.7475],[-104.974763,39.746159],[-104.974738,39.747475],[-104.969388,39.74696],[-104.968432,39.747101],[-104.968429,39.74821],[-104.964717,39.74821],[-104.964136,39.743541],[-104.964755,39.743334],[-104.964173,39.741924],[-104.964758,39.741306],[-104.964174,39.741333],[-104.964766,39.739678],[-104.964063,39.739673],[-104.964773,39.73682],[-104.964122,39.73682],[-104.964093,39.735053],[-104.964608,39.735054],[-104.964619,39.730484],[-104.965881,39.729093],[-104.96587,39.727304],[-104.964201,39.726714],[-104.964189,39.725777],[-104.964806,39.725775],[-104.964189,39.7256],[-104.964016,39.720726],[-104.964584,39.718438],[-104.95931,39.718344],[-104.959307,39.715312],[-104.965875,39.714233],[-104.970136,39.717528],[-104.973248,39.718401],[-104.973391,39.716531],[-104.978527,39.716602]]]}},{"type":"Feature","properties":{"zcta5":"80219","area_name":"DENVER"},"geometry":{"type":"Polygon","coordinates":[[[-105.053278,39.718471],[-105.052097,39.7187],[-105.05214,39.720407],[-105.052863,39.720411],[-105.052608,39.722224],[-105.031926,39.723193],[-105.028805,39.722927],[-105.028801,39.7214],[-105.027584,39.721632],[-105.026559,39.722606],[-105.027699,39.724584],[-105.027131,39.725424],[-105.025136,39.725426],[-105.025113,39.722063],[-105.020973,39.722901],[-105.020979,39.723881],[-105.01866,39.723883],[-105.018663,39.722037],[-105.017054,39.722051],[-105.017577,39.718275],[-105.01674,39.717482],[-105.016243,39.714549],[-105.016914,39.710811],[-105.016283,39.710782],[-105.016232,39.702721],[-105.013328,39.702551],[-105.014079,39.69997],[-105.016333,39.700201],[-105.01634,39.698846],[-105.016892,39.698845],[-105.016479,39.696759],[-105.017104,39.696756],[-105.016071,39.695977],[-105.016442,39.691301],[-105.015686,39.689441],[-105.016282,39.6885],[-105.016276,39.682758],[-105.015693,39.682338],[-105.016837,39.681926],[-105.016838,39.680947],[-105.015695,39.680911],[-105.015733,39.666142],[-105.017668,39.666142],[-105.017958,39.66695],[-105.018499,39.666141],[-105.021639,39.666139],[-105.022773,39.66694],[-105.026049,39.666392],[-105.026045,39.667732],[-105.052741,39.667782],[-105.052481,39.672257],[-105.051533,39.673055],[-105.053261,39.67328],[-105.053264,39.679158],[-105.052645,39.679158],[-105.052344,39.682375],[-105.053195,39.68438],[-105.052234,39.684584],[-105.052231,39.685295],[-105.053197,39.685563],[-105.052613,39.686135],[-105.052463,39.694986],[-105.052483,39.696761],[-105.053225,39.696769],[-105.053227,39.69747],[-105.052082,39.697985],[-105.052068,39.699911],[-105.053245,39.700438],[-105.053252,39.707716],[-105.052631,39.707709],[-105.052349,39.709234],[-105.053257,39.709608],[-105.052394,39.71514],[-105.052451,39.718223],[-105.053278,39.718471]]]}},{"type":"Feature","properties":{"zcta5":"80220","area_name":"DENVER"},"geometry":{"type":"Polygon","coordinates":[[[-104.94189,39.743764],[-104.940653,39.743752],[-104.94061,39.746884],[-104.937205,39.7467],[-104.937242,39.747397],[-104.936534,39.746767],[-104.903441,39.747932],[-104.883993,39.747446],[-104.884036,39.740652],[-104.884646,39.740652],[-104.88417,39.732846],[-104.903458,39.732894],[-104.903689,39.718363],[-104.912781,39.718363],[-104.912696,39.717292],[-104.916085,39.717274],[-104.917522,39.715885],[-104.940095,39.716223],[-104.940631,39.721215],[-104.940003,39.725302],[-104.940608,39.725297],[-104.940604,39.727376],[-104.939461,39.727411],[-104.939457,39.729224],[-104.940608,39.729226],[-104.940002,39.736523],[-104.940593,39.736683],[-104.940744,39.741941],[-104.941887,39.74194],[-104.94189,39.743764]]]}},{"type":"Feature","properties":{"zcta5":"80221","area_name":"DENVER"},"geometry":{"type":"Polygon","coordinates":[[[-105.044018,39.804354],[-105.034697,39.80431],[-105.034387,39.82405],[-105.031784,39.82409],[-105.02515,39.820811],[-105.025104,39.823567],[-105.021565,39.82246],[-105.015801,39.822042],[-105.015504,39.833301],[-105.024781,39.836004],[-105.024773,39.841789],[-105.018862,39.841759],[-105.018804,39.845148],[-105.015397,39.84531],[-105.015339,39.849043],[-104.99654,39.849063],[-104.996715,39.847094],[-104.994414,39.846757],[-104.993995,39.848939],[-104.990708,39.848942],[-104.990707,39.847809],[-104.989681,39.847807],[-104.989685,39.84907],[-104.98571,39.849077],[-104.984031,39.841153],[-104.983525,39.833685],[-104.983289,39.809154],[-104.987478,39.809093],[-104.987476,39.81483],[-104.997535,39.810672],[-104.996838,39.809659],[-104.996866,39.805492],[-105.004207,39.804835],[-105.000222,39.802361],[-104.998462,39.799455],[-104.998436,39.791027],[-105.001695,39.791024],[-105.001674,39.788711],[-105.000549,39.788372],[-105.00034,39.783794],[-105.006436,39.783839],[-105.006627,39.783135],[-105.025084,39.784387],[-105.032525,39.783454],[-105.037549,39.783882],[-105.038102,39.79153],[-105.037534,39.791532],[-105.037542,39.792931],[-105.038125,39.793424],[-105.037553,39.793427],[-105.037575,39.795517],[-105.03585,39.795748],[-105.035821,39.7975],[-105.034681,39.79751],[-105.034717,39.799284],[-105.043861,39.798259],[-105.044018,39.804354]]]}},{"type":"Feature","properties":{"zcta5":"80222","area_name":"DENVER"},"geometry":{"type":"Polygon","coordinates":[[[-104.943026,39.689318],[-104.941908,39.689318],[-104.941912,39.690295],[-104.943022,39.691167],[-104.94302,39.692938],[-104.932103,39.692404],[-104.932106,39.692971],[-104.922324,39.69299],[-104.922234,39.682091],[-104.920809,39.681648],[-104.92081,39.68033],[-104.912905,39.679135],[-104.911152,39.67485],[-104.912795,39.674853],[-104.91279,39.668857],[-104.911468,39.667633],[-104.912874,39.667631],[-104.913062,39.651136],[-104.917285,39.651165],[-104.918256,39.65308],[-104.927674,39.653048],[-104.927672,39.651976],[-104.928986,39.650938],[-104.931703,39.653044],[-104.940683,39.653013],[-104.940686,39.662481],[-104.941906,39.662486],[-104.941252,39.667558],[-104.942799,39.667558],[-104.943006,39.668276],[-104.943022,39.674823],[-104.940718,39.674814],[-104.94042,39.682897],[-104.940825,39.685685],[-104.943023,39.685685],[-104.943026,39.689318]]]}},{"type":"Feature","properties":{"zcta5":"80223","area_name":"DENVER"},"geometry":{"type":"Polygon","coordinates":[[[-105.018673,39.724864],[-105.00577,39.725648],[-105.009276,39.725367],[-105.009264,39.723103],[-105.00702,39.720927],[-105.000182,39.720925],[-105.000182,39.722528],[-104.989182,39.723068],[-104.988329,39.722537],[-104.988351,39.719354],[-104.987498,39.719368],[-104.987497,39.718358],[-104.988358,39.71836],[-104.988289,39.716578],[-104.987501,39.716575],[-104.987575,39.711157],[-104.992403,39.710261],[-104.992414,39.70846],[-104.990007,39.708472],[-104.989969,39.705793],[-104.987558,39.705729],[-104.987542,39.701592],[-104.990962,39.703494],[-104.989431,39.693504],[-104.99046,39.687573],[-104.988741,39.687576],[-104.988675,39.692983],[-104.988144,39.692981],[-104.98788,39.689624],[-104.988263,39.66768],[-105.000355,39.667728],[-105.003578,39.666611],[-105.004886,39.663685],[-105.004395,39.660484],[-105.010941,39.660507],[-105.006321,39.6677],[-105.006357,39.676759],[-105.008637,39.67678],[-105.008664,39.678627],[-105.015696,39.678684],[-105.015695,39.680911],[-105.016838,39.680947],[-105.016837,39.681926],[-105.015693,39.682338],[-105.016276,39.682758],[-105.016282,39.6885],[-105.015686,39.689441],[-105.016442,39.691301],[-105.016071,39.695977],[-105.017104,39.696346],[-105.016479,39.696759],[-105.016892,39.698845],[-105.01634,39.698846],[-105.016333,39.700201],[-105.014079,39.69997],[-105.013328,39.702551],[-105.016232,39.702721],[-105.016283,39.710782],[-105.016914,39.710811],[-105.016243,39.714549],[-105.01674,39.717482],[-105.017577,39.718275],[-105.017054,39.722051],[-105.018663,39.722037],[-105.018673,39.724864]]]}},{"type":"Feature","properties":{"zcta5":"80224","area_name":"DENVER"},"geometry":{"type":"Polygon","coordinates":[[[-104.92234,39.689361],[-104.922295,39.695571],[-104.9211,39.698749],[-104.920628,39.706904],[-104.922259,39.707301],[-104.921689,39.712715],[-104.922281,39.712748],[-104.922272,39.714722],[-104.92125,39.716254],[-104.917522,39.715885],[-104.916085,39.717274],[-104.912696,39.717292],[-104.912699,39.714794],[-104.907277,39.714326],[-104.910094,39.711382],[-104.903494,39.711281],[-104.903508,39.702735],[-104.904505,39.702268],[-104.904498,39.700139],[-104.903526,39.700133],[-104.903507,39.696622],[-104.90258,39.695571],[-104.903508,39.69566],[-104.903526,39.673362],[-104.907296,39.673295],[-104.907314,39.672266],[-104.902787,39.664953],[-104.902833,39.660484],[-104.904105,39.659601],[-104.900801,39.65311],[-104.904726,39.653114],[-104.904375,39.651368],[-104.907029,39.649712],[-104.908968,39.651147],[-104.909094,39.652379],[-104.912851,39.652371],[-104.912874,39.667631],[-104.911468,39.667633],[-104.91279,39.668857],[-104.912795,39.674853],[-104.911152,39.67485],[-104.912905,39.679135],[-104.92081,39.68033],[-104.920809,39.681648],[-104.922234,39.682091],[-104.92234,39.689361]]]}},{"type":"Feature","properties":{"zcta5":"80226","area_name":"LAKEWOOD"},"geometry":{"type":"Polygon","coordinates":[[[-105.131152,39.724808],[-105.100239,39.725429],[-105.100233,39.72403],[-105.097262,39.724044],[-105.097389,39.725271],[-105.090879,39.725569],[-105.075519,39.725537],[-105.074508,39.724536],[-105.069756,39.724901],[-105.069752,39.725424],[-105.067418,39.724889],[-105.062681,39.725709],[-105.053253,39.7258],[-105.052097,39.7187],[-105.053277,39.718703],[-105.052451,39.718223],[-105.052394,39.71514],[-105.053257,39.709608],[-105.052349,39.709234],[-105.052631,39.707709],[-105.053252,39.707716],[-105.053245,39.700438],[-105.052068,39.699911],[-105.052082,39.697985],[-105.053474,39.696728],[-105.069136,39.696703],[-105.071249,39.69594],[-105.074321,39.696658],[-105.081563,39.695778],[-105.081505,39.696624],[-105.112328,39.696551],[-105.113778,39.693606],[-105.116938,39.690319],[-105.119028,39.691304],[-105.120172,39.694009],[-105.119525,39.695271],[-105.117973,39.695674],[-105.117975,39.696499],[-105.127978,39.696468],[-105.128462,39.710906],[-105.130841,39.711087],[-105.131152,39.724808]],[[-105.056786,39.724479],[-105.055714,39.724481],[-105.055752,39.725188],[-105.056748,39.725356],[-105.056786,39.724479]],[[-105.090872,39.725314],[-105.086278,39.724666],[-105.084627,39.725339],[-105.085247,39.725359],[-105.090872,39.725314]]]}},{"type":"Feature","properties":{"zcta5":"80227","area_name":"DENVER"},"geometry":{"type":"Polygon","coordinates":[[[-105.179708,39.653458],[-105.176307,39.652867],[-105.168481,39.65341],[-105.162218,39.659311],[-105.147215,39.666806],[-105.141546,39.667709],[-105.135246,39.667026],[-105.132605,39.66774],[-105.130647,39.666892],[-105.129219,39.667537],[-105.12854,39.669271],[-105.124301,39.67263],[-105.126369,39.674786],[-105.132605,39.674921],[-105.130824,39.675203],[-105.133282,39.677369],[-105.130133,39.67734],[-105.128253,39.676505],[-105.128366,39.680153],[-105.130295,39.680779],[-105.129304,39.6821],[-105.117985,39.682142],[-105.117994,39.681461],[-105.114864,39.681231],[-105.1097,39.682137],[-105.109706,39.680821],[-105.105642,39.680863],[-105.105636,39.682149],[-105.100233,39.682164],[-105.09936,39.680933],[-105.096232,39.681386],[-105.096342,39.682183],[-105.081419,39.682233],[-105.081464,39.678946],[-105.077709,39.678437],[-105.076887,39.680599],[-105.077763,39.682196],[-105.069702,39.682207],[-105.069721,39.676876],[-105.067153,39.676992],[-105.066708,39.678718],[-105.068322,39.677795],[-105.068352,39.679567],[-105.066708,39.68055],[-105.066973,39.682215],[-105.053221,39.682291],[-105.052625,39.682286],[-105.053261,39.67328],[-105.051533,39.673055],[-105.052481,39.672257],[-105.052443,39.658292],[-105.053211,39.658282],[-105.053216,39.656164],[-105.048329,39.657263],[-105.046892,39.653629],[-105.053076,39.653346],[-105.053184,39.651659],[-105.057165,39.651986],[-105.057122,39.653349],[-105.063898,39.65378],[-105.072624,39.652993],[-105.081337,39.653283],[-105.081398,39.649868],[-105.083615,39.650259],[-105.084774,39.652538],[-105.090204,39.653221],[-105.091279,39.653222],[-105.091918,39.651382],[-105.093117,39.651379],[-105.093108,39.651898],[-105.09726,39.651903],[-105.097971,39.653196],[-105.109313,39.653187],[-105.109549,39.653902],[-105.116283,39.653517],[-105.119562,39.652235],[-105.137968,39.639708],[-105.150734,39.63916],[-105.165375,39.637422],[-105.160702,39.639383],[-105.158318,39.641856],[-105.156798,39.642306],[-105.153883,39.646436],[-105.14974,39.646704],[-105.147488,39.648383],[-105.152275,39.65033],[-105.164489,39.650745],[-105.166663,39.651558],[-105.174607,39.651938],[-105.179708,39.653458]]]}},{"type":"Feature","properties":{"zcta5":"80228","area_name":"LAKEWOOD"},"geometry":{"type":"Polygon","coordinates":[[[-105.193665,39.701783],[-105.192326,39.709156],[-105.19324,39.711122],[-105.174795,39.711105],[-105.174816,39.712936],[-105.167466,39.712963],[-105.165497,39.71296],[-105.165512,39.71121],[-105.154366,39.711073],[-105.154041,39.724933],[-105.130575,39.725282],[-105.131152,39.724808],[-105.130841,39.711087],[-105.128462,39.710906],[-105.128506,39.699917],[-105.127766,39.699823],[-105.127978,39.696468],[-105.129361,39.696467],[-105.128621,39.694471],[-105.128615,39.684395],[-105.129321,39.681329],[-105.130295,39.680779],[-105.128366,39.680153],[-105.128183,39.677038],[-105.128253,39.676505],[-105.130232,39.677356],[-105.133367,39.677078],[-105.130824,39.675203],[-105.13256,39.674871],[-105.126369,39.674786],[-105.124301,39.67263],[-105.130647,39.666892],[-105.132605,39.66774],[-105.135246,39.667026],[-105.141546,39.667709],[-105.147215,39.666806],[-105.165923,39.65681],[-105.170134,39.660373],[-105.168901,39.661113],[-105.170292,39.662593],[-105.169835,39.662806],[-105.172435,39.663903],[-105.172353,39.667431],[-105.176822,39.667517],[-105.180937,39.671638],[-105.182626,39.669225],[-105.185326,39.673162],[-105.186131,39.67582],[-105.187823,39.674657],[-105.187734,39.681892],[-105.188518,39.681882],[-105.187952,39.690788],[-105.193195,39.699523],[-105.193665,39.701783]]]}},{"type":"Feature","properties":{"zcta5":"80229","area_name":"DENVER"},"geometry":{"type":"Polygon","coordinates":[[[-104.987705,39.860499],[-104.987422,39.885338],[-104.972848,39.885215],[-104.972879,39.884265],[-104.970511,39.884252],[-104.970431,39.881441],[-104.967221,39.88092],[-104.964177,39.881821],[-104.962059,39.885175],[-104.946588,39.885033],[-104.941526,39.88146],[-104.940297,39.877378],[-104.940166,39.88198],[-104.935881,39.881852],[-104.934184,39.882571],[-104.933374,39.885065],[-104.903092,39.88524],[-104.90306,39.881078],[-104.914219,39.881542],[-104.914373,39.882449],[-104.91728,39.882644],[-104.917153,39.879657],[-104.913508,39.874236],[-104.919225,39.870484],[-104.922424,39.865709],[-104.928279,39.86454],[-104.928768,39.863004],[-104.927813,39.860529],[-104.929719,39.85785],[-104.935385,39.858073],[-104.937786,39.857149],[-104.938697,39.846463],[-104.943033,39.843729],[-104.945573,39.840169],[-104.949486,39.837991],[-104.948184,39.835173],[-104.94792,39.832333],[-104.948861,39.82424],[-104.950831,39.81786],[-104.950605,39.815757],[-104.952113,39.813383],[-104.954771,39.812881],[-104.955689,39.81392],[-104.959254,39.813281],[-104.959312,39.812706],[-104.969212,39.812735],[-104.969722,39.81178],[-104.97102,39.811574],[-104.972171,39.811576],[-104.973358,39.812732],[-104.978049,39.812751],[-104.97806,39.809159],[-104.983289,39.809154],[-104.983135,39.827023],[-104.983951,39.84052],[-104.987705,39.860499]]]}},{"type":"Feature","properties":{"zcta5":"80230","area_name":"DENVER"},"geometry":{"type":"Polygon","coordinates":[[[-104.912781,39.718363],[-104.903689,39.718363],[-104.903458,39.732894],[-104.875282,39.732852],[-104.875342,39.718944],[-104.87432,39.718201],[-104.870596,39.718176],[-104.870625,39.710174],[-104.884415,39.707031],[-104.892559,39.711154],[-104.910094,39.711382],[-104.907277,39.714326],[-104.912699,39.714794],[-104.912781,39.718363]]]}},{"type":"Feature","properties":{"zcta5":"80231","area_name":"DENVER"},"geometry":{"type":"MultiPolygon","coordinates":[[[[-104.903607,39.652897],[-104.900801,39.65311],[-104.899595,39.650902],[-104.903644,39.650949],[-104.903607,39.652897]]],[[[-104.907315,39.672673],[-104.907296,39.673295],[-104.903526,39.673362],[-104.903508,39.69566],[-104.90258,39.695571],[-104.903507,39.696622],[-104.903531,39.699709],[-104.902255,39.700192],[-104.901975,39.699039],[-104.900396,39.698562],[-104.899687,39.697124],[-104.900005,39.698956],[-104.89876,39.700277],[-104.899153,39.701161],[-104.897226,39.703473],[-104.89006,39.704625],[-104.891723,39.702497],[-104.894063,39.702354],[-104.894025,39.699844],[-104.898621,39.699858],[-104.898731,39.697529],[-104.897402,39.69627],[-104.894766,39.696597],[-104.894766,39.69587],[-104.894099,39.696596],[-104.891715,39.69659],[-104.891967,39.691342],[-104.885045,39.687067],[-104.885668,39.686381],[-104.881292,39.683129],[-104.881014,39.683862],[-104.879246,39.683864],[-104.88009,39.683147],[-104.879503,39.68175],[-104.875396,39.682041],[-104.875394,39.678461],[-104.873309,39.676731],[-104.870331,39.676869],[-104.870281,39.674765],[-104.867803,39.674771],[-104.868216,39.672621],[-104.866051,39.670847],[-104.866702,39.655109],[-104.869676,39.653113],[-104.877,39.65305],[-104.875942,39.651966],[-104.877429,39.650746],[-104.891126,39.651045],[-104.891836,39.651477],[-104.891869,39.653087],[-104.900801,39.65311],[-104.904105,39.659601],[-104.902833,39.660484],[-104.902787,39.664953],[-104.904327,39.666569],[-104.907315,39.672673]]]]}},{"type":"Feature","properties":{"zcta5":"80232","area_name":"DENVER"},"geometry":{"type":"Polygon","coordinates":[[[-105.129361,39.696467],[-105.117975,39.696499],[-105.117973,39.695674],[-105.119525,39.695271],[-105.120172,39.694009],[-105.119028,39.691304],[-105.116938,39.690319],[-105.113778,39.693606],[-105.112328,39.696551],[-105.081505,39.696624],[-105.081563,39.695778],[-105.078799,39.6958],[-105.07779,39.696632],[-105.07163,39.695933],[-105.069136,39.696703],[-105.052483,39.696761],[-105.052613,39.686135],[-105.053197,39.685563],[-105.052273,39.685495],[-105.052234,39.684584],[-105.053195,39.68438],[-105.052344,39.682375],[-105.066973,39.682215],[-105.066708,39.68055],[-105.068352,39.679567],[-105.068322,39.677795],[-105.066708,39.678718],[-105.067153,39.676992],[-105.069721,39.676876],[-105.069702,39.682207],[-105.077763,39.682196],[-105.076887,39.680599],[-105.077709,39.678437],[-105.081464,39.678946],[-105.081419,39.682233],[-105.096342,39.682183],[-105.096232,39.681386],[-105.09936,39.680933],[-105.100233,39.682164],[-105.105636,39.682149],[-105.105642,39.680863],[-105.109706,39.680821],[-105.1097,39.682137],[-105.114864,39.681231],[-105.117994,39.681461],[-105.117985,39.682142],[-105.12935,39.682099],[-105.128615,39.684395],[-105.12862,39.693738],[-105.129361,39.696467]]]}},{"type":"Feature","properties":{"zcta5":"80233","area_name":"NORTHGLENN"},"geometry":{"type":"Polygon","coordinates":[[[-104.990601,39.909174],[-104.989613,39.914065],[-104.976277,39.914087],[-104.976078,39.914995],[-104.977789,39.915742],[-104.977795,39.916944],[-104.975208,39.917493],[-104.971354,39.916492],[-104.972204,39.914069],[-104.953298,39.91391],[-104.953027,39.915986],[-104.949966,39.916936],[-104.946944,39.915739],[-104.945748,39.91687],[-104.940329,39.916893],[-104.940319,39.913818],[-104.912516,39.914111],[-104.919265,39.91387],[-104.919265,39.912535],[-104.917205,39.913061],[-104.917251,39.906037],[-104.913342,39.906048],[-104.912504,39.907054],[-104.912502,39.910683],[-104.910507,39.911007],[-104.910267,39.914131],[-104.903052,39.914284],[-104.903021,39.907993],[-104.904526,39.908012],[-104.907812,39.903931],[-104.903032,39.903893],[-104.903032,39.892585],[-104.902239,39.891793],[-104.903832,39.890726],[-104.904224,39.889286],[-104.902018,39.886422],[-104.902238,39.885241],[-104.933374,39.885065],[-104.934184,39.882571],[-104.935881,39.881852],[-104.940166,39.88198],[-104.940297,39.877378],[-104.941526,39.88146],[-104.946588,39.885033],[-104.962059,39.885175],[-104.964177,39.881821],[-104.967221,39.88092],[-104.970431,39.881441],[-104.970511,39.884252],[-104.972879,39.884265],[-104.972848,39.885215],[-104.987422,39.885338],[-104.987585,39.89855],[-104.990601,39.909174]]]}},{"type":"Feature","properties":{"zcta5":"80234","area_name":"NORTHGLENN"},"geometry":{"type":"Polygon","coordinates":[[[-105.025056,39.915114],[-105.023751,39.9168],[-105.015681,39.918872],[-105.013705,39.920626],[-105.013797,39.922349],[-105.015507,39.924703],[-105.015491,39.928544],[-105.024318,39.928656],[-105.024299,39.931168],[-105.022071,39.933664],[-105.015524,39.933421],[-105.015657,39.943093],[-104.987976,39.943074],[-104.987776,39.920671],[-104.990605,39.909116],[-104.987585,39.89855],[-104.987422,39.885338],[-104.996601,39.885271],[-104.996594,39.883031],[-104.999971,39.883359],[-104.999958,39.884496],[-105.005579,39.884491],[-105.005574,39.885258],[-105.015517,39.885061],[-105.015512,39.882869],[-105.022015,39.882868],[-105.022007,39.885031],[-105.025018,39.88505],[-105.025056,39.915114]]]}},{"type":"Feature","properties":{"zcta5":"80235","area_name":"DENVER"},"geometry":{"type":"Polygon","coordinates":[[[-105.131719,39.643792],[-105.118796,39.652695],[-105.114783,39.653705],[-105.097971,39.653196],[-105.09726,39.651903],[-105.093108,39.651898],[-105.093117,39.651379],[-105.091312,39.651963],[-105.091279,39.653222],[-105.085193,39.65266],[-105.084146,39.652102],[-105.083615,39.650259],[-105.081398,39.649868],[-105.081337,39.653283],[-105.072624,39.652993],[-105.063898,39.65378],[-105.057122,39.653349],[-105.057165,39.651986],[-105.053191,39.651775],[-105.053074,39.650914],[-105.053342,39.63877],[-105.059045,39.63876],[-105.059138,39.638243],[-105.059431,39.638812],[-105.086352,39.638701],[-105.086368,39.640824],[-105.089635,39.641167],[-105.090274,39.642339],[-105.100502,39.64237],[-105.100523,39.645547],[-105.109353,39.645708],[-105.109138,39.638703],[-105.12046,39.639215],[-105.128614,39.638665],[-105.128786,39.641167],[-105.131719,39.643792]]]}},{"type":"Feature","properties":{"zcta5":"80236","area_name":"DENVER"},"geometry":{"type":"Polygon","coordinates":[[[-105.053415,39.632016],[-105.053076,39.653346],[-105.046892,39.653629],[-105.048329,39.657263],[-105.053216,39.656164],[-105.053211,39.658282],[-105.052443,39.658292],[-105.052741,39.667782],[-105.026045,39.667732],[-105.026049,39.666392],[-105.022773,39.66694],[-105.021639,39.666139],[-105.018499,39.666141],[-105.017958,39.66695],[-105.017668,39.666142],[-105.015733,39.666142],[-105.0158,39.660508],[-105.022982,39.660496],[-105.022171,39.659758],[-105.023003,39.656804],[-105.025269,39.656817],[-105.025206,39.657429],[-105.033076,39.656954],[-105.032089,39.655905],[-105.032155,39.653196],[-105.033083,39.65237],[-105.029957,39.651293],[-105.029937,39.649329],[-105.031609,39.649405],[-105.031615,39.648165],[-105.029973,39.648143],[-105.029957,39.646833],[-105.031741,39.646917],[-105.031747,39.645978],[-105.034649,39.645979],[-105.03466,39.643711],[-105.028323,39.642259],[-105.028381,39.640112],[-105.029929,39.640115],[-105.029998,39.638575],[-105.034707,39.638593],[-105.03477,39.632409],[-105.036321,39.63246],[-105.036321,39.631413],[-105.05341,39.631504],[-105.053415,39.632016]]]}},{"type":"Feature","properties":{"zcta5":"80237","area_name":"DENVER"},"geometry":{"type":"Polygon","coordinates":[[[-104.931872,39.645961],[-104.931703,39.653044],[-104.928986,39.650938],[-104.927672,39.651976],[-104.927674,39.653048],[-104.918256,39.65308],[-104.917285,39.651165],[-104.915135,39.651079],[-104.913062,39.651136],[-104.912851,39.652371],[-104.909094,39.652379],[-104.908968,39.651147],[-104.907029,39.649712],[-104.904375,39.651368],[-104.904726,39.653114],[-104.903474,39.653114],[-104.903644,39.650949],[-104.899595,39.650902],[-104.900801,39.65311],[-104.891869,39.653087],[-104.891213,39.651058],[-104.881628,39.651324],[-104.880086,39.650773],[-104.880332,39.64131],[-104.88512,39.638948],[-104.885264,39.624129],[-104.913407,39.624083],[-104.913227,39.638669],[-104.92246,39.645849],[-104.931872,39.645961]]]}},{"type":"Feature","properties":{"zcta5":"80238","area_name":"DENVER"},"geometry":{"type":"Polygon","coordinates":[[[-104.903569,39.778422],[-104.900133,39.77847],[-104.902108,39.781504],[-104.899885,39.7843],[-104.899797,39.78559],[-104.89759,39.78563],[-104.89732,39.795364],[-104.894125,39.796914],[-104.894117,39.797801],[-104.884474,39.798322],[-104.884405,39.812815],[-104.866074,39.812847],[-104.865791,39.768502],[-104.88599,39.769813],[-104.883628,39.768434],[-104.873654,39.76738],[-104.867475,39.763524],[-104.865851,39.76359],[-104.865853,39.764308],[-104.856377,39.764236],[-104.856338,39.758127],[-104.848208,39.756419],[-104.84694,39.754687],[-104.879901,39.754735],[-104.879971,39.747438],[-104.898767,39.747441],[-104.898735,39.751015],[-104.903427,39.751015],[-104.903456,39.761423],[-104.898934,39.760239],[-104.898927,39.761769],[-104.900258,39.761876],[-104.900265,39.763417],[-104.898882,39.76342],[-104.898865,39.765213],[-104.902604,39.765396],[-104.902324,39.771602],[-104.887821,39.770164],[-104.883084,39.772888],[-104.882862,39.777127],[-104.903569,39.778422]]]}},{"type":"Feature","properties":{"zcta5":"80239","area_name":"DENVER"},"geometry":{"type":"Polygon","coordinates":[[[-104.88606,39.770029],[-104.865791,39.768502],[-104.866075,39.812986],[-104.82805,39.812705],[-104.828089,39.798195],[-104.783909,39.798367],[-104.787519,39.786529],[-104.787737,39.783642],[-104.790478,39.783636],[-104.790592,39.772822],[-104.809884,39.772823],[-104.809998,39.77101],[-104.828163,39.772575],[-104.828173,39.769156],[-104.833009,39.769177],[-104.832972,39.766391],[-104.856394,39.768581],[-104.856377,39.764236],[-104.865853,39.764308],[-104.866425,39.763481],[-104.869809,39.764467],[-104.873929,39.767473],[-104.883628,39.768434],[-104.885459,39.769016],[-104.88606,39.770029]]]}},{"type":"Feature","properties":{"zcta5":"80241","area_name":"NORTHGLENN"},"geometry":{"type":"Polygon","coordinates":[[[-104.98987,39.914064],[-104.987776,39.920671],[-104.987976,39.943074],[-104.921978,39.943013],[-104.921905,39.913931],[-104.940319,39.913818],[-104.940329,39.916893],[-104.945748,39.91687],[-104.946944,39.915739],[-104.949966,39.916936],[-104.953027,39.915986],[-104.953298,39.91391],[-104.972204,39.914069],[-104.971354,39.916492],[-104.974621,39.917528],[-104.977795,39.916944],[-104.977789,39.915742],[-104.976078,39.914995],[-104.976277,39.914087],[-104.98987,39.914064]]]}},{"type":"Feature","properties":{"zcta5":"80246","area_name":"DENVER"},"geometry":{"type":"Polygon","coordinates":[[[-104.942725,39.703828],[-104.941556,39.703818],[-104.941446,39.705248],[-104.940713,39.705283],[-104.941339,39.716229],[-104.921499,39.715935],[-104.921679,39.714719],[-104.922272,39.714722],[-104.922281,39.712748],[-104.921689,39.712715],[-104.922259,39.707301],[-104.920628,39.706904],[-104.920638,39.705566],[-104.922324,39.69299],[-104.932106,39.692971],[-104.932103,39.692404],[-104.940562,39.692941],[-104.940694,39.700189],[-104.941508,39.700191],[-104.942725,39.703828]]]}},{"type":"Feature","properties":{"zcta5":"80247","area_name":"DENVER"},"geometry":{"type":"Polygon","coordinates":[[[-104.904505,39.702268],[-104.903508,39.702735],[-104.903494,39.711281],[-104.892371,39.711119],[-104.886009,39.707304],[-104.884216,39.707027],[-104.865971,39.711053],[-104.865966,39.701089],[-104.868311,39.701089],[-104.868321,39.696566],[-104.869144,39.696554],[-104.869129,39.694083],[-104.867887,39.694075],[-104.867889,39.692697],[-104.869783,39.691535],[-104.869534,39.689288],[-104.865963,39.689467],[-104.865965,39.67839],[-104.869424,39.678403],[-104.869428,39.676867],[-104.865973,39.676858],[-104.865986,39.674767],[-104.870281,39.674765],[-104.870331,39.676869],[-104.873309,39.676731],[-104.875394,39.678461],[-104.875396,39.682041],[-104.879503,39.68175],[-104.88009,39.683147],[-104.879246,39.683864],[-104.881014,39.683862],[-104.881292,39.683129],[-104.885668,39.686381],[-104.885045,39.687067],[-104.891782,39.691179],[-104.891715,39.69659],[-104.894099,39.696596],[-104.894766,39.69587],[-104.894766,39.696597],[-104.897402,39.69627],[-104.898595,39.697325],[-104.898621,39.699858],[-104.894025,39.699844],[-104.894063,39.702354],[-104.891723,39.702497],[-104.89006,39.704625],[-104.897226,39.703473],[-104.899153,39.701161],[-104.89876,39.700277],[-104.900005,39.698956],[-104.899687,39.697124],[-104.900396,39.698562],[-104.901975,39.699039],[-104.902255,39.700192],[-104.904498,39.700139],[-104.904505,39.702268]]]}},{"type":"Feature","properties":{"zcta5":"80249","area_name":"DENVER"},"geometry":{"type":"Polygon","coordinates":[[[-104.791036,39.811679],[-104.790859,39.841802],[-104.762317,39.841788],[-104.762279,39.84539],[-104.730953,39.845195],[-104.73039,39.896131],[-104.703311,39.895949],[-104.703185,39.906926],[-104.692139,39.906851],[-104.692054,39.914178],[-104.679582,39.914016],[-104.679664,39.907008],[-104.630939,39.906645],[-104.630945,39.899291],[-104.599581,39.899038],[-104.59981,39.881307],[-104.605154,39.881346],[-104.605261,39.873114],[-104.619152,39.87322],[-104.619799,39.822417],[-104.65539,39.822605],[-104.655445,39.812999],[-104.666182,39.813075],[-104.666062,39.822791],[-104.762462,39.823443],[-104.762606,39.798433],[-104.734399,39.798442],[-104.734601,39.769181],[-104.764574,39.769188],[-104.764559,39.771568],[-104.772166,39.7715],[-104.772157,39.776409],[-104.78156,39.776483],[-104.781577,39.772795],[-104.790592,39.772822],[-104.790478,39.783636],[-104.787737,39.783642],[-104.787519,39.786529],[-104.783909,39.798367],[-104.790895,39.798251],[-104.791036,39.811679]]]}},{"type":"Feature","properties":{"zcta5":"80260","area_name":"DENVER"},"geometry":{"type":"Polygon","coordinates":[[[-105.026954,39.863485],[-105.025008,39.863492],[-105.025018,39.88505],[-105.022007,39.885031],[-105.022015,39.882868],[-105.015512,39.882869],[-105.015517,39.885061],[-105.005574,39.885258],[-105.005579,39.884491],[-104.999958,39.884496],[-104.999971,39.883359],[-104.996594,39.883031],[-104.996601,39.885271],[-104.987422,39.885338],[-104.987653,39.858585],[-104.98571,39.849077],[-104.989685,39.84907],[-104.989681,39.847807],[-104.990707,39.847809],[-104.990708,39.848942],[-104.993995,39.848939],[-104.994414,39.846757],[-104.996715,39.847094],[-104.99654,39.849063],[-105.015339,39.849043],[-105.01537,39.850051],[-105.016708,39.850056],[-105.019458,39.851775],[-105.02015,39.856323],[-105.026352,39.856276],[-105.026954,39.863485]]]}},{"type":"Feature","properties":{"zcta5":"80301","area_name":"BOULDER"},"geometry":{"type":"Polygon","coordinates":[[[-105.282585,40.072146],[-105.280607,40.073142],[-105.280017,40.072395],[-105.279195,40.072994],[-105.263398,40.072761],[-105.263422,40.074622],[-105.244722,40.074725],[-105.244688,40.087126],[-105.225838,40.086892],[-105.224675,40.085534],[-105.21824,40.086901],[-105.202648,40.087146],[-105.2023,40.083865],[-105.198091,40.083835],[-105.19624,40.08524],[-105.196284,40.083398],[-105.19027,40.088873],[-105.187912,40.087501],[-105.188085,40.072773],[-105.131268,40.072805],[-105.130995,40.029208],[-105.108873,40.029292],[-105.108385,40.027833],[-105.112718,40.022525],[-105.11331,40.020806],[-105.116992,40.019087],[-105.116998,40.022001],[-105.121696,40.02199],[-105.121694,40.022898],[-105.131005,40.02286],[-105.131057,40.018328],[-105.135826,40.018331],[-105.135831,40.014672],[-105.195182,40.0146],[-105.191108,40.01661],[-105.18542,40.016765],[-105.189113,40.017695],[-105.199164,40.015899],[-105.205141,40.016353],[-105.205509,40.014767],[-105.208419,40.014703],[-105.208473,40.015777],[-105.210949,40.015777],[-105.210961,40.014803],[-105.214543,40.014805],[-105.212982,40.01706],[-105.225413,40.018526],[-105.225413,40.014737],[-105.234777,40.01481],[-105.234763,40.01946],[-105.240841,40.016905],[-105.241632,40.0162],[-105.240696,40.014693],[-105.241736,40.016093],[-105.245475,40.014639],[-105.246671,40.014661],[-105.247056,40.016071],[-105.250117,40.016187],[-105.250109,40.01457],[-105.259057,40.014553],[-105.259555,40.016541],[-105.258445,40.016538],[-105.258459,40.017457],[-105.260463,40.017486],[-105.260529,40.020341],[-105.258467,40.020563],[-105.258388,40.026522],[-105.260833,40.027436],[-105.258401,40.02907],[-105.258471,40.037692],[-105.259682,40.037883],[-105.259689,40.0401],[-105.258481,40.040106],[-105.258539,40.045554],[-105.263401,40.045703],[-105.263264,40.046642],[-105.261733,40.047597],[-105.258542,40.046419],[-105.258952,40.049054],[-105.262003,40.052745],[-105.281397,40.064941],[-105.282536,40.06701],[-105.282585,40.072146]]]}},{"type":"Feature","properties":{"zcta5":"80302","area_name":"BOULDER"},"geometry":{"type":"Polygon","coordinates":[[[-105.520605,40.044085],[-105.516419,40.045841],[-105.516556,40.043457],[-105.514753,40.041735],[-105.50976,40.044052],[-105.501454,40.04192],[-105.49818,40.042781],[-105.486429,40.050346],[-105.484537,40.050652],[-105.487235,40.053601],[-105.492443,40.053883],[-105.493635,40.054699],[-105.497661,40.054412],[-105.50081,40.055655],[-105.497429,40.055332],[-105.493766,40.056284],[-105.490985,40.057539],[-105.488018,40.060822],[-105.483468,40.0624],[-105.479884,40.062983],[-105.466133,40.061759],[-105.461591,40.062967],[-105.458523,40.065349],[-105.454064,40.066546],[-105.430642,40.069493],[-105.423472,40.069053],[-105.42176,40.070117],[-105.417212,40.067652],[-105.415732,40.068028],[-105.410573,40.066587],[-105.411817,40.068979],[-105.414318,40.069753],[-105.413503,40.07079],[-105.414492,40.072679],[-105.414057,40.074219],[-105.397175,40.074321],[-105.385223,40.07677],[-105.380434,40.079177],[-105.377771,40.079376],[-105.376578,40.078517],[-105.375589,40.079177],[-105.374262,40.07827],[-105.371793,40.080069],[-105.369487,40.079246],[-105.369312,40.078059],[-105.366434,40.080379],[-105.365733,40.080032],[-105.365994,40.080584],[-105.3599,40.082239],[-105.337953,40.100056],[-105.332213,40.102264],[-105.327612,40.102869],[-105.327641,40.105738],[-105.324638,40.105173],[-105.322713,40.106444],[-105.320373,40.106451],[-105.319409,40.124983],[-105.319752,40.13134],[-105.318431,40.134545],[-105.320573,40.160783],[-105.278858,40.159739],[-105.277057,40.158563],[-105.274114,40.158044],[-105.28112,40.151364],[-105.282242,40.14835],[-105.28389,40.146852],[-105.284283,40.145069],[-105.282242,40.14497],[-105.282306,40.12998],[-105.275973,40.128518],[-105.274182,40.126354],[-105.271454,40.125321],[-105.271004,40.124448],[-105.269796,40.124613],[-105.268523,40.123175],[-105.267396,40.123241],[-105.263762,40.118185],[-105.263486,40.112574],[-105.263655,40.114771],[-105.266968,40.115637],[-105.268274,40.117366],[-105.268851,40.116323],[-105.273017,40.116104],[-105.273071,40.112709],[-105.263662,40.112573],[-105.263635,40.105307],[-105.277525,40.105297],[-105.281205,40.104071],[-105.281977,40.100723],[-105.282139,40.087028],[-105.244688,40.087126],[-105.244722,40.074725],[-105.263422,40.074622],[-105.263398,40.072761],[-105.279195,40.072994],[-105.280017,40.072395],[-105.280607,40.073142],[-105.282585,40.072146],[-105.282536,40.06701],[-105.28158,40.06512],[-105.282556,40.065561],[-105.283216,40.067601],[-105.291519,40.06928],[-105.291545,40.072714],[-105.286806,40.072743],[-105.286802,40.076368],[-105.283802,40.076374],[-105.2822,40.080015],[-105.298358,40.079946],[-105.298736,40.067884],[-105.29733,40.063628],[-105.300728,40.064847],[-105.305964,40.06424],[-105.308039,40.064956],[-105.313045,40.062974],[-105.315263,40.061092],[-105.316768,40.061064],[-105.320916,40.058288],[-105.323506,40.058028],[-105.323638,40.043136],[-105.320798,40.039349],[-105.300395,40.024047],[-105.292941,40.020056],[-105.283121,40.019941],[-105.282236,40.020731],[-105.276471,40.021341],[-105.258383,40.025511],[-105.258467,40.020563],[-105.260529,40.020341],[-105.260463,40.017486],[-105.258459,40.017457],[-105.258445,40.016538],[-105.259555,40.016541],[-105.259547,40.015075],[-105.258316,40.014552],[-105.258594,40.008161],[-105.26394,40.008217],[-105.263483,40.011437],[-105.265227,40.010937],[-105.268335,40.011741],[-105.270193,40.011482],[-105.27022,40.010908],[-105.2768,40.010493],[-105.274475,40.007219],[-105.272151,40.00592],[-105.269611,40.005923],[-105.269725,40.004551],[-105.264923,40.002061],[-105.259246,39.993701],[-105.264284,39.992479],[-105.261714,39.989439],[-105.260626,39.989339],[-105.269135,39.989277],[-105.270103,39.98998],[-105.270969,39.989084],[-105.277278,39.989293],[-105.277067,39.985696],[-105.285611,39.985768],[-105.286238,39.985251],[-105.286128,39.972273],[-105.283172,39.973119],[-105.281462,39.975027],[-105.276634,39.97451],[-105.272785,39.97269],[-105.271945,39.97312],[-105.268559,39.971421],[-105.266721,39.971389],[-105.261502,39.967265],[-105.260089,39.967261],[-105.260082,39.964362],[-105.248875,39.964325],[-105.246283,39.97058],[-105.237044,39.971028],[-105.236975,39.97008],[-105.241239,39.967674],[-105.242293,39.964795],[-105.245417,39.962108],[-105.244845,39.961163],[-105.242184,39.962076],[-105.241246,39.960449],[-105.23575,39.960406],[-105.238132,39.955498],[-105.242233,39.952525],[-105.24251,39.950311],[-105.247674,39.947843],[-105.249249,39.945529],[-105.252143,39.94504],[-105.252993,39.943597],[-105.255241,39.94379],[-105.255036,39.942187],[-105.25776,39.941415],[-105.260033,39.938761],[-105.261801,39.938892],[-105.262813,39.937277],[-105.265297,39.937929],[-105.272434,39.936085],[-105.295338,39.936066],[-105.295357,39.930554],[-105.30026,39.930357],[-105.306434,39.93699],[-105.307123,39.936592],[-105.306656,39.934178],[-105.304562,39.931922],[-105.30602,39.930801],[-105.307703,39.932815],[-105.309353,39.932712],[-105.311036,39.934897],[-105.315065,39.935552],[-105.315094,39.936634],[-105.313458,39.937251],[-105.314894,39.941509],[-105.316099,39.941433],[-105.316691,39.940458],[-105.32087,39.940366],[-105.322773,39.939415],[-105.323818,39.937718],[-105.325479,39.937299],[-105.327156,39.938087],[-105.326518,39.939287],[-105.327401,39.940384],[-105.32862,39.940624],[-105.332607,39.937459],[-105.335545,39.939802],[-105.334238,39.940689],[-105.334833,39.942615],[-105.335993,39.942918],[-105.338799,39.942252],[-105.34084,39.940714],[-105.340912,39.938813],[-105.342044,39.937999],[-105.344579,39.939415],[-105.345999,39.937762],[-105.348108,39.938332],[-105.355285,39.943104],[-105.35789,39.947956],[-105.35589,39.949256],[-105.357364,39.953549],[-105.359405,39.952119],[-105.358862,39.953373],[-105.359965,39.953965],[-105.36118,39.953492],[-105.362908,39.954802],[-105.363935,39.954241],[-105.373382,39.956148],[-105.373577,39.955372],[-105.377016,39.954838],[-105.379372,39.955371],[-105.381031,39.956889],[-105.387072,39.956923],[-105.389727,39.958455],[-105.389643,39.960113],[-105.393854,39.961405],[-105.3969,39.963564],[-105.376524,39.962077],[-105.374335,39.96685],[-105.374377,39.968421],[-105.369648,39.968374],[-105.369579,39.972308],[-105.366157,39.972203],[-105.366157,39.96743],[-105.350689,39.967534],[-105.349594,39.979337],[-105.345993,39.979157],[-105.346221,39.979514],[-105.35233,39.981018],[-105.356288,39.980826],[-105.359004,39.982763],[-105.368464,39.982274],[-105.368936,39.980606],[-105.371822,39.981534],[-105.375189,39.981281],[-105.37262,39.984063],[-105.372105,39.986326],[-105.367609,39.988719],[-105.361174,39.990199],[-105.358464,39.989279],[-105.357413,39.98994],[-105.357395,39.991012],[-105.35526,39.992668],[-105.355724,39.99409],[-105.35338,39.995998],[-105.35376,39.997096],[-105.3517,39.997436],[-105.350023,39.999432],[-105.347825,40.000277],[-105.350025,40.002],[-105.348483,40.00517],[-105.350745,40.005376],[-105.353374,40.004089],[-105.357284,40.003482],[-105.359869,40.004817],[-105.360705,40.00349],[-105.363664,40.003294],[-105.361355,40.000391],[-105.363893,40.000646],[-105.364952,39.99945],[-105.368209,40.000627],[-105.368311,39.99992],[-105.371298,39.999545],[-105.374474,39.997382],[-105.37616,39.998783],[-105.374616,39.999839],[-105.386363,39.99938],[-105.388492,40.000905],[-105.393233,40.00233],[-105.406565,40.004248],[-105.413027,40.001615],[-105.412792,39.999352],[-105.414477,39.997003],[-105.41762,39.997578],[-105.418823,39.997069],[-105.4192,39.995473],[-105.416669,39.993383],[-105.417398,39.991938],[-105.422904,39.990144],[-105.426618,39.990355],[-105.429448,39.987696],[-105.434488,39.98829],[-105.436774,39.986732],[-105.439693,39.987126],[-105.445112,39.982826],[-105.447005,39.982224],[-105.449937,39.982744],[-105.453538,39.981739],[-105.454828,39.980283],[-105.454454,39.978618],[-105.456983,39.978617],[-105.458344,39.977134],[-105.464245,39.9752],[-105.464461,39.972506],[-105.465407,39.972213],[-105.468546,39.972255],[-105.472366,39.970924],[-105.474842,39.971671],[-105.477006,39.971319],[-105.479558,39.969471],[-105.479225,39.967583],[-105.482319,39.966236],[-105.482633,39.967446],[-105.481466,39.967975],[-105.479835,39.971688],[-105.465111,39.972517],[-105.464192,39.975575],[-105.458698,39.977319],[-105.457535,39.978511],[-105.455738,39.979365],[-105.453859,39.981906],[-105.450407,39.982939],[-105.446848,39.982471],[-105.443392,39.984382],[-105.438422,39.989677],[-105.440464,39.990311],[-105.438178,39.9911],[-105.44458,39.992883],[-105.446065,39.994283],[-105.44672,39.996327],[-105.448599,39.996705],[-105.458088,39.995002],[-105.459524,39.992446],[-105.464082,39.992617],[-105.469515,39.990649],[-105.471414,39.989074],[-105.474387,39.988445],[-105.477355,39.988718],[-105.48269,39.990686],[-105.487899,39.989477],[-105.494622,39.989256],[-105.495712,39.988144],[-105.496367,39.989672],[-105.498352,39.99053],[-105.496813,39.991117],[-105.493626,39.990062],[-105.4927,39.990881],[-105.492868,39.991718],[-105.495964,39.993728],[-105.498131,39.99755],[-105.503232,40.000513],[-105.50272,40.001919],[-105.499717,40.003324],[-105.499369,40.004919],[-105.501878,40.007231],[-105.503725,40.0111],[-105.507804,40.013364],[-105.509505,40.018222],[-105.512009,40.020081],[-105.508629,40.021073],[-105.504231,40.019075],[-105.499209,40.018527],[-105.493552,40.019348],[-105.490007,40.020762],[-105.48715,40.023932],[-105.48251,40.02481],[-105.47626,40.0273],[-105.472748,40.026502],[-105.471484,40.023638],[-105.469102,40.023101],[-105.467688,40.021822],[-105.456911,40.022093],[-105.454351,40.02073],[-105.451952,40.021513],[-105.448427,40.02136],[-105.447471,40.019765],[-105.446216,40.019312],[-105.437159,40.025264],[-105.43345,40.024236],[-105.4275,40.024995],[-105.425722,40.024336],[-105.424889,40.025007],[-105.432923,40.025306],[-105.436566,40.026441],[-105.439797,40.025089],[-105.441439,40.025276],[-105.442852,40.027294],[-105.440551,40.029788],[-105.444356,40.029768],[-105.444139,40.032246],[-105.447793,40.033593],[-105.44861,40.034823],[-105.452029,40.034823],[-105.453734,40.033656],[-105.456056,40.034436],[-105.457036,40.033029],[-105.458819,40.032344],[-105.45945,40.033897],[-105.463233,40.033076],[-105.460506,40.035178],[-105.460974,40.035898],[-105.466923,40.036283],[-105.468776,40.0355],[-105.468855,40.036302],[-105.471207,40.035719],[-105.475719,40.037268],[-105.485384,40.03493],[-105.487787,40.033371],[-105.489158,40.033311],[-105.492208,40.03528],[-105.497234,40.033358],[-105.502216,40.033444],[-105.505583,40.032195],[-105.51037,40.034526],[-105.51444,40.034841],[-105.518597,40.037436],[-105.519583,40.039161],[-105.518719,40.042643],[-105.520605,40.044085]]]}},{"type":"Feature","properties":{"zcta5":"80303","area_name":"BOULDER"},"geometry":{"type":"Polygon","coordinates":[[[-105.272732,39.934417],[-105.270055,39.936639],[-105.265297,39.937929],[-105.26307,39.937159],[-105.261801,39.938892],[-105.259928,39.938815],[-105.25776,39.941415],[-105.255036,39.942187],[-105.255241,39.94379],[-105.253086,39.943552],[-105.252143,39.94504],[-105.249249,39.945529],[-105.24689,39.94837],[-105.244022,39.949179],[-105.242125,39.95102],[-105.235125,39.953154],[-105.231484,39.956505],[-105.232046,39.953642],[-105.230961,39.953705],[-105.229095,39.956128],[-105.223548,39.954772],[-105.223763,39.955394],[-105.227357,39.955994],[-105.229576,39.957995],[-105.227758,39.961829],[-105.224605,39.965598],[-105.221501,39.966258],[-105.220438,39.967731],[-105.217532,39.967171],[-105.212875,39.969618],[-105.212833,39.976424],[-105.234721,39.986536],[-105.257375,39.999775],[-105.257735,40.000179],[-105.2531,39.999936],[-105.252844,39.997292],[-105.245848,39.993326],[-105.245888,39.99828],[-105.247299,39.998289],[-105.247297,39.999957],[-105.246517,40.000286],[-105.254618,40.000065],[-105.258098,40.000726],[-105.258316,40.014552],[-105.250109,40.01457],[-105.250117,40.016187],[-105.247056,40.016071],[-105.246671,40.014661],[-105.245475,40.014639],[-105.241736,40.016093],[-105.240696,40.014693],[-105.241632,40.0162],[-105.240841,40.016905],[-105.234763,40.01946],[-105.234777,40.01481],[-105.225413,40.014737],[-105.225413,40.018526],[-105.212982,40.01706],[-105.214543,40.014805],[-105.210961,40.014803],[-105.210949,40.015777],[-105.208473,40.015777],[-105.208419,40.014703],[-105.205509,40.014767],[-105.205141,40.016353],[-105.199164,40.015899],[-105.189113,40.017695],[-105.18542,40.016765],[-105.191108,40.01661],[-105.195182,40.0146],[-105.135831,40.014672],[-105.135804,40.012037],[-105.131234,40.012073],[-105.131223,40.007401],[-105.140527,40.007408],[-105.140488,40.003772],[-105.141511,40.003777],[-105.141792,40.001983],[-105.143993,40.003773],[-105.146954,40.003729],[-105.149439,40.005106],[-105.157673,40.006629],[-105.16199,40.005023],[-105.162632,40.004474],[-105.161726,40.002343],[-105.161924,40.000129],[-105.156837,40.00013],[-105.157268,39.996172],[-105.152733,39.996186],[-105.152729,39.994294],[-105.162637,39.993119],[-105.164194,39.992218],[-105.165855,39.98997],[-105.163001,39.989135],[-105.164119,39.987941],[-105.16526,39.988428],[-105.164195,39.985662],[-105.165722,39.983335],[-105.166051,39.978635],[-105.17531,39.97864],[-105.175336,39.972319],[-105.182744,39.972322],[-105.182697,39.968101],[-105.184377,39.9681],[-105.18438,39.965564],[-105.182316,39.964378],[-105.183133,39.963903],[-105.20053,39.961211],[-105.198847,39.957538],[-105.198802,39.940125],[-105.19764,39.93948],[-105.19798,39.93881],[-105.200699,39.937399],[-105.200573,39.935979],[-105.203363,39.935444],[-105.203405,39.934532],[-105.207693,39.93195],[-105.215712,39.931031],[-105.219962,39.927712],[-105.227725,39.924543],[-105.219671,39.91686],[-105.214955,39.914223],[-105.264773,39.914152],[-105.266552,39.915734],[-105.266582,39.917338],[-105.27038,39.919932],[-105.269245,39.925086],[-105.259713,39.928212],[-105.260197,39.930814],[-105.265965,39.932287],[-105.268101,39.933706],[-105.269931,39.933237],[-105.269469,39.935485],[-105.272732,39.934417]]]}},{"type":"Feature","properties":{"zcta5":"80304","area_name":"BOULDER"},"geometry":{"type":"Polygon","coordinates":[[[-105.323767,40.047163],[-105.32322,40.047234],[-105.323506,40.058028],[-105.320916,40.058288],[-105.316768,40.061064],[-105.315263,40.061092],[-105.313045,40.062974],[-105.308039,40.064956],[-105.305964,40.06424],[-105.300728,40.064847],[-105.29733,40.063628],[-105.298736,40.067884],[-105.298358,40.079946],[-105.2822,40.080015],[-105.283802,40.076374],[-105.286802,40.076368],[-105.286806,40.072743],[-105.291545,40.072714],[-105.291519,40.06928],[-105.283216,40.067601],[-105.282556,40.065561],[-105.260073,40.050982],[-105.258542,40.046419],[-105.261733,40.047597],[-105.263264,40.046642],[-105.263401,40.045703],[-105.258539,40.045554],[-105.258481,40.040106],[-105.259689,40.0401],[-105.259682,40.037883],[-105.258471,40.037692],[-105.258401,40.02907],[-105.260833,40.027436],[-105.258388,40.026522],[-105.258383,40.025511],[-105.276471,40.021341],[-105.282236,40.020731],[-105.283121,40.019941],[-105.292941,40.020056],[-105.300395,40.024047],[-105.320798,40.039349],[-105.323638,40.043136],[-105.323767,40.047163]]]}},{"type":"Feature","properties":{"zcta5":"80305","area_name":"BOULDER"},"geometry":{"type":"Polygon","coordinates":[[[-105.286238,39.985251],[-105.277067,39.985696],[-105.277278,39.989293],[-105.270969,39.989084],[-105.270103,39.98998],[-105.269135,39.989277],[-105.260626,39.989339],[-105.261714,39.989439],[-105.264284,39.992479],[-105.259246,39.993701],[-105.263518,40.00007],[-105.257735,40.000179],[-105.234721,39.986536],[-105.212833,39.976424],[-105.212875,39.969618],[-105.217532,39.967171],[-105.220438,39.967731],[-105.221501,39.966258],[-105.224605,39.965598],[-105.227758,39.961829],[-105.229576,39.957995],[-105.227357,39.955994],[-105.223763,39.955394],[-105.223548,39.954772],[-105.229095,39.956128],[-105.230961,39.953705],[-105.232046,39.953642],[-105.231484,39.956505],[-105.235125,39.953154],[-105.242125,39.95102],[-105.242233,39.952525],[-105.238132,39.955498],[-105.23575,39.960406],[-105.241246,39.960449],[-105.242184,39.962076],[-105.244845,39.961163],[-105.245424,39.962245],[-105.242293,39.964795],[-105.241239,39.967674],[-105.236975,39.97008],[-105.237044,39.971028],[-105.246283,39.97058],[-105.248875,39.964325],[-105.260082,39.964362],[-105.260089,39.967261],[-105.261502,39.967265],[-105.266721,39.971389],[-105.268559,39.971421],[-105.271945,39.97312],[-105.272785,39.97269],[-105.276634,39.97451],[-105.281462,39.975027],[-105.283172,39.973119],[-105.286128,39.972273],[-105.286238,39.985251]]]}},{"type":"Feature","properties":{"zcta5":"80401","area_name":"GOLDEN"},"geometry":{"type":"Polygon","coordinates":[[[-105.334301,39.724079],[-105.333227,39.724337],[-105.333263,39.725595],[-105.330994,39.728067],[-105.331656,39.729094],[-105.328569,39.729501],[-105.328747,39.730391],[-105.326926,39.730287],[-105.323706,39.73648],[-105.318635,39.737482],[-105.316539,39.73664],[-105.311589,39.737945],[-105.310917,39.741129],[-105.308541,39.742765],[-105.309479,39.745718],[-105.308147,39.747167],[-105.303059,39.74661],[-105.300358,39.743919],[-105.294106,39.741973],[-105.290177,39.743571],[-105.286721,39.741464],[-105.284351,39.741581],[-105.279995,39.740326],[-105.27214,39.743401],[-105.269661,39.742398],[-105.270049,39.740114],[-105.26944,39.739068],[-105.261105,39.738019],[-105.256159,39.742076],[-105.253037,39.742149],[-105.25093,39.744746],[-105.248432,39.744884],[-105.248358,39.746452],[-105.250471,39.747361],[-105.251015,39.748516],[-105.250073,39.750067],[-105.24499,39.752176],[-105.235794,39.751737],[-105.235492,39.752764],[-105.236369,39.754572],[-105.224243,39.761112],[-105.219833,39.761716],[-105.212227,39.765288],[-105.212295,39.762505],[-105.206585,39.764753],[-105.202383,39.767544],[-105.195295,39.768606],[-105.193791,39.768243],[-105.193374,39.765965],[-105.185274,39.767063],[-105.175965,39.762207],[-105.174786,39.762486],[-105.174759,39.771455],[-105.148773,39.772655],[-105.144421,39.77353],[-105.143374,39.773496],[-105.143212,39.761869],[-105.142489,39.761867],[-105.142334,39.741679],[-105.144871,39.739728],[-105.147086,39.73911],[-105.141513,39.739729],[-105.141504,39.737419],[-105.137666,39.73875],[-105.137686,39.738233],[-105.132892,39.738153],[-105.132888,39.740135],[-105.128262,39.740078],[-105.128386,39.734806],[-105.123693,39.733046],[-105.123617,39.729122],[-105.124992,39.729131],[-105.124427,39.727792],[-105.125261,39.725464],[-105.154041,39.724933],[-105.154366,39.711073],[-105.165512,39.71121],[-105.165497,39.71296],[-105.174816,39.712936],[-105.174795,39.711105],[-105.19324,39.711122],[-105.194221,39.711905],[-105.201632,39.702262],[-105.199084,39.70019],[-105.192425,39.675772],[-105.197166,39.680032],[-105.194561,39.676429],[-105.193862,39.6715],[-105.196352,39.670054],[-105.200682,39.665729],[-105.19911,39.663647],[-105.202982,39.664617],[-105.205135,39.663328],[-105.205598,39.660669],[-105.202583,39.65684],[-105.203884,39.656075],[-105.201785,39.653364],[-105.203494,39.652944],[-105.206636,39.653625],[-105.207654,39.652408],[-105.209624,39.653777],[-105.216891,39.653485],[-105.219313,39.657051],[-105.228011,39.658237],[-105.2278,39.66037],[-105.230488,39.660255],[-105.23304,39.659045],[-105.232926,39.660613],[-105.235051,39.661024],[-105.235868,39.662827],[-105.238734,39.661442],[-105.239837,39.661646],[-105.241819,39.664977],[-105.239136,39.665671],[-105.240296,39.667038],[-105.237169,39.668997],[-105.239941,39.669406],[-105.239509,39.670795],[-105.24079,39.67247],[-105.241204,39.6747],[-105.24331,39.676907],[-105.243093,39.678155],[-105.24482,39.675788],[-105.244526,39.672409],[-105.247148,39.669358],[-105.247428,39.667868],[-105.246503,39.665809],[-105.250822,39.662784],[-105.251798,39.663402],[-105.251565,39.665074],[-105.252521,39.666729],[-105.256337,39.668449],[-105.262998,39.668796],[-105.267455,39.665838],[-105.270371,39.667018],[-105.272486,39.665297],[-105.276964,39.66738],[-105.282323,39.667458],[-105.28621,39.670238],[-105.287232,39.673985],[-105.290722,39.673612],[-105.292676,39.675331],[-105.291808,39.676144],[-105.292142,39.677336],[-105.294189,39.677666],[-105.296314,39.680012],[-105.299161,39.681505],[-105.312701,39.682355],[-105.313085,39.695129],[-105.315572,39.695067],[-105.315934,39.693323],[-105.317401,39.693232],[-105.318359,39.693618],[-105.318116,39.695004],[-105.322226,39.694873],[-105.322345,39.702132],[-105.328935,39.701911],[-105.329465,39.704997],[-105.332234,39.707769],[-105.331786,39.72404],[-105.334301,39.724079]],[[-105.209291,39.729981],[-105.205583,39.729065],[-105.201351,39.725667],[-105.198503,39.724968],[-105.198441,39.7298],[-105.203812,39.729855],[-105.206648,39.731373],[-105.20838,39.731065],[-105.209291,39.729981]]]}},{"type":"Feature","properties":{"zcta5":"80403","area_name":"GOLDEN"},"geometry":{"type":"Polygon","coordinates":[[[-105.448759,39.893858],[-105.444353,39.893837],[-105.444286,39.897436],[-105.434997,39.897549],[-105.435052,39.893925],[-105.425719,39.893981],[-105.425667,39.897571],[-105.418796,39.89774],[-105.418268,39.904855],[-105.416165,39.904933],[-105.415797,39.912335],[-105.419897,39.91211],[-105.419949,39.919261],[-105.424029,39.919069],[-105.424017,39.920788],[-105.424675,39.9209],[-105.426414,39.920739],[-105.429427,39.918236],[-105.429858,39.918732],[-105.427336,39.922877],[-105.422955,39.926683],[-105.423268,39.928529],[-105.422044,39.929805],[-105.422434,39.930615],[-105.424105,39.930985],[-105.427516,39.930648],[-105.428201,39.931089],[-105.422063,39.931626],[-105.418839,39.92867],[-105.417326,39.930669],[-105.415371,39.931713],[-105.413971,39.934409],[-105.413022,39.934404],[-105.41089,39.932448],[-105.406039,39.931743],[-105.40105,39.934944],[-105.397821,39.934893],[-105.395362,39.936667],[-105.391879,39.935535],[-105.390507,39.937071],[-105.386048,39.937149],[-105.385095,39.93827],[-105.386437,39.939788],[-105.38431,39.9402],[-105.38147,39.939029],[-105.382001,39.937568],[-105.380547,39.934987],[-105.377277,39.936322],[-105.376289,39.937542],[-105.375501,39.936923],[-105.375302,39.934788],[-105.37442,39.936169],[-105.372413,39.937167],[-105.369354,39.936474],[-105.372523,39.940275],[-105.370289,39.942769],[-105.370765,39.944263],[-105.368142,39.94401],[-105.367786,39.943119],[-105.366263,39.942836],[-105.366386,39.943979],[-105.364716,39.944615],[-105.364603,39.945562],[-105.362919,39.945846],[-105.360425,39.94798],[-105.359404,39.947389],[-105.35789,39.947956],[-105.354789,39.942403],[-105.353373,39.942317],[-105.350525,39.93937],[-105.346467,39.937779],[-105.344813,39.939414],[-105.342044,39.937999],[-105.340912,39.938813],[-105.34084,39.940714],[-105.338799,39.942252],[-105.335993,39.942918],[-105.334833,39.942615],[-105.334238,39.940689],[-105.335545,39.939802],[-105.332607,39.937459],[-105.32862,39.940624],[-105.327401,39.940384],[-105.326518,39.939287],[-105.327156,39.938087],[-105.325479,39.937299],[-105.323818,39.937718],[-105.322773,39.939415],[-105.32087,39.940366],[-105.316691,39.940458],[-105.316099,39.941433],[-105.314894,39.941509],[-105.313458,39.937251],[-105.315383,39.935948],[-105.312899,39.935342],[-105.31916,39.930189],[-105.318988,39.92828],[-105.320321,39.928087],[-105.320899,39.926553],[-105.322476,39.926054],[-105.322958,39.924043],[-105.321949,39.919861],[-105.314702,39.913883],[-105.238933,39.914367],[-105.241114,39.906406],[-105.240623,39.866638],[-105.234762,39.859245],[-105.230204,39.861137],[-105.226773,39.86151],[-105.226722,39.855983],[-105.221995,39.856006],[-105.221967,39.848791],[-105.213805,39.848751],[-105.213819,39.846747],[-105.217277,39.8468],[-105.226342,39.844928],[-105.230162,39.843153],[-105.234951,39.843813],[-105.234537,39.841262],[-105.230958,39.837901],[-105.229012,39.834475],[-105.227359,39.828478],[-105.221947,39.823558],[-105.22164,39.818051],[-105.218572,39.818108],[-105.2152,39.81629],[-105.203247,39.816163],[-105.19869,39.812759],[-105.164373,39.812462],[-105.164626,39.810612],[-105.163481,39.806921],[-105.168865,39.806125],[-105.169406,39.804928],[-105.168153,39.803648],[-105.168339,39.802681],[-105.165034,39.803043],[-105.165175,39.801646],[-105.162864,39.801656],[-105.162928,39.799313],[-105.165237,39.799292],[-105.165296,39.795791],[-105.16399,39.795403],[-105.165133,39.790706],[-105.156803,39.790778],[-105.15671,39.776254],[-105.141441,39.778361],[-105.143231,39.776005],[-105.143512,39.773437],[-105.174759,39.771455],[-105.174786,39.762486],[-105.175965,39.762207],[-105.185274,39.767063],[-105.193374,39.765965],[-105.193791,39.768243],[-105.195295,39.768606],[-105.202383,39.767544],[-105.206585,39.764753],[-105.212295,39.762505],[-105.212227,39.765288],[-105.219833,39.761716],[-105.224243,39.761112],[-105.236369,39.754572],[-105.235492,39.752764],[-105.235794,39.751737],[-105.24499,39.752176],[-105.250073,39.750067],[-105.251015,39.748516],[-105.250471,39.747361],[-105.248358,39.746452],[-105.248432,39.744884],[-105.25093,39.744746],[-105.253037,39.742149],[-105.256159,39.742076],[-105.261105,39.738019],[-105.26944,39.739068],[-105.270049,39.740114],[-105.269661,39.742398],[-105.27214,39.743401],[-105.279995,39.740326],[-105.284351,39.741581],[-105.286721,39.741464],[-105.290177,39.743571],[-105.294106,39.741973],[-105.300358,39.743919],[-105.303059,39.74661],[-105.307272,39.747288],[-105.309309,39.746348],[-105.308472,39.742989],[-105.310917,39.741129],[-105.31142,39.738146],[-105.316135,39.736689],[-105.318635,39.737482],[-105.324297,39.736519],[-105.32451,39.737361],[-105.322714,39.738863],[-105.323248,39.739899],[-105.326251,39.740459],[-105.327506,39.738889],[-105.328594,39.738723],[-105.329254,39.740924],[-105.330211,39.741362],[-105.343124,39.740435],[-105.348593,39.742013],[-105.356555,39.73919],[-105.357921,39.736672],[-105.361634,39.734107],[-105.365079,39.734787],[-105.369502,39.733697],[-105.371487,39.736525],[-105.378995,39.735658],[-105.381708,39.737351],[-105.384437,39.735235],[-105.386386,39.735634],[-105.389416,39.737765],[-105.390668,39.741943],[-105.397177,39.744343],[-105.399847,39.751754],[-105.404672,39.754405],[-105.409708,39.755216],[-105.412248,39.758333],[-105.417118,39.760596],[-105.421135,39.760707],[-105.425234,39.76281],[-105.423262,39.766827],[-105.421704,39.767968],[-105.422162,39.768389],[-105.421154,39.769609],[-105.421256,39.771105],[-105.420075,39.772668],[-105.420855,39.774197],[-105.419995,39.778777],[-105.41711,39.782563],[-105.416552,39.784862],[-105.417479,39.787571],[-105.412533,39.792418],[-105.41171,39.797332],[-105.409237,39.796938],[-105.410072,39.798387],[-105.409057,39.798125],[-105.409679,39.799386],[-105.408459,39.798657],[-105.409229,39.800311],[-105.407214,39.799116],[-105.408459,39.801343],[-105.405527,39.799566],[-105.404078,39.801425],[-105.402686,39.80149],[-105.398887,39.799926],[-105.398969,39.798117],[-105.397948,39.798771],[-105.398043,39.816027],[-105.410689,39.824706],[-105.409829,39.827602],[-105.41063,39.830272],[-105.415613,39.829823],[-105.430851,39.833826],[-105.43433,39.836747],[-105.438897,39.83788],[-105.438414,39.83885],[-105.442988,39.842037],[-105.443509,39.843833],[-105.442775,39.847899],[-105.444382,39.848631],[-105.445428,39.851329],[-105.443936,39.853803],[-105.445134,39.856419],[-105.446156,39.855994],[-105.447469,39.856878],[-105.447747,39.859084],[-105.446843,39.860555],[-105.447756,39.861292],[-105.446078,39.861546],[-105.446495,39.862523],[-105.445265,39.862921],[-105.444786,39.864584],[-105.445636,39.870957],[-105.444418,39.871274],[-105.443301,39.872843],[-105.444723,39.874537],[-105.444424,39.880673],[-105.445536,39.883579],[-105.445194,39.885814],[-105.446341,39.889453],[-105.448318,39.891543],[-105.448759,39.893858]]]}},{"type":"Feature","properties":{"zcta5":"80433","area_name":"CONIFER"},"geometry":{"type":"Polygon","coordinates":[[[-105.398949,39.566056],[-105.388986,39.566146],[-105.385704,39.564928],[-105.386065,39.566197],[-105.384814,39.568238],[-105.382976,39.566413],[-105.381293,39.566093],[-105.380965,39.564802],[-105.379424,39.56492],[-105.379161,39.563584],[-105.377645,39.563476],[-105.376062,39.561502],[-105.375631,39.558434],[-105.374927,39.55737],[-105.376452,39.563803],[-105.378304,39.566031],[-105.377363,39.568647],[-105.372808,39.571905],[-105.371612,39.575124],[-105.369227,39.576755],[-105.365479,39.576753],[-105.365347,39.580296],[-105.351488,39.580388],[-105.351783,39.573256],[-105.356476,39.573251],[-105.356498,39.569625],[-105.351875,39.569554],[-105.351961,39.56605],[-105.349107,39.565999],[-105.348654,39.558528],[-105.343171,39.558776],[-105.343157,39.551628],[-105.334412,39.551912],[-105.33457,39.544742],[-105.32998,39.544805],[-105.330012,39.541216],[-105.325359,39.541269],[-105.325412,39.537658],[-105.316202,39.537685],[-105.31617,39.543464],[-105.313751,39.537145],[-105.312274,39.535338],[-105.316968,39.545156],[-105.316303,39.548466],[-105.296843,39.548489],[-105.29689,39.552306],[-105.288291,39.553293],[-105.288291,39.556066],[-105.292473,39.556019],[-105.292473,39.563067],[-105.287543,39.56305],[-105.288958,39.565043],[-105.28792,39.565049],[-105.286535,39.56355],[-105.268577,39.561983],[-105.268304,39.546937],[-105.272151,39.546328],[-105.264432,39.545403],[-105.258611,39.543028],[-105.258829,39.541629],[-105.255983,39.541266],[-105.254665,39.541956],[-105.255917,39.542677],[-105.250427,39.542189],[-105.248818,39.54071],[-105.242789,39.539771],[-105.24552,39.538207],[-105.247468,39.534855],[-105.245291,39.527401],[-105.246118,39.526673],[-105.24441,39.522768],[-105.243024,39.521822],[-105.247201,39.52191],[-105.248206,39.522693],[-105.248455,39.520855],[-105.250034,39.521702],[-105.250207,39.519359],[-105.246723,39.517224],[-105.244991,39.515456],[-105.24455,39.51377],[-105.240188,39.513283],[-105.240563,39.512923],[-105.238709,39.510625],[-105.232721,39.506777],[-105.233525,39.506237],[-105.233248,39.505407],[-105.231694,39.503292],[-105.229287,39.502142],[-105.226724,39.498059],[-105.211017,39.493007],[-105.206092,39.4948],[-105.204962,39.491498],[-105.207645,39.485691],[-105.214524,39.483717],[-105.21612,39.48378],[-105.217616,39.484956],[-105.219219,39.484486],[-105.218697,39.48562],[-105.220312,39.485666],[-105.221825,39.483816],[-105.219843,39.480434],[-105.223868,39.478246],[-105.224701,39.479246],[-105.224608,39.481896],[-105.228318,39.481894],[-105.228228,39.473987],[-105.227372,39.474002],[-105.227032,39.466251],[-105.222356,39.466416],[-105.222237,39.462563],[-105.212625,39.463009],[-105.212648,39.455148],[-105.207883,39.455295],[-105.208124,39.448159],[-105.203465,39.448484],[-105.202967,39.433055],[-105.185185,39.434452],[-105.184709,39.431042],[-105.179889,39.431104],[-105.179356,39.427736],[-105.166126,39.427311],[-105.161086,39.427518],[-105.161084,39.43112],[-105.129147,39.431162],[-105.133071,39.427439],[-105.135924,39.426495],[-105.137822,39.423426],[-105.140567,39.422401],[-105.142037,39.420678],[-105.14942,39.4176],[-105.154676,39.414213],[-105.161261,39.413758],[-105.166141,39.408634],[-105.169042,39.408936],[-105.170656,39.408019],[-105.174348,39.40951],[-105.178083,39.408544],[-105.180425,39.409082],[-105.181661,39.411677],[-105.183987,39.41023],[-105.185634,39.410512],[-105.186242,39.413069],[-105.188052,39.414836],[-105.189811,39.418439],[-105.191008,39.418576],[-105.193304,39.416991],[-105.19493,39.417433],[-105.19569,39.420052],[-105.200123,39.422128],[-105.200726,39.425215],[-105.204199,39.42862],[-105.207007,39.428697],[-105.20884,39.425169],[-105.218778,39.427439],[-105.220522,39.426178],[-105.221417,39.427951],[-105.22356,39.427832],[-105.22709,39.429645],[-105.225319,39.431707],[-105.225714,39.432339],[-105.22739,39.432691],[-105.230879,39.43148],[-105.23096,39.43445],[-105.232939,39.435947],[-105.235246,39.436333],[-105.238031,39.435531],[-105.239884,39.437095],[-105.242333,39.436333],[-105.244244,39.437663],[-105.250548,39.437659],[-105.251639,39.439026],[-105.256455,39.440268],[-105.262255,39.440561],[-105.264526,39.443621],[-105.267811,39.442234],[-105.272085,39.442456],[-105.273507,39.443635],[-105.274272,39.442648],[-105.275009,39.443746],[-105.281245,39.445964],[-105.287846,39.444768],[-105.290749,39.443482],[-105.296635,39.443022],[-105.299645,39.44495],[-105.301395,39.444159],[-105.301297,39.441358],[-105.302872,39.439692],[-105.310331,39.438267],[-105.311482,39.437275],[-105.311937,39.438339],[-105.313549,39.437983],[-105.314992,39.436571],[-105.313184,39.437],[-105.312952,39.435813],[-105.315819,39.43496],[-105.316059,39.446607],[-105.334515,39.446396],[-105.334553,39.448293],[-105.343886,39.44808],[-105.344082,39.453903],[-105.339569,39.454493],[-105.33956,39.457509],[-105.339673,39.461255],[-105.344377,39.461382],[-105.344146,39.464912],[-105.334633,39.464834],[-105.334333,39.470245],[-105.33669,39.470203],[-105.336558,39.472056],[-105.33894,39.472038],[-105.338624,39.475796],[-105.333928,39.47575],[-105.334375,39.480343],[-105.33911,39.480311],[-105.339482,39.48397],[-105.348534,39.483395],[-105.348378,39.479638],[-105.353031,39.47951],[-105.353059,39.475916],[-105.357775,39.475969],[-105.357769,39.476519],[-105.359706,39.476678],[-105.359222,39.479671],[-105.36091,39.479701],[-105.360904,39.481075],[-105.362565,39.481076],[-105.362588,39.484428],[-105.364641,39.483247],[-105.365807,39.480802],[-105.368047,39.479663],[-105.373276,39.483909],[-105.373526,39.485338],[-105.374949,39.485851],[-105.37548,39.488454],[-105.377149,39.489027],[-105.383041,39.493892],[-105.382035,39.49488],[-105.382679,39.49681],[-105.379168,39.499859],[-105.379546,39.500894],[-105.381068,39.501155],[-105.382483,39.500013],[-105.382105,39.501677],[-105.382902,39.502097],[-105.382245,39.503397],[-105.382904,39.5046],[-105.388669,39.504245],[-105.391311,39.507826],[-105.391788,39.5107],[-105.396767,39.513703],[-105.39835,39.513798],[-105.398949,39.566056]]]}},{"type":"Feature","properties":{"zcta5":"80439","area_name":"GOLDEN"},"geometry":{"type":"Polygon","coordinates":[[[-105.640828,39.597311],[-105.63932,39.598575],[-105.63519,39.599537],[-105.632113,39.601808],[-105.62725,39.602538],[-105.627159,39.605604],[-105.623894,39.610263],[-105.615178,39.612189],[-105.611392,39.614284],[-105.607898,39.614297],[-105.606973,39.616274],[-105.609075,39.619592],[-105.608348,39.621319],[-105.598405,39.621432],[-105.603854,39.626355],[-105.603499,39.631564],[-105.606772,39.635861],[-105.602315,39.640464],[-105.600897,39.64461],[-105.595287,39.645951],[-105.590361,39.645694],[-105.590524,39.644674],[-105.592454,39.644183],[-105.592849,39.643041],[-105.588825,39.644773],[-105.584411,39.648093],[-105.596321,39.650038],[-105.60006,39.651767],[-105.606539,39.65224],[-105.598887,39.654646],[-105.593136,39.65397],[-105.596298,39.656757],[-105.589133,39.660653],[-105.582124,39.661011],[-105.581356,39.66233],[-105.582809,39.664919],[-105.582355,39.667634],[-105.577297,39.670439],[-105.57176,39.670234],[-105.569098,39.672185],[-105.565503,39.672712],[-105.563641,39.675447],[-105.559926,39.675642],[-105.557328,39.676829],[-105.550757,39.67406],[-105.546161,39.674544],[-105.54221,39.673564],[-105.539818,39.674585],[-105.535584,39.674786],[-105.528775,39.67801],[-105.526548,39.684379],[-105.519616,39.68234],[-105.515353,39.684251],[-105.506135,39.681214],[-105.505167,39.681038],[-105.504826,39.681751],[-105.500292,39.680304],[-105.500513,39.667076],[-105.480191,39.663886],[-105.461534,39.664377],[-105.461078,39.707776],[-105.447947,39.70764],[-105.44779,39.715234],[-105.447828,39.719059],[-105.46098,39.718413],[-105.461002,39.739727],[-105.448923,39.740097],[-105.44794,39.741898],[-105.448981,39.743976],[-105.447248,39.744195],[-105.443143,39.742774],[-105.43636,39.746333],[-105.433021,39.744338],[-105.431245,39.741718],[-105.42801,39.741216],[-105.427155,39.738615],[-105.423304,39.738757],[-105.420776,39.736849],[-105.418809,39.736559],[-105.415417,39.73851],[-105.413446,39.74213],[-105.410832,39.740577],[-105.406647,39.743369],[-105.404248,39.742303],[-105.401872,39.74265],[-105.40187,39.743611],[-105.404776,39.744415],[-105.405239,39.745797],[-105.404246,39.746735],[-105.39973,39.747849],[-105.396296,39.743661],[-105.390668,39.741943],[-105.389554,39.73799],[-105.387203,39.735965],[-105.384437,39.735235],[-105.381838,39.737352],[-105.378995,39.735658],[-105.371804,39.736591],[-105.370849,39.736058],[-105.370327,39.734129],[-105.369131,39.733671],[-105.365079,39.734787],[-105.361242,39.734215],[-105.357921,39.736672],[-105.356555,39.73919],[-105.351821,39.740379],[-105.348917,39.741982],[-105.343124,39.740435],[-105.330211,39.741362],[-105.329254,39.740924],[-105.329136,39.739182],[-105.328274,39.738685],[-105.326251,39.740459],[-105.32328,39.739924],[-105.322759,39.738726],[-105.32451,39.737361],[-105.32369,39.736411],[-105.326926,39.730287],[-105.328747,39.730391],[-105.328569,39.729501],[-105.331656,39.729094],[-105.330994,39.728067],[-105.331862,39.726469],[-105.333263,39.725595],[-105.333227,39.724337],[-105.334456,39.724026],[-105.331786,39.72404],[-105.332129,39.707568],[-105.329465,39.704997],[-105.328935,39.701911],[-105.322345,39.702132],[-105.322226,39.694873],[-105.318116,39.695004],[-105.318359,39.693618],[-105.317401,39.693232],[-105.315934,39.693323],[-105.315572,39.695067],[-105.313085,39.695129],[-105.312701,39.682355],[-105.299161,39.681505],[-105.296314,39.680012],[-105.294189,39.677666],[-105.292142,39.677336],[-105.291808,39.676144],[-105.292676,39.675331],[-105.290722,39.673612],[-105.287232,39.673985],[-105.287168,39.672655],[-105.286308,39.672403],[-105.286373,39.67048],[-105.284398,39.66859],[-105.282323,39.667458],[-105.274662,39.666799],[-105.272764,39.6654],[-105.271707,39.665493],[-105.269845,39.663527],[-105.269263,39.662505],[-105.270032,39.660753],[-105.273664,39.658917],[-105.274155,39.656485],[-105.279247,39.656182],[-105.277507,39.654317],[-105.277029,39.65254],[-105.280746,39.652855],[-105.280242,39.651431],[-105.277936,39.65007],[-105.278276,39.648973],[-105.276966,39.646579],[-105.277356,39.644172],[-105.279329,39.643361],[-105.28212,39.644524],[-105.282763,39.643907],[-105.285359,39.645571],[-105.28541,39.646365],[-105.290602,39.647789],[-105.290121,39.643767],[-105.27764,39.635105],[-105.277534,39.624482],[-105.259772,39.624247],[-105.259575,39.61535],[-105.261475,39.614259],[-105.266277,39.613464],[-105.267439,39.610739],[-105.265428,39.610419],[-105.269165,39.609375],[-105.267246,39.606424],[-105.267245,39.605701],[-105.269127,39.605691],[-105.269109,39.604094],[-105.272397,39.603259],[-105.273625,39.604009],[-105.273824,39.601823],[-105.268741,39.591834],[-105.268089,39.588894],[-105.273938,39.589375],[-105.279641,39.587605],[-105.280443,39.587214],[-105.280753,39.586748],[-105.280367,39.585635],[-105.280471,39.586972],[-105.277823,39.587053],[-105.277755,39.580612],[-105.272511,39.580357],[-105.272686,39.577736],[-105.271509,39.576723],[-105.273382,39.576668],[-105.273211,39.573347],[-105.268459,39.573318],[-105.268577,39.561983],[-105.286535,39.56355],[-105.28792,39.565049],[-105.288958,39.565043],[-105.287543,39.56305],[-105.292473,39.563067],[-105.292473,39.556019],[-105.288291,39.556066],[-105.288291,39.553293],[-105.29689,39.552306],[-105.296843,39.548489],[-105.316303,39.548466],[-105.316968,39.545156],[-105.315317,39.542811],[-105.312274,39.535338],[-105.313751,39.537145],[-105.31617,39.543464],[-105.316202,39.537685],[-105.325412,39.537658],[-105.325359,39.541269],[-105.330012,39.541216],[-105.32998,39.544805],[-105.33457,39.544742],[-105.334412,39.551912],[-105.343157,39.551628],[-105.343171,39.558776],[-105.348654,39.558528],[-105.349107,39.565999],[-105.351961,39.56605],[-105.351875,39.569554],[-105.356498,39.569625],[-105.356476,39.573251],[-105.351783,39.573256],[-105.351488,39.580388],[-105.365347,39.580296],[-105.365479,39.576753],[-105.369227,39.576755],[-105.371612,39.575124],[-105.372808,39.571905],[-105.377363,39.568647],[-105.378304,39.566031],[-105.376452,39.563803],[-105.374927,39.55737],[-105.376062,39.561502],[-105.377645,39.563476],[-105.379161,39.563584],[-105.379424,39.56492],[-105.380965,39.564802],[-105.381293,39.566093],[-105.382976,39.566413],[-105.384814,39.568238],[-105.386065,39.566197],[-105.385704,39.564928],[-105.388986,39.566146],[-105.500292,39.566135],[-105.587986,39.568197],[-105.623875,39.567036],[-105.626212,39.569733],[-105.632323,39.570688],[-105.630349,39.573748],[-105.632469,39.577974],[-105.632413,39.579414],[-105.626752,39.582032],[-105.628776,39.58451],[-105.626962,39.583679],[-105.629371,39.585566],[-105.636036,39.594169],[-105.640828,39.597311]],[[-105.308742,39.645562],[-105.307456,39.644953],[-105.30741,39.643772],[-105.301891,39.643102],[-105.302298,39.647203],[-105.298461,39.647443],[-105.299205,39.644095],[-105.29449,39.644148],[-105.294078,39.652316],[-105.292221,39.652333],[-105.29218,39.654891],[-105.293355,39.65499],[-105.292557,39.656317],[-105.289288,39.657566],[-105.292631,39.659317],[-105.291876,39.65791],[-105.293217,39.657316],[-105.2954,39.659314],[-105.300972,39.658431],[-105.300953,39.657797],[-105.299997,39.657818],[-105.302083,39.657501],[-105.301281,39.656001],[-105.298474,39.656782],[-105.297139,39.655977],[-105.297135,39.65497],[-105.300233,39.655717],[-105.303447,39.654323],[-105.306972,39.653884],[-105.307405,39.652989],[-105.306347,39.652978],[-105.306908,39.649446],[-105.308173,39.648122],[-105.307811,39.646408],[-105.308742,39.645562]]]}},{"type":"Feature","properties":{"zcta5":"80452","area_name":"IDAHO SPRINGS"},"geometry":{"type":"Polygon","coordinates":[[[-105.72666,39.575044],[-105.724757,39.576786],[-105.721774,39.577831],[-105.721863,39.579543],[-105.719257,39.582383],[-105.71903,39.58845],[-105.717113,39.591469],[-105.71209,39.593903],[-105.710694,39.595724],[-105.7077,39.594778],[-105.701418,39.595006],[-105.701075,39.59592],[-105.69902,39.596719],[-105.695936,39.597062],[-105.693766,39.599346],[-105.68954,39.600374],[-105.686799,39.603458],[-105.68223,39.612481],[-105.681599,39.615237],[-105.69163,39.618887],[-105.692297,39.620276],[-105.692464,39.624987],[-105.6904,39.631026],[-105.689375,39.638692],[-105.689902,39.644265],[-105.691407,39.64948],[-105.691468,39.661749],[-105.692423,39.671661],[-105.691993,39.673195],[-105.683386,39.680134],[-105.682491,39.686945],[-105.676916,39.694028],[-105.675491,39.69831],[-105.671363,39.704192],[-105.671491,39.709538],[-105.675442,39.709387],[-105.674992,39.710298],[-105.671624,39.711271],[-105.674104,39.714709],[-105.674019,39.715607],[-105.668988,39.722325],[-105.665618,39.722488],[-105.661868,39.726929],[-105.659851,39.727474],[-105.660953,39.726386],[-105.656727,39.727677],[-105.657584,39.729838],[-105.661587,39.732805],[-105.658934,39.73846],[-105.657682,39.745784],[-105.658609,39.749987],[-105.661009,39.751812],[-105.656913,39.752279],[-105.655471,39.755392],[-105.651012,39.759635],[-105.64152,39.76218],[-105.643146,39.762361],[-105.642241,39.763932],[-105.634636,39.764403],[-105.631778,39.765452],[-105.635554,39.764008],[-105.631614,39.764137],[-105.626571,39.765983],[-105.627485,39.764649],[-105.631208,39.763156],[-105.633657,39.763067],[-105.631187,39.763019],[-105.625612,39.763566],[-105.6263,39.759859],[-105.625884,39.758471],[-105.62472,39.758345],[-105.624541,39.759314],[-105.621686,39.760113],[-105.620273,39.759585],[-105.618055,39.761665],[-105.613745,39.763258],[-105.608896,39.763017],[-105.608702,39.760666],[-105.606564,39.763275],[-105.603094,39.763273],[-105.602197,39.763262],[-105.602052,39.762416],[-105.59517,39.762349],[-105.594774,39.761616],[-105.586698,39.760552],[-105.588136,39.758592],[-105.588709,39.759369],[-105.589108,39.75878],[-105.588609,39.756945],[-105.589615,39.757269],[-105.591112,39.756105],[-105.591361,39.754079],[-105.587016,39.753035],[-105.591069,39.750058],[-105.589386,39.748864],[-105.589523,39.747091],[-105.587742,39.749064],[-105.586837,39.747622],[-105.57933,39.746742],[-105.571516,39.751984],[-105.566228,39.752061],[-105.563009,39.754171],[-105.565141,39.753874],[-105.564709,39.754907],[-105.566119,39.75667],[-105.563892,39.755581],[-105.563521,39.756163],[-105.559332,39.755689],[-105.559397,39.75692],[-105.561455,39.759047],[-105.568685,39.763126],[-105.57041,39.765155],[-105.572761,39.768842],[-105.573662,39.773106],[-105.576012,39.775881],[-105.589557,39.785967],[-105.593528,39.78812],[-105.594465,39.790067],[-105.596832,39.791525],[-105.599441,39.792309],[-105.61499,39.79277],[-105.625556,39.791102],[-105.632026,39.794532],[-105.643261,39.797808],[-105.646057,39.800622],[-105.663559,39.803922],[-105.672026,39.808582],[-105.678997,39.810931],[-105.687923,39.812398],[-105.700816,39.810787],[-105.704744,39.811143],[-105.716112,39.814299],[-105.723617,39.818428],[-105.724558,39.821986],[-105.724245,39.824073],[-105.719054,39.827794],[-105.71934,39.831051],[-105.716981,39.835472],[-105.713369,39.838212],[-105.705127,39.836612],[-105.696345,39.838919],[-105.693542,39.847853],[-105.690484,39.851924],[-105.681095,39.847287],[-105.677924,39.847281],[-105.676231,39.849218],[-105.667752,39.847527],[-105.662664,39.850016],[-105.659783,39.850448],[-105.651873,39.848291],[-105.649688,39.846506],[-105.643874,39.846098],[-105.633283,39.843702],[-105.630857,39.839255],[-105.631332,39.837322],[-105.628539,39.834362],[-105.628949,39.83274],[-105.622992,39.829385],[-105.621512,39.829547],[-105.613624,39.823033],[-105.611897,39.824626],[-105.605809,39.822642],[-105.603077,39.820513],[-105.602623,39.818114],[-105.597943,39.818358],[-105.595636,39.816111],[-105.592506,39.818398],[-105.584736,39.821786],[-105.580953,39.822726],[-105.577946,39.822492],[-105.574361,39.818884],[-105.574554,39.816625],[-105.575471,39.816453],[-105.577031,39.814156],[-105.576433,39.811521],[-105.573731,39.809587],[-105.572894,39.803655],[-105.571386,39.801526],[-105.570333,39.800532],[-105.565597,39.799367],[-105.564185,39.799736],[-105.560522,39.795069],[-105.559853,39.795545],[-105.555702,39.794422],[-105.554088,39.791863],[-105.549683,39.788929],[-105.546717,39.787967],[-105.545505,39.786882],[-105.547563,39.78594],[-105.548285,39.784027],[-105.547963,39.780765],[-105.544417,39.777759],[-105.543871,39.774955],[-105.534117,39.770268],[-105.526197,39.768783],[-105.517655,39.764924],[-105.510055,39.765702],[-105.507559,39.76311],[-105.500067,39.763063],[-105.494921,39.76407],[-105.49397,39.762917],[-105.496581,39.761106],[-105.496741,39.759553],[-105.493477,39.758172],[-105.48513,39.760063],[-105.481372,39.761635],[-105.48036,39.763708],[-105.478773,39.764211],[-105.476216,39.762603],[-105.470537,39.763545],[-105.46645,39.76167],[-105.463511,39.762453],[-105.464769,39.766646],[-105.469277,39.769134],[-105.474128,39.777171],[-105.480883,39.780618],[-105.482282,39.781977],[-105.474703,39.778576],[-105.470607,39.773844],[-105.470558,39.771799],[-105.468075,39.768952],[-105.467197,39.76856],[-105.466669,39.769949],[-105.465582,39.769791],[-105.462616,39.766208],[-105.462771,39.765018],[-105.461369,39.764844],[-105.457343,39.76158],[-105.453302,39.763145],[-105.448863,39.76273],[-105.44634,39.764344],[-105.444721,39.763215],[-105.441744,39.763082],[-105.437293,39.760783],[-105.435887,39.761887],[-105.430689,39.763339],[-105.426838,39.763579],[-105.421135,39.760707],[-105.417118,39.760596],[-105.412248,39.758333],[-105.409708,39.755216],[-105.404672,39.754405],[-105.399565,39.751422],[-105.397949,39.74604],[-105.39973,39.747849],[-105.404246,39.746735],[-105.405265,39.745715],[-105.40484,39.744468],[-105.401939,39.743664],[-105.401797,39.742705],[-105.404248,39.742303],[-105.406647,39.743369],[-105.410832,39.740577],[-105.413446,39.74213],[-105.415417,39.73851],[-105.418657,39.736572],[-105.420776,39.736849],[-105.423304,39.738757],[-105.427155,39.738615],[-105.42801,39.741216],[-105.431245,39.741718],[-105.433021,39.744338],[-105.435924,39.746334],[-105.438335,39.745823],[-105.443143,39.742774],[-105.447248,39.744195],[-105.448981,39.743976],[-105.44794,39.741898],[-105.448923,39.740097],[-105.461002,39.739727],[-105.46098,39.718413],[-105.447828,39.719059],[-105.44779,39.715234],[-105.447947,39.70764],[-105.461078,39.707776],[-105.461534,39.664377],[-105.480191,39.663886],[-105.500513,39.667076],[-105.500292,39.680304],[-105.504826,39.681751],[-105.505167,39.681038],[-105.506135,39.681214],[-105.515196,39.684231],[-105.517817,39.682656],[-105.52003,39.682348],[-105.526142,39.684469],[-105.527243,39.683777],[-105.527509,39.680505],[-105.528775,39.67801],[-105.534915,39.674949],[-105.539818,39.674585],[-105.54221,39.673564],[-105.546161,39.674544],[-105.550757,39.67406],[-105.557508,39.67681],[-105.559926,39.675642],[-105.563641,39.675447],[-105.565503,39.672712],[-105.569098,39.672185],[-105.57176,39.670234],[-105.575467,39.67079],[-105.577696,39.670283],[-105.582355,39.667634],[-105.582809,39.664919],[-105.581356,39.66233],[-105.582124,39.661011],[-105.589133,39.660653],[-105.596298,39.656757],[-105.593136,39.65397],[-105.598887,39.654646],[-105.606498,39.6523],[-105.60006,39.651767],[-105.596321,39.650038],[-105.584411,39.648093],[-105.588825,39.644773],[-105.592849,39.643041],[-105.592454,39.644183],[-105.590524,39.644674],[-105.590361,39.645694],[-105.595287,39.645951],[-105.600897,39.64461],[-105.602315,39.640464],[-105.606772,39.635861],[-105.603499,39.631564],[-105.603854,39.626355],[-105.598405,39.621432],[-105.608348,39.621319],[-105.609075,39.619592],[-105.606973,39.616274],[-105.607898,39.614297],[-105.611392,39.614284],[-105.615178,39.612189],[-105.623894,39.610263],[-105.627159,39.605604],[-105.62725,39.602538],[-105.631974,39.601861],[-105.63519,39.599537],[-105.63932,39.598575],[-105.640824,39.59738],[-105.636036,39.594169],[-105.629371,39.585566],[-105.626962,39.583679],[-105.628776,39.58451],[-105.626752,39.582032],[-105.632413,39.579414],[-105.632469,39.577974],[-105.630349,39.573748],[-105.632323,39.570688],[-105.626212,39.569733],[-105.623875,39.567036],[-105.721601,39.565269],[-105.723989,39.567098],[-105.724509,39.572894],[-105.72666,39.575044]]]}},{"type":"Feature","properties":{"zcta5":"80454","area_name":"INDIAN HILLS"},"geometry":{"type":"Polygon","coordinates":[[[-105.27764,39.635105],[-105.276853,39.642158],[-105.267557,39.641966],[-105.266156,39.642415],[-105.267143,39.644336],[-105.263597,39.644459],[-105.262946,39.644834],[-105.263459,39.64588],[-105.259609,39.645841],[-105.258918,39.64477],[-105.25808,39.652911],[-105.238157,39.65277],[-105.240224,39.645346],[-105.232095,39.645346],[-105.232142,39.637828],[-105.241211,39.637781],[-105.241023,39.624154],[-105.222272,39.624103],[-105.222105,39.620513],[-105.223934,39.618027],[-105.22655,39.619631],[-105.22845,39.61943],[-105.229781,39.61702],[-105.23264,39.6158],[-105.234085,39.61299],[-105.241775,39.613266],[-105.241626,39.609303],[-105.259584,39.609258],[-105.259772,39.624247],[-105.277534,39.624482],[-105.27764,39.635105]]]}},{"type":"Feature","properties":{"zcta5":"80457","area_name":"KITTREDGE"},"geometry":{"type":"Polygon","coordinates":[[[-105.308742,39.6457],[-105.307811,39.646408],[-105.308173,39.648122],[-105.306908,39.649446],[-105.306347,39.652978],[-105.307405,39.652989],[-105.306972,39.653884],[-105.303447,39.654323],[-105.300233,39.655717],[-105.297135,39.65497],[-105.297139,39.655977],[-105.298474,39.656782],[-105.301281,39.656001],[-105.302083,39.657501],[-105.299997,39.657818],[-105.300953,39.657797],[-105.300972,39.658431],[-105.2954,39.659314],[-105.293217,39.657316],[-105.291876,39.65791],[-105.292631,39.659317],[-105.289288,39.657566],[-105.292557,39.656317],[-105.293355,39.65499],[-105.29218,39.654891],[-105.292221,39.652333],[-105.294078,39.652316],[-105.29449,39.644148],[-105.299205,39.644095],[-105.298461,39.647443],[-105.302298,39.647203],[-105.301891,39.643102],[-105.30741,39.643772],[-105.307456,39.644953],[-105.308742,39.6457]]]}},{"type":"Feature","properties":{"zcta5":"80465","area_name":"MORRISON"},"geometry":{"type":"Polygon","coordinates":[[[-105.290829,39.647612],[-105.28541,39.646365],[-105.285359,39.645571],[-105.282763,39.643907],[-105.28212,39.644524],[-105.279329,39.643361],[-105.277356,39.644172],[-105.276966,39.646579],[-105.278276,39.648973],[-105.277936,39.65007],[-105.280015,39.651229],[-105.280822,39.652616],[-105.2783,39.653082],[-105.27718,39.652427],[-105.276777,39.653019],[-105.279247,39.656182],[-105.274155,39.656485],[-105.273664,39.658917],[-105.270153,39.660594],[-105.269263,39.662505],[-105.271707,39.665493],[-105.270913,39.666789],[-105.267455,39.665838],[-105.262467,39.668876],[-105.256337,39.668449],[-105.253226,39.667277],[-105.251722,39.665629],[-105.251679,39.66317],[-105.249777,39.66303],[-105.249765,39.662293],[-105.248103,39.663343],[-105.248094,39.660573],[-105.245664,39.659508],[-105.244645,39.656223],[-105.241874,39.654975],[-105.236977,39.658229],[-105.237142,39.660097],[-105.235273,39.661757],[-105.234913,39.660943],[-105.233031,39.660753],[-105.23304,39.659045],[-105.230488,39.660255],[-105.2278,39.66037],[-105.227821,39.658138],[-105.219313,39.657051],[-105.217447,39.653818],[-105.216277,39.653295],[-105.209624,39.653777],[-105.207654,39.652408],[-105.206636,39.653625],[-105.203494,39.652944],[-105.201785,39.653364],[-105.203855,39.655987],[-105.202583,39.65684],[-105.204995,39.659341],[-105.205461,39.662633],[-105.202982,39.664617],[-105.19911,39.663647],[-105.200682,39.665729],[-105.196352,39.670054],[-105.193862,39.6715],[-105.194561,39.676429],[-105.197166,39.680032],[-105.192425,39.675772],[-105.199084,39.70019],[-105.201632,39.702262],[-105.194221,39.711905],[-105.192326,39.709156],[-105.193488,39.700312],[-105.187853,39.690288],[-105.188518,39.681882],[-105.187734,39.681892],[-105.187823,39.674657],[-105.186131,39.67582],[-105.185326,39.673162],[-105.182626,39.669225],[-105.180937,39.671638],[-105.176822,39.667517],[-105.172353,39.667431],[-105.172435,39.663903],[-105.169835,39.662806],[-105.170292,39.662593],[-105.168901,39.661113],[-105.170134,39.660373],[-105.166658,39.657164],[-105.16458,39.657424],[-105.167402,39.653995],[-105.168989,39.653254],[-105.176307,39.652867],[-105.179206,39.65356],[-105.179702,39.653086],[-105.164489,39.650745],[-105.152275,39.65033],[-105.147488,39.648383],[-105.14974,39.646704],[-105.153883,39.646436],[-105.156798,39.642306],[-105.158318,39.641856],[-105.160702,39.639383],[-105.165375,39.637422],[-105.150734,39.63916],[-105.139211,39.639403],[-105.136591,39.64035],[-105.131719,39.643792],[-105.128586,39.640623],[-105.128656,39.625033],[-105.137693,39.625212],[-105.138158,39.6241],[-105.153456,39.624087],[-105.15121,39.621445],[-105.153058,39.620801],[-105.155671,39.622274],[-105.155594,39.619022],[-105.156162,39.618995],[-105.157482,39.622703],[-105.158639,39.622494],[-105.158576,39.624139],[-105.164005,39.623487],[-105.1605,39.615797],[-105.16008,39.609654],[-105.160735,39.608348],[-105.160101,39.60753],[-105.160919,39.606835],[-105.160756,39.605751],[-105.158915,39.602642],[-105.156654,39.601526],[-105.156317,39.600319],[-105.158933,39.60026],[-105.159771,39.599241],[-105.164084,39.60069],[-105.164269,39.602251],[-105.17504,39.602125],[-105.17614,39.599903],[-105.17811,39.600803],[-105.180157,39.599475],[-105.180857,39.5978],[-105.180478,39.596092],[-105.18211,39.595513],[-105.18005,39.595013],[-105.179628,39.593627],[-105.174638,39.592598],[-105.17491,39.591512],[-105.174027,39.591052],[-105.174431,39.589733],[-105.177485,39.589318],[-105.177573,39.588192],[-105.17991,39.588707],[-105.181506,39.587421],[-105.180078,39.587485],[-105.179409,39.586455],[-105.180911,39.584718],[-105.179409,39.584783],[-105.179659,39.583046],[-105.178491,39.581116],[-105.179159,39.579701],[-105.176905,39.578865],[-105.176738,39.575005],[-105.175737,39.574619],[-105.176905,39.572367],[-105.176202,39.572326],[-105.177675,39.570651],[-105.17984,39.570541],[-105.1828,39.568091],[-105.190415,39.564269],[-105.194084,39.564988],[-105.200016,39.568453],[-105.199909,39.565984],[-105.197493,39.563094],[-105.198933,39.560912],[-105.199977,39.563187],[-105.202613,39.565534],[-105.20412,39.564731],[-105.204284,39.561315],[-105.205308,39.560718],[-105.206683,39.56201],[-105.210291,39.563163],[-105.214038,39.566184],[-105.21432,39.562285],[-105.215353,39.562271],[-105.215285,39.55475],[-105.208377,39.554928],[-105.208258,39.551337],[-105.20942,39.542074],[-105.210598,39.541548],[-105.209065,39.540136],[-105.213172,39.539718],[-105.212484,39.538614],[-105.211462,39.538708],[-105.211781,39.537153],[-105.216454,39.533911],[-105.216461,39.531659],[-105.217184,39.530967],[-105.216552,39.52871],[-105.21753,39.528281],[-105.217012,39.526446],[-105.214238,39.524475],[-105.218697,39.519173],[-105.221058,39.5187],[-105.222816,39.516684],[-105.225518,39.516689],[-105.226611,39.517941],[-105.228441,39.518138],[-105.231099,39.516873],[-105.234381,39.513829],[-105.242848,39.513342],[-105.24455,39.51377],[-105.244991,39.515456],[-105.25045,39.520011],[-105.249901,39.521774],[-105.248382,39.520911],[-105.248796,39.52191],[-105.24812,39.522716],[-105.247201,39.52191],[-105.243024,39.521822],[-105.24441,39.522768],[-105.246118,39.526673],[-105.245291,39.527401],[-105.247468,39.534855],[-105.24552,39.538207],[-105.242789,39.539771],[-105.248818,39.54071],[-105.250427,39.542189],[-105.255917,39.542677],[-105.254665,39.541956],[-105.255983,39.541266],[-105.258829,39.541629],[-105.258611,39.543028],[-105.264432,39.545403],[-105.272151,39.546328],[-105.268304,39.546937],[-105.268459,39.573318],[-105.273211,39.573347],[-105.273382,39.576668],[-105.271509,39.576723],[-105.272686,39.577736],[-105.272511,39.580357],[-105.277755,39.580612],[-105.277823,39.587053],[-105.280471,39.586972],[-105.280367,39.585635],[-105.280753,39.586748],[-105.280443,39.587214],[-105.279641,39.587605],[-105.273938,39.589375],[-105.268089,39.588894],[-105.268741,39.591834],[-105.273855,39.602668],[-105.273625,39.604009],[-105.272397,39.603259],[-105.269428,39.603954],[-105.269127,39.605691],[-105.267245,39.605701],[-105.269165,39.609375],[-105.265463,39.61034],[-105.267439,39.610739],[-105.266277,39.613464],[-105.261475,39.614259],[-105.259575,39.61535],[-105.259584,39.609258],[-105.241626,39.609303],[-105.241775,39.613266],[-105.234085,39.61299],[-105.23264,39.6158],[-105.229781,39.61702],[-105.22793,39.619669],[-105.223934,39.618027],[-105.222105,39.620513],[-105.222272,39.624103],[-105.241023,39.624154],[-105.241211,39.637781],[-105.232142,39.637828],[-105.232095,39.645346],[-105.240224,39.645346],[-105.238157,39.65277],[-105.25808,39.652911],[-105.258918,39.64477],[-105.259609,39.645841],[-105.263459,39.64588],[-105.262946,39.644834],[-105.263597,39.644459],[-105.267143,39.644336],[-105.266156,39.642415],[-105.267557,39.641966],[-105.276853,39.642158],[-105.27764,39.635105],[-105.281581,39.638318],[-105.28967,39.643026],[-105.290829,39.647612]]]}},{"type":"Feature","properties":{"zcta5":"80501","area_name":"LONGMONT"},"geometry":{"type":"Polygon","coordinates":[[[-105.14026,40.16624],[-105.130812,40.165919],[-105.130834,40.168415],[-105.131738,40.168293],[-105.132127,40.169183],[-105.131064,40.170138],[-105.133224,40.170131],[-105.133237,40.171048],[-105.130861,40.171453],[-105.131104,40.203252],[-105.093061,40.203167],[-105.093036,40.173954],[-105.0913,40.173977],[-105.09196,40.170516],[-105.088235,40.170514],[-105.088179,40.169638],[-105.088179,40.168722],[-105.092711,40.168731],[-105.092534,40.163922],[-105.078621,40.163684],[-105.069366,40.160807],[-105.06722,40.161665],[-105.06482,40.161357],[-105.064768,40.163927],[-105.061311,40.166628],[-105.055284,40.167285],[-105.055393,40.138263],[-105.064617,40.138136],[-105.065119,40.139953],[-105.074244,40.139845],[-105.074228,40.142334],[-105.076334,40.141577],[-105.079404,40.142483],[-105.081622,40.139193],[-105.084212,40.138544],[-105.08724,40.139263],[-105.089192,40.136956],[-105.094435,40.134276],[-105.102496,40.134133],[-105.102369,40.138233],[-105.121476,40.137892],[-105.121404,40.134861],[-105.124841,40.135256],[-105.130952,40.134283],[-105.130773,40.146021],[-105.133621,40.146518],[-105.133205,40.148327],[-105.135117,40.150927],[-105.135077,40.152425],[-105.130673,40.152417],[-105.130669,40.161971],[-105.131733,40.161956],[-105.131757,40.164225],[-105.137536,40.164366],[-105.137549,40.165259],[-105.140248,40.165326],[-105.14026,40.16624]]]}},{"type":"Feature","properties":{"zcta5":"80503","area_name":"LONGMONT"},"geometry":{"type":"Polygon","coordinates":[[[-105.320747,40.177818],[-105.302395,40.177245],[-105.300597,40.198409],[-105.276865,40.197689],[-105.27692,40.201399],[-105.271855,40.200911],[-105.271849,40.204519],[-105.262844,40.204098],[-105.26254,40.211637],[-105.258183,40.211388],[-105.258254,40.214371],[-105.259545,40.215956],[-105.259102,40.21735],[-105.258314,40.217101],[-105.258214,40.217943],[-105.257674,40.21733],[-105.257768,40.218471],[-105.253637,40.220194],[-105.253592,40.22221],[-105.258242,40.222531],[-105.258316,40.219049],[-105.259648,40.218136],[-105.262948,40.220913],[-105.262885,40.222829],[-105.261336,40.22273],[-105.262148,40.22806],[-105.26078,40.226546],[-105.25966,40.226774],[-105.261222,40.230183],[-105.260017,40.230024],[-105.261773,40.232514],[-105.262101,40.234502],[-105.261278,40.234159],[-105.262608,40.237931],[-105.262715,40.243162],[-105.264737,40.244779],[-105.264889,40.250002],[-105.263748,40.253563],[-105.263659,40.257942],[-105.264669,40.261371],[-105.263936,40.262385],[-105.263476,40.268529],[-105.262734,40.269056],[-105.261784,40.264193],[-105.260292,40.263612],[-105.259987,40.262381],[-105.251743,40.262185],[-105.256885,40.266781],[-105.255873,40.270218],[-105.252322,40.275417],[-105.251689,40.275674],[-105.250245,40.273775],[-105.247199,40.27342],[-105.238989,40.269484],[-105.24185,40.273903],[-105.243499,40.279007],[-105.247705,40.279748],[-105.249506,40.28431],[-105.250046,40.284715],[-105.25187,40.283746],[-105.251194,40.284573],[-105.249439,40.284848],[-105.248047,40.283448],[-105.244862,40.28278],[-105.243367,40.286707],[-105.241732,40.286079],[-105.24119,40.284468],[-105.239886,40.283954],[-105.236778,40.285875],[-105.236125,40.283983],[-105.234098,40.282955],[-105.235804,40.280719],[-105.232998,40.278825],[-105.234029,40.276728],[-105.231766,40.274882],[-105.232011,40.270708],[-105.230254,40.270987],[-105.226891,40.269787],[-105.22464,40.270129],[-105.224008,40.26858],[-105.221778,40.268191],[-105.220458,40.26623],[-105.214664,40.264497],[-105.214236,40.262531],[-105.212629,40.262487],[-105.212623,40.261185],[-105.208144,40.261185],[-105.209624,40.256247],[-105.209326,40.253289],[-105.214852,40.248644],[-105.214838,40.246356],[-105.192843,40.246285],[-105.192868,40.238355],[-105.169234,40.238407],[-105.17028,40.242081],[-105.168753,40.243212],[-105.170114,40.245025],[-105.168774,40.245678],[-105.169096,40.247139],[-105.170027,40.247667],[-105.169511,40.248957],[-105.173912,40.249606],[-105.167118,40.250594],[-105.161417,40.256303],[-105.163417,40.256404],[-105.165417,40.257913],[-105.168506,40.256706],[-105.172022,40.259403],[-105.175689,40.258578],[-105.179646,40.261083],[-105.131155,40.261283],[-105.131174,40.246909],[-105.128749,40.246891],[-105.128607,40.243447],[-105.130516,40.244375],[-105.133222,40.24291],[-105.137593,40.242901],[-105.137506,40.239164],[-105.144237,40.23918],[-105.13945,40.23637],[-105.136205,40.228098],[-105.133375,40.227218],[-105.13256,40.225614],[-105.133357,40.223797],[-105.134776,40.222875],[-105.134175,40.221227],[-105.13518,40.219656],[-105.133324,40.217776],[-105.131049,40.217803],[-105.130861,40.171453],[-105.133237,40.171048],[-105.133224,40.170131],[-105.131064,40.170138],[-105.132127,40.169183],[-105.131738,40.168293],[-105.130834,40.168415],[-105.130812,40.165919],[-105.14026,40.16624],[-105.140248,40.165326],[-105.137549,40.165259],[-105.137536,40.164366],[-105.131757,40.164225],[-105.131733,40.161956],[-105.130669,40.161971],[-105.130673,40.152417],[-105.135077,40.152425],[-105.135117,40.150927],[-105.133205,40.148327],[-105.133621,40.146518],[-105.130773,40.146021],[-105.130914,40.142527],[-105.133149,40.137192],[-105.143655,40.126781],[-105.141014,40.12712],[-105.140447,40.12786],[-105.140452,40.127125],[-105.134864,40.127108],[-105.134882,40.124346],[-105.133769,40.124346],[-105.13378,40.123489],[-105.140519,40.123453],[-105.140806,40.116057],[-105.144779,40.112675],[-105.146918,40.111698],[-105.149414,40.112496],[-105.151325,40.111024],[-105.154723,40.110899],[-105.157988,40.109181],[-105.150725,40.108651],[-105.149795,40.109876],[-105.143329,40.109099],[-105.143063,40.110181],[-105.141984,40.109791],[-105.140931,40.110751],[-105.138878,40.110811],[-105.136696,40.112287],[-105.13678,40.113633],[-105.1356,40.114391],[-105.13507,40.11394],[-105.134426,40.114934],[-105.133403,40.114554],[-105.132616,40.115526],[-105.131714,40.115185],[-105.131008,40.116421],[-105.131268,40.072805],[-105.188085,40.072773],[-105.187912,40.087501],[-105.19027,40.088873],[-105.196284,40.083398],[-105.19624,40.08524],[-105.198091,40.083835],[-105.2023,40.083865],[-105.202648,40.087146],[-105.21824,40.086901],[-105.224675,40.085534],[-105.225838,40.086892],[-105.282139,40.087028],[-105.281977,40.100723],[-105.281205,40.104071],[-105.277525,40.105297],[-105.263635,40.105307],[-105.263662,40.112573],[-105.273071,40.112709],[-105.273017,40.116104],[-105.268851,40.116323],[-105.268274,40.117366],[-105.266968,40.115637],[-105.263655,40.114771],[-105.263486,40.112574],[-105.263762,40.118185],[-105.267396,40.123241],[-105.268523,40.123175],[-105.269796,40.124613],[-105.271004,40.124448],[-105.271454,40.125321],[-105.274182,40.126354],[-105.275973,40.128518],[-105.282306,40.12998],[-105.282242,40.14497],[-105.284283,40.145069],[-105.28389,40.146852],[-105.282242,40.14835],[-105.28112,40.151364],[-105.274114,40.158044],[-105.279516,40.159855],[-105.320573,40.160783],[-105.320747,40.177818]],[[-105.175547,40.101665],[-105.169046,40.101604],[-105.16906,40.103797],[-105.170181,40.10447],[-105.169309,40.105257],[-105.170285,40.10594],[-105.175547,40.101665]]]}},{"type":"Feature","properties":{"zcta5":"80504","area_name":"LONGMONT"},"geometry":{"type":"Polygon","coordinates":[[[-105.157899,40.10934],[-105.154723,40.110899],[-105.151325,40.111024],[-105.149414,40.112496],[-105.146918,40.111698],[-105.144779,40.112675],[-105.140806,40.116057],[-105.140519,40.123453],[-105.13378,40.123489],[-105.133769,40.124346],[-105.134882,40.124346],[-105.134864,40.127108],[-105.140452,40.127125],[-105.140447,40.12786],[-105.141014,40.12712],[-105.143655,40.126781],[-105.133149,40.137192],[-105.130804,40.143343],[-105.130952,40.134283],[-105.124841,40.135256],[-105.121404,40.134861],[-105.121476,40.137892],[-105.102369,40.138233],[-105.102496,40.134133],[-105.094435,40.134276],[-105.089192,40.136956],[-105.08724,40.139263],[-105.084212,40.138544],[-105.081622,40.139193],[-105.079404,40.142483],[-105.076334,40.141577],[-105.074228,40.142334],[-105.074244,40.139845],[-105.065119,40.139953],[-105.064617,40.138136],[-105.055393,40.138263],[-105.055284,40.167285],[-105.061311,40.166628],[-105.064768,40.163927],[-105.06482,40.161357],[-105.06722,40.161665],[-105.069366,40.160807],[-105.078621,40.163684],[-105.092534,40.163922],[-105.092711,40.168731],[-105.088179,40.168722],[-105.088179,40.169638],[-105.088235,40.170514],[-105.09196,40.170516],[-105.0913,40.173977],[-105.093036,40.173954],[-105.093061,40.203167],[-105.131104,40.203252],[-105.131049,40.217803],[-105.133324,40.217776],[-105.135251,40.219975],[-105.134175,40.221227],[-105.134776,40.222875],[-105.133357,40.223797],[-105.13256,40.225614],[-105.133619,40.227488],[-105.136205,40.228098],[-105.13945,40.23637],[-105.144237,40.23918],[-105.137506,40.239164],[-105.137593,40.242901],[-105.133222,40.24291],[-105.130516,40.244375],[-105.129054,40.243979],[-105.128851,40.243099],[-105.128749,40.246891],[-105.131174,40.246909],[-105.131155,40.261283],[-105.126355,40.262693],[-105.123773,40.261683],[-105.12171,40.262088],[-105.121697,40.266153],[-105.116928,40.266754],[-105.116613,40.268004],[-105.112243,40.270417],[-105.11223,40.272414],[-105.10952,40.272409],[-105.109519,40.271444],[-105.102465,40.271523],[-105.102451,40.261367],[-105.071919,40.261638],[-105.071827,40.25699],[-105.074148,40.253948],[-105.074226,40.251947],[-105.072082,40.249596],[-105.071988,40.246794],[-105.071035,40.245564],[-105.070297,40.245706],[-105.069817,40.247349],[-105.067817,40.2477],[-105.066885,40.248854],[-105.063574,40.24753],[-105.060965,40.248969],[-105.061359,40.250311],[-105.058628,40.251629],[-105.059187,40.252404],[-105.05594,40.253348],[-105.055101,40.253238],[-105.055074,40.247157],[-105.036492,40.247585],[-105.03643,40.232977],[-105.039192,40.232948],[-105.036379,40.227167],[-105.033841,40.227709],[-105.029426,40.227057],[-105.022672,40.228234],[-105.021548,40.232946],[-105.017636,40.232958],[-105.017307,40.218518],[-105.007872,40.218585],[-105.007983,40.208352],[-105.012824,40.196738],[-104.998476,40.196793],[-104.998473,40.189573],[-104.998428,40.204488],[-104.978891,40.204296],[-104.979794,40.208384],[-104.979868,40.219003],[-104.979675,40.229942],[-104.978834,40.233487],[-104.970268,40.233463],[-104.970205,40.22612],[-104.961272,40.227132],[-104.9589,40.225006],[-104.960123,40.223678],[-104.960242,40.221756],[-104.957825,40.222924],[-104.953884,40.221162],[-104.952869,40.221895],[-104.950868,40.220178],[-104.948391,40.220202],[-104.948356,40.217843],[-104.951267,40.217397],[-104.951248,40.209125],[-104.94455,40.209213],[-104.944555,40.210712],[-104.942656,40.210737],[-104.941756,40.210254],[-104.941776,40.20456],[-104.923107,40.204221],[-104.923401,40.187316],[-104.918218,40.18981],[-104.920157,40.192671],[-104.919888,40.193357],[-104.917083,40.193105],[-104.916039,40.193883],[-104.916217,40.19505],[-104.917679,40.195599],[-104.918246,40.196835],[-104.920186,40.196286],[-104.920394,40.197774],[-104.916813,40.198872],[-104.912873,40.201411],[-104.908813,40.201731],[-104.906865,40.20408],[-104.904724,40.20406],[-104.903943,40.202123],[-104.90417,40.199672],[-104.913044,40.187951],[-104.909159,40.187934],[-104.908972,40.179879],[-104.909026,40.186773],[-104.908239,40.186776],[-104.909049,40.189603],[-104.904373,40.189574],[-104.904338,40.18104],[-104.90897,40.179646],[-104.904338,40.180736],[-104.904336,40.175224],[-104.88571,40.174927],[-104.904342,40.175134],[-104.90498,40.116487],[-104.929893,40.116754],[-104.930338,40.11848],[-104.934823,40.119147],[-104.93926,40.121569],[-104.939273,40.116861],[-104.941937,40.116898],[-104.941945,40.131313],[-104.94204,40.102255],[-104.980452,40.102275],[-104.98066,40.125354],[-104.980686,40.121814],[-104.98454,40.121804],[-104.984516,40.124203],[-104.989282,40.124141],[-104.989399,40.116959],[-105.007166,40.116921],[-105.011492,40.121979],[-105.017708,40.116461],[-105.017723,40.10967],[-105.035055,40.109626],[-105.040515,40.108244],[-105.040651,40.107148],[-105.042569,40.107223],[-105.042726,40.105485],[-105.044322,40.105239],[-105.04489,40.106247],[-105.046107,40.105518],[-105.0463,40.104437],[-105.045312,40.104378],[-105.045182,40.103282],[-105.047158,40.10305],[-105.047973,40.102146],[-105.048288,40.101457],[-105.047582,40.101473],[-105.048991,40.099043],[-105.048077,40.098453],[-105.050556,40.095442],[-105.045473,40.095248],[-105.045534,40.087637],[-105.057138,40.0875],[-105.058576,40.083661],[-105.064032,40.079042],[-105.065383,40.076834],[-105.074418,40.073434],[-105.074489,40.065677],[-105.086925,40.065671],[-105.092202,40.061506],[-105.096276,40.060149],[-105.102671,40.059126],[-105.102471,40.072899],[-105.131268,40.072805],[-105.131008,40.116421],[-105.131714,40.115185],[-105.132616,40.115526],[-105.133403,40.114554],[-105.134426,40.114934],[-105.13507,40.11394],[-105.1356,40.114391],[-105.13678,40.113633],[-105.136696,40.112287],[-105.138878,40.110811],[-105.140931,40.110751],[-105.141984,40.109791],[-105.143063,40.110181],[-105.143329,40.109099],[-105.149795,40.109876],[-105.150725,40.108651],[-105.157899,40.10934]]]}},{"type":"Feature","properties":{"zcta5":"80513","area_name":"BERTHOUD"},"geometry":{"type":"MultiPolygon","coordinates":[[[[-105.10297,40.349466],[-105.097342,40.34948],[-105.093796,40.345335],[-105.1029,40.34538],[-105.10297,40.349466]]],[[[-105.241098,40.338343],[-105.241062,40.341346],[-105.239496,40.341971],[-105.238096,40.345776],[-105.239125,40.351485],[-105.238178,40.352167],[-105.235253,40.359031],[-105.23506,40.3626],[-105.236768,40.364324],[-105.235731,40.364955],[-105.221885,40.351654],[-105.215377,40.348193],[-105.217025,40.345242],[-105.209122,40.342606],[-105.201372,40.333177],[-105.197316,40.334287],[-105.196952,40.340443],[-105.192017,40.340474],[-105.190146,40.339723],[-105.190199,40.338851],[-105.185512,40.338764],[-105.183282,40.336962],[-105.18276,40.337386],[-105.17912,40.336235],[-105.178984,40.330399],[-105.169499,40.330542],[-105.16947,40.329553],[-105.163119,40.329586],[-105.161331,40.331379],[-105.150373,40.329391],[-105.150386,40.331025],[-105.147679,40.331464],[-105.143112,40.330498],[-105.141887,40.33128],[-105.141115,40.33458],[-105.135203,40.334435],[-105.13386,40.33684],[-105.131404,40.338003],[-105.130735,40.339909],[-105.1324,40.339734],[-105.130863,40.341106],[-105.131896,40.34237],[-105.129943,40.342457],[-105.131278,40.343018],[-105.131105,40.34399],[-105.127352,40.343246],[-105.119476,40.345522],[-105.114256,40.349429],[-105.107586,40.349455],[-105.107634,40.341748],[-105.102878,40.34174],[-105.102888,40.342648],[-105.093265,40.342613],[-105.093254,40.341684],[-105.080694,40.341766],[-105.079899,40.334394],[-105.079642,40.335058],[-105.075051,40.336117],[-105.074384,40.334482],[-105.055189,40.334511],[-105.055714,40.339355],[-105.052159,40.33762],[-105.052018,40.334555],[-105.036958,40.334822],[-105.036979,40.335791],[-105.034179,40.336085],[-105.031022,40.338832],[-105.018923,40.338695],[-105.01843,40.338372],[-105.021194,40.336616],[-105.020028,40.334904],[-105.017822,40.333846],[-105.017738,40.335319],[-104.989326,40.335412],[-104.989578,40.342632],[-104.980753,40.342734],[-104.980668,40.320881],[-104.979735,40.320893],[-104.979811,40.269676],[-104.998559,40.269549],[-104.998684,40.262524],[-105.017675,40.262332],[-105.008348,40.262268],[-105.007934,40.261584],[-105.010281,40.26134],[-105.012071,40.25958],[-105.013141,40.254718],[-105.015108,40.252714],[-105.015088,40.249178],[-105.020833,40.250367],[-105.025496,40.247667],[-105.030036,40.247598],[-105.02956,40.24552],[-105.031275,40.243142],[-105.031003,40.241533],[-105.028983,40.240288],[-105.031592,40.240281],[-105.031694,40.232999],[-105.03643,40.232977],[-105.036492,40.247585],[-105.055074,40.247157],[-105.055101,40.253238],[-105.05594,40.253348],[-105.059187,40.252404],[-105.058628,40.251629],[-105.061359,40.250311],[-105.060965,40.248969],[-105.063574,40.24753],[-105.066885,40.248854],[-105.067817,40.2477],[-105.069817,40.247349],[-105.070297,40.245706],[-105.071035,40.245564],[-105.071988,40.246794],[-105.072082,40.249596],[-105.074226,40.251947],[-105.074148,40.253948],[-105.071827,40.25699],[-105.071919,40.261638],[-105.102451,40.261367],[-105.102465,40.271523],[-105.109519,40.271444],[-105.109597,40.272423],[-105.11223,40.272414],[-105.112243,40.270417],[-105.116613,40.268004],[-105.116928,40.266754],[-105.121697,40.266153],[-105.12171,40.262088],[-105.123508,40.261683],[-105.126061,40.26271],[-105.131155,40.261283],[-105.179646,40.261083],[-105.175689,40.258578],[-105.172022,40.259403],[-105.168506,40.256706],[-105.165417,40.257913],[-105.163417,40.256404],[-105.161417,40.256303],[-105.167118,40.250594],[-105.173912,40.249606],[-105.169511,40.248957],[-105.170027,40.247667],[-105.169096,40.247139],[-105.168774,40.245678],[-105.170114,40.245025],[-105.168753,40.243212],[-105.17028,40.242081],[-105.169234,40.238407],[-105.192868,40.238355],[-105.192843,40.246285],[-105.214838,40.246356],[-105.214852,40.248644],[-105.209326,40.253289],[-105.209624,40.256247],[-105.208035,40.260929],[-105.212623,40.261185],[-105.212629,40.262487],[-105.214236,40.262531],[-105.214664,40.264497],[-105.217079,40.265266],[-105.217133,40.268459],[-105.219951,40.274497],[-105.220161,40.278698],[-105.220837,40.279996],[-105.224229,40.280026],[-105.225555,40.285228],[-105.230943,40.285379],[-105.231715,40.309795],[-105.239238,40.309896],[-105.237331,40.313966],[-105.238366,40.317484],[-105.237563,40.322984],[-105.238514,40.32643],[-105.238238,40.332835],[-105.239407,40.334304],[-105.239333,40.337503],[-105.241098,40.338343]]]]}},{"type":"Feature","properties":{"zcta5":"80514","area_name":"DACONO"},"geometry":{"type":"Polygon","coordinates":[[[-104.980016,40.048176],[-104.979729,40.083067],[-104.975783,40.085113],[-104.975214,40.087664],[-104.963079,40.087723],[-104.963178,40.089068],[-104.964994,40.090441],[-104.965262,40.091974],[-104.967644,40.092614],[-104.966719,40.094491],[-104.967224,40.098976],[-104.966388,40.100189],[-104.967625,40.102276],[-104.941552,40.102251],[-104.941312,40.087995],[-104.924193,40.087939],[-104.923933,40.058474],[-104.942327,40.058589],[-104.942497,40.044001],[-104.978526,40.043888],[-104.979358,40.044029],[-104.980016,40.048176]]]}},{"type":"Feature","properties":{"zcta5":"80516","area_name":"ERIE"},"geometry":{"type":"Polygon","coordinates":[[[-105.102943,40.018236],[-105.102831,40.021011],[-105.098718,40.020955],[-105.098721,40.021962],[-105.098018,40.022041],[-105.093371,40.021521],[-105.090996,40.022074],[-105.091084,40.023034],[-105.093327,40.023978],[-105.093379,40.036378],[-105.098147,40.036435],[-105.091534,40.036599],[-105.091539,40.038042],[-105.093072,40.03935],[-105.092059,40.041992],[-105.09323,40.043701],[-105.074519,40.044088],[-105.074453,40.057885],[-105.075926,40.057863],[-105.075935,40.058517],[-105.085136,40.058386],[-105.085135,40.057676],[-105.086168,40.057954],[-105.087126,40.057174],[-105.086725,40.055471],[-105.088384,40.056416],[-105.091907,40.055003],[-105.092021,40.055783],[-105.093381,40.05575],[-105.093383,40.061142],[-105.086925,40.065671],[-105.074489,40.065677],[-105.074418,40.073434],[-105.065383,40.076834],[-105.064032,40.079042],[-105.058576,40.083661],[-105.057138,40.0875],[-105.045534,40.087637],[-105.045473,40.095248],[-105.050556,40.095442],[-105.048077,40.098453],[-105.048991,40.099043],[-105.047582,40.101473],[-105.048288,40.101457],[-105.047973,40.102146],[-105.047158,40.10305],[-105.045182,40.103282],[-105.045312,40.104378],[-105.0463,40.104437],[-105.046107,40.105518],[-105.04489,40.106247],[-105.044322,40.105239],[-105.042726,40.105485],[-105.042569,40.107223],[-105.040651,40.107148],[-105.040515,40.108244],[-105.035055,40.109626],[-105.017723,40.10967],[-105.017708,40.116461],[-105.011492,40.121979],[-105.007166,40.116921],[-104.989399,40.116959],[-104.989282,40.124141],[-104.984516,40.124203],[-104.98454,40.121804],[-104.980686,40.121814],[-104.98066,40.125354],[-104.980452,40.102275],[-104.967625,40.102276],[-104.966388,40.100189],[-104.967224,40.098976],[-104.966719,40.094491],[-104.967644,40.092614],[-104.965262,40.091974],[-104.964994,40.090441],[-104.963387,40.089411],[-104.96303,40.087969],[-104.975214,40.087664],[-104.975674,40.085224],[-104.979786,40.082933],[-104.980012,40.047725],[-104.979358,40.044029],[-104.953032,40.044135],[-104.954321,40.038301],[-104.9538,40.037329],[-104.942628,40.036735],[-104.942577,40.029448],[-104.952025,40.029451],[-104.952231,40.027114],[-104.95376,40.026315],[-104.943217,40.008163],[-104.941957,40.000436],[-104.942644,40.000432],[-104.943561,40.007903],[-104.947438,40.014903],[-104.961202,40.014981],[-104.961405,40.000337],[-104.981051,40.000327],[-104.980905,40.014926],[-104.981772,40.014932],[-104.989614,40.01489],[-104.989647,40.007679],[-105.007995,40.007581],[-105.008011,40.000291],[-105.055518,40.000251],[-105.055448,40.014774],[-105.064959,40.014815],[-105.065004,40.021998],[-105.055392,40.021971],[-105.055372,40.029309],[-105.074411,40.029477],[-105.074405,40.022117],[-105.074618,40.025774],[-105.083898,40.025697],[-105.083875,40.022037],[-105.07903,40.022081],[-105.080578,40.02125],[-105.083618,40.016518],[-105.083849,40.014747],[-105.102923,40.015],[-105.102943,40.018236]],[[-105.07441,40.044089],[-105.069756,40.044017],[-105.069774,40.047727],[-105.065006,40.047694],[-105.06499,40.050858],[-105.074341,40.051221],[-105.07441,40.044089]],[[-105.074326,40.054225],[-105.074324,40.051782],[-105.070777,40.051749],[-105.070781,40.052885],[-105.07301,40.052882],[-105.073643,40.054932],[-105.074326,40.054225]]]}},{"type":"Feature","properties":{"zcta5":"80520","area_name":"FIRESTONE"},"geometry":{"type":"Polygon","coordinates":[[[-104.942036,40.103162],[-104.941945,40.131313],[-104.94181,40.131313],[-104.941937,40.116898],[-104.939273,40.116861],[-104.93926,40.121569],[-104.934823,40.119147],[-104.930338,40.11848],[-104.929893,40.116754],[-104.923747,40.116687],[-104.923823,40.109433],[-104.941905,40.109559],[-104.941965,40.102332],[-104.938244,40.10231],[-104.938229,40.103221],[-104.938194,40.102215],[-104.94204,40.102255],[-104.942036,40.103162]]]}},{"type":"Feature","properties":{"zcta5":"80521","area_name":"FORT COLLINS"},"geometry":{"type":"Polygon","coordinates":[[[-105.173954,40.609863],[-105.171521,40.616005],[-105.168307,40.616877],[-105.163119,40.619821],[-105.16726,40.624011],[-105.171437,40.625898],[-105.161794,40.625918],[-105.165593,40.626881],[-105.16908,40.629606],[-105.168261,40.629737],[-105.163691,40.627482],[-105.161005,40.62873],[-105.154171,40.626078],[-105.148136,40.62605],[-105.141583,40.624126],[-105.139487,40.620966],[-105.131235,40.619182],[-105.12814,40.619299],[-105.125735,40.616082],[-105.121002,40.614592],[-105.120179,40.612729],[-105.116623,40.614209],[-105.114975,40.613713],[-105.113464,40.611646],[-105.107497,40.61234],[-105.105781,40.609303],[-105.103374,40.607015],[-105.099211,40.604608],[-105.091905,40.600974],[-105.087348,40.60098],[-105.084987,40.598983],[-105.079126,40.598071],[-105.078134,40.595654],[-105.078682,40.592944],[-105.084232,40.594132],[-105.07893,40.592168],[-105.078982,40.579739],[-105.079839,40.579687],[-105.079841,40.578836],[-105.076963,40.578093],[-105.076971,40.573208],[-105.076331,40.573205],[-105.076346,40.5721],[-105.076963,40.572103],[-105.076955,40.570995],[-105.07894,40.570806],[-105.078933,40.568729],[-105.082687,40.56875],[-105.08276,40.567128],[-105.096021,40.567242],[-105.097203,40.567657],[-105.097198,40.568452],[-105.099419,40.568479],[-105.10014,40.568482],[-105.100186,40.567607],[-105.102779,40.567346],[-105.115909,40.567524],[-105.115924,40.568289],[-105.122663,40.568161],[-105.123055,40.568845],[-105.125729,40.568399],[-105.125693,40.567667],[-105.126398,40.56828],[-105.128839,40.567839],[-105.128838,40.568443],[-105.134867,40.567794],[-105.136128,40.568117],[-105.136133,40.569201],[-105.139015,40.568984],[-105.139539,40.570086],[-105.14211,40.569651],[-105.142749,40.568118],[-105.145408,40.568278],[-105.147639,40.573829],[-105.153345,40.573818],[-105.153257,40.562735],[-105.155012,40.567356],[-105.157428,40.579144],[-105.158868,40.580615],[-105.159049,40.582501],[-105.161272,40.584534],[-105.162726,40.591655],[-105.164037,40.592592],[-105.16604,40.597887],[-105.171613,40.603191],[-105.17374,40.607428],[-105.173954,40.609863]]]}},{"type":"Feature","properties":{"zcta5":"80524","area_name":"FORT COLLINS"},"geometry":{"type":"Polygon","coordinates":[[[-105.171529,40.780131],[-105.170389,40.797118],[-105.17055,40.841545],[-105.166193,40.838097],[-105.159756,40.836024],[-105.157549,40.836208],[-105.150118,40.832678],[-105.143543,40.827191],[-105.143785,40.82616],[-105.148038,40.82403],[-105.145296,40.818647],[-105.145509,40.816042],[-105.144792,40.815008],[-105.143134,40.814657],[-105.142278,40.812885],[-105.143178,40.809563],[-105.138383,40.803672],[-105.138253,40.800807],[-105.136963,40.799277],[-105.13806,40.797736],[-105.137875,40.794532],[-105.138929,40.79344],[-105.137344,40.78907],[-105.138299,40.775218],[-105.137107,40.773896],[-105.126793,40.772872],[-105.114506,40.76965],[-105.095061,40.769598],[-105.095117,40.754816],[-105.057063,40.754794],[-105.057243,40.732915],[-105.061074,40.733005],[-105.061128,40.72922],[-105.06241,40.728922],[-105.060897,40.728495],[-105.061494,40.72672],[-105.060301,40.725041],[-105.059104,40.719866],[-105.057994,40.717727],[-105.056958,40.717732],[-105.057122,40.711323],[-105.068027,40.711317],[-105.067392,40.702837],[-105.068159,40.696727],[-105.058497,40.696988],[-105.055932,40.694994],[-105.050822,40.695249],[-105.046036,40.693358],[-105.045014,40.69394],[-105.040572,40.693081],[-105.043897,40.692688],[-105.041811,40.689982],[-105.037869,40.687177],[-105.037699,40.684862],[-105.029653,40.680869],[-105.029054,40.679599],[-105.025502,40.678104],[-105.02229,40.674897],[-105.021467,40.670132],[-105.023235,40.668996],[-105.026708,40.669261],[-105.026919,40.668132],[-105.000733,40.667925],[-105.000627,40.675179],[-104.981389,40.675135],[-104.981341,40.678759],[-104.964709,40.678707],[-104.964586,40.682342],[-104.910429,40.683099],[-104.910195,40.675438],[-104.905491,40.675533],[-104.905185,40.668666],[-104.886629,40.668836],[-104.888468,40.615184],[-104.889532,40.614369],[-104.890765,40.609908],[-104.888456,40.608145],[-104.888627,40.595937],[-104.869686,40.595902],[-104.869808,40.58151],[-104.850974,40.581282],[-104.851007,40.552354],[-104.869906,40.552402],[-104.870065,40.541152],[-104.871446,40.545176],[-104.879441,40.545164],[-104.879458,40.537876],[-104.874969,40.537904],[-104.873186,40.536273],[-104.871118,40.535678],[-104.870088,40.53764],[-104.87016,40.530352],[-104.871936,40.530342],[-104.877584,40.532422],[-104.872119,40.530563],[-104.870849,40.531313],[-104.882989,40.539876],[-104.882326,40.544659],[-104.885235,40.545072],[-104.89282,40.550704],[-104.89522,40.550682],[-104.897051,40.548852],[-104.898131,40.548807],[-104.897325,40.546061],[-104.898777,40.548989],[-104.899836,40.548528],[-104.90109,40.546284],[-104.904556,40.547005],[-104.906941,40.548931],[-104.907773,40.545275],[-104.907909,40.567035],[-104.926773,40.567088],[-104.926917,40.552578],[-104.944151,40.551715],[-104.944107,40.566325],[-104.945037,40.56518],[-104.944258,40.56376],[-104.944251,40.559054],[-104.963138,40.559181],[-104.963145,40.557864],[-104.960414,40.556602],[-104.959152,40.557909],[-104.95797,40.557857],[-104.957596,40.556276],[-104.955572,40.556009],[-104.954355,40.554945],[-104.95135,40.555458],[-104.950877,40.554162],[-104.953652,40.552731],[-104.953657,40.551801],[-104.956129,40.549053],[-104.953486,40.548119],[-104.94435,40.54906],[-104.944334,40.537394],[-104.963465,40.537538],[-104.963189,40.541372],[-104.969517,40.543889],[-104.971908,40.546762],[-104.972774,40.560905],[-104.974799,40.562794],[-104.974006,40.566464],[-104.965574,40.566422],[-104.964778,40.568021],[-104.963179,40.567897],[-104.963154,40.573567],[-104.966288,40.573614],[-104.966632,40.574384],[-104.968321,40.574686],[-104.969543,40.573466],[-104.969544,40.572233],[-104.973811,40.573933],[-104.974101,40.575887],[-104.971493,40.57582],[-104.971334,40.577304],[-104.982041,40.57745],[-104.982095,40.566532],[-105.027236,40.567039],[-105.027245,40.569455],[-105.031395,40.571857],[-105.032053,40.573874],[-105.034947,40.576206],[-105.034982,40.578134],[-105.037864,40.577067],[-105.03912,40.575631],[-105.039214,40.56717],[-105.045041,40.567081],[-105.045041,40.570457],[-105.046027,40.57184],[-105.046995,40.571161],[-105.046697,40.567065],[-105.078936,40.567096],[-105.07894,40.570806],[-105.076955,40.570995],[-105.076331,40.573205],[-105.076971,40.573208],[-105.076963,40.578093],[-105.079841,40.578836],[-105.079839,40.579687],[-105.078982,40.579739],[-105.07893,40.592168],[-105.084232,40.594132],[-105.078682,40.592944],[-105.078134,40.595654],[-105.079126,40.598071],[-105.084987,40.598983],[-105.087348,40.60098],[-105.091905,40.600974],[-105.099211,40.604608],[-105.103374,40.607015],[-105.105781,40.609303],[-105.107497,40.61234],[-105.113464,40.611646],[-105.114975,40.613713],[-105.116623,40.614209],[-105.120179,40.612729],[-105.121002,40.614592],[-105.125735,40.616082],[-105.12814,40.619299],[-105.131235,40.619182],[-105.139552,40.621017],[-105.137994,40.625684],[-105.133265,40.625641],[-105.13307,40.632909],[-105.13061,40.632892],[-105.130481,40.640145],[-105.127981,40.640124],[-105.128024,40.642425],[-105.137431,40.645997],[-105.136969,40.651227],[-105.135347,40.654341],[-105.13575,40.656909],[-105.138067,40.658527],[-105.14028,40.661856],[-105.143568,40.664194],[-105.146803,40.672333],[-105.144738,40.674039],[-105.146549,40.677161],[-105.147072,40.684408],[-105.144803,40.687096],[-105.146673,40.690762],[-105.145082,40.698578],[-105.142671,40.704851],[-105.137908,40.704432],[-105.133644,40.708264],[-105.133555,40.726002],[-105.129531,40.726134],[-105.138782,40.73221],[-105.138665,40.734446],[-105.131866,40.745345],[-105.13254,40.748139],[-105.135376,40.746796],[-105.134117,40.749982],[-105.136764,40.75488],[-105.134697,40.75668],[-105.134651,40.759423],[-105.133567,40.760956],[-105.133584,40.770174],[-105.143928,40.771773],[-105.145654,40.772673],[-105.145408,40.773979],[-105.146399,40.774573],[-105.152787,40.772076],[-105.155333,40.772297],[-105.155907,40.776013],[-105.157233,40.777108],[-105.160606,40.775668],[-105.166344,40.766643],[-105.168638,40.76562],[-105.171851,40.765629],[-105.171529,40.780131]]]}},{"type":"Feature","properties":{"zcta5":"80525","area_name":"FORT COLLINS"},"geometry":{"type":"Polygon","coordinates":[[[-105.09635,40.486392],[-105.096266,40.494478],[-105.090867,40.494568],[-105.081174,40.511419],[-105.079817,40.55895],[-105.078936,40.567096],[-105.046697,40.567065],[-105.046995,40.571161],[-105.046027,40.57184],[-105.045041,40.570457],[-105.045041,40.567081],[-105.039214,40.56717],[-105.03912,40.575631],[-105.037864,40.577067],[-105.034982,40.578134],[-105.034947,40.576206],[-105.032053,40.573874],[-105.031395,40.571857],[-105.027245,40.569455],[-105.027236,40.567039],[-104.974006,40.566464],[-104.974799,40.562794],[-104.972774,40.560905],[-104.971908,40.546762],[-104.969517,40.543889],[-104.963189,40.541372],[-104.96347,40.537434],[-104.994702,40.537689],[-104.99505,40.539179],[-104.995905,40.539388],[-104.994024,40.53284],[-104.99622,40.534061],[-104.999508,40.537642],[-105.001259,40.537642],[-105.001298,40.526757],[-105.008115,40.526808],[-105.011288,40.529431],[-105.020202,40.529548],[-105.019653,40.524552],[-105.015443,40.524305],[-105.015561,40.523438],[-105.029527,40.52313],[-105.029703,40.53048],[-105.034582,40.530598],[-105.034917,40.52338],[-105.043589,40.523365],[-105.048897,40.507176],[-105.048767,40.488414],[-105.047663,40.486032],[-105.03829,40.476005],[-105.033064,40.465666],[-105.053407,40.465538],[-105.049585,40.461911],[-105.049937,40.461009],[-105.051604,40.460902],[-105.055842,40.462136],[-105.058354,40.461831],[-105.058417,40.463944],[-105.061177,40.465535],[-105.077448,40.465606],[-105.077415,40.480171],[-105.096443,40.479978],[-105.09635,40.486392]]]}},{"type":"Feature","properties":{"zcta5":"80526","area_name":"FORT COLLINS"},"geometry":{"type":"Polygon","coordinates":[[[-105.200165,40.486891],[-105.197773,40.491114],[-105.199512,40.496598],[-105.198058,40.499816],[-105.198576,40.503473],[-105.197306,40.50498],[-105.198203,40.506182],[-105.189831,40.512404],[-105.184166,40.521721],[-105.182203,40.522666],[-105.182017,40.543653],[-105.180141,40.542881],[-105.179214,40.543441],[-105.177858,40.542481],[-105.177868,40.540394],[-105.176054,40.539251],[-105.173515,40.539182],[-105.170451,40.541046],[-105.168047,40.540175],[-105.167035,40.538068],[-105.162721,40.53804],[-105.163622,40.542942],[-105.16308,40.543992],[-105.164467,40.544933],[-105.163829,40.545478],[-105.164714,40.546378],[-105.160877,40.544942],[-105.159374,40.546219],[-105.159694,40.548016],[-105.157489,40.547442],[-105.160854,40.556118],[-105.16228,40.556215],[-105.162486,40.554777],[-105.163021,40.55543],[-105.167796,40.554189],[-105.16682,40.555213],[-105.167934,40.555351],[-105.167667,40.556522],[-105.167209,40.555892],[-105.163814,40.55564],[-105.164218,40.55896],[-105.16286,40.557592],[-105.161433,40.557554],[-105.163684,40.563078],[-105.163631,40.566379],[-105.164371,40.568099],[-105.165477,40.568426],[-105.164699,40.569144],[-105.166324,40.570434],[-105.168224,40.574913],[-105.169604,40.572686],[-105.17139,40.573116],[-105.170474,40.573838],[-105.170528,40.575662],[-105.168331,40.576039],[-105.169326,40.582705],[-105.162204,40.584517],[-105.159609,40.582435],[-105.160251,40.58092],[-105.15903,40.578886],[-105.159823,40.576687],[-105.158046,40.570694],[-105.157924,40.567689],[-105.154948,40.5615],[-105.149417,40.556061],[-105.148789,40.556383],[-105.151308,40.55948],[-105.14717,40.559644],[-105.147174,40.557812],[-105.145533,40.557543],[-105.145625,40.562376],[-105.144976,40.563175],[-105.143479,40.562367],[-105.143433,40.566556],[-105.145113,40.567035],[-105.145408,40.568278],[-105.142749,40.568118],[-105.14211,40.569651],[-105.139539,40.570086],[-105.139015,40.568984],[-105.136133,40.569201],[-105.136128,40.568117],[-105.134867,40.567794],[-105.128838,40.568443],[-105.128839,40.567839],[-105.126398,40.56828],[-105.125693,40.567667],[-105.125729,40.568399],[-105.123055,40.568845],[-105.122663,40.568161],[-105.115924,40.568289],[-105.115909,40.567524],[-105.115114,40.567495],[-105.102779,40.567346],[-105.100186,40.567607],[-105.10014,40.568482],[-105.099419,40.568479],[-105.097198,40.568452],[-105.097203,40.567657],[-105.096021,40.567242],[-105.08276,40.567128],[-105.082687,40.56875],[-105.078933,40.568729],[-105.081253,40.511061],[-105.090867,40.494568],[-105.096266,40.494478],[-105.096438,40.451018],[-105.115542,40.451007],[-105.115652,40.480031],[-105.1246,40.480135],[-105.124615,40.472795],[-105.182259,40.473086],[-105.182108,40.477725],[-105.181005,40.478261],[-105.181229,40.479152],[-105.17864,40.479161],[-105.179685,40.479904],[-105.178945,40.479782],[-105.177378,40.482111],[-105.175989,40.481862],[-105.176539,40.482361],[-105.173029,40.483718],[-105.174558,40.485892],[-105.172881,40.487431],[-105.176799,40.487422],[-105.175947,40.48778],[-105.177059,40.488014],[-105.177333,40.489275],[-105.178874,40.488898],[-105.180737,40.489599],[-105.188111,40.487447],[-105.189061,40.489535],[-105.18972,40.489523],[-105.19025,40.487994],[-105.190808,40.488159],[-105.190555,40.486014],[-105.193547,40.483533],[-105.199679,40.483709],[-105.200165,40.486891]]]}},{"type":"Feature","properties":{"zcta5":"80528","area_name":"FORT COLLINS"},"geometry":{"type":"Polygon","coordinates":[[[-105.048979,40.506225],[-105.043589,40.523365],[-105.034917,40.52338],[-105.034582,40.530598],[-105.029703,40.53048],[-105.029527,40.52313],[-105.015561,40.523438],[-105.015443,40.524305],[-105.019653,40.524552],[-105.01936,40.526447],[-105.020296,40.52646],[-105.020281,40.529531],[-105.011288,40.529431],[-105.008115,40.526808],[-105.001298,40.526757],[-105.001259,40.537642],[-104.999508,40.537642],[-104.99622,40.534061],[-104.994024,40.53284],[-104.992492,40.52337],[-104.980904,40.522983],[-104.98024,40.520975],[-104.978649,40.520974],[-104.97829,40.519346],[-104.979357,40.519306],[-104.975752,40.515939],[-104.974322,40.516217],[-104.975827,40.522957],[-104.963319,40.522892],[-104.962952,40.508738],[-104.972045,40.508558],[-104.972154,40.50494],[-104.967837,40.505019],[-104.967551,40.502568],[-104.958648,40.501362],[-104.958719,40.500011],[-104.962855,40.501414],[-104.962866,40.498688],[-104.958147,40.493768],[-104.953512,40.493728],[-104.95348,40.491703],[-104.94874,40.492196],[-104.944949,40.490003],[-104.944032,40.488604],[-104.944116,40.473375],[-104.944998,40.473774],[-104.944475,40.475099],[-104.9451,40.475749],[-104.951018,40.475212],[-104.953568,40.479303],[-104.958332,40.479334],[-104.958416,40.472041],[-104.953666,40.472058],[-104.953674,40.457506],[-104.963291,40.457531],[-104.963244,40.462944],[-104.965581,40.463889],[-104.965581,40.464819],[-104.992112,40.464725],[-104.992166,40.457577],[-105.00145,40.457544],[-105.001347,40.463271],[-105.005622,40.464764],[-105.007411,40.462427],[-105.006805,40.460471],[-105.007304,40.459514],[-105.009884,40.458946],[-105.016011,40.464306],[-105.018091,40.465413],[-105.020337,40.465513],[-105.020413,40.457806],[-105.029133,40.457793],[-105.03829,40.476005],[-105.048409,40.487265],[-105.048979,40.506225]]]}},{"type":"Feature","properties":{"zcta5":"80530","area_name":"FREDERICK"},"geometry":{"type":"Polygon","coordinates":[[[-104.941963,40.102499],[-104.941905,40.109559],[-104.923823,40.109433],[-104.923747,40.116687],[-104.90498,40.116487],[-104.905191,40.096638],[-104.906382,40.096641],[-104.906433,40.094854],[-104.914602,40.094852],[-104.914764,40.0877],[-104.941312,40.087995],[-104.941552,40.102251],[-104.938194,40.102215],[-104.938229,40.103221],[-104.938244,40.10231],[-104.941963,40.102499]]]}},{"type":"Feature","properties":{"zcta5":"80534","area_name":"JOHNSTOWN"},"geometry":{"type":"Polygon","coordinates":[[[-104.993578,40.399982],[-104.993303,40.407082],[-104.907207,40.406802],[-104.907616,40.362295],[-104.903689,40.359704],[-104.897976,40.358352],[-104.898307,40.355056],[-104.896513,40.354209],[-104.89469,40.351943],[-104.895528,40.35073],[-104.897501,40.351624],[-104.899535,40.351258],[-104.898819,40.348901],[-104.895948,40.3489],[-104.894901,40.348144],[-104.894574,40.346496],[-104.893288,40.345878],[-104.88951,40.346447],[-104.886628,40.344809],[-104.881908,40.344307],[-104.88096,40.343266],[-104.879285,40.343005],[-104.877286,40.339682],[-104.872819,40.339052],[-104.872763,40.337644],[-104.881976,40.337764],[-104.881852,40.334303],[-104.878762,40.333877],[-104.88675,40.333984],[-104.886654,40.327042],[-104.896348,40.327201],[-104.896091,40.306584],[-104.898709,40.306621],[-104.89874,40.308452],[-104.897661,40.308437],[-104.897675,40.309261],[-104.900278,40.309297],[-104.900216,40.305653],[-104.886415,40.305401],[-104.88639,40.301674],[-104.876978,40.301495],[-104.877032,40.305174],[-104.867652,40.304954],[-104.868043,40.290683],[-104.856226,40.287803],[-104.856144,40.284558],[-104.8652,40.28003],[-104.86512,40.277838],[-104.866352,40.275886],[-104.873488,40.271982],[-104.874513,40.269903],[-104.877178,40.268629],[-104.882194,40.261999],[-104.941712,40.262832],[-104.941718,40.270021],[-104.94692,40.267735],[-104.951409,40.263799],[-104.951262,40.269849],[-104.979811,40.269676],[-104.979735,40.320893],[-104.980668,40.320881],[-104.980919,40.349167],[-104.982346,40.356823],[-104.993101,40.377973],[-104.992903,40.392571],[-104.993578,40.399982]]]}},{"type":"Feature","properties":{"zcta5":"80537","area_name":"LOVELAND"},"geometry":{"type":"MultiPolygon","coordinates":[[[[-105.240334,40.303134],[-105.239423,40.304506],[-105.239238,40.309896],[-105.231715,40.309795],[-105.230943,40.285379],[-105.225555,40.285228],[-105.224229,40.280026],[-105.220837,40.279996],[-105.219776,40.273898],[-105.217133,40.268459],[-105.217079,40.265266],[-105.220702,40.266368],[-105.221778,40.268191],[-105.224008,40.26858],[-105.22464,40.270129],[-105.226891,40.269787],[-105.230254,40.270987],[-105.232011,40.270708],[-105.231766,40.274882],[-105.234029,40.276728],[-105.232998,40.278825],[-105.235804,40.280719],[-105.234098,40.282955],[-105.236125,40.283983],[-105.238666,40.290269],[-105.237754,40.291725],[-105.238302,40.292587],[-105.237647,40.294277],[-105.237712,40.299479],[-105.238759,40.30004],[-105.239169,40.302788],[-105.240334,40.303134]]],[[[-105.403557,40.375387],[-105.335045,40.371268],[-105.33574,40.378006],[-105.379219,40.378568],[-105.380194,40.409819],[-105.378149,40.410471],[-105.376249,40.413435],[-105.372702,40.41611],[-105.366632,40.414548],[-105.363051,40.414908],[-105.359358,40.417551],[-105.35819,40.420726],[-105.35094,40.423221],[-105.34895,40.426842],[-105.340034,40.427821],[-105.340957,40.431447],[-105.338779,40.433183],[-105.345749,40.433644],[-105.345927,40.435571],[-105.344571,40.439144],[-105.342737,40.438217],[-105.343535,40.440176],[-105.339023,40.441623],[-105.33725,40.444011],[-105.335681,40.444352],[-105.334735,40.443629],[-105.333625,40.444847],[-105.33172,40.44529],[-105.333305,40.447015],[-105.333524,40.449911],[-105.322254,40.449626],[-105.321063,40.450429],[-105.319008,40.450392],[-105.31779,40.451481],[-105.317114,40.450299],[-105.314462,40.450357],[-105.315731,40.452309],[-105.313221,40.451403],[-105.314741,40.454085],[-105.303115,40.459524],[-105.303042,40.462334],[-105.301405,40.464494],[-105.297476,40.466538],[-105.290496,40.465793],[-105.292359,40.468113],[-105.290042,40.469129],[-105.289763,40.470404],[-105.285028,40.471273],[-105.279203,40.47371],[-105.270175,40.482382],[-105.256668,40.463284],[-105.252596,40.460097],[-105.250541,40.459871],[-105.24343,40.453733],[-105.235662,40.452352],[-105.238694,40.449764],[-105.224582,40.438228],[-105.225375,40.436606],[-105.228229,40.434949],[-105.226011,40.421486],[-105.221273,40.419138],[-105.215808,40.411904],[-105.214033,40.410752],[-105.20531,40.411036],[-105.198264,40.412699],[-105.193379,40.416944],[-105.188288,40.418059],[-105.190444,40.42195],[-105.180923,40.421472],[-105.176186,40.422212],[-105.175561,40.420772],[-105.173384,40.42041],[-105.17158,40.418112],[-105.17225,40.416242],[-105.169193,40.414329],[-105.166236,40.410809],[-105.149314,40.407461],[-105.151756,40.412918],[-105.147761,40.413881],[-105.143433,40.407147],[-105.141205,40.409308],[-105.136815,40.40807],[-105.13468,40.408525],[-105.134312,40.407326],[-105.126523,40.407233],[-105.125711,40.407988],[-105.12511,40.407197],[-105.122077,40.407227],[-105.122109,40.409503],[-105.120375,40.409538],[-105.120373,40.407264],[-105.119239,40.407301],[-105.119771,40.409902],[-105.119019,40.41056],[-105.119382,40.41132],[-105.117881,40.412111],[-105.118011,40.413371],[-105.111523,40.412208],[-105.111502,40.410996],[-105.113481,40.410476],[-105.114008,40.408669],[-105.115143,40.408332],[-105.115047,40.407411],[-105.110354,40.407328],[-105.110345,40.409299],[-105.108019,40.409294],[-105.108039,40.407269],[-105.095363,40.407148],[-105.09163,40.405234],[-105.088056,40.40462],[-105.082975,40.405909],[-105.080545,40.407766],[-105.07172,40.407325],[-105.068212,40.407732],[-105.068196,40.40907],[-105.059132,40.408101],[-105.058731,40.407288],[-105.05369,40.407288],[-105.053693,40.408311],[-105.05098,40.408303],[-105.050669,40.407477],[-104.995521,40.40681],[-104.993532,40.40496],[-104.993101,40.377973],[-104.982346,40.356823],[-104.980417,40.34264],[-104.989578,40.342632],[-104.989326,40.335412],[-105.017738,40.335319],[-105.017822,40.333846],[-105.020028,40.334904],[-105.021194,40.336616],[-105.01843,40.338372],[-105.018923,40.338695],[-105.031022,40.338832],[-105.034179,40.336085],[-105.036979,40.335791],[-105.036958,40.334822],[-105.052018,40.334555],[-105.052159,40.33762],[-105.055714,40.339355],[-105.055189,40.334511],[-105.074384,40.334482],[-105.075051,40.336117],[-105.079642,40.335058],[-105.079899,40.334394],[-105.080694,40.341766],[-105.093254,40.341684],[-105.093265,40.342613],[-105.102888,40.342648],[-105.102878,40.34174],[-105.107634,40.341748],[-105.107586,40.349455],[-105.114256,40.349429],[-105.119476,40.345522],[-105.127352,40.343246],[-105.131105,40.34399],[-105.131278,40.343018],[-105.129943,40.342457],[-105.131896,40.34237],[-105.130863,40.341106],[-105.1324,40.339734],[-105.130735,40.339909],[-105.131404,40.338003],[-105.13386,40.33684],[-105.135203,40.334435],[-105.141115,40.33458],[-105.141887,40.33128],[-105.143112,40.330498],[-105.147679,40.331464],[-105.150386,40.331025],[-105.150373,40.329391],[-105.161331,40.331379],[-105.163119,40.329586],[-105.16947,40.329553],[-105.169499,40.330542],[-105.178984,40.330399],[-105.17912,40.336235],[-105.18276,40.337386],[-105.183282,40.336962],[-105.185512,40.338764],[-105.190199,40.338851],[-105.190146,40.339723],[-105.192017,40.340474],[-105.196952,40.340443],[-105.197316,40.334287],[-105.201372,40.333177],[-105.209122,40.342606],[-105.217025,40.345242],[-105.215377,40.348193],[-105.221885,40.351654],[-105.235731,40.364955],[-105.236768,40.364324],[-105.23506,40.3626],[-105.235295,40.358828],[-105.238178,40.352167],[-105.239132,40.351444],[-105.238096,40.345776],[-105.239496,40.341971],[-105.241062,40.341346],[-105.241085,40.338232],[-105.239333,40.337503],[-105.239407,40.334304],[-105.238238,40.332835],[-105.238514,40.32643],[-105.237563,40.322984],[-105.238366,40.317484],[-105.237565,40.313104],[-105.239238,40.309896],[-105.263299,40.309754],[-105.261175,40.315165],[-105.261436,40.321739],[-105.268762,40.32361],[-105.286175,40.323499],[-105.289311,40.325001],[-105.291436,40.327403],[-105.291662,40.330202],[-105.293269,40.330902],[-105.293467,40.331994],[-105.291982,40.33421],[-105.291516,40.339184],[-105.28947,40.34411],[-105.290541,40.345893],[-105.287464,40.349764],[-105.28702,40.351741],[-105.296307,40.352203],[-105.299258,40.353077],[-105.301103,40.35592],[-105.305936,40.356623],[-105.30709,40.359464],[-105.309457,40.359697],[-105.3153,40.363707],[-105.326527,40.363698],[-105.327324,40.349122],[-105.358496,40.348742],[-105.371773,40.349911],[-105.390611,40.350222],[-105.390869,40.328852],[-105.393081,40.329266],[-105.395612,40.349864],[-105.403284,40.350163],[-105.403557,40.375387]],[[-105.102955,40.348404],[-105.1029,40.34538],[-105.093796,40.345335],[-105.097342,40.34948],[-105.10297,40.349466],[-105.102955,40.348404]]]]}},{"type":"Feature","properties":{"zcta5":"80538","area_name":"LOVELAND"},"geometry":{"type":"Polygon","coordinates":[[[-105.355459,40.509082],[-105.354229,40.511698],[-105.352632,40.512489],[-105.350741,40.514968],[-105.346103,40.517549],[-105.344432,40.522559],[-105.342839,40.522967],[-105.341492,40.524722],[-105.331142,40.523804],[-105.329699,40.525007],[-105.328275,40.52843],[-105.325259,40.530184],[-105.324249,40.532138],[-105.320204,40.534199],[-105.314659,40.534119],[-105.312932,40.536275],[-105.304283,40.539075],[-105.303979,40.54117],[-105.302727,40.53847],[-105.303481,40.535858],[-105.305611,40.535125],[-105.30534,40.531899],[-105.304171,40.530183],[-105.307139,40.529978],[-105.308789,40.528262],[-105.312866,40.528721],[-105.313885,40.525197],[-105.313435,40.524672],[-105.309273,40.527193],[-105.305976,40.526119],[-105.303113,40.526471],[-105.301513,40.524162],[-105.297441,40.523699],[-105.287467,40.518003],[-105.287187,40.536644],[-105.266611,40.536849],[-105.267018,40.550429],[-105.278668,40.556102],[-105.285346,40.556806],[-105.288948,40.558852],[-105.290235,40.560844],[-105.291415,40.561214],[-105.293587,40.560254],[-105.296655,40.564093],[-105.300079,40.565161],[-105.303548,40.567798],[-105.30614,40.56797],[-105.305927,40.594444],[-105.281668,40.594749],[-105.273505,40.589045],[-105.266487,40.587499],[-105.263344,40.583788],[-105.261168,40.584257],[-105.252567,40.581955],[-105.248189,40.581717],[-105.248268,40.595114],[-105.229128,40.595341],[-105.228903,40.581136],[-105.227872,40.580661],[-105.191422,40.581278],[-105.179671,40.580697],[-105.177603,40.575652],[-105.174957,40.574889],[-105.173682,40.5732],[-105.173826,40.570262],[-105.172349,40.568364],[-105.174977,40.564758],[-105.170666,40.560638],[-105.169881,40.552368],[-105.167227,40.552133],[-105.167411,40.551097],[-105.166301,40.550844],[-105.167467,40.549542],[-105.167126,40.54825],[-105.16308,40.543992],[-105.163622,40.542942],[-105.162814,40.54065],[-105.163089,40.538028],[-105.167035,40.538068],[-105.168047,40.540175],[-105.170451,40.541046],[-105.173515,40.539182],[-105.176054,40.539251],[-105.177868,40.540394],[-105.177858,40.542481],[-105.179214,40.543441],[-105.180141,40.542881],[-105.182017,40.543653],[-105.182203,40.522666],[-105.184166,40.521721],[-105.189831,40.512404],[-105.198203,40.506182],[-105.197306,40.50498],[-105.198576,40.503473],[-105.198058,40.499816],[-105.199512,40.496598],[-105.197773,40.491114],[-105.200049,40.487734],[-105.199679,40.483709],[-105.19276,40.483729],[-105.190555,40.486014],[-105.190808,40.488159],[-105.19025,40.487994],[-105.18972,40.489523],[-105.189061,40.489535],[-105.188111,40.487447],[-105.180737,40.489599],[-105.178874,40.488898],[-105.177333,40.489275],[-105.177059,40.488014],[-105.175947,40.48778],[-105.176799,40.487422],[-105.172881,40.487431],[-105.174558,40.485892],[-105.173029,40.483718],[-105.176539,40.482361],[-105.175989,40.481862],[-105.177378,40.482111],[-105.178945,40.479782],[-105.179685,40.479904],[-105.17864,40.479161],[-105.181229,40.479152],[-105.181005,40.478261],[-105.182108,40.477725],[-105.182259,40.473086],[-105.124615,40.472795],[-105.1246,40.480135],[-105.115652,40.480031],[-105.115542,40.451007],[-105.096438,40.451018],[-105.096443,40.479978],[-105.077415,40.480171],[-105.077448,40.465606],[-105.061177,40.465535],[-105.058417,40.463944],[-105.058354,40.461831],[-105.055842,40.462136],[-105.052464,40.460924],[-105.049434,40.461385],[-105.053407,40.465538],[-105.033064,40.465666],[-105.029133,40.457793],[-105.020413,40.457806],[-105.020337,40.465513],[-105.018091,40.465413],[-105.016011,40.464306],[-105.009884,40.458946],[-105.007378,40.45942],[-105.006805,40.460471],[-105.007411,40.462427],[-105.005069,40.464787],[-105.001347,40.463271],[-105.00145,40.457544],[-104.992166,40.457577],[-104.992227,40.450244],[-104.982327,40.450353],[-104.982507,40.435915],[-104.976848,40.435963],[-104.976785,40.440041],[-104.971678,40.440074],[-104.971735,40.435994],[-104.944222,40.435894],[-104.944568,40.406964],[-104.993303,40.407082],[-104.993457,40.403868],[-104.993857,40.405629],[-104.996181,40.407044],[-105.050669,40.407477],[-105.05098,40.408303],[-105.053693,40.408311],[-105.05369,40.407288],[-105.058731,40.407288],[-105.059132,40.408101],[-105.068196,40.40907],[-105.068212,40.407732],[-105.07172,40.407325],[-105.080545,40.407766],[-105.082975,40.405909],[-105.088056,40.40462],[-105.09163,40.405234],[-105.095363,40.407148],[-105.108039,40.407269],[-105.108019,40.409294],[-105.110345,40.409299],[-105.110354,40.407328],[-105.115047,40.407411],[-105.115143,40.408332],[-105.114008,40.408669],[-105.113481,40.410476],[-105.111502,40.410996],[-105.111523,40.412208],[-105.118011,40.413371],[-105.117881,40.412111],[-105.119382,40.41132],[-105.119019,40.41056],[-105.119771,40.409902],[-105.119239,40.407301],[-105.120373,40.407264],[-105.120375,40.409538],[-105.122109,40.409503],[-105.122077,40.407227],[-105.12511,40.407197],[-105.125711,40.407988],[-105.126523,40.407233],[-105.134312,40.407326],[-105.13468,40.408525],[-105.136815,40.40807],[-105.141205,40.409308],[-105.143433,40.407147],[-105.147761,40.413881],[-105.151756,40.412918],[-105.149314,40.407461],[-105.166236,40.410809],[-105.169193,40.414329],[-105.17225,40.416242],[-105.17158,40.418112],[-105.173384,40.42041],[-105.175561,40.420772],[-105.176186,40.422212],[-105.180923,40.421472],[-105.190444,40.42195],[-105.188288,40.418059],[-105.193379,40.416944],[-105.198264,40.412699],[-105.20531,40.411036],[-105.213812,40.410696],[-105.215674,40.411751],[-105.221273,40.419138],[-105.226011,40.421486],[-105.228229,40.434949],[-105.225375,40.436606],[-105.224582,40.438228],[-105.238694,40.449764],[-105.235662,40.452352],[-105.24343,40.453733],[-105.250541,40.459871],[-105.252596,40.460097],[-105.256668,40.463284],[-105.270175,40.482382],[-105.279203,40.47371],[-105.285028,40.471273],[-105.288204,40.4711],[-105.287904,40.50049],[-105.294605,40.501879],[-105.294297,40.503193],[-105.294927,40.503459],[-105.302469,40.501358],[-105.304923,40.503106],[-105.309677,40.504555],[-105.323043,40.503345],[-105.32594,40.501692],[-105.3304,40.5006],[-105.33075,40.501245],[-105.329933,40.501614],[-105.329332,40.504076],[-105.332064,40.503699],[-105.33847,40.506612],[-105.341203,40.506394],[-105.342144,40.507524],[-105.346027,40.506352],[-105.347182,40.507022],[-105.349289,40.50655],[-105.355459,40.509082]]]}},{"type":"Feature","properties":{"zcta5":"80540","area_name":"LYONS"},"geometry":{"type":"Polygon","coordinates":[[[-105.666399,40.157335],[-105.658089,40.157286],[-105.656147,40.15592],[-105.623872,40.157185],[-105.502722,40.156774],[-105.50258,40.165899],[-105.478473,40.165822],[-105.47449,40.168902],[-105.471075,40.169596],[-105.470075,40.173022],[-105.473845,40.173136],[-105.479801,40.169883],[-105.479615,40.179887],[-105.484281,40.18004],[-105.484295,40.183533],[-105.493803,40.183896],[-105.493843,40.180353],[-105.50169,40.180611],[-105.501639,40.183251],[-105.502673,40.184922],[-105.50175,40.187106],[-105.502086,40.18815],[-105.507719,40.188751],[-105.510887,40.191544],[-105.506471,40.196279],[-105.522791,40.195996],[-105.523044,40.199492],[-105.515039,40.199561],[-105.514229,40.200627],[-105.519177,40.209654],[-105.518111,40.210769],[-105.513636,40.210763],[-105.513816,40.235598],[-105.503687,40.235747],[-105.499108,40.233491],[-105.494577,40.23305],[-105.493184,40.231309],[-105.489962,40.232549],[-105.483292,40.231297],[-105.474854,40.232074],[-105.471303,40.233215],[-105.468684,40.235941],[-105.468402,40.239763],[-105.464004,40.247125],[-105.461361,40.249449],[-105.459862,40.252113],[-105.455271,40.251356],[-105.449353,40.254488],[-105.445802,40.252727],[-105.441632,40.255166],[-105.439703,40.255048],[-105.439681,40.258597],[-105.46544,40.259386],[-105.466274,40.266904],[-105.464138,40.2754],[-105.452623,40.273523],[-105.445005,40.270286],[-105.441827,40.270674],[-105.443254,40.275784],[-105.447606,40.282245],[-105.447917,40.284191],[-105.446832,40.28645],[-105.448715,40.288472],[-105.448854,40.29096],[-105.451326,40.294143],[-105.453971,40.295646],[-105.45291,40.297474],[-105.450824,40.298589],[-105.450491,40.299869],[-105.448674,40.298947],[-105.44732,40.29941],[-105.446679,40.300878],[-105.447042,40.30262],[-105.420167,40.301796],[-105.392766,40.303193],[-105.393114,40.328846],[-105.390869,40.328852],[-105.390611,40.350222],[-105.371773,40.349911],[-105.358496,40.348742],[-105.327324,40.349122],[-105.326527,40.363698],[-105.3153,40.363707],[-105.309457,40.359697],[-105.30709,40.359464],[-105.305936,40.356623],[-105.301103,40.35592],[-105.299258,40.353077],[-105.296307,40.352203],[-105.28702,40.351741],[-105.287464,40.349764],[-105.290541,40.345893],[-105.28947,40.34411],[-105.291516,40.339184],[-105.291982,40.33421],[-105.293503,40.331769],[-105.293269,40.330902],[-105.291694,40.330257],[-105.291436,40.327403],[-105.289311,40.325001],[-105.286175,40.323499],[-105.268762,40.32361],[-105.261436,40.321739],[-105.261175,40.315165],[-105.263496,40.309779],[-105.239238,40.309896],[-105.239423,40.304506],[-105.240344,40.303117],[-105.239169,40.302788],[-105.238759,40.30004],[-105.237712,40.299479],[-105.237647,40.294277],[-105.238302,40.292587],[-105.237754,40.291725],[-105.238672,40.290349],[-105.236778,40.285875],[-105.239886,40.283954],[-105.24119,40.284468],[-105.241732,40.286079],[-105.243367,40.286707],[-105.244862,40.28278],[-105.248047,40.283448],[-105.24964,40.284881],[-105.251641,40.284365],[-105.251874,40.283796],[-105.249856,40.284668],[-105.248296,40.282458],[-105.248852,40.281839],[-105.247705,40.279748],[-105.243642,40.279169],[-105.24185,40.273903],[-105.238989,40.269484],[-105.247199,40.27342],[-105.250245,40.273775],[-105.251689,40.275674],[-105.252322,40.275417],[-105.255873,40.270218],[-105.256885,40.266781],[-105.251743,40.262185],[-105.259987,40.262381],[-105.260292,40.263612],[-105.261784,40.264193],[-105.262734,40.269056],[-105.263503,40.268441],[-105.263936,40.262385],[-105.264669,40.261371],[-105.263659,40.257942],[-105.263748,40.253563],[-105.264889,40.250002],[-105.264737,40.244779],[-105.262715,40.243162],[-105.262608,40.237931],[-105.261278,40.234159],[-105.262101,40.234502],[-105.261773,40.232514],[-105.260017,40.230024],[-105.261222,40.230183],[-105.25966,40.226774],[-105.26078,40.226546],[-105.262148,40.22806],[-105.261336,40.22273],[-105.262885,40.222829],[-105.262948,40.220913],[-105.259648,40.218136],[-105.258316,40.219049],[-105.258242,40.222531],[-105.253592,40.22221],[-105.253637,40.220194],[-105.257768,40.218471],[-105.257674,40.21733],[-105.258214,40.217943],[-105.258314,40.217101],[-105.259102,40.21735],[-105.259545,40.215956],[-105.258254,40.214371],[-105.258183,40.211388],[-105.26254,40.211637],[-105.262844,40.204098],[-105.271849,40.204519],[-105.271855,40.200911],[-105.27692,40.201399],[-105.276865,40.197689],[-105.300597,40.198409],[-105.302395,40.177245],[-105.320747,40.177818],[-105.320587,40.159377],[-105.331734,40.158537],[-105.335515,40.156774],[-105.338605,40.154035],[-105.344992,40.157029],[-105.346869,40.158988],[-105.352248,40.161539],[-105.352763,40.163439],[-105.353786,40.163742],[-105.352806,40.164952],[-105.349721,40.165637],[-105.347827,40.167274],[-105.349243,40.171035],[-105.348098,40.17203],[-105.349435,40.173981],[-105.344807,40.17395],[-105.342841,40.177848],[-105.347285,40.176312],[-105.35263,40.178638],[-105.355108,40.178523],[-105.358329,40.176882],[-105.359205,40.175355],[-105.361528,40.17482],[-105.36175,40.172952],[-105.3639,40.17081],[-105.368602,40.171714],[-105.370606,40.170762],[-105.379765,40.17057],[-105.381135,40.167691],[-105.385882,40.165973],[-105.386873,40.164771],[-105.390007,40.1644],[-105.39205,40.160213],[-105.395709,40.159444],[-105.395824,40.156975],[-105.398812,40.155856],[-105.399118,40.154089],[-105.403231,40.15046],[-105.401961,40.149974],[-105.401351,40.148249],[-105.399198,40.147176],[-105.399164,40.145276],[-105.397807,40.142783],[-105.396597,40.142281],[-105.412183,40.141307],[-105.44824,40.142996],[-105.448384,40.131308],[-105.460608,40.12734],[-105.626571,40.127858],[-105.628715,40.128805],[-105.629983,40.130434],[-105.6297,40.13782],[-105.633626,40.138874],[-105.635468,40.140417],[-105.635656,40.146006],[-105.646275,40.148623],[-105.647341,40.149213],[-105.64729,40.150968],[-105.648744,40.150505],[-105.655996,40.151281],[-105.657128,40.153187],[-105.66059,40.154971],[-105.661343,40.156524],[-105.666399,40.157335]]]}},{"type":"Feature","properties":{"zcta5":"80542","area_name":"MEAD"},"geometry":{"type":"MultiPolygon","coordinates":[[[[-104.941775,40.204672],[-104.941754,40.211849],[-104.932704,40.211638],[-104.932704,40.210775],[-104.934183,40.21065],[-104.934412,40.207976],[-104.932705,40.207243],[-104.932705,40.204453],[-104.907528,40.204196],[-104.927623,40.204263],[-104.941775,40.204672]]],[[[-105.039192,40.232948],[-105.031694,40.232999],[-105.031592,40.240281],[-105.028983,40.240288],[-105.031003,40.241533],[-105.031275,40.243142],[-105.02956,40.24552],[-105.030036,40.247598],[-105.025496,40.247667],[-105.020833,40.250367],[-105.015088,40.249178],[-105.015108,40.252714],[-105.013141,40.254718],[-105.012071,40.25958],[-105.010281,40.26134],[-105.007934,40.261584],[-105.008348,40.262268],[-105.017679,40.262187],[-105.017675,40.262332],[-104.998684,40.262524],[-104.998559,40.269549],[-104.979811,40.269676],[-104.979252,40.262652],[-104.979862,40.260089],[-104.979727,40.236228],[-104.978834,40.233487],[-104.979675,40.229942],[-104.979803,40.208783],[-104.978891,40.204296],[-104.998428,40.204488],[-104.998365,40.189574],[-104.998476,40.196793],[-105.012824,40.196738],[-105.007983,40.208352],[-105.007872,40.218585],[-105.017307,40.218518],[-105.017636,40.232958],[-105.021548,40.232946],[-105.022672,40.228234],[-105.029426,40.227057],[-105.034298,40.227711],[-105.036247,40.226977],[-105.039192,40.232948]]]]}},{"type":"Feature","properties":{"zcta5":"80543","area_name":"JOHNSTOWN"},"geometry":{"type":"Polygon","coordinates":[[[-104.907608,40.363441],[-104.907207,40.406802],[-104.869852,40.406663],[-104.869822,40.377917],[-104.84139,40.377829],[-104.841551,40.391701],[-104.822716,40.391731],[-104.822702,40.384317],[-104.813089,40.384245],[-104.813009,40.377707],[-104.822657,40.377746],[-104.822374,40.349026],[-104.803469,40.349055],[-104.803484,40.346817],[-104.787034,40.352508],[-104.784605,40.352503],[-104.784573,40.350192],[-104.781824,40.350081],[-104.771424,40.352181],[-104.769124,40.351681],[-104.768124,40.352481],[-104.768224,40.353381],[-104.765624,40.354281],[-104.759623,40.354281],[-104.762523,40.350981],[-104.763724,40.342381],[-104.768124,40.341481],[-104.773824,40.343181],[-104.781224,40.342181],[-104.783324,40.338781],[-104.786126,40.330581],[-104.788686,40.330301],[-104.794027,40.331681],[-104.799928,40.330381],[-104.805829,40.321982],[-104.808831,40.320082],[-104.81483,40.31867],[-104.817854,40.315774],[-104.815822,40.312414],[-104.815566,40.310494],[-104.817198,40.309134],[-104.820606,40.308158],[-104.834863,40.293518],[-104.841967,40.292574],[-104.845471,40.287854],[-104.849679,40.28451],[-104.856144,40.284558],[-104.856226,40.287803],[-104.868043,40.290683],[-104.867652,40.304954],[-104.877032,40.305174],[-104.876978,40.301495],[-104.88639,40.301674],[-104.886415,40.305401],[-104.900216,40.305653],[-104.900278,40.309297],[-104.897675,40.309261],[-104.897661,40.308437],[-104.89874,40.308452],[-104.898709,40.306621],[-104.896091,40.306584],[-104.896348,40.327201],[-104.886654,40.327042],[-104.88675,40.333984],[-104.878762,40.333877],[-104.881852,40.334303],[-104.881976,40.337764],[-104.872763,40.337644],[-104.872819,40.339052],[-104.877286,40.339682],[-104.879285,40.343005],[-104.88096,40.343266],[-104.881908,40.344307],[-104.886628,40.344809],[-104.88951,40.346447],[-104.893288,40.345878],[-104.894574,40.346496],[-104.894901,40.348144],[-104.895948,40.3489],[-104.898819,40.348901],[-104.899535,40.351258],[-104.897501,40.351624],[-104.895528,40.35073],[-104.89469,40.351943],[-104.896513,40.354209],[-104.898307,40.355056],[-104.897976,40.358352],[-104.903689,40.359704],[-104.907616,40.362295],[-104.907608,40.363441]]]}},{"type":"Feature","properties":{"zcta5":"80546","area_name":"SEVERANCE"},"geometry":{"type":"Polygon","coordinates":[[[-104.853049,40.525434],[-104.850091,40.529236],[-104.848382,40.530254],[-104.848536,40.523468],[-104.84184,40.523412],[-104.848455,40.523373],[-104.847671,40.522763],[-104.848473,40.522758],[-104.848486,40.520175],[-104.849628,40.520186],[-104.849628,40.517684],[-104.85119,40.517688],[-104.851175,40.523357],[-104.849819,40.523371],[-104.849796,40.524406],[-104.851152,40.524391],[-104.851129,40.525506],[-104.853049,40.525434]]]}},{"type":"Feature","properties":{"zcta5":"80547","area_name":"TIMNATH"},"geometry":{"type":"MultiPolygon","coordinates":[[[[-104.982094,40.566659],[-104.982041,40.57745],[-104.971334,40.577304],[-104.971493,40.57582],[-104.974247,40.575613],[-104.973811,40.573933],[-104.971215,40.572567],[-104.969142,40.572417],[-104.969543,40.573466],[-104.968321,40.574686],[-104.966632,40.574384],[-104.966288,40.573614],[-104.963154,40.573567],[-104.963179,40.567897],[-104.964778,40.568021],[-104.965457,40.566451],[-104.982094,40.566659]]],[[[-104.995843,40.539354],[-104.99505,40.539179],[-104.994702,40.537689],[-104.944334,40.537394],[-104.94435,40.54906],[-104.953486,40.548119],[-104.956129,40.549053],[-104.953657,40.551801],[-104.953652,40.552731],[-104.950877,40.554162],[-104.95135,40.555458],[-104.954355,40.554945],[-104.955572,40.556009],[-104.957596,40.556276],[-104.95797,40.557857],[-104.959152,40.557909],[-104.960414,40.556602],[-104.963145,40.557864],[-104.963138,40.559181],[-104.944251,40.559054],[-104.944258,40.56376],[-104.945037,40.56518],[-104.944107,40.566325],[-104.944164,40.508104],[-104.949954,40.508277],[-104.946113,40.501012],[-104.948845,40.501076],[-104.948742,40.491741],[-104.95348,40.491703],[-104.953512,40.493728],[-104.958147,40.493768],[-104.962866,40.498688],[-104.962855,40.501414],[-104.958719,40.500011],[-104.958648,40.501362],[-104.967551,40.502568],[-104.967837,40.505019],[-104.972154,40.50494],[-104.972045,40.508558],[-104.962952,40.508738],[-104.963319,40.522892],[-104.975827,40.522957],[-104.974322,40.516217],[-104.975752,40.515939],[-104.979357,40.519306],[-104.97829,40.519346],[-104.978649,40.520974],[-104.98024,40.520975],[-104.980904,40.522983],[-104.992492,40.52337],[-104.9929,40.528721],[-104.995843,40.539354]]]]}},{"type":"Feature","properties":{"zcta5":"80549","area_name":"WELLINGTON"},"geometry":{"type":"Polygon","coordinates":[[[-105.18472,40.935371],[-105.183854,40.936368],[-105.184545,40.937051],[-105.184141,40.939097],[-105.181917,40.942937],[-105.181956,40.944684],[-105.17931,40.947708],[-105.178991,40.950191],[-105.177532,40.950874],[-105.171646,40.948998],[-105.172911,40.998334],[-104.982147,40.998244],[-104.989999,40.993779],[-105.003785,40.993198],[-105.008182,40.986263],[-105.008675,40.983012],[-105.006227,40.979237],[-104.994969,40.966854],[-104.981673,40.960676],[-104.981685,40.958341],[-104.990382,40.954705],[-104.993235,40.94461],[-104.991324,40.942795],[-104.995724,40.942256],[-105.000571,40.938397],[-105.005811,40.936996],[-105.007439,40.931954],[-105.003373,40.928014],[-105.002826,40.925174],[-105.001126,40.922635],[-105.001471,40.920653],[-104.998866,40.915748],[-105.002974,40.912829],[-105.019649,40.906592],[-105.019574,40.889187],[-105.020119,40.888415],[-105.019549,40.887592],[-105.019562,40.870568],[-104.994423,40.870124],[-104.994393,40.867533],[-104.983711,40.862274],[-104.981116,40.861909],[-104.981065,40.841101],[-104.966319,40.84135],[-104.985037,40.783587],[-104.981263,40.783583],[-104.981071,40.776603],[-104.962943,40.776411],[-104.96244,40.769385],[-104.955876,40.769576],[-104.951087,40.76835],[-104.944601,40.76806],[-104.943342,40.769253],[-104.943459,40.754686],[-104.934253,40.75464],[-104.934282,40.751032],[-104.924968,40.750981],[-104.924958,40.754871],[-104.905915,40.754775],[-104.905558,40.683303],[-104.93511,40.682277],[-104.937744,40.682918],[-104.943244,40.682254],[-104.964586,40.682342],[-104.964709,40.678707],[-104.981341,40.678759],[-104.981389,40.675135],[-105.000627,40.675179],[-105.000733,40.667925],[-105.026919,40.668132],[-105.026708,40.669261],[-105.023235,40.668996],[-105.021467,40.670132],[-105.02229,40.674897],[-105.025502,40.678104],[-105.029054,40.679599],[-105.029653,40.680869],[-105.037699,40.684862],[-105.037869,40.687177],[-105.041811,40.689982],[-105.043897,40.692688],[-105.040572,40.693081],[-105.045014,40.69394],[-105.046036,40.693358],[-105.050822,40.695249],[-105.055932,40.694994],[-105.058497,40.696988],[-105.068159,40.696727],[-105.067392,40.702837],[-105.068027,40.711317],[-105.057122,40.711323],[-105.056958,40.717732],[-105.057994,40.717727],[-105.059104,40.719866],[-105.060301,40.725041],[-105.061494,40.72672],[-105.060897,40.728495],[-105.06241,40.728922],[-105.061128,40.72922],[-105.061074,40.733005],[-105.057243,40.732915],[-105.057063,40.754794],[-105.095117,40.754816],[-105.095061,40.769598],[-105.114733,40.769676],[-105.126793,40.772872],[-105.137107,40.773896],[-105.138252,40.775086],[-105.137341,40.789014],[-105.138929,40.79344],[-105.137875,40.794532],[-105.13806,40.797736],[-105.136963,40.799277],[-105.138253,40.800807],[-105.138383,40.803672],[-105.143178,40.809563],[-105.142278,40.812885],[-105.143134,40.814657],[-105.144792,40.815008],[-105.145509,40.816042],[-105.145296,40.818647],[-105.148038,40.82403],[-105.143785,40.82616],[-105.143543,40.827191],[-105.150118,40.832678],[-105.157549,40.836208],[-105.159756,40.836024],[-105.166193,40.838097],[-105.17055,40.841545],[-105.17086,40.907716],[-105.171571,40.907703],[-105.171711,40.908973],[-105.172917,40.908904],[-105.17339,40.910205],[-105.176952,40.910196],[-105.177878,40.911235],[-105.175761,40.91207],[-105.175232,40.914049],[-105.172059,40.917234],[-105.172375,40.918949],[-105.171617,40.919477],[-105.17495,40.922778],[-105.178228,40.924575],[-105.179792,40.92851],[-105.182621,40.929433],[-105.182945,40.931901],[-105.184481,40.933146],[-105.18472,40.935371]]]}},{"type":"Feature","properties":{"zcta5":"80550","area_name":"WINDSOR"},"geometry":{"type":"Polygon","coordinates":[[[-104.99222,40.45063],[-104.992112,40.464725],[-104.965581,40.464819],[-104.965581,40.463889],[-104.963244,40.462944],[-104.963291,40.457531],[-104.953674,40.457506],[-104.953666,40.472058],[-104.958416,40.472041],[-104.958332,40.479334],[-104.953568,40.479303],[-104.951018,40.475212],[-104.9451,40.475749],[-104.944475,40.475099],[-104.944998,40.473774],[-104.944116,40.473375],[-104.944032,40.488604],[-104.945151,40.490189],[-104.94874,40.492196],[-104.948845,40.501076],[-104.946113,40.501012],[-104.949954,40.508277],[-104.944164,40.508104],[-104.944151,40.551715],[-104.926917,40.552578],[-104.926773,40.567088],[-104.907909,40.567035],[-104.907773,40.545275],[-104.906941,40.548931],[-104.904556,40.547005],[-104.90109,40.546284],[-104.899836,40.548528],[-104.898777,40.548989],[-104.897325,40.546061],[-104.898131,40.548807],[-104.897051,40.548852],[-104.89522,40.550682],[-104.89282,40.550704],[-104.885235,40.545072],[-104.882326,40.544659],[-104.882989,40.539876],[-104.870959,40.531801],[-104.871304,40.530646],[-104.872119,40.530563],[-104.876022,40.532075],[-104.877584,40.532422],[-104.872387,40.530421],[-104.87016,40.530352],[-104.870088,40.53764],[-104.871118,40.535678],[-104.873186,40.536273],[-104.874969,40.537904],[-104.879458,40.537876],[-104.879441,40.545164],[-104.871446,40.545176],[-104.870065,40.541152],[-104.869906,40.552402],[-104.851007,40.552354],[-104.850972,40.566877],[-104.85088,40.552366],[-104.841451,40.552347],[-104.841469,40.5471],[-104.843943,40.545176],[-104.832222,40.545228],[-104.832157,40.530745],[-104.847471,40.530522],[-104.850091,40.529236],[-104.853049,40.525434],[-104.851129,40.525506],[-104.851152,40.524391],[-104.849796,40.524406],[-104.849819,40.523371],[-104.851175,40.523357],[-104.85119,40.517688],[-104.849628,40.517684],[-104.849628,40.520186],[-104.848486,40.520175],[-104.848473,40.522758],[-104.847671,40.522763],[-104.848455,40.523373],[-104.84184,40.523412],[-104.841722,40.515744],[-104.832256,40.515737],[-104.832272,40.511142],[-104.835067,40.508908],[-104.851214,40.50896],[-104.851241,40.494289],[-104.84901,40.494287],[-104.851137,40.494366],[-104.851116,40.501727],[-104.832427,40.501634],[-104.832404,40.507044],[-104.83226,40.507043],[-104.832409,40.479828],[-104.851468,40.47961],[-104.851476,40.478613],[-104.845826,40.478881],[-104.841826,40.477581],[-104.837425,40.478181],[-104.835116,40.476898],[-104.835158,40.473908],[-104.841741,40.473897],[-104.841901,40.46463],[-104.837197,40.463477],[-104.837217,40.461465],[-104.841913,40.461486],[-104.841884,40.464302],[-104.854779,40.467785],[-104.854776,40.466754],[-104.856225,40.466748],[-104.856104,40.457835],[-104.860527,40.457781],[-104.861632,40.457006],[-104.86162,40.458212],[-104.860894,40.458211],[-104.861083,40.464974],[-104.870345,40.465001],[-104.870365,40.461582],[-104.874304,40.461581],[-104.872503,40.460334],[-104.867958,40.459841],[-104.86798,40.448407],[-104.865904,40.447438],[-104.865266,40.44562],[-104.862531,40.444381],[-104.862312,40.443094],[-104.860687,40.441756],[-104.860912,40.439637],[-104.859156,40.439181],[-104.858362,40.439972],[-104.857713,40.437246],[-104.860423,40.421307],[-104.866119,40.421421],[-104.870561,40.423607],[-104.869858,40.421655],[-104.869854,40.410792],[-104.875927,40.407497],[-104.879883,40.406803],[-104.944568,40.406964],[-104.944222,40.435894],[-104.971735,40.435994],[-104.971678,40.440074],[-104.976785,40.440041],[-104.976848,40.435963],[-104.982507,40.435915],[-104.982327,40.450353],[-104.99222,40.45063]]]}},{"type":"Feature","properties":{"zcta5":"80601","area_name":"BRIGHTON"},"geometry":{"type":"MultiPolygon","coordinates":[[[[-104.831653,39.914434],[-104.831516,39.916994],[-104.827844,39.917039],[-104.827866,39.914301],[-104.831653,39.914434]]],[[[-104.878473,39.88557],[-104.867342,39.899737],[-104.865333,39.899736],[-104.865334,39.887059],[-104.868722,39.885212],[-104.878473,39.88557]]],[[[-104.882674,39.925176],[-104.878797,39.929198],[-104.878394,39.933438],[-104.874639,39.935821],[-104.871895,39.93942],[-104.872353,39.941342],[-104.865851,39.951267],[-104.859352,39.947318],[-104.858443,39.948421],[-104.85709,39.953717],[-104.852599,39.961833],[-104.848348,39.965486],[-104.848864,39.96725],[-104.852214,39.969468],[-104.850539,39.974405],[-104.842025,39.97789],[-104.843146,39.980785],[-104.84265,39.98182],[-104.838769,39.981398],[-104.832424,39.984827],[-104.83236,39.986918],[-104.837381,39.986896],[-104.837313,40.000407],[-104.714754,40.000511],[-104.722869,39.995832],[-104.736656,39.986189],[-104.768901,39.955452],[-104.771155,39.956596],[-104.782492,39.945816],[-104.789128,39.936936],[-104.816238,39.914346],[-104.81895,39.914303],[-104.818306,39.921537],[-104.837271,39.921609],[-104.832581,39.921702],[-104.832591,39.928402],[-104.83949,39.930052],[-104.845196,39.933333],[-104.851112,39.923031],[-104.850426,39.922838],[-104.851085,39.921688],[-104.852857,39.921577],[-104.857064,39.914349],[-104.858169,39.914354],[-104.858266,39.915523],[-104.860369,39.915544],[-104.859655,39.919059],[-104.857249,39.921459],[-104.864707,39.921404],[-104.87282,39.92486],[-104.882674,39.925176]]]]}},{"type":"Feature","properties":{"zcta5":"80602","area_name":"BRIGHTON"},"geometry":{"type":"Polygon","coordinates":[[[-104.978326,39.957519],[-104.967273,39.95738],[-104.971843,39.957885],[-104.971294,39.958995],[-104.969731,39.959385],[-104.969235,39.961101],[-104.968011,39.960781],[-104.968547,39.962022],[-104.967412,39.961737],[-104.966206,39.962682],[-104.966235,39.964099],[-104.967371,39.965378],[-104.965601,39.966828],[-104.966593,39.967279],[-104.967444,39.969261],[-104.966237,39.969157],[-104.965995,39.970959],[-104.964653,39.971195],[-104.965656,39.97263],[-104.961433,39.972548],[-104.959418,39.974504],[-104.9594,39.986554],[-104.970192,39.986673],[-104.97017,39.987563],[-104.968807,39.987212],[-104.968786,39.992191],[-104.976341,39.999976],[-104.975854,40.000296],[-104.837313,40.000407],[-104.837381,39.986896],[-104.83236,39.986918],[-104.832533,39.98467],[-104.838238,39.981626],[-104.842687,39.981797],[-104.843146,39.980785],[-104.842025,39.97789],[-104.850539,39.974405],[-104.852214,39.969468],[-104.848864,39.96725],[-104.848348,39.965486],[-104.852599,39.961833],[-104.85709,39.953717],[-104.858443,39.948421],[-104.859352,39.947318],[-104.865851,39.951267],[-104.872353,39.941342],[-104.871895,39.93942],[-104.874639,39.935821],[-104.878394,39.933438],[-104.878797,39.929198],[-104.882733,39.925049],[-104.8736,39.924987],[-104.867423,39.922782],[-104.869896,39.921818],[-104.871115,39.919778],[-104.875833,39.917746],[-104.875066,39.913729],[-104.881558,39.913129],[-104.883285,39.911503],[-104.885465,39.910984],[-104.88985,39.91205],[-104.891351,39.911651],[-104.889122,39.909247],[-104.889409,39.908211],[-104.89035,39.907372],[-104.89539,39.906488],[-104.897093,39.905171],[-104.896999,39.902112],[-104.89906,39.899183],[-104.898406,39.897588],[-104.899466,39.895674],[-104.899412,39.893701],[-104.902239,39.891793],[-104.903032,39.892585],[-104.903032,39.903893],[-104.907812,39.903931],[-104.904526,39.908012],[-104.903021,39.907993],[-104.903052,39.914284],[-104.910267,39.914131],[-104.910507,39.911007],[-104.912502,39.910683],[-104.912504,39.907054],[-104.913342,39.906048],[-104.917251,39.906037],[-104.917205,39.913061],[-104.919265,39.912535],[-104.919265,39.91387],[-104.912516,39.914111],[-104.921904,39.914034],[-104.921978,39.943013],[-104.978188,39.942944],[-104.978326,39.957519]]]}},{"type":"Feature","properties":{"zcta5":"80603","area_name":"BRIGHTON"},"geometry":{"type":"Polygon","coordinates":[[[-104.961427,40.002654],[-104.961202,40.014981],[-104.947438,40.014903],[-104.943561,40.007903],[-104.942644,40.000432],[-104.941957,40.000436],[-104.943217,40.008163],[-104.95376,40.026315],[-104.952231,40.027114],[-104.952025,40.029451],[-104.942577,40.029448],[-104.942628,40.036735],[-104.952071,40.03679],[-104.954323,40.038191],[-104.953032,40.044135],[-104.942497,40.044001],[-104.942327,40.058589],[-104.923933,40.058474],[-104.924112,40.043821],[-104.914553,40.043811],[-104.91258,40.044672],[-104.90945,40.049724],[-104.905064,40.050379],[-104.905045,40.043764],[-104.89251,40.043785],[-104.891227,40.041287],[-104.887805,40.042166],[-104.886252,40.040918],[-104.886127,40.029327],[-104.879185,40.02933],[-104.877624,40.030533],[-104.87391,40.030618],[-104.870885,40.029351],[-104.857861,40.029056],[-104.85585,40.027724],[-104.851812,40.026809],[-104.854463,40.024176],[-104.854906,40.021964],[-104.826085,40.021994],[-104.826306,40.025166],[-104.824744,40.027046],[-104.82557,40.029501],[-104.818006,40.029505],[-104.81864,40.033076],[-104.810493,40.033064],[-104.810487,40.032051],[-104.811961,40.032052],[-104.81196,40.031228],[-104.811232,40.031228],[-104.811671,40.029544],[-104.80126,40.02945],[-104.801212,40.022035],[-104.779691,40.02207],[-104.780196,40.020484],[-104.781737,40.019573],[-104.785597,40.020665],[-104.787796,40.019907],[-104.788154,40.017358],[-104.784247,40.014942],[-104.772796,40.014961],[-104.772729,40.02211],[-104.757674,40.022203],[-104.757694,40.029519],[-104.728216,40.029623],[-104.729009,40.031438],[-104.729276,40.038387],[-104.730937,40.039989],[-104.729539,40.041144],[-104.730031,40.042814],[-104.728654,40.043861],[-104.729622,40.045528],[-104.728003,40.046604],[-104.727482,40.0484],[-104.728801,40.051882],[-104.724889,40.053434],[-104.723908,40.057304],[-104.726233,40.061473],[-104.727075,40.065869],[-104.716003,40.065911],[-104.715989,40.06496],[-104.714731,40.064974],[-104.714731,40.06592],[-104.702595,40.066011],[-104.703454,40.064288],[-104.700948,40.062479],[-104.703412,40.059771],[-104.700643,40.055779],[-104.703259,40.054817],[-104.704244,40.053436],[-104.702937,40.050806],[-104.703891,40.050134],[-104.701725,40.046747],[-104.701617,40.044173],[-104.697056,40.044202],[-104.697909,40.01569],[-104.697438,40.012403],[-104.696207,40.014759],[-104.680178,40.015037],[-104.681964,40.013578],[-104.686488,40.012341],[-104.682837,40.004396],[-104.682865,40.000522],[-104.629274,40.000543],[-104.629662,39.997864],[-104.628729,39.995041],[-104.622736,39.994244],[-104.621793,39.994908],[-104.62177,39.986508],[-104.618121,39.989692],[-104.610625,39.986164],[-104.60291,39.986067],[-104.60286,39.971593],[-104.587585,39.971431],[-104.585141,39.970425],[-104.58424,39.968771],[-104.584097,39.958725],[-104.583437,39.957521],[-104.584049,39.956841],[-104.59355,39.957056],[-104.593264,39.942481],[-104.602757,39.942531],[-104.602653,39.913507],[-104.610906,39.913601],[-104.609014,39.910978],[-104.609141,39.908915],[-104.612778,39.90781],[-104.613278,39.908408],[-104.615045,39.906205],[-104.614298,39.903843],[-104.610564,39.903587],[-104.606858,39.900799],[-104.607274,39.899124],[-104.630945,39.899291],[-104.630939,39.906645],[-104.640361,39.906711],[-104.64044,39.9284],[-104.678143,39.928646],[-104.678301,39.943208],[-104.733421,39.94341],[-104.733762,39.952619],[-104.735267,39.951597],[-104.739106,39.95132],[-104.742653,39.947884],[-104.746629,39.948189],[-104.747949,39.947338],[-104.744098,39.942741],[-104.745872,39.941721],[-104.751595,39.941179],[-104.752499,39.939652],[-104.751603,39.935161],[-104.753652,39.932947],[-104.756703,39.931917],[-104.75947,39.932713],[-104.760258,39.931681],[-104.762855,39.931098],[-104.767744,39.931999],[-104.77146,39.928917],[-104.775606,39.929054],[-104.77526,39.927956],[-104.775942,39.927341],[-104.774992,39.926199],[-104.77569,39.925326],[-104.781468,39.926037],[-104.782737,39.925557],[-104.783655,39.921714],[-104.782642,39.918335],[-104.783197,39.917509],[-104.78812,39.917254],[-104.790053,39.917968],[-104.79011,39.914328],[-104.808911,39.914316],[-104.80923,39.900012],[-104.816403,39.899895],[-104.82006,39.898082],[-104.822734,39.899845],[-104.831898,39.899737],[-104.848778,39.885209],[-104.85252,39.885213],[-104.852538,39.886128],[-104.853677,39.886516],[-104.852538,39.887029],[-104.852062,39.88857],[-104.849538,39.890619],[-104.846654,39.890975],[-104.846651,39.892487],[-104.844653,39.892967],[-104.845918,39.89508],[-104.845503,39.895877],[-104.843284,39.896871],[-104.839021,39.896948],[-104.837248,39.902611],[-104.82785,39.907655],[-104.827853,39.921561],[-104.818306,39.921537],[-104.81895,39.914303],[-104.816238,39.914346],[-104.789128,39.936936],[-104.782492,39.945816],[-104.771155,39.956596],[-104.768901,39.955452],[-104.736656,39.986189],[-104.722869,39.995832],[-104.714754,40.000511],[-104.961405,40.000337],[-104.961427,40.002654]],[[-104.64044,39.9284],[-104.630992,39.92832],[-104.631021,39.933773],[-104.640469,39.933837],[-104.64044,39.9284]]]}},{"type":"Feature","properties":{"zcta5":"80615","area_name":"EATON"},"geometry":{"type":"Polygon","coordinates":[[[-104.851231,40.494827],[-104.851214,40.50896],[-104.835067,40.508908],[-104.832272,40.511142],[-104.832256,40.515737],[-104.841722,40.515744],[-104.84184,40.523504],[-104.848536,40.523468],[-104.848382,40.530254],[-104.832157,40.530745],[-104.832222,40.545228],[-104.843943,40.545176],[-104.841469,40.5471],[-104.841451,40.552347],[-104.85088,40.552366],[-104.850848,40.566879],[-104.831963,40.566964],[-104.831818,40.581593],[-104.792636,40.582308],[-104.792628,40.567712],[-104.763925,40.567954],[-104.763907,40.565217],[-104.762625,40.564956],[-104.761158,40.566485],[-104.759179,40.567048],[-104.759151,40.567971],[-104.754213,40.566482],[-104.7542,40.568842],[-104.749923,40.566508],[-104.743626,40.572415],[-104.741917,40.571226],[-104.741706,40.569578],[-104.737267,40.568848],[-104.735315,40.566885],[-104.735317,40.568263],[-104.7107,40.568164],[-104.709867,40.568643],[-104.709438,40.570589],[-104.705546,40.571528],[-104.703784,40.57348],[-104.696448,40.574171],[-104.696612,40.553273],[-104.677585,40.552813],[-104.677519,40.567351],[-104.658884,40.566948],[-104.658395,40.581477],[-104.582865,40.580095],[-104.583007,40.565676],[-104.544972,40.565794],[-104.544761,40.597918],[-104.54362,40.601167],[-104.544699,40.605812],[-104.544016,40.623996],[-104.486875,40.624163],[-104.486807,40.620564],[-104.485875,40.620061],[-104.484763,40.617407],[-104.480947,40.615623],[-104.480135,40.613221],[-104.477733,40.612902],[-104.478631,40.609721],[-104.474967,40.606656],[-104.474846,40.604299],[-104.46899,40.600914],[-104.467308,40.59826],[-104.463856,40.599039],[-104.462654,40.594691],[-104.460972,40.593685],[-104.461028,40.581282],[-104.470512,40.58146],[-104.470212,40.522843],[-104.545757,40.522295],[-104.545584,40.507961],[-104.561494,40.507988],[-104.562875,40.505126],[-104.564282,40.504645],[-104.564463,40.493186],[-104.640043,40.493634],[-104.640063,40.489976],[-104.64338,40.491877],[-104.644691,40.490578],[-104.649368,40.493561],[-104.653104,40.493544],[-104.654018,40.49188],[-104.657818,40.48958],[-104.663118,40.48918],[-104.665718,40.49108],[-104.667418,40.49128],[-104.670918,40.48608],[-104.671919,40.48128],[-104.673119,40.48008],[-104.675919,40.48148],[-104.680219,40.48138],[-104.682919,40.48348],[-104.682419,40.48618],[-104.683519,40.48778],[-104.684119,40.49308],[-104.686134,40.490079],[-104.685857,40.485677],[-104.687673,40.482875],[-104.690487,40.481374],[-104.695006,40.482273],[-104.696795,40.480979],[-104.715899,40.480982],[-104.715912,40.482801],[-104.717964,40.486074],[-104.721812,40.487364],[-104.722521,40.486956],[-104.7279,40.495577],[-104.734988,40.495566],[-104.734877,40.510183],[-104.792615,40.509918],[-104.794048,40.523825],[-104.800158,40.523759],[-104.798555,40.516411],[-104.799847,40.515832],[-104.800993,40.513866],[-104.802291,40.514076],[-104.80433,40.512612],[-104.801959,40.509643],[-104.832396,40.508907],[-104.832427,40.501634],[-104.851116,40.501727],[-104.851137,40.494366],[-104.84901,40.494287],[-104.851241,40.494289],[-104.851231,40.494827]]]}},{"type":"Feature","properties":{"zcta5":"80620","area_name":"EVANS"},"geometry":{"type":"Polygon","coordinates":[[[-104.756197,40.382665],[-104.756175,40.385044],[-104.756022,40.383576],[-104.754057,40.38355],[-104.754049,40.385076],[-104.746722,40.385165],[-104.74672,40.38804],[-104.740923,40.387507],[-104.736867,40.384667],[-104.735026,40.384677],[-104.734849,40.379413],[-104.733261,40.379396],[-104.73319,40.377583],[-104.729995,40.377592],[-104.730092,40.384777],[-104.701614,40.384673],[-104.701624,40.385856],[-104.697452,40.386116],[-104.697082,40.386826],[-104.69737,40.388012],[-104.701614,40.388025],[-104.701641,40.388847],[-104.69711,40.388851],[-104.697458,40.390102],[-104.69926,40.390102],[-104.699283,40.391835],[-104.688509,40.390211],[-104.687706,40.391815],[-104.683697,40.391989],[-104.687321,40.384727],[-104.677808,40.384681],[-104.677794,40.377354],[-104.674202,40.377398],[-104.67572,40.374089],[-104.681129,40.371435],[-104.68332,40.368681],[-104.68762,40.366381],[-104.688408,40.365133],[-104.69432,40.365481],[-104.699824,40.364381],[-104.701324,40.362981],[-104.710523,40.358365],[-104.712423,40.358081],[-104.716423,40.355481],[-104.720763,40.354525],[-104.722623,40.355581],[-104.724139,40.359149],[-104.727023,40.359281],[-104.732322,40.356881],[-104.737672,40.359459],[-104.738522,40.361581],[-104.734922,40.362481],[-104.734957,40.363334],[-104.73481,40.362234],[-104.732146,40.362373],[-104.73213,40.363395],[-104.741179,40.363537],[-104.738423,40.363779],[-104.740996,40.36591],[-104.741975,40.377805],[-104.736709,40.377895],[-104.756172,40.377811],[-104.756197,40.382665]]]}},{"type":"Feature","properties":{"zcta5":"80621","area_name":"FORT LUPTON"},"geometry":{"type":"Polygon","coordinates":[[[-104.924192,40.08773],[-104.914764,40.0877],[-104.914602,40.094852],[-104.906433,40.094854],[-104.906382,40.096641],[-104.905191,40.096638],[-104.904342,40.175134],[-104.885711,40.174847],[-104.904336,40.175224],[-104.904338,40.180736],[-104.904604,40.18053],[-104.908971,40.179788],[-104.904338,40.18104],[-104.904373,40.189574],[-104.909049,40.189603],[-104.908239,40.186776],[-104.909026,40.186773],[-104.90909,40.179877],[-104.9091,40.189629],[-104.880326,40.189377],[-104.876544,40.187733],[-104.872348,40.189285],[-104.828399,40.188289],[-104.77282,40.188799],[-104.772685,40.174328],[-104.696807,40.174609],[-104.697129,40.16049],[-104.678322,40.16049],[-104.678443,40.145863],[-104.675042,40.145859],[-104.67503,40.144501],[-104.672552,40.144505],[-104.672509,40.142025],[-104.668913,40.142042],[-104.668918,40.138602],[-104.650157,40.138585],[-104.652274,40.132733],[-104.656866,40.131199],[-104.665275,40.122638],[-104.665276,40.121105],[-104.66322,40.118015],[-104.663341,40.115269],[-104.665369,40.111493],[-104.667515,40.109319],[-104.668291,40.106711],[-104.66713,40.102477],[-104.665462,40.101035],[-104.662545,40.090599],[-104.661563,40.089454],[-104.659388,40.088744],[-104.649734,40.088993],[-104.645116,40.088168],[-104.640293,40.082788],[-104.639893,40.080559],[-104.659336,40.080528],[-104.65939,40.082771],[-104.66231,40.082314],[-104.664812,40.083757],[-104.666629,40.083849],[-104.66679,40.080545],[-104.678331,40.08056],[-104.678413,40.073312],[-104.700294,40.073278],[-104.698863,40.069845],[-104.702521,40.066938],[-104.702595,40.066011],[-104.714731,40.06592],[-104.714731,40.064974],[-104.715989,40.06496],[-104.716003,40.065911],[-104.727075,40.065869],[-104.726233,40.061473],[-104.723908,40.057304],[-104.724889,40.053434],[-104.728801,40.051882],[-104.727482,40.0484],[-104.728003,40.046604],[-104.729622,40.045528],[-104.728654,40.043861],[-104.730031,40.042814],[-104.729539,40.041144],[-104.730937,40.039989],[-104.729276,40.038387],[-104.729009,40.031438],[-104.728216,40.029623],[-104.757694,40.029519],[-104.757674,40.022203],[-104.772729,40.02211],[-104.772796,40.014961],[-104.784247,40.014942],[-104.787475,40.0164],[-104.788154,40.019633],[-104.785597,40.020665],[-104.781375,40.019672],[-104.779691,40.02207],[-104.801212,40.022035],[-104.80126,40.02945],[-104.811671,40.029544],[-104.811232,40.031228],[-104.81196,40.031228],[-104.811961,40.032052],[-104.810487,40.032051],[-104.810493,40.033064],[-104.81864,40.033076],[-104.818006,40.029505],[-104.82557,40.029501],[-104.824744,40.027046],[-104.826306,40.025166],[-104.826085,40.021994],[-104.854906,40.021964],[-104.854463,40.024176],[-104.851812,40.026809],[-104.85585,40.027724],[-104.857861,40.029056],[-104.870885,40.029351],[-104.87391,40.030618],[-104.877624,40.030533],[-104.879185,40.02933],[-104.886127,40.029327],[-104.886373,40.041186],[-104.887805,40.042166],[-104.891369,40.04132],[-104.89251,40.043785],[-104.905045,40.043764],[-104.905064,40.050379],[-104.90945,40.049724],[-104.91258,40.044672],[-104.914553,40.043811],[-104.924112,40.043821],[-104.924192,40.08773]]]}},{"type":"Feature","properties":{"zcta5":"80622","area_name":"GALETON"},"geometry":{"type":"Polygon","coordinates":[[[-104.488773,40.522679],[-104.470212,40.522843],[-104.470512,40.58146],[-104.461028,40.581282],[-104.460972,40.593685],[-104.462894,40.595469],[-104.460522,40.594966],[-104.459531,40.59222],[-104.45923,40.590596],[-104.46004,40.588765],[-104.458509,40.588125],[-104.458509,40.586935],[-104.459769,40.584601],[-104.458178,40.58348],[-104.457307,40.581306],[-104.458326,40.578148],[-104.455715,40.577119],[-104.455686,40.578972],[-104.454335,40.578606],[-104.452743,40.575014],[-104.454093,40.574007],[-104.454123,40.573046],[-104.449202,40.572612],[-104.448031,40.569088],[-104.445539,40.566654],[-104.4223,40.566607],[-104.42251,40.537418],[-104.412886,40.537273],[-104.412974,40.524243],[-104.414563,40.52296],[-104.413297,40.522933],[-104.413173,40.515521],[-104.488979,40.515444],[-104.488773,40.522679]]]}},{"type":"Feature","properties":{"zcta5":"80623","area_name":"GILCREST"},"geometry":{"type":"Polygon","coordinates":[[[-104.79191,40.279794],[-104.791868,40.2898],[-104.767594,40.289902],[-104.772542,40.285707],[-104.773018,40.286386],[-104.773024,40.285556],[-104.78,40.280626],[-104.782342,40.277897],[-104.782413,40.279636],[-104.79191,40.279794]]]}},{"type":"Feature","properties":{"zcta5":"80631","area_name":"GREELEY"},"geometry":{"type":"Polygon","coordinates":[[[-104.874304,40.461581],[-104.870365,40.461582],[-104.870345,40.465001],[-104.861083,40.464974],[-104.860894,40.458211],[-104.86162,40.458212],[-104.861632,40.457006],[-104.860527,40.457781],[-104.856104,40.457835],[-104.856225,40.466748],[-104.854776,40.466754],[-104.854779,40.467785],[-104.841884,40.464302],[-104.841913,40.461486],[-104.837217,40.461465],[-104.837197,40.463477],[-104.841901,40.46463],[-104.841741,40.473897],[-104.835158,40.473908],[-104.835116,40.476898],[-104.837425,40.478181],[-104.841826,40.477581],[-104.845826,40.478881],[-104.851476,40.478613],[-104.851468,40.47961],[-104.832409,40.479828],[-104.832396,40.508907],[-104.801959,40.509643],[-104.80433,40.512612],[-104.802291,40.514076],[-104.800993,40.513866],[-104.799847,40.515832],[-104.798555,40.516411],[-104.800158,40.523759],[-104.794048,40.523825],[-104.792615,40.509918],[-104.734877,40.510183],[-104.734988,40.495566],[-104.7279,40.495577],[-104.722521,40.486956],[-104.721812,40.487364],[-104.717964,40.486074],[-104.715912,40.482801],[-104.715899,40.480982],[-104.699772,40.480979],[-104.696813,40.46647],[-104.695889,40.466425],[-104.69674,40.470957],[-104.696814,40.481572],[-104.695006,40.482273],[-104.690487,40.481374],[-104.687673,40.482875],[-104.685857,40.485677],[-104.686134,40.490079],[-104.684119,40.49308],[-104.683519,40.48778],[-104.682419,40.48618],[-104.682919,40.48348],[-104.680219,40.48138],[-104.675919,40.48148],[-104.673119,40.48008],[-104.671919,40.48128],[-104.670918,40.48608],[-104.667418,40.49128],[-104.665718,40.49108],[-104.663118,40.48918],[-104.657818,40.48958],[-104.654018,40.49188],[-104.653104,40.493544],[-104.649368,40.493561],[-104.644691,40.490578],[-104.64338,40.491877],[-104.640063,40.489976],[-104.640043,40.493634],[-104.564717,40.493186],[-104.56461,40.464224],[-104.545735,40.464374],[-104.545745,40.435477],[-104.50788,40.435715],[-104.508095,40.413797],[-104.517619,40.413778],[-104.517609,40.409159],[-104.5224,40.410668],[-104.526832,40.410844],[-104.529792,40.412684],[-104.532336,40.412636],[-104.533649,40.41342],[-104.537921,40.412508],[-104.541953,40.413004],[-104.550705,40.41838],[-104.55637,40.419852],[-104.563762,40.420204],[-104.564658,40.420941],[-104.562921,40.414667],[-104.564476,40.406543],[-104.576531,40.406457],[-104.581159,40.405078],[-104.583454,40.405628],[-104.583405,40.397835],[-104.581309,40.397829],[-104.581572,40.395555],[-104.583378,40.395565],[-104.583361,40.393383],[-104.581762,40.393903],[-104.581781,40.392964],[-104.58336,40.392976],[-104.583415,40.392033],[-104.583014,40.348437],[-104.602048,40.3484],[-104.602039,40.362898],[-104.620971,40.362981],[-104.620946,40.356135],[-104.667832,40.356141],[-104.667919,40.370176],[-104.677578,40.370045],[-104.677619,40.373335],[-104.67572,40.374089],[-104.674202,40.377398],[-104.677794,40.377354],[-104.677808,40.384681],[-104.687321,40.384727],[-104.683271,40.391779],[-104.683697,40.391989],[-104.687706,40.391815],[-104.688509,40.390211],[-104.699283,40.391835],[-104.69926,40.390102],[-104.697458,40.390102],[-104.69711,40.388851],[-104.701641,40.388847],[-104.701614,40.388025],[-104.69737,40.388012],[-104.697082,40.386826],[-104.697452,40.386116],[-104.701624,40.385856],[-104.701614,40.384673],[-104.732495,40.384782],[-104.734754,40.386531],[-104.734754,40.385444],[-104.733614,40.385136],[-104.735026,40.384677],[-104.735018,40.392356],[-104.715883,40.392125],[-104.715876,40.393549],[-104.715258,40.393451],[-104.715213,40.396941],[-104.715892,40.397694],[-104.714675,40.397196],[-104.71387,40.397729],[-104.714544,40.39929],[-104.715935,40.39943],[-104.715898,40.406556],[-104.714398,40.406552],[-104.714402,40.408148],[-104.715906,40.408491],[-104.715913,40.410036],[-104.714013,40.410229],[-104.715101,40.410336],[-104.715093,40.412531],[-104.715935,40.412536],[-104.715944,40.422624],[-104.714757,40.424051],[-104.71589,40.424077],[-104.715878,40.425049],[-104.713118,40.425022],[-104.713921,40.427383],[-104.716995,40.429557],[-104.719341,40.430148],[-104.735055,40.430074],[-104.734994,40.434419],[-104.74882,40.437289],[-104.773435,40.437433],[-104.773363,40.441292],[-104.776807,40.441107],[-104.778743,40.439584],[-104.780875,40.439646],[-104.782917,40.441064],[-104.783324,40.447182],[-104.785124,40.444983],[-104.787489,40.444209],[-104.787499,40.44112],[-104.78759,40.444001],[-104.78933,40.445533],[-104.796641,40.447716],[-104.797247,40.444105],[-104.802234,40.443025],[-104.80288,40.445063],[-104.805746,40.441795],[-104.809547,40.443075],[-104.811472,40.445325],[-104.8115,40.437035],[-104.811629,40.438979],[-104.816824,40.43838],[-104.819823,40.439279],[-104.822522,40.439078],[-104.823822,40.440178],[-104.832358,40.439847],[-104.832679,40.437885],[-104.836452,40.437868],[-104.837577,40.437451],[-104.837578,40.436183],[-104.850087,40.435459],[-104.850892,40.440122],[-104.858052,40.440282],[-104.859362,40.439156],[-104.860912,40.439637],[-104.860687,40.441756],[-104.862312,40.443094],[-104.862531,40.444381],[-104.865266,40.44562],[-104.865904,40.447438],[-104.868033,40.44855],[-104.867958,40.459841],[-104.872503,40.460334],[-104.874304,40.461581]],[[-104.734994,40.434419],[-104.730214,40.433716],[-104.730158,40.437441],[-104.734943,40.437445],[-104.734994,40.434419]]]}},{"type":"Feature","properties":{"zcta5":"80634","area_name":"GREELEY"},"geometry":{"type":"MultiPolygon","coordinates":[[[[-104.734985,40.435728],[-104.734943,40.437445],[-104.730158,40.437441],[-104.730214,40.433716],[-104.734994,40.434419],[-104.734985,40.435728]]],[[[-104.735026,40.384677],[-104.733614,40.385136],[-104.734754,40.385444],[-104.734754,40.386531],[-104.732495,40.384782],[-104.730092,40.384777],[-104.729995,40.377592],[-104.73319,40.377583],[-104.733261,40.379396],[-104.734849,40.379413],[-104.735026,40.384677]]],[[[-104.878759,40.406863],[-104.875715,40.407585],[-104.869854,40.410792],[-104.869858,40.421655],[-104.870561,40.423607],[-104.866119,40.421421],[-104.860423,40.421307],[-104.857713,40.437246],[-104.858052,40.440282],[-104.850892,40.440122],[-104.850087,40.435459],[-104.837578,40.436183],[-104.837577,40.437451],[-104.836452,40.437868],[-104.832679,40.437885],[-104.832358,40.439847],[-104.823822,40.440178],[-104.822522,40.439078],[-104.819823,40.439279],[-104.816824,40.43838],[-104.811629,40.438979],[-104.8115,40.437035],[-104.811472,40.445325],[-104.809547,40.443075],[-104.805746,40.441795],[-104.80288,40.445063],[-104.802234,40.443025],[-104.797247,40.444105],[-104.796641,40.447716],[-104.78933,40.445533],[-104.78759,40.444001],[-104.787599,40.441104],[-104.787489,40.444209],[-104.785124,40.444983],[-104.784124,40.446882],[-104.782904,40.447141],[-104.782917,40.441064],[-104.780875,40.439646],[-104.778394,40.439644],[-104.776807,40.441107],[-104.774076,40.441522],[-104.773363,40.441292],[-104.773435,40.437433],[-104.74882,40.437289],[-104.74363,40.435792],[-104.740185,40.435895],[-104.734994,40.434419],[-104.735055,40.430074],[-104.718205,40.429994],[-104.714371,40.42783],[-104.713118,40.425022],[-104.715878,40.425049],[-104.71589,40.424077],[-104.714757,40.424051],[-104.715944,40.422624],[-104.715935,40.412536],[-104.715093,40.412531],[-104.715101,40.410336],[-104.714013,40.410229],[-104.715913,40.410036],[-104.715906,40.408491],[-104.714402,40.408148],[-104.714398,40.406552],[-104.715898,40.406556],[-104.715935,40.39943],[-104.714544,40.39929],[-104.71387,40.397729],[-104.714675,40.397196],[-104.715892,40.397694],[-104.715213,40.396941],[-104.715183,40.393773],[-104.715876,40.393549],[-104.715883,40.392125],[-104.735018,40.392356],[-104.735026,40.384677],[-104.736867,40.384667],[-104.740923,40.387507],[-104.74672,40.38804],[-104.746722,40.385165],[-104.754049,40.385076],[-104.754057,40.38355],[-104.756022,40.383576],[-104.756175,40.385044],[-104.756172,40.377811],[-104.736709,40.377895],[-104.741975,40.377805],[-104.740996,40.36591],[-104.738423,40.363779],[-104.741179,40.363537],[-104.73213,40.363395],[-104.732146,40.362373],[-104.73481,40.362234],[-104.734957,40.363334],[-104.734922,40.362481],[-104.738522,40.361581],[-104.737672,40.359459],[-104.749223,40.355981],[-104.752623,40.356181],[-104.759623,40.354281],[-104.765624,40.354281],[-104.768224,40.353381],[-104.768124,40.352481],[-104.769124,40.351681],[-104.771424,40.352181],[-104.781824,40.350081],[-104.784573,40.350192],[-104.784605,40.352503],[-104.787034,40.352508],[-104.803484,40.346817],[-104.803469,40.349055],[-104.822374,40.349026],[-104.822657,40.377746],[-104.813009,40.377707],[-104.813089,40.384245],[-104.822702,40.384317],[-104.822716,40.391731],[-104.841551,40.391701],[-104.84139,40.377829],[-104.869822,40.377917],[-104.869852,40.406663],[-104.879883,40.406803],[-104.878759,40.406863]]]]}},{"type":"Feature","properties":{"zcta5":"80640","area_name":"HENDERSON"},"geometry":{"type":"Polygon","coordinates":[[[-104.949566,39.837604],[-104.945482,39.840248],[-104.943033,39.843729],[-104.938697,39.846463],[-104.937718,39.857242],[-104.935385,39.858073],[-104.929719,39.85785],[-104.927813,39.860529],[-104.928768,39.863004],[-104.928279,39.86454],[-104.922424,39.865709],[-104.919225,39.870484],[-104.913508,39.874236],[-104.917153,39.879657],[-104.91728,39.882644],[-104.914373,39.882449],[-104.914219,39.881542],[-104.90306,39.881078],[-104.903092,39.88524],[-104.902238,39.885241],[-104.901993,39.886282],[-104.904068,39.888693],[-104.904113,39.890276],[-104.899499,39.893498],[-104.899466,39.895674],[-104.898406,39.897588],[-104.89906,39.899183],[-104.896999,39.902112],[-104.897093,39.905171],[-104.89539,39.906488],[-104.89035,39.907372],[-104.889409,39.908211],[-104.889122,39.909247],[-104.891255,39.911728],[-104.885465,39.910984],[-104.883285,39.911503],[-104.881558,39.913129],[-104.875066,39.913729],[-104.875833,39.917746],[-104.871115,39.919778],[-104.869896,39.921818],[-104.867423,39.922782],[-104.864707,39.921404],[-104.857249,39.921459],[-104.859655,39.919059],[-104.860369,39.915544],[-104.858266,39.915523],[-104.858169,39.914354],[-104.857064,39.914349],[-104.852857,39.921577],[-104.851085,39.921688],[-104.850426,39.922838],[-104.851112,39.923031],[-104.845196,39.933333],[-104.83949,39.930052],[-104.832591,39.928402],[-104.832581,39.921702],[-104.837271,39.921609],[-104.827853,39.921561],[-104.827844,39.917039],[-104.831516,39.916994],[-104.831654,39.914327],[-104.827866,39.914301],[-104.82785,39.907655],[-104.837248,39.902611],[-104.839021,39.896948],[-104.843284,39.896871],[-104.845621,39.895769],[-104.844774,39.892814],[-104.846651,39.892487],[-104.846654,39.890975],[-104.849538,39.890619],[-104.853677,39.886516],[-104.852538,39.886128],[-104.85252,39.885213],[-104.848778,39.885209],[-104.882427,39.85623],[-104.884338,39.856239],[-104.884442,39.854584],[-104.885587,39.854398],[-104.885571,39.856243],[-104.90318,39.856219],[-104.902794,39.855308],[-104.903977,39.853735],[-104.90787,39.851926],[-104.90487,39.856148],[-104.905432,39.855601],[-104.907384,39.85615],[-104.907817,39.852803],[-104.910527,39.851283],[-104.911831,39.851915],[-104.911545,39.85336],[-104.912605,39.853818],[-104.912793,39.857527],[-104.9301,39.840168],[-104.941467,39.830859],[-104.948161,39.830746],[-104.948184,39.835173],[-104.949566,39.837604]],[[-104.878739,39.885237],[-104.868722,39.885212],[-104.865334,39.887059],[-104.865333,39.899736],[-104.867342,39.899737],[-104.878739,39.885237]]]}},{"type":"Feature","properties":{"zcta5":"80642","area_name":"HUDSON"},"geometry":{"type":"Polygon","coordinates":[[[-104.704305,40.053215],[-104.70338,40.054736],[-104.700643,40.055779],[-104.703412,40.059771],[-104.700976,40.062793],[-104.703454,40.064288],[-104.702521,40.066938],[-104.698863,40.069845],[-104.700294,40.073278],[-104.678413,40.073312],[-104.678331,40.08056],[-104.66679,40.080545],[-104.666629,40.083849],[-104.664812,40.083757],[-104.66231,40.082314],[-104.65939,40.082771],[-104.659336,40.080528],[-104.639893,40.080559],[-104.640293,40.082788],[-104.645116,40.088168],[-104.649734,40.088993],[-104.659388,40.088744],[-104.661563,40.089454],[-104.662545,40.090599],[-104.665462,40.101035],[-104.66713,40.102477],[-104.668291,40.106711],[-104.667515,40.109319],[-104.665369,40.111493],[-104.663341,40.115269],[-104.66322,40.118015],[-104.665276,40.121105],[-104.665275,40.122638],[-104.656866,40.131199],[-104.652274,40.132733],[-104.650157,40.138585],[-104.668918,40.138602],[-104.668913,40.142042],[-104.672509,40.142025],[-104.672552,40.144505],[-104.67503,40.144501],[-104.675042,40.145859],[-104.678443,40.145863],[-104.678322,40.16049],[-104.697129,40.16049],[-104.696815,40.21812],[-104.659528,40.218083],[-104.659292,40.203672],[-104.582598,40.203651],[-104.584384,40.20276],[-104.58501,40.201066],[-104.584443,40.199442],[-104.584552,40.160107],[-104.593946,40.160098],[-104.594024,40.132525],[-104.593286,40.131955],[-104.594032,40.131953],[-104.593987,40.123929],[-104.602645,40.123906],[-104.602385,40.116781],[-104.584506,40.11661],[-104.602792,40.116663],[-104.60263,40.102158],[-104.599636,40.103577],[-104.599204,40.102922],[-104.60277,40.100582],[-104.602683,40.084791],[-104.603747,40.084464],[-104.604921,40.081772],[-104.604386,40.080487],[-104.602614,40.08046],[-104.602598,40.083876],[-104.600655,40.083898],[-104.600618,40.080342],[-104.596089,40.080372],[-104.596003,40.073158],[-104.597501,40.073153],[-104.596944,40.071946],[-104.598938,40.068993],[-104.595808,40.064486],[-104.595927,40.063112],[-104.592799,40.061924],[-104.592352,40.061055],[-104.593661,40.058354],[-104.595031,40.058056],[-104.594703,40.056683],[-104.593125,40.056981],[-104.59238,40.055654],[-104.590682,40.055059],[-104.592885,40.053548],[-104.593211,40.050985],[-104.588833,40.046638],[-104.584095,40.035952],[-104.584153,40.033824],[-104.585788,40.030368],[-104.58412,40.029109],[-104.584951,40.026706],[-104.584652,40.024074],[-104.58215,40.022679],[-104.582239,40.020985],[-104.580362,40.019063],[-104.582057,40.016546],[-104.581843,40.014841],[-104.565319,40.014908],[-104.565051,39.956696],[-104.489639,39.955685],[-104.489312,39.912374],[-104.545803,39.913038],[-104.54633,39.884048],[-104.599776,39.884585],[-104.599581,39.899038],[-104.607274,39.899124],[-104.606858,39.900799],[-104.610564,39.903587],[-104.614298,39.903843],[-104.615045,39.906205],[-104.613278,39.908408],[-104.612778,39.90781],[-104.609141,39.908915],[-104.609014,39.910978],[-104.610906,39.913601],[-104.602653,39.913507],[-104.602757,39.942531],[-104.593264,39.942481],[-104.59355,39.957056],[-104.584049,39.956841],[-104.583449,39.957463],[-104.584097,39.958725],[-104.584559,39.969732],[-104.587585,39.971431],[-104.60286,39.971593],[-104.60291,39.986067],[-104.610625,39.986164],[-104.618121,39.989692],[-104.62177,39.986508],[-104.621793,39.994908],[-104.622736,39.994244],[-104.628729,39.995041],[-104.629662,39.997864],[-104.629274,40.000543],[-104.682865,40.000522],[-104.682837,40.004396],[-104.686488,40.012341],[-104.681964,40.013578],[-104.680178,40.015037],[-104.696207,40.014759],[-104.697438,40.012403],[-104.697909,40.01569],[-104.697056,40.044202],[-104.701617,40.044173],[-104.701605,40.046352],[-104.703891,40.050134],[-104.702937,40.050806],[-104.704305,40.053215]]]}},{"type":"Feature","properties":{"zcta5":"80643","area_name":"KEENESBURG"},"geometry":{"type":"Polygon","coordinates":[[[-104.604934,40.081978],[-104.603747,40.084464],[-104.602683,40.084791],[-104.60277,40.100582],[-104.599204,40.102922],[-104.599636,40.103577],[-104.60263,40.102158],[-104.602792,40.116663],[-104.584506,40.11661],[-104.602635,40.116974],[-104.602645,40.123906],[-104.593987,40.123929],[-104.594032,40.131953],[-104.593286,40.131955],[-104.594024,40.132525],[-104.593946,40.160098],[-104.584552,40.160107],[-104.584861,40.202005],[-104.582598,40.203651],[-104.492359,40.203671],[-104.4924,40.261913],[-104.296748,40.261839],[-104.300273,40.251916],[-104.303761,40.247739],[-104.308342,40.247604],[-104.309993,40.245245],[-104.315537,40.242867],[-104.326337,40.229484],[-104.326526,40.227931],[-104.323737,40.221888],[-104.324672,40.216848],[-104.327482,40.211081],[-104.335995,40.198579],[-104.338831,40.195618],[-104.349162,40.188172],[-104.354539,40.179628],[-104.352965,40.170867],[-104.374896,40.170344],[-104.377001,40.170037],[-104.376399,40.167369],[-104.399915,40.166419],[-104.39997,40.160141],[-104.404695,40.160141],[-104.404714,40.131194],[-104.395286,40.131187],[-104.395186,40.102214],[-104.376214,40.102222],[-104.376195,40.058696],[-104.395232,40.058671],[-104.395142,40.044084],[-104.376335,40.044174],[-104.376543,40.001772],[-104.37683,40.000739],[-104.41463,40.000742],[-104.414337,39.955638],[-104.565051,39.956696],[-104.565319,40.014908],[-104.581843,40.014841],[-104.582057,40.016546],[-104.580362,40.019063],[-104.582239,40.020985],[-104.58215,40.022679],[-104.584652,40.024074],[-104.584951,40.026706],[-104.58412,40.029109],[-104.585788,40.030368],[-104.584153,40.033824],[-104.584095,40.035952],[-104.588833,40.046638],[-104.593211,40.050985],[-104.592885,40.053548],[-104.590682,40.055059],[-104.59238,40.055654],[-104.593125,40.056981],[-104.594703,40.056683],[-104.595031,40.058056],[-104.593661,40.058354],[-104.592352,40.061055],[-104.592799,40.061924],[-104.595927,40.063112],[-104.595808,40.064486],[-104.598938,40.068993],[-104.596944,40.071946],[-104.597501,40.073153],[-104.596003,40.073158],[-104.596089,40.080372],[-104.600618,40.080342],[-104.600655,40.083898],[-104.602598,40.083876],[-104.602614,40.08046],[-104.604386,40.080487],[-104.604934,40.081978]]]}},{"type":"Feature","properties":{"zcta5":"80645","area_name":"EVANS"},"geometry":{"type":"Polygon","coordinates":[[[-104.783324,40.338781],[-104.781224,40.342181],[-104.773824,40.343181],[-104.768124,40.341481],[-104.763724,40.342381],[-104.762523,40.350981],[-104.759623,40.354281],[-104.752623,40.356181],[-104.749223,40.355981],[-104.737122,40.359581],[-104.732322,40.356881],[-104.727023,40.359281],[-104.724139,40.359149],[-104.722623,40.355581],[-104.720763,40.354525],[-104.718923,40.354581],[-104.703223,40.361981],[-104.699824,40.364381],[-104.69432,40.365481],[-104.688408,40.365133],[-104.68762,40.366381],[-104.68332,40.368681],[-104.681129,40.371435],[-104.677619,40.373335],[-104.677578,40.370045],[-104.667919,40.370176],[-104.667832,40.356141],[-104.620946,40.356135],[-104.620971,40.362981],[-104.602039,40.362898],[-104.602048,40.3484],[-104.583285,40.348437],[-104.58392,40.319584],[-104.602051,40.319439],[-104.602127,40.315449],[-104.602098,40.30494],[-104.584089,40.305128],[-104.584126,40.290538],[-104.602253,40.290437],[-104.602356,40.275998],[-104.580138,40.276203],[-104.578579,40.274367],[-104.57475,40.274358],[-104.574748,40.275083],[-104.573327,40.275067],[-104.57334,40.274122],[-104.570033,40.27391],[-104.570079,40.261761],[-104.565446,40.261904],[-104.565517,40.247094],[-104.546604,40.247188],[-104.546538,40.261656],[-104.508955,40.261643],[-104.508827,40.217967],[-104.492369,40.217983],[-104.492359,40.203671],[-104.659292,40.203672],[-104.659528,40.218083],[-104.657939,40.218156],[-104.658191,40.232469],[-104.668433,40.232784],[-104.668134,40.261613],[-104.752428,40.260974],[-104.753862,40.261059],[-104.753837,40.266672],[-104.754529,40.266001],[-104.754172,40.263794],[-104.756152,40.261747],[-104.755985,40.261053],[-104.760904,40.261031],[-104.761479,40.262728],[-104.759681,40.263818],[-104.75625,40.264076],[-104.755414,40.265068],[-104.755696,40.267151],[-104.753834,40.26872],[-104.75388,40.275547],[-104.772974,40.275344],[-104.773022,40.284011],[-104.771943,40.285218],[-104.773426,40.284957],[-104.767594,40.289902],[-104.773047,40.289908],[-104.77317,40.336512],[-104.773614,40.337458],[-104.783527,40.33703],[-104.783324,40.338781]]]}},{"type":"Feature","properties":{"zcta5":"80651","area_name":"PLATTEVILLE"},"geometry":{"type":"Polygon","coordinates":[[[-104.979862,40.259987],[-104.979252,40.262652],[-104.979811,40.269676],[-104.951262,40.269849],[-104.951409,40.263799],[-104.94692,40.267735],[-104.941718,40.270021],[-104.941712,40.262832],[-104.882194,40.261999],[-104.877178,40.268629],[-104.874513,40.269903],[-104.873488,40.271982],[-104.866352,40.275886],[-104.86512,40.277838],[-104.8652,40.28003],[-104.857232,40.284382],[-104.849679,40.28451],[-104.845471,40.287854],[-104.841967,40.292574],[-104.834863,40.293518],[-104.820606,40.308158],[-104.817198,40.309134],[-104.815566,40.310494],[-104.815822,40.312414],[-104.817854,40.315774],[-104.81483,40.31867],[-104.808831,40.320082],[-104.805829,40.321982],[-104.799928,40.330381],[-104.794027,40.331681],[-104.787118,40.330301],[-104.786126,40.330581],[-104.783527,40.33703],[-104.773614,40.337458],[-104.773047,40.289908],[-104.791868,40.2898],[-104.791907,40.279632],[-104.782413,40.279636],[-104.782342,40.277897],[-104.78,40.280626],[-104.773024,40.285556],[-104.773018,40.286386],[-104.772542,40.285707],[-104.773426,40.284957],[-104.771943,40.285218],[-104.773022,40.284011],[-104.772974,40.275344],[-104.75388,40.275547],[-104.753834,40.26872],[-104.755696,40.267151],[-104.755414,40.265068],[-104.75625,40.264076],[-104.759681,40.263818],[-104.761479,40.262728],[-104.760904,40.261031],[-104.755985,40.261053],[-104.756152,40.261747],[-104.754172,40.263794],[-104.754529,40.266001],[-104.753837,40.266672],[-104.753862,40.261059],[-104.752428,40.260974],[-104.668134,40.261613],[-104.668433,40.232784],[-104.658191,40.232469],[-104.657939,40.218156],[-104.696815,40.21812],[-104.696807,40.174609],[-104.772685,40.174328],[-104.77282,40.188799],[-104.828399,40.188289],[-104.872348,40.189285],[-104.876544,40.187733],[-104.880326,40.189377],[-104.908846,40.189669],[-104.909159,40.187934],[-104.913044,40.187951],[-104.90417,40.199672],[-104.903943,40.202123],[-104.904724,40.20406],[-104.906865,40.20408],[-104.908813,40.201731],[-104.912873,40.201411],[-104.916813,40.198872],[-104.920394,40.197774],[-104.920186,40.196286],[-104.918246,40.196835],[-104.917679,40.195599],[-104.916217,40.19505],[-104.916039,40.193883],[-104.917083,40.193105],[-104.919888,40.193357],[-104.920157,40.192671],[-104.918218,40.18981],[-104.923401,40.187316],[-104.923107,40.204221],[-104.907528,40.204196],[-104.932705,40.204453],[-104.932705,40.207243],[-104.934412,40.207976],[-104.934183,40.21065],[-104.932704,40.210775],[-104.932704,40.211638],[-104.941754,40.211849],[-104.941756,40.210254],[-104.944555,40.210712],[-104.94455,40.209213],[-104.951248,40.209125],[-104.951267,40.217397],[-104.948356,40.217843],[-104.948391,40.220202],[-104.950868,40.220178],[-104.952869,40.221895],[-104.953884,40.221162],[-104.957825,40.222924],[-104.960242,40.221756],[-104.960123,40.223678],[-104.9589,40.225006],[-104.961272,40.227132],[-104.970205,40.22612],[-104.970268,40.233463],[-104.978834,40.233487],[-104.979727,40.236228],[-104.979862,40.259987]]]}},{"type":"Feature","properties":{"zcta5":"80808","area_name":"CALHAN"},"geometry":{"type":"Polygon","coordinates":[[[-104.47988,38.874648],[-104.466032,38.874576],[-104.465992,38.878193],[-104.461343,38.878169],[-104.461384,38.874518],[-104.443103,38.874482],[-104.443127,38.878129],[-104.424592,38.878077],[-104.424515,38.881657],[-104.420108,38.881598],[-104.420029,38.874388],[-104.410802,38.874402],[-104.410748,38.881734],[-104.412201,38.883361],[-104.412605,38.890212],[-104.415705,38.892265],[-104.418341,38.896113],[-104.415131,38.896103],[-104.414671,38.910603],[-104.423972,38.910609],[-104.423181,38.953979],[-104.464854,38.954127],[-104.464844,38.961289],[-104.460232,38.961483],[-104.460221,38.983036],[-104.441791,38.98297],[-104.441804,38.984684],[-104.449959,38.984825],[-104.449958,38.990258],[-104.451003,38.990263],[-104.450974,38.997489],[-104.404617,38.99774],[-104.404656,39.056099],[-104.413659,39.056148],[-104.413779,39.099108],[-104.408813,39.099014],[-104.408703,39.105919],[-104.418118,39.106236],[-104.417994,39.113824],[-104.387158,39.113629],[-104.385745,39.122613],[-104.386066,39.136012],[-104.385181,39.138124],[-104.385295,39.142862],[-104.382562,39.142403],[-104.379974,39.144576],[-104.37107,39.147072],[-104.366077,39.146266],[-104.354965,39.150283],[-104.351616,39.149871],[-104.347588,39.146861],[-104.347465,39.201233],[-104.343473,39.201333],[-104.343473,39.212095],[-104.338859,39.212075],[-104.338639,39.2099],[-104.329065,39.209897],[-104.329113,39.223007],[-104.33853,39.223025],[-104.33842,39.226881],[-104.34325,39.226911],[-104.343249,39.223101],[-104.347742,39.223175],[-104.347615,39.233584],[-104.351612,39.233535],[-104.351627,39.244019],[-104.37991,39.241096],[-104.403832,39.241529],[-104.40369,39.266275],[-104.418634,39.266238],[-104.409986,39.268849],[-104.408204,39.273014],[-104.407442,39.282269],[-104.404386,39.285188],[-104.401131,39.293159],[-104.394091,39.299825],[-104.390364,39.30584],[-104.389788,39.310472],[-104.394524,39.317787],[-104.394474,39.325235],[-104.377621,39.319076],[-104.356623,39.308554],[-104.356461,39.305682],[-104.353494,39.301484],[-104.353631,39.294305],[-104.354763,39.292172],[-104.352976,39.285439],[-104.352791,39.279769],[-104.34718,39.266644],[-104.333541,39.266579],[-104.333059,39.265217],[-104.328486,39.265178],[-104.328195,39.273775],[-104.310211,39.273745],[-104.310039,39.292567],[-104.305827,39.290453],[-104.275608,39.280072],[-104.253527,39.274649],[-104.253821,39.218047],[-104.252225,39.215857],[-104.264526,39.215891],[-104.264536,39.211656],[-104.258615,39.211401],[-104.258615,39.204524],[-104.257701,39.204522],[-104.258618,39.204381],[-104.258576,39.200851],[-104.249537,39.200937],[-104.249318,39.193653],[-104.253919,39.193645],[-104.25397,39.186621],[-104.244982,39.186635],[-104.245107,39.179303],[-104.23567,39.179347],[-104.235746,39.172159],[-104.292012,39.172257],[-104.292099,39.143296],[-104.254767,39.143222],[-104.255504,39.120471],[-104.263108,39.120926],[-104.264558,39.121724],[-104.267019,39.120617],[-104.273846,39.120397],[-104.273987,39.113031],[-104.219036,39.113332],[-104.219065,39.098923],[-104.144366,39.100179],[-104.146251,39.042378],[-104.108939,39.042178],[-104.108984,39.027663],[-104.090669,39.027627],[-104.090465,38.998809],[-104.108886,38.998823],[-104.108758,38.984354],[-104.090303,38.984408],[-104.090125,38.955482],[-104.127209,38.955423],[-104.127586,38.940995],[-104.161238,38.940949],[-104.162196,38.941485],[-104.162213,38.950073],[-104.162976,38.950199],[-104.163034,38.952036],[-104.16489,38.952008],[-104.164877,38.955392],[-104.183521,38.955208],[-104.184604,38.9116],[-104.221427,38.911584],[-104.221522,38.908004],[-104.230857,38.907936],[-104.231189,38.897262],[-104.240453,38.897145],[-104.241259,38.868029],[-104.222646,38.868252],[-104.221965,38.839318],[-104.259049,38.839182],[-104.258696,38.824688],[-104.277273,38.824733],[-104.276853,38.810368],[-104.295343,38.810209],[-104.295022,38.795775],[-104.304139,38.795709],[-104.303763,38.775797],[-104.309292,38.779965],[-104.311105,38.780309],[-104.35794,38.77465],[-104.360163,38.774946],[-104.360483,38.774237],[-104.367244,38.772468],[-104.369886,38.770274],[-104.370769,38.764504],[-104.372117,38.761811],[-104.372275,38.756519],[-104.374253,38.749996],[-104.373754,38.748956],[-104.374746,38.747125],[-104.374925,38.750462],[-104.376549,38.752275],[-104.385833,38.751831],[-104.386083,38.766377],[-104.404704,38.766247],[-104.404432,38.751825],[-104.459949,38.751806],[-104.461118,38.838642],[-104.465751,38.838651],[-104.46586,38.846005],[-104.470495,38.846076],[-104.470686,38.863865],[-104.469989,38.86386],[-104.46983,38.867361],[-104.479954,38.867413],[-104.47988,38.874648]]]}},{"type":"Feature","properties":{"zcta5":"80817","area_name":"FOUNTAIN"},"geometry":{"type":"Polygon","coordinates":[[[-104.766742,38.76484],[-104.760747,38.767961],[-104.755492,38.763136],[-104.744825,38.751903],[-104.746043,38.751426],[-104.743461,38.748098],[-104.743451,38.750077],[-104.739685,38.746368],[-104.740524,38.745874],[-104.739854,38.745152],[-104.738987,38.745604],[-104.719903,38.724931],[-104.714522,38.715483],[-104.712483,38.715582],[-104.713995,38.719071],[-104.711343,38.721812],[-104.711243,38.722846],[-104.706199,38.721748],[-104.705057,38.723092],[-104.705013,38.724704],[-104.702414,38.724479],[-104.69959,38.722922],[-104.695246,38.734944],[-104.691341,38.734451],[-104.689117,38.732067],[-104.689117,38.730536],[-104.690444,38.728429],[-104.69204,38.727541],[-104.693579,38.723552],[-104.693766,38.720126],[-104.693142,38.720405],[-104.692466,38.717793],[-104.690772,38.717756],[-104.689598,38.721079],[-104.68754,38.722312],[-104.684531,38.720351],[-104.683064,38.720264],[-104.682306,38.721222],[-104.671494,38.719042],[-104.663789,38.719345],[-104.663423,38.717873],[-104.664016,38.716964],[-104.662092,38.718805],[-104.660186,38.718376],[-104.658422,38.717517],[-104.659492,38.716285],[-104.658138,38.715568],[-104.660228,38.713381],[-104.658514,38.71212],[-104.644906,38.712139],[-104.645332,38.710972],[-104.647396,38.710816],[-104.64898,38.709748],[-104.648948,38.70594],[-104.649792,38.704524],[-104.64833,38.702983],[-104.648783,38.702024],[-104.648122,38.700981],[-104.648927,38.699366],[-104.651662,38.697563],[-104.654275,38.699571],[-104.65519,38.699308],[-104.655535,38.696236],[-104.653999,38.693962],[-104.62764,38.693993],[-104.625528,38.691667],[-104.622871,38.690619],[-104.619832,38.685292],[-104.618318,38.685457],[-104.617385,38.684425],[-104.61681,38.683497],[-104.617293,38.682706],[-104.619556,38.681831],[-104.62072,38.682638],[-104.621033,38.679825],[-104.622525,38.678446],[-104.620877,38.677155],[-104.620833,38.675321],[-104.622851,38.67499],[-104.621286,38.672535],[-104.623442,38.669084],[-104.622697,38.665915],[-104.62388,38.665205],[-104.624526,38.666078],[-104.625769,38.665022],[-104.624902,38.663502],[-104.626011,38.662373],[-104.624887,38.662315],[-104.624451,38.661079],[-104.625424,38.659634],[-104.624394,38.658281],[-104.624973,38.656244],[-104.623598,38.65499],[-104.625541,38.653653],[-104.621328,38.652558],[-104.623148,38.651084],[-104.62218,38.649815],[-104.621042,38.649535],[-104.620703,38.650597],[-104.618859,38.650303],[-104.615693,38.647452],[-104.61569,38.646453],[-104.617607,38.645681],[-104.617854,38.643304],[-104.615268,38.643915],[-104.613778,38.64279],[-104.610762,38.643554],[-104.607952,38.640211],[-104.607964,38.641726],[-104.606249,38.641882],[-104.605408,38.640698],[-104.605528,38.637978],[-104.602738,38.63684],[-104.60437,38.635433],[-104.603284,38.634285],[-104.604425,38.632966],[-104.606567,38.631966],[-104.608697,38.632289],[-104.609656,38.631343],[-104.610066,38.626965],[-104.610913,38.626075],[-104.609965,38.624079],[-104.611406,38.622123],[-104.610915,38.61969],[-104.611455,38.618839],[-104.606957,38.606434],[-104.586999,38.561268],[-104.567087,38.520001],[-104.612424,38.520162],[-104.614167,38.522873],[-104.620108,38.52777],[-104.6222,38.534618],[-104.621227,38.53695],[-104.621992,38.539229],[-104.62096,38.54351],[-104.622279,38.549244],[-104.623232,38.550491],[-104.626371,38.550648],[-104.627241,38.5518],[-104.625389,38.555874],[-104.621973,38.559606],[-104.622177,38.560732],[-104.625567,38.562706],[-104.631308,38.563725],[-104.634831,38.567015],[-104.636233,38.567343],[-104.637637,38.56889],[-104.639897,38.574585],[-104.644332,38.575909],[-104.644282,38.578585],[-104.659896,38.58015],[-104.661357,38.582292],[-104.662535,38.581767],[-104.647269,38.563281],[-104.649108,38.566859],[-104.641738,38.569664],[-104.640359,38.566442],[-104.63826,38.566052],[-104.635784,38.563487],[-104.632052,38.563028],[-104.630805,38.55513],[-104.62654,38.550039],[-104.626326,38.547828],[-104.623834,38.547367],[-104.624875,38.544825],[-104.62654,38.54459],[-104.62633,38.536367],[-104.63317,38.534474],[-104.626137,38.519957],[-104.644691,38.519842],[-104.644641,38.490634],[-104.62633,38.490682],[-104.62602,38.461602],[-104.635092,38.466685],[-104.635835,38.469006],[-104.645189,38.470593],[-104.65114,38.46913],[-104.659123,38.465253],[-104.661688,38.466327],[-104.663595,38.46892],[-104.665787,38.470248],[-104.669847,38.471278],[-104.678624,38.475219],[-104.690857,38.478419],[-104.690744,38.410698],[-104.699061,38.410663],[-104.699099,38.409466],[-104.699417,38.410656],[-104.699431,38.407148],[-104.713413,38.415506],[-104.71697,38.420988],[-104.716342,38.421884],[-104.717816,38.423845],[-104.725303,38.425326],[-104.728084,38.427413],[-104.735521,38.429714],[-104.735962,38.481273],[-104.737212,38.51931],[-104.71798,38.519614],[-104.718051,38.621182],[-104.746353,38.620975],[-104.746217,38.643026],[-104.750022,38.646898],[-104.746432,38.651954],[-104.746199,38.664107],[-104.737231,38.664151],[-104.737165,38.667725],[-104.718862,38.668066],[-104.718981,38.685048],[-104.722903,38.701681],[-104.724733,38.707724],[-104.726837,38.711668],[-104.725625,38.711633],[-104.729506,38.720603],[-104.761423,38.752845],[-104.758425,38.755106],[-104.75973,38.756209],[-104.759224,38.759695],[-104.765659,38.762727],[-104.766677,38.763584],[-104.766742,38.76484]]]}},{"type":"Feature","properties":{"zcta5":"80829","area_name":"MANITOU SPRINGS"},"geometry":{"type":"Polygon","coordinates":[[[-104.988674,38.817869],[-104.98233,38.823956],[-104.98127,38.827498],[-104.981638,38.83085],[-104.978227,38.833021],[-104.978571,38.833751],[-104.97757,38.834788],[-104.977327,38.836689],[-104.973662,38.841158],[-104.974115,38.842507],[-104.969379,38.846164],[-104.963235,38.847652],[-104.961091,38.849061],[-104.950068,38.849765],[-104.948004,38.851717],[-104.940276,38.850389],[-104.939031,38.867692],[-104.908516,38.867862],[-104.908162,38.864295],[-104.903468,38.864286],[-104.901724,38.862652],[-104.899632,38.86214],[-104.898979,38.860481],[-104.897412,38.859583],[-104.897658,38.860751],[-104.896062,38.860766],[-104.896881,38.86104],[-104.896014,38.864245],[-104.886903,38.864287],[-104.886911,38.859033],[-104.886178,38.858942],[-104.886905,38.856782],[-104.886356,38.854296],[-104.886879,38.854198],[-104.886589,38.824764],[-104.889724,38.82325],[-104.893379,38.81815],[-104.896431,38.817357],[-104.898751,38.813449],[-104.909039,38.806463],[-104.910623,38.802089],[-104.910177,38.799574],[-104.913557,38.795143],[-104.917047,38.793893],[-104.919776,38.794057],[-104.921205,38.792904],[-104.923635,38.792509],[-104.929967,38.794171],[-104.936717,38.791561],[-104.939754,38.792274],[-104.939869,38.796543],[-104.948775,38.798559],[-104.986427,38.798429],[-104.987011,38.801012],[-104.985755,38.804689],[-104.979638,38.810194],[-104.981411,38.816043],[-104.980219,38.817908],[-104.988674,38.817869]]]}},{"type":"Feature","properties":{"zcta5":"80831","area_name":"PEYTON"},"geometry":{"type":"Polygon","coordinates":[[[-104.66903,38.860415],[-104.663338,38.863869],[-104.65993,38.867227],[-104.64634,38.885261],[-104.620322,38.922599],[-104.621752,38.922659],[-104.621745,38.924609],[-104.619126,38.926321],[-104.61775,38.926305],[-104.613762,38.929889],[-104.615278,38.929902],[-104.620538,38.926395],[-104.627548,38.926396],[-104.62753,38.936263],[-104.629229,38.936358],[-104.629444,38.938903],[-104.631625,38.938936],[-104.631655,38.940459],[-104.644656,38.940599],[-104.644523,38.970103],[-104.634927,38.969917],[-104.63581,38.986905],[-104.634663,38.991583],[-104.626082,38.993224],[-104.626071,38.998668],[-104.612245,38.998787],[-104.612237,39.002411],[-104.607609,39.002389],[-104.607652,39.00606],[-104.589611,39.005861],[-104.589596,38.998537],[-104.562483,38.998162],[-104.562688,39.001474],[-104.561481,39.006317],[-104.563966,39.012848],[-104.534125,39.012685],[-104.536218,39.036798],[-104.538771,39.040729],[-104.539069,39.042582],[-104.54808,39.042547],[-104.548044,39.053491],[-104.552777,39.053512],[-104.554899,39.056695],[-104.557152,39.057199],[-104.557229,39.059992],[-104.566496,39.059737],[-104.567345,39.057095],[-104.571116,39.0571],[-104.570963,39.071117],[-104.560992,39.071197],[-104.560995,39.086081],[-104.552231,39.08619],[-104.551765,39.129427],[-104.504886,39.129527],[-104.504386,39.132311],[-104.498977,39.133895],[-104.497349,39.133406],[-104.497382,39.144291],[-104.487737,39.144254],[-104.487737,39.140889],[-104.482934,39.140889],[-104.482859,39.143798],[-104.477529,39.14374],[-104.477529,39.151534],[-104.459702,39.151185],[-104.459604,39.144075],[-104.441636,39.144118],[-104.441636,39.151332],[-104.450873,39.151225],[-104.450749,39.158146],[-104.386296,39.158179],[-104.385745,39.122613],[-104.387158,39.113629],[-104.417994,39.113824],[-104.418118,39.106236],[-104.408703,39.105919],[-104.408813,39.099014],[-104.413779,39.099108],[-104.413659,39.056148],[-104.404656,39.056099],[-104.404617,38.99774],[-104.450974,38.997489],[-104.451003,38.990263],[-104.449958,38.990258],[-104.449959,38.984825],[-104.441804,38.984684],[-104.441791,38.98297],[-104.460221,38.983036],[-104.460232,38.961483],[-104.464855,38.961221],[-104.464854,38.954127],[-104.423181,38.953979],[-104.423972,38.910609],[-104.414671,38.910603],[-104.415131,38.896103],[-104.418341,38.896113],[-104.415705,38.892265],[-104.412605,38.890212],[-104.412201,38.883361],[-104.410748,38.881734],[-104.410802,38.874402],[-104.420029,38.874388],[-104.420108,38.881598],[-104.424515,38.881657],[-104.424592,38.878077],[-104.443127,38.878129],[-104.443103,38.874482],[-104.461384,38.874518],[-104.461343,38.878169],[-104.465992,38.878193],[-104.466032,38.874576],[-104.47988,38.874648],[-104.479954,38.867413],[-104.46983,38.867361],[-104.470647,38.860241],[-104.508145,38.860652],[-104.508135,38.853603],[-104.579548,38.853464],[-104.600702,38.852512],[-104.666328,38.853232],[-104.66903,38.860415]]]}},{"type":"Feature","properties":{"zcta5":"80902","area_name":"COLORADO SPRINGS"},"geometry":{"type":"MultiPolygon","coordinates":[[[[-104.826604,38.70288],[-104.819298,38.711682],[-104.818831,38.725698],[-104.817314,38.729517],[-104.815539,38.731512],[-104.809748,38.734283],[-104.807726,38.73712],[-104.807696,38.739186],[-104.810791,38.747829],[-104.812352,38.765772],[-104.803698,38.765385],[-104.803165,38.755236],[-104.8,38.748547],[-104.795285,38.741628],[-104.800916,38.739363],[-104.800908,38.738489],[-104.7968,38.738497],[-104.796806,38.736215],[-104.792881,38.734596],[-104.788919,38.737433],[-104.785449,38.735225],[-104.782329,38.731576],[-104.779062,38.729211],[-104.775457,38.729322],[-104.775456,38.725304],[-104.777974,38.724475],[-104.787407,38.723968],[-104.787645,38.722953],[-104.786939,38.720966],[-104.787588,38.718812],[-104.78522,38.716756],[-104.78353,38.716519],[-104.777512,38.718231],[-104.777662,38.706435],[-104.775888,38.703888],[-104.775583,38.696316],[-104.781833,38.695728],[-104.78492,38.696914],[-104.795553,38.697936],[-104.797369,38.696822],[-104.801125,38.696464],[-104.803841,38.694125],[-104.824346,38.700492],[-104.827533,38.701848],[-104.826604,38.70288]]],[[[-104.866078,38.653949],[-104.863406,38.661556],[-104.861892,38.669482],[-104.850946,38.674379],[-104.845882,38.681761],[-104.830485,38.6986],[-104.826861,38.69491],[-104.82028,38.691584],[-104.817883,38.689183],[-104.811474,38.686731],[-104.806059,38.686353],[-104.801618,38.683507],[-104.798976,38.682718],[-104.79813,38.681023],[-104.796177,38.680253],[-104.794486,38.680782],[-104.791948,38.679723],[-104.79156,38.678821],[-104.790663,38.678964],[-104.789873,38.677656],[-104.786384,38.675802],[-104.785806,38.673197],[-104.784018,38.671292],[-104.784092,38.66985],[-104.782335,38.669153],[-104.781764,38.667881],[-104.779605,38.667174],[-104.778271,38.667595],[-104.777952,38.666577],[-104.774741,38.667053],[-104.774274,38.657889],[-104.77541,38.65455],[-104.782857,38.649308],[-104.809208,38.644668],[-104.812296,38.645042],[-104.814938,38.644281],[-104.816996,38.645174],[-104.819453,38.645062],[-104.823975,38.646363],[-104.826862,38.649272],[-104.829392,38.64995],[-104.865667,38.64984],[-104.866078,38.653949]]]]}},{"type":"Feature","properties":{"zcta5":"80903","area_name":"COLORADO SPRINGS"},"geometry":{"type":"Polygon","coordinates":[[[-104.836153,38.822991],[-104.83402,38.831725],[-104.831008,38.834909],[-104.830382,38.836938],[-104.828566,38.836916],[-104.82877,38.838488],[-104.827205,38.840292],[-104.827824,38.844543],[-104.829043,38.84701],[-104.828666,38.851873],[-104.829736,38.853716],[-104.815283,38.853683],[-104.815387,38.851766],[-104.813502,38.851706],[-104.81345,38.853667],[-104.808754,38.853555],[-104.809531,38.855132],[-104.808921,38.862265],[-104.796617,38.862455],[-104.794172,38.861788],[-104.794203,38.855414],[-104.802603,38.85515],[-104.802615,38.840763],[-104.803431,38.840272],[-104.803595,38.837557],[-104.802819,38.837474],[-104.803015,38.833222],[-104.797719,38.833051],[-104.797722,38.831789],[-104.800029,38.82911],[-104.803395,38.82761],[-104.803686,38.821087],[-104.797396,38.820522],[-104.793649,38.81757],[-104.79219,38.817287],[-104.791711,38.814615],[-104.789168,38.812095],[-104.797215,38.808823],[-104.7952,38.807788],[-104.795012,38.806641],[-104.79684,38.804806],[-104.796712,38.803388],[-104.799031,38.803698],[-104.799037,38.804582],[-104.800504,38.804573],[-104.803918,38.808296],[-104.806632,38.808293],[-104.814334,38.813447],[-104.829999,38.816393],[-104.835202,38.820296],[-104.836153,38.822991]]]}},{"type":"Feature","properties":{"zcta5":"80904","area_name":"COLORADO SPRINGS"},"geometry":{"type":"MultiPolygon","coordinates":[[[[-104.859283,38.824878],[-104.858475,38.826736],[-104.856322,38.826683],[-104.856656,38.824618],[-104.859283,38.824878]]],[[[-104.917077,38.885867],[-104.914551,38.885932],[-104.914792,38.893171],[-104.909021,38.893869],[-104.909212,38.896094],[-104.906411,38.895343],[-104.906805,38.896377],[-104.903192,38.895707],[-104.901798,38.894131],[-104.900013,38.894307],[-104.899609,38.89532],[-104.897062,38.894645],[-104.898992,38.894659],[-104.898257,38.892716],[-104.899882,38.891856],[-104.893795,38.89215],[-104.896448,38.882963],[-104.896027,38.881904],[-104.898282,38.878708],[-104.897503,38.877906],[-104.894904,38.878369],[-104.899291,38.87462],[-104.89939,38.87252],[-104.900852,38.872456],[-104.902716,38.866804],[-104.900314,38.867324],[-104.901503,38.864637],[-104.899979,38.865383],[-104.899049,38.86369],[-104.89774,38.864895],[-104.897669,38.866026],[-104.893667,38.866131],[-104.891137,38.86751],[-104.890009,38.866977],[-104.886651,38.869375],[-104.886442,38.892683],[-104.882183,38.891498],[-104.880135,38.889302],[-104.874935,38.88666],[-104.87382,38.882748],[-104.874711,38.880248],[-104.87267,38.877112],[-104.870615,38.877822],[-104.873912,38.88387],[-104.875246,38.891767],[-104.874763,38.895705],[-104.873581,38.896768],[-104.872477,38.896614],[-104.870689,38.895537],[-104.859907,38.893621],[-104.860347,38.892312],[-104.859147,38.891895],[-104.859917,38.890368],[-104.859547,38.889165],[-104.850389,38.886217],[-104.849332,38.883046],[-104.847707,38.883893],[-104.846933,38.876092],[-104.85233,38.875004],[-104.852043,38.872365],[-104.853452,38.871659],[-104.855656,38.87271],[-104.859382,38.869083],[-104.857969,38.86794],[-104.852517,38.86905],[-104.848523,38.864103],[-104.842158,38.863923],[-104.839402,38.861141],[-104.837579,38.856831],[-104.838111,38.856841],[-104.838088,38.855258],[-104.837282,38.855249],[-104.836237,38.850363],[-104.838005,38.848864],[-104.835602,38.84731],[-104.835613,38.844883],[-104.839024,38.842859],[-104.838782,38.84145],[-104.836374,38.839112],[-104.840632,38.839022],[-104.840676,38.83443],[-104.841556,38.834909],[-104.84305,38.833179],[-104.84055,38.831759],[-104.840636,38.831177],[-104.859112,38.840344],[-104.859162,38.835177],[-104.854237,38.833052],[-104.854947,38.8319],[-104.859188,38.832512],[-104.859168,38.828327],[-104.863957,38.828086],[-104.870501,38.830266],[-104.879205,38.830719],[-104.878481,38.831867],[-104.886572,38.831977],[-104.886879,38.854198],[-104.886356,38.854296],[-104.886905,38.856782],[-104.886178,38.858942],[-104.886911,38.859033],[-104.886903,38.864287],[-104.896014,38.864245],[-104.896881,38.86104],[-104.896062,38.860766],[-104.897658,38.860751],[-104.897412,38.859583],[-104.898979,38.860481],[-104.899632,38.86214],[-104.901724,38.862652],[-104.903468,38.864286],[-104.908162,38.864295],[-104.909345,38.870594],[-104.910632,38.871299],[-104.913809,38.871278],[-104.914426,38.88225],[-104.917028,38.884405],[-104.917077,38.885867]]]]}},{"type":"Feature","properties":{"zcta5":"80905","area_name":"COLORADO SPRINGS"},"geometry":{"type":"Polygon","coordinates":[[[-104.859648,38.814793],[-104.859288,38.824718],[-104.856656,38.824618],[-104.8563,38.825213],[-104.856475,38.82674],[-104.858475,38.826736],[-104.859217,38.825828],[-104.859188,38.832512],[-104.854947,38.8319],[-104.854237,38.833052],[-104.859162,38.835177],[-104.859112,38.840344],[-104.840636,38.831177],[-104.84055,38.831759],[-104.84305,38.833179],[-104.841556,38.834909],[-104.840676,38.83443],[-104.840632,38.839022],[-104.836325,38.839216],[-104.839027,38.842105],[-104.838103,38.843885],[-104.835613,38.844883],[-104.835602,38.84731],[-104.838005,38.848864],[-104.836237,38.850363],[-104.836912,38.853439],[-104.833422,38.853449],[-104.833439,38.854958],[-104.834231,38.855413],[-104.833269,38.855416],[-104.833731,38.856366],[-104.832624,38.856671],[-104.828671,38.851898],[-104.829043,38.84701],[-104.827824,38.844543],[-104.8272,38.840316],[-104.82877,38.838488],[-104.828566,38.836916],[-104.830382,38.836938],[-104.831008,38.834909],[-104.834129,38.831488],[-104.836153,38.822991],[-104.835834,38.821185],[-104.829226,38.816043],[-104.816845,38.81433],[-104.812874,38.812684],[-104.803075,38.805397],[-104.797502,38.796029],[-104.807774,38.795722],[-104.817403,38.797985],[-104.817671,38.802426],[-104.815713,38.803473],[-104.817381,38.805232],[-104.819158,38.804459],[-104.822186,38.806673],[-104.822326,38.805468],[-104.822366,38.807481],[-104.829216,38.806486],[-104.829486,38.807279],[-104.831268,38.806547],[-104.831254,38.805601],[-104.83255,38.805922],[-104.836217,38.804283],[-104.836232,38.803457],[-104.83972,38.802855],[-104.839704,38.802046],[-104.84126,38.801424],[-104.841741,38.801879],[-104.845517,38.800489],[-104.848657,38.799898],[-104.848764,38.800544],[-104.851805,38.799547],[-104.855694,38.804876],[-104.858567,38.80689],[-104.85793,38.81142],[-104.859648,38.814793]]]}},{"type":"Feature","properties":{"zcta5":"80906","area_name":"COLORADO SPRINGS"},"geometry":{"type":"Polygon","coordinates":[[[-104.939641,38.792212],[-104.936095,38.791597],[-104.929967,38.794171],[-104.923635,38.792509],[-104.913315,38.795323],[-104.910177,38.799574],[-104.910623,38.802089],[-104.909039,38.806463],[-104.898751,38.813449],[-104.896431,38.817357],[-104.893379,38.81815],[-104.889724,38.82325],[-104.886589,38.824764],[-104.886572,38.831977],[-104.878481,38.831867],[-104.879205,38.830719],[-104.870501,38.830266],[-104.863957,38.828086],[-104.859168,38.828327],[-104.859666,38.814684],[-104.85793,38.81142],[-104.858652,38.807069],[-104.855694,38.804876],[-104.851805,38.799547],[-104.848764,38.800544],[-104.848657,38.799898],[-104.845517,38.800489],[-104.841741,38.801879],[-104.84126,38.801424],[-104.839704,38.802046],[-104.83972,38.802855],[-104.836232,38.803457],[-104.836217,38.804283],[-104.83255,38.805922],[-104.831254,38.805601],[-104.831268,38.806547],[-104.829486,38.807279],[-104.829216,38.806486],[-104.822366,38.807481],[-104.822326,38.805468],[-104.822186,38.806673],[-104.819158,38.804459],[-104.817381,38.805232],[-104.815713,38.803473],[-104.817671,38.802426],[-104.817403,38.797985],[-104.807774,38.795722],[-104.798647,38.795856],[-104.797502,38.796029],[-104.801237,38.803148],[-104.806632,38.808293],[-104.803918,38.808296],[-104.801755,38.805529],[-104.799037,38.804582],[-104.799031,38.803698],[-104.798181,38.803377],[-104.796712,38.803388],[-104.796806,38.804869],[-104.795083,38.806181],[-104.795274,38.80747],[-104.794006,38.806593],[-104.778791,38.79207],[-104.77625,38.787259],[-104.773202,38.788321],[-104.771254,38.783849],[-104.774495,38.783331],[-104.773351,38.781177],[-104.770288,38.781647],[-104.769059,38.778977],[-104.771158,38.777537],[-104.769921,38.770474],[-104.767488,38.766597],[-104.767352,38.764933],[-104.769268,38.764659],[-104.766742,38.76484],[-104.766677,38.763584],[-104.765659,38.762727],[-104.759464,38.759957],[-104.759055,38.758442],[-104.759719,38.756154],[-104.758425,38.755106],[-104.761423,38.752845],[-104.775874,38.764836],[-104.775837,38.75921],[-104.779852,38.759236],[-104.780029,38.760705],[-104.781144,38.760831],[-104.792244,38.76047],[-104.797099,38.765707],[-104.812352,38.765772],[-104.810791,38.747829],[-104.807627,38.738192],[-104.811586,38.738157],[-104.813571,38.737013],[-104.818697,38.73608],[-104.819137,38.734343],[-104.821546,38.732553],[-104.822291,38.73276],[-104.822816,38.73522],[-104.827312,38.733651],[-104.830114,38.736223],[-104.828953,38.737932],[-104.829913,38.739178],[-104.829515,38.742079],[-104.828714,38.742896],[-104.82923,38.74353],[-104.832987,38.74153],[-104.833296,38.738256],[-104.834652,38.737728],[-104.841107,38.743624],[-104.842287,38.747164],[-104.843113,38.74751],[-104.84973,38.746939],[-104.849616,38.744914],[-104.854355,38.744719],[-104.854198,38.738208],[-104.867949,38.738606],[-104.8676,38.733385],[-104.868293,38.731343],[-104.87288,38.729751],[-104.874872,38.730271],[-104.876797,38.728842],[-104.877878,38.730928],[-104.880646,38.728566],[-104.885132,38.728516],[-104.890891,38.730843],[-104.895581,38.731457],[-104.896108,38.732134],[-104.895574,38.733996],[-104.897302,38.732442],[-104.901144,38.734001],[-104.90263,38.733204],[-104.902771,38.696136],[-104.93934,38.696142],[-104.939641,38.792212]]]}},{"type":"Feature","properties":{"zcta5":"80907","area_name":"COLORADO SPRINGS"},"geometry":{"type":"Polygon","coordinates":[[[-104.873581,38.896768],[-104.869262,38.900528],[-104.868461,38.896715],[-104.856603,38.896622],[-104.856512,38.899409],[-104.854652,38.901297],[-104.853453,38.900535],[-104.853853,38.899836],[-104.851646,38.898944],[-104.851081,38.89909],[-104.851821,38.899953],[-104.849351,38.900045],[-104.849378,38.901366],[-104.84783,38.901392],[-104.847812,38.902465],[-104.843914,38.902826],[-104.843659,38.903741],[-104.835751,38.900712],[-104.831934,38.900891],[-104.828386,38.902236],[-104.830019,38.896865],[-104.825422,38.896919],[-104.825142,38.89878],[-104.82382,38.89872],[-104.823815,38.896929],[-104.809153,38.897778],[-104.807258,38.896693],[-104.806288,38.893361],[-104.804678,38.891574],[-104.800029,38.891182],[-104.790601,38.887812],[-104.786185,38.889183],[-104.77409,38.889236],[-104.770956,38.885223],[-104.771303,38.883347],[-104.770336,38.880766],[-104.767868,38.878914],[-104.770828,38.878922],[-104.772472,38.877817],[-104.775363,38.877428],[-104.78458,38.877368],[-104.787943,38.875161],[-104.789904,38.872408],[-104.792105,38.873549],[-104.794864,38.87356],[-104.794067,38.869926],[-104.794762,38.869863],[-104.795178,38.862391],[-104.794172,38.861788],[-104.796617,38.862455],[-104.808921,38.862265],[-104.809531,38.855132],[-104.808754,38.853555],[-104.81345,38.853667],[-104.813502,38.851706],[-104.815387,38.851766],[-104.815283,38.853683],[-104.829736,38.853716],[-104.832751,38.856689],[-104.833731,38.856366],[-104.833269,38.855416],[-104.834231,38.855413],[-104.833439,38.854958],[-104.833422,38.853449],[-104.835869,38.853128],[-104.836912,38.853439],[-104.837282,38.855249],[-104.838088,38.855258],[-104.838111,38.856841],[-104.837579,38.856831],[-104.839402,38.861141],[-104.842158,38.863923],[-104.848523,38.864103],[-104.852517,38.86905],[-104.857969,38.86794],[-104.859382,38.869083],[-104.855656,38.87271],[-104.853452,38.871659],[-104.852043,38.872365],[-104.85233,38.875004],[-104.846933,38.876092],[-104.847707,38.883893],[-104.849332,38.883046],[-104.850389,38.886217],[-104.859547,38.889165],[-104.859917,38.890368],[-104.859147,38.891895],[-104.860347,38.892312],[-104.859907,38.893621],[-104.870563,38.895508],[-104.873581,38.896768]]]}},{"type":"Feature","properties":{"zcta5":"80908","area_name":"COLORADO SPRINGS"},"geometry":{"type":"Polygon","coordinates":[[[-104.798132,38.988822],[-104.798112,38.990604],[-104.785568,38.990986],[-104.780998,38.998642],[-104.775998,39.003083],[-104.775871,39.005767],[-104.779805,39.011133],[-104.780694,39.016477],[-104.779775,39.023898],[-104.77655,39.032299],[-104.773305,39.032924],[-104.769019,39.02997],[-104.765956,39.031031],[-104.763337,39.033541],[-104.758264,39.033341],[-104.757219,39.034373],[-104.757318,39.044946],[-104.760148,39.04305],[-104.759864,39.03988],[-104.760839,39.039752],[-104.76094,39.038594],[-104.764255,39.039579],[-104.766188,39.037453],[-104.767507,39.037441],[-104.768077,39.038579],[-104.771271,39.040503],[-104.763927,39.048361],[-104.763878,39.056326],[-104.762018,39.060348],[-104.761368,39.064679],[-104.761901,39.072718],[-104.766971,39.078742],[-104.767801,39.083597],[-104.770425,39.087765],[-104.770868,39.091779],[-104.771106,39.112571],[-104.766657,39.121451],[-104.766571,39.129674],[-104.626381,39.129461],[-104.626287,39.103821],[-104.598259,39.103912],[-104.59853,39.085809],[-104.602235,39.085839],[-104.603069,39.085174],[-104.60321,39.069326],[-104.607325,39.06551],[-104.607463,39.042751],[-104.626009,39.042258],[-104.625964,39.020461],[-104.607534,39.020549],[-104.607609,39.002389],[-104.612237,39.002411],[-104.612245,38.998787],[-104.626071,38.998668],[-104.626082,38.993224],[-104.634663,38.991583],[-104.63581,38.986905],[-104.634927,38.969917],[-104.644523,38.970103],[-104.644656,38.940599],[-104.664193,38.940116],[-104.682368,38.940982],[-104.681913,38.939894],[-104.683383,38.938109],[-104.682935,38.937152],[-104.684833,38.936529],[-104.684829,38.937311],[-104.687339,38.937312],[-104.68728,38.940948],[-104.7011,38.941072],[-104.700382,38.983854],[-104.756617,38.983735],[-104.762622,38.985326],[-104.771123,38.982158],[-104.79065,38.980529],[-104.790671,38.978518],[-104.792616,38.978513],[-104.792645,38.980462],[-104.795833,38.980407],[-104.795809,38.978775],[-104.797864,38.978246],[-104.798132,38.988822]]]}},{"type":"Feature","properties":{"zcta5":"80909","area_name":"COLORADO SPRINGS"},"geometry":{"type":"Polygon","coordinates":[[[-104.803595,38.837557],[-104.803431,38.840272],[-104.802615,38.840763],[-104.802603,38.85515],[-104.794203,38.855414],[-104.794172,38.861976],[-104.795178,38.862391],[-104.794762,38.869863],[-104.794067,38.869926],[-104.794864,38.87356],[-104.792105,38.873549],[-104.789904,38.872408],[-104.787943,38.875161],[-104.78458,38.877368],[-104.774693,38.877501],[-104.768876,38.879209],[-104.76795,38.878812],[-104.767842,38.877447],[-104.765874,38.877191],[-104.765824,38.875009],[-104.763573,38.872927],[-104.763946,38.871748],[-104.761895,38.869538],[-104.761725,38.867842],[-104.754368,38.867853],[-104.754267,38.869419],[-104.751078,38.87164],[-104.74979,38.874057],[-104.747865,38.874004],[-104.747903,38.857372],[-104.750294,38.85731],[-104.750419,38.856764],[-104.74906,38.855707],[-104.749057,38.854354],[-104.74801,38.854352],[-104.748036,38.84606],[-104.749776,38.845549],[-104.74804,38.844687],[-104.748033,38.842033],[-104.749354,38.841874],[-104.748032,38.841438],[-104.748048,38.837912],[-104.751131,38.837223],[-104.75291,38.83593],[-104.750713,38.834217],[-104.747945,38.834623],[-104.747485,38.835538],[-104.746444,38.835237],[-104.745801,38.834896],[-104.746156,38.834279],[-104.747265,38.834419],[-104.746076,38.833949],[-104.746583,38.833172],[-104.749032,38.83379],[-104.753445,38.831591],[-104.757507,38.831927],[-104.757413,38.830624],[-104.759625,38.828987],[-104.759196,38.829834],[-104.761907,38.832075],[-104.764517,38.832628],[-104.775288,38.831927],[-104.775286,38.832706],[-104.7805,38.832651],[-104.780641,38.830532],[-104.78296,38.829895],[-104.786403,38.831183],[-104.788023,38.830831],[-104.789256,38.832732],[-104.803015,38.833222],[-104.802819,38.837474],[-104.803595,38.837557]]]}},{"type":"Feature","properties":{"zcta5":"80910","area_name":"COLORADO SPRINGS"},"geometry":{"type":"MultiPolygon","coordinates":[[[[-104.761977,38.781681],[-104.757502,38.781714],[-104.757525,38.777343],[-104.758072,38.777343],[-104.757815,38.780157],[-104.761905,38.780314],[-104.761977,38.781681]]],[[[-104.803618,38.822481],[-104.803395,38.82761],[-104.80174,38.827966],[-104.79849,38.830456],[-104.797719,38.833051],[-104.789256,38.832732],[-104.788023,38.830831],[-104.786403,38.831183],[-104.78296,38.829895],[-104.780641,38.830532],[-104.7805,38.832651],[-104.775286,38.832706],[-104.775288,38.831927],[-104.764517,38.832628],[-104.761907,38.832075],[-104.759196,38.829834],[-104.759625,38.828987],[-104.757413,38.830624],[-104.757507,38.831927],[-104.753907,38.831509],[-104.749441,38.833697],[-104.747093,38.833369],[-104.74942,38.830673],[-104.749729,38.828665],[-104.748669,38.82755],[-104.748713,38.825298],[-104.757472,38.825352],[-104.757517,38.818279],[-104.756366,38.81826],[-104.755914,38.816888],[-104.753656,38.816377],[-104.752419,38.814194],[-104.753635,38.811632],[-104.759823,38.8111],[-104.759325,38.807216],[-104.760808,38.805547],[-104.757538,38.804873],[-104.757579,38.796408],[-104.759294,38.79582],[-104.760068,38.792191],[-104.762828,38.790774],[-104.760629,38.78944],[-104.761136,38.787329],[-104.758168,38.786823],[-104.757873,38.784886],[-104.758639,38.7862],[-104.761571,38.78618],[-104.761699,38.783607],[-104.763343,38.783382],[-104.762983,38.781971],[-104.762074,38.781636],[-104.762037,38.777361],[-104.767452,38.777386],[-104.770288,38.781647],[-104.773351,38.781177],[-104.774495,38.783331],[-104.771254,38.783849],[-104.773202,38.788321],[-104.77625,38.787259],[-104.778791,38.79207],[-104.7952,38.807788],[-104.797215,38.808823],[-104.789168,38.812095],[-104.791711,38.814615],[-104.79219,38.817287],[-104.793649,38.81757],[-104.797909,38.82074],[-104.803686,38.821087],[-104.803618,38.822481]]]]}},{"type":"Feature","properties":{"zcta5":"80911","area_name":"COLORADO SPRINGS"},"geometry":{"type":"Polygon","coordinates":[[[-104.771112,38.777742],[-104.76878,38.779081],[-104.767452,38.777386],[-104.762037,38.777361],[-104.762089,38.781691],[-104.761905,38.780314],[-104.757815,38.780157],[-104.758072,38.777343],[-104.757525,38.777343],[-104.757502,38.781714],[-104.720599,38.780879],[-104.720375,38.770317],[-104.717179,38.7669],[-104.714202,38.766149],[-104.68927,38.76619],[-104.684983,38.764741],[-104.683352,38.763101],[-104.682642,38.760538],[-104.682116,38.721175],[-104.683064,38.720264],[-104.684531,38.720351],[-104.687603,38.722313],[-104.689598,38.721079],[-104.690772,38.717756],[-104.692545,38.717864],[-104.693142,38.720405],[-104.693766,38.720126],[-104.693579,38.723552],[-104.69204,38.727541],[-104.690444,38.728429],[-104.689117,38.730536],[-104.689117,38.732067],[-104.691341,38.734451],[-104.694056,38.735176],[-104.695246,38.734944],[-104.69959,38.722922],[-104.702414,38.724479],[-104.705013,38.724704],[-104.705057,38.723092],[-104.706199,38.721748],[-104.711243,38.722846],[-104.711343,38.721812],[-104.713995,38.719071],[-104.712483,38.715582],[-104.714522,38.715483],[-104.719903,38.724931],[-104.738987,38.745604],[-104.739854,38.745152],[-104.740524,38.745874],[-104.739685,38.746368],[-104.743451,38.750077],[-104.743461,38.748098],[-104.746043,38.751426],[-104.744825,38.751903],[-104.760747,38.767961],[-104.764868,38.7654],[-104.766821,38.764821],[-104.769268,38.764659],[-104.767352,38.764933],[-104.767488,38.766597],[-104.769921,38.770474],[-104.771112,38.777742]]]}},{"type":"Feature","properties":{"zcta5":"80913","area_name":"ZIP 80913"},"geometry":{"type":"Polygon","coordinates":[[[-104.830485,38.6986],[-104.827533,38.701848],[-104.803841,38.694125],[-104.801125,38.696464],[-104.797369,38.696822],[-104.795553,38.697936],[-104.78492,38.696914],[-104.781833,38.695728],[-104.775583,38.696316],[-104.775888,38.703888],[-104.777662,38.706435],[-104.777512,38.718231],[-104.78353,38.716519],[-104.78522,38.716756],[-104.787588,38.718812],[-104.786939,38.720966],[-104.787645,38.722953],[-104.787407,38.723968],[-104.777974,38.724475],[-104.775456,38.725304],[-104.775457,38.729322],[-104.779062,38.729211],[-104.782329,38.731576],[-104.785449,38.735225],[-104.788919,38.737433],[-104.792881,38.734596],[-104.796806,38.736215],[-104.7968,38.738497],[-104.800908,38.738489],[-104.800916,38.739363],[-104.795285,38.741628],[-104.8,38.748547],[-104.803165,38.755236],[-104.803763,38.763355],[-104.803698,38.765385],[-104.797099,38.765707],[-104.792244,38.76047],[-104.781144,38.760831],[-104.780029,38.760705],[-104.779852,38.759236],[-104.775837,38.75921],[-104.775874,38.764836],[-104.763324,38.754714],[-104.729506,38.720603],[-104.725625,38.711633],[-104.726837,38.711668],[-104.724733,38.707724],[-104.722903,38.701681],[-104.718981,38.685048],[-104.718862,38.668066],[-104.737165,38.667725],[-104.737231,38.664151],[-104.746199,38.664107],[-104.746432,38.651954],[-104.750022,38.646898],[-104.746217,38.643026],[-104.746643,38.642262],[-104.748335,38.642958],[-104.746453,38.638651],[-104.746349,38.634059],[-104.758434,38.634398],[-104.759833,38.635417],[-104.764164,38.635912],[-104.766156,38.635124],[-104.773387,38.635226],[-104.775902,38.634199],[-104.775377,38.640947],[-104.772763,38.642867],[-104.771815,38.645691],[-104.772496,38.650395],[-104.775594,38.654937],[-104.774274,38.657889],[-104.774741,38.667053],[-104.777952,38.666577],[-104.778271,38.667595],[-104.779605,38.667174],[-104.781764,38.667881],[-104.782335,38.669153],[-104.784092,38.66985],[-104.784018,38.671292],[-104.785806,38.673197],[-104.786384,38.675802],[-104.789873,38.677656],[-104.790663,38.678964],[-104.79156,38.678821],[-104.791948,38.679723],[-104.794486,38.680782],[-104.796177,38.680253],[-104.79813,38.681023],[-104.798976,38.682718],[-104.801618,38.683507],[-104.806059,38.686353],[-104.811474,38.686731],[-104.817883,38.689183],[-104.82028,38.691584],[-104.826861,38.69491],[-104.830485,38.6986]]]}},{"type":"Feature","properties":{"zcta5":"80915","area_name":"COLORADO SPRINGS"},"geometry":{"type":"Polygon","coordinates":[[[-104.750366,38.856866],[-104.747903,38.857372],[-104.74791,38.869847],[-104.745365,38.868831],[-104.741131,38.870285],[-104.738598,38.867782],[-104.730925,38.867918],[-104.730478,38.869048],[-104.729923,38.86792],[-104.728953,38.867915],[-104.728958,38.868981],[-104.727074,38.868129],[-104.722592,38.871534],[-104.723555,38.877227],[-104.71985,38.877382],[-104.719888,38.872095],[-104.71739,38.871846],[-104.708851,38.868142],[-104.682725,38.868064],[-104.682706,38.853453],[-104.680616,38.853189],[-104.681803,38.852161],[-104.681214,38.850891],[-104.682794,38.848436],[-104.682835,38.85122],[-104.691257,38.842888],[-104.696074,38.84026],[-104.701522,38.839327],[-104.69186,38.838945],[-104.691917,38.836736],[-104.701533,38.836702],[-104.70155,38.832941],[-104.703444,38.832578],[-104.707189,38.82971],[-104.710052,38.83143],[-104.714971,38.831421],[-104.716516,38.830797],[-104.71855,38.82842],[-104.721118,38.827454],[-104.722124,38.828324],[-104.720796,38.831393],[-104.720249,38.829893],[-104.719416,38.830236],[-104.719751,38.833514],[-104.720665,38.833481],[-104.72066,38.838944],[-104.72809,38.839188],[-104.729714,38.83667],[-104.732022,38.835053],[-104.732665,38.832456],[-104.737636,38.834347],[-104.737636,38.836001],[-104.738772,38.836446],[-104.73873,38.840112],[-104.747981,38.84008],[-104.748032,38.841438],[-104.749354,38.841874],[-104.748033,38.842033],[-104.74804,38.844687],[-104.749776,38.845549],[-104.748036,38.84606],[-104.74801,38.854352],[-104.749057,38.854354],[-104.74906,38.855707],[-104.750366,38.856866]]]}},{"type":"Feature","properties":{"zcta5":"80916","area_name":"COLORADO SPRINGS"},"geometry":{"type":"Polygon","coordinates":[[[-104.763348,38.783183],[-104.761699,38.783607],[-104.761571,38.78618],[-104.758639,38.7862],[-104.757873,38.784886],[-104.758168,38.786823],[-104.761136,38.787329],[-104.760629,38.78944],[-104.762828,38.790774],[-104.760068,38.792191],[-104.759294,38.79582],[-104.757579,38.796408],[-104.757538,38.804873],[-104.760808,38.805547],[-104.759325,38.807216],[-104.759823,38.8111],[-104.753635,38.811632],[-104.752419,38.814194],[-104.753656,38.816377],[-104.755914,38.816888],[-104.756366,38.81826],[-104.757517,38.818279],[-104.757472,38.825352],[-104.748713,38.825298],[-104.748669,38.82755],[-104.749729,38.828665],[-104.74942,38.830673],[-104.746076,38.833949],[-104.747136,38.834673],[-104.746185,38.834267],[-104.745801,38.834896],[-104.747485,38.835538],[-104.747945,38.834623],[-104.750713,38.834217],[-104.75291,38.83593],[-104.751131,38.837223],[-104.748048,38.837912],[-104.747981,38.84008],[-104.73873,38.840112],[-104.738772,38.836446],[-104.737636,38.836001],[-104.737636,38.834347],[-104.732665,38.832456],[-104.732022,38.835053],[-104.729714,38.83667],[-104.72809,38.839188],[-104.72066,38.838944],[-104.720665,38.833481],[-104.719751,38.833514],[-104.719416,38.830236],[-104.720249,38.829893],[-104.720796,38.831393],[-104.722002,38.827904],[-104.720266,38.827301],[-104.716163,38.830655],[-104.71344,38.831101],[-104.713463,38.829729],[-104.71534,38.828286],[-104.713885,38.827505],[-104.714214,38.826049],[-104.713008,38.824997],[-104.713821,38.824362],[-104.709118,38.820674],[-104.710112,38.819343],[-104.708877,38.820026],[-104.707063,38.819072],[-104.693963,38.808497],[-104.69244,38.808172],[-104.69245,38.806141],[-104.692071,38.808899],[-104.69944,38.814431],[-104.698836,38.815141],[-104.700114,38.816245],[-104.699315,38.817084],[-104.701541,38.818833],[-104.697505,38.82215],[-104.699391,38.823623],[-104.698324,38.824466],[-104.701523,38.825921],[-104.701533,38.836702],[-104.691917,38.836736],[-104.69186,38.838945],[-104.682778,38.838154],[-104.682749,38.825561],[-104.681881,38.823451],[-104.668827,38.807263],[-104.664757,38.803873],[-104.660522,38.80172],[-104.659199,38.79812],[-104.65581,38.794904],[-104.653413,38.790227],[-104.653758,38.788736],[-104.655799,38.787041],[-104.656795,38.784413],[-104.659556,38.780954],[-104.683245,38.780946],[-104.68433,38.775199],[-104.688492,38.77535],[-104.689113,38.780909],[-104.695089,38.780903],[-104.696203,38.779618],[-104.699133,38.779226],[-104.699859,38.77578],[-104.703518,38.775172],[-104.699288,38.770484],[-104.698741,38.766172],[-104.714202,38.766149],[-104.718399,38.767634],[-104.720481,38.770791],[-104.720599,38.780879],[-104.762768,38.781689],[-104.763348,38.783183]]]}},{"type":"Feature","properties":{"zcta5":"80917","area_name":"COLORADO SPRINGS"},"geometry":{"type":"Polygon","coordinates":[[[-104.77409,38.889236],[-104.766693,38.890595],[-104.765318,38.889704],[-104.759953,38.889638],[-104.7551,38.89088],[-104.752703,38.89272],[-104.751966,38.89222],[-104.748515,38.895107],[-104.748829,38.896],[-104.747825,38.897059],[-104.739298,38.904211],[-104.733715,38.913271],[-104.730502,38.911727],[-104.72496,38.912133],[-104.719493,38.910927],[-104.71985,38.877382],[-104.723555,38.877227],[-104.722592,38.871534],[-104.72668,38.868259],[-104.727725,38.867999],[-104.728958,38.868981],[-104.728953,38.867915],[-104.729923,38.86792],[-104.730478,38.869048],[-104.730925,38.867918],[-104.738598,38.867782],[-104.741131,38.870285],[-104.745365,38.868831],[-104.74791,38.869847],[-104.747865,38.874004],[-104.749563,38.874266],[-104.751078,38.87164],[-104.754267,38.869419],[-104.754368,38.867853],[-104.761725,38.867842],[-104.761895,38.869538],[-104.763946,38.871748],[-104.763573,38.872927],[-104.765824,38.875009],[-104.765847,38.877146],[-104.767842,38.877447],[-104.767921,38.879076],[-104.770336,38.880766],[-104.771303,38.883347],[-104.770956,38.885223],[-104.77409,38.889236]]]}},{"type":"Feature","properties":{"zcta5":"80918","area_name":"COLORADO SPRINGS"},"geometry":{"type":"Polygon","coordinates":[[[-104.830019,38.896865],[-104.825085,38.908515],[-104.815613,38.917752],[-104.812851,38.932955],[-104.79929,38.933155],[-104.796465,38.932707],[-104.794131,38.930173],[-104.791473,38.930308],[-104.790921,38.931367],[-104.792984,38.932496],[-104.770838,38.933116],[-104.760746,38.937566],[-104.756821,38.938031],[-104.75325,38.930141],[-104.750531,38.929986],[-104.749328,38.929024],[-104.75206,38.926979],[-104.751321,38.925957],[-104.7479,38.923516],[-104.740065,38.920272],[-104.739717,38.921782],[-104.738589,38.921884],[-104.737892,38.919661],[-104.733664,38.914184],[-104.739298,38.904211],[-104.747825,38.897059],[-104.748829,38.896],[-104.748515,38.895107],[-104.751966,38.89222],[-104.752703,38.89272],[-104.7551,38.89088],[-104.759953,38.889638],[-104.765318,38.889704],[-104.766693,38.890595],[-104.775191,38.88903],[-104.786185,38.889183],[-104.790102,38.887728],[-104.800029,38.891182],[-104.804678,38.891574],[-104.806288,38.893361],[-104.807258,38.896693],[-104.808976,38.897739],[-104.823815,38.896929],[-104.82382,38.89872],[-104.825142,38.89878],[-104.825422,38.896919],[-104.830019,38.896865]]]}},{"type":"Feature","properties":{"zcta5":"80919","area_name":"COLORADO SPRINGS"},"geometry":{"type":"Polygon","coordinates":[[[-104.936459,38.91619],[-104.934073,38.91735],[-104.935389,38.916972],[-104.935674,38.971833],[-104.933412,38.971167],[-104.931113,38.972196],[-104.929241,38.971454],[-104.924115,38.971962],[-104.92093,38.970533],[-104.916986,38.970159],[-104.915766,38.970934],[-104.908488,38.971113],[-104.907325,38.968751],[-104.906009,38.968894],[-104.905315,38.970227],[-104.903746,38.969586],[-104.901064,38.972522],[-104.897844,38.971483],[-104.896189,38.971732],[-104.896429,38.954751],[-104.835773,38.954669],[-104.831133,38.952857],[-104.82167,38.94745],[-104.813532,38.941169],[-104.812714,38.934489],[-104.815199,38.918793],[-104.816614,38.91623],[-104.824581,38.909229],[-104.828528,38.900472],[-104.829102,38.900605],[-104.828386,38.902236],[-104.831934,38.900891],[-104.835751,38.900712],[-104.843659,38.903741],[-104.843914,38.902826],[-104.847812,38.902465],[-104.84783,38.901392],[-104.849378,38.901366],[-104.849351,38.900045],[-104.851821,38.899953],[-104.851081,38.89909],[-104.851646,38.898944],[-104.853853,38.899836],[-104.853453,38.900535],[-104.854652,38.901297],[-104.856512,38.899409],[-104.856603,38.896622],[-104.868461,38.896715],[-104.869262,38.900528],[-104.875214,38.894696],[-104.873912,38.88387],[-104.870615,38.877822],[-104.87267,38.877112],[-104.874711,38.880248],[-104.87382,38.882748],[-104.874935,38.88666],[-104.880135,38.889302],[-104.882183,38.891498],[-104.886442,38.892683],[-104.886651,38.869375],[-104.890009,38.866977],[-104.891137,38.86751],[-104.893667,38.866131],[-104.897669,38.866026],[-104.89774,38.864895],[-104.899049,38.86369],[-104.899979,38.865383],[-104.901503,38.864637],[-104.900314,38.867324],[-104.902716,38.866804],[-104.900852,38.872456],[-104.89939,38.87252],[-104.899291,38.87462],[-104.894904,38.878369],[-104.897503,38.877906],[-104.898282,38.878708],[-104.896027,38.881904],[-104.896448,38.882963],[-104.893795,38.89215],[-104.899882,38.891856],[-104.898257,38.892716],[-104.898992,38.894659],[-104.897062,38.894645],[-104.899609,38.89532],[-104.900013,38.894307],[-104.901798,38.894131],[-104.903133,38.89569],[-104.906693,38.896391],[-104.906326,38.895355],[-104.909313,38.89603],[-104.909021,38.893869],[-104.913645,38.893197],[-104.911898,38.895644],[-104.911769,38.897618],[-104.910588,38.89808],[-104.91135,38.899289],[-104.907613,38.899382],[-104.910226,38.901585],[-104.909355,38.903552],[-104.910101,38.903317],[-104.910599,38.900665],[-104.913695,38.901273],[-104.914084,38.903128],[-104.915512,38.904625],[-104.917022,38.903954],[-104.91972,38.907053],[-104.92149,38.9066],[-104.922953,38.907266],[-104.923302,38.909114],[-104.924899,38.90986],[-104.922836,38.909373],[-104.921925,38.907829],[-104.920892,38.908646],[-104.923092,38.910389],[-104.926232,38.911762],[-104.928501,38.911658],[-104.931433,38.916239],[-104.933422,38.916785],[-104.934995,38.915947],[-104.936459,38.91619]]]}},{"type":"Feature","properties":{"zcta5":"80920","area_name":"COLORADO SPRINGS"},"geometry":{"type":"Polygon","coordinates":[[[-104.814061,38.944812],[-104.812501,38.948981],[-104.803475,38.955224],[-104.801274,38.959761],[-104.802516,38.964107],[-104.81093,38.981839],[-104.808284,38.981819],[-104.807677,38.98028],[-104.797768,38.980395],[-104.797864,38.978246],[-104.795809,38.978775],[-104.795833,38.980407],[-104.792645,38.980462],[-104.792616,38.978513],[-104.790671,38.978518],[-104.79065,38.980529],[-104.775924,38.982243],[-104.771464,38.982106],[-104.765774,38.984257],[-104.759224,38.980399],[-104.749708,38.972544],[-104.724693,38.954378],[-104.721168,38.95016],[-104.719819,38.944967],[-104.720043,38.94031],[-104.748718,38.940119],[-104.753925,38.938252],[-104.760746,38.937566],[-104.770471,38.933189],[-104.792984,38.932496],[-104.790921,38.931367],[-104.791473,38.930308],[-104.794131,38.930173],[-104.796465,38.932707],[-104.79929,38.933155],[-104.812851,38.932955],[-104.814061,38.944812]]]}},{"type":"Feature","properties":{"zcta5":"80921","area_name":"COLORADO SPRINGS"},"geometry":{"type":"Polygon","coordinates":[[[-105.016177,39.009518],[-105.012068,39.014051],[-105.012777,39.018207],[-105.011565,39.023471],[-105.012298,39.025367],[-105.010926,39.026437],[-105.009742,39.029041],[-105.012561,39.031035],[-105.012478,39.032074],[-105.006541,39.034705],[-105.00212,39.034979],[-104.997209,39.036875],[-104.99415,39.039516],[-104.99129,39.039726],[-104.990137,39.041363],[-104.987496,39.040829],[-104.98509,39.042032],[-104.983126,39.041459],[-104.982526,39.042715],[-104.981226,39.042365],[-104.984022,39.044231],[-104.981168,39.044033],[-104.982094,39.046091],[-104.986337,39.049175],[-104.989233,39.049015],[-104.991694,39.050405],[-104.99205,39.053341],[-104.991157,39.058549],[-104.987673,39.057202],[-104.985604,39.05839],[-104.979006,39.059102],[-104.976041,39.057505],[-104.975993,39.058911],[-104.970873,39.062873],[-104.970956,39.064565],[-104.968603,39.064651],[-104.965513,39.066959],[-104.964392,39.067003],[-104.963477,39.068402],[-104.962608,39.067775],[-104.960316,39.068499],[-104.960307,39.069231],[-104.956318,39.068415],[-104.950118,39.070977],[-104.949678,39.068466],[-104.947767,39.069131],[-104.946307,39.067781],[-104.943787,39.069454],[-104.944169,39.070652],[-104.942701,39.071357],[-104.943234,39.070116],[-104.941038,39.070784],[-104.939464,39.066977],[-104.93633,39.069293],[-104.936267,39.071355],[-104.934424,39.069702],[-104.934535,39.071613],[-104.933084,39.070495],[-104.932176,39.071157],[-104.931967,39.069],[-104.92977,39.069802],[-104.928511,39.068359],[-104.926262,39.06754],[-104.921062,39.068653],[-104.919841,39.070957],[-104.914413,39.070924],[-104.914502,39.055824],[-104.913071,39.056402],[-104.906193,39.05624],[-104.907509,39.055221],[-104.903929,39.056448],[-104.901973,39.058105],[-104.901874,39.059135],[-104.897639,39.05793],[-104.891651,39.058934],[-104.889097,39.058517],[-104.883973,39.06099],[-104.880078,39.06095],[-104.87785,39.059416],[-104.877921,39.058443],[-104.872252,39.056704],[-104.870123,39.0552],[-104.868755,39.053871],[-104.868409,39.052097],[-104.873099,39.050582],[-104.876214,39.050664],[-104.883126,39.049465],[-104.894456,39.04926],[-104.894616,39.048213],[-104.887403,39.047927],[-104.876074,39.050466],[-104.872282,39.050008],[-104.870655,39.050888],[-104.867286,39.048939],[-104.867228,39.046676],[-104.861268,39.04586],[-104.860478,39.044641],[-104.857907,39.045098],[-104.857549,39.047334],[-104.856175,39.047312],[-104.85454,39.045923],[-104.854813,39.04294],[-104.853721,39.042309],[-104.853969,39.043951],[-104.852565,39.045132],[-104.854697,39.047853],[-104.85876,39.050364],[-104.8585,39.054685],[-104.857196,39.054696],[-104.860253,39.071281],[-104.857967,39.072035],[-104.855156,39.062719],[-104.853182,39.059438],[-104.852953,39.060035],[-104.851446,39.057885],[-104.8493,39.056627],[-104.822103,39.056562],[-104.822046,39.063794],[-104.812784,39.063795],[-104.812788,39.062016],[-104.808289,39.062047],[-104.796701,39.066515],[-104.794187,39.068994],[-104.79419,39.070775],[-104.784978,39.070959],[-104.784891,39.078293],[-104.77561,39.078282],[-104.775707,39.100048],[-104.770686,39.099986],[-104.770425,39.087765],[-104.767801,39.083597],[-104.766614,39.078058],[-104.761756,39.072227],[-104.761368,39.064679],[-104.762018,39.060348],[-104.763878,39.056326],[-104.763869,39.048528],[-104.771271,39.040503],[-104.768077,39.038579],[-104.767507,39.037441],[-104.766188,39.037453],[-104.764255,39.039579],[-104.76094,39.038594],[-104.760839,39.039752],[-104.759864,39.03988],[-104.760148,39.04305],[-104.757318,39.044946],[-104.757219,39.034373],[-104.758264,39.033341],[-104.763337,39.033541],[-104.765956,39.031031],[-104.769019,39.02997],[-104.773305,39.032924],[-104.77655,39.032299],[-104.779775,39.023898],[-104.780694,39.016477],[-104.779805,39.011133],[-104.775996,39.00602],[-104.775819,39.0035],[-104.780998,38.998642],[-104.785568,38.990986],[-104.798112,38.990604],[-104.798052,38.980393],[-104.807677,38.98028],[-104.812299,38.99108],[-104.812277,38.996627],[-104.817134,39.001095],[-104.817174,39.00336],[-104.840419,39.042332],[-104.90971,39.042076],[-104.909603,39.040266],[-104.910764,39.040255],[-104.910024,39.027677],[-104.905377,39.027676],[-104.905006,39.020296],[-104.905766,39.006224],[-104.901466,39.00753],[-104.899277,39.004978],[-104.898748,39.00092],[-104.898027,39.000177],[-104.892073,38.998776],[-104.891675,38.994475],[-104.889957,38.993958],[-104.88678,38.994582],[-104.886789,38.991551],[-104.8899,38.987643],[-104.889535,38.986022],[-104.886392,38.984064],[-104.8859,38.981178],[-104.880306,38.979668],[-104.874003,38.976529],[-104.874153,38.975367],[-104.877163,38.973228],[-104.872222,38.971485],[-104.869383,38.96958],[-104.860008,38.967853],[-104.857785,38.96584],[-104.854984,38.965116],[-104.85444,38.96411],[-104.848917,38.965496],[-104.841571,38.962521],[-104.841168,38.96166],[-104.839681,38.961798],[-104.836784,38.958687],[-104.835108,38.954412],[-104.896429,38.954751],[-104.896189,38.971732],[-104.897844,38.971483],[-104.901064,38.972522],[-104.903746,38.969586],[-104.905315,38.970227],[-104.906009,38.968894],[-104.907325,38.968751],[-104.908488,38.971113],[-104.915766,38.970934],[-104.916986,38.970159],[-104.92093,38.970533],[-104.924115,38.971962],[-104.929241,38.971454],[-104.931113,38.972196],[-104.933412,38.971167],[-104.935674,38.971833],[-104.935792,39.01227],[-104.953949,39.012178],[-104.972985,39.014016],[-104.98532,39.013554],[-104.986426,39.012097],[-104.988539,39.011719],[-104.993713,39.012377],[-104.994716,39.010683],[-104.993055,39.008142],[-104.99421,39.007033],[-104.9948,39.007229],[-104.99401,39.007579],[-104.994189,39.008811],[-104.998132,39.008464],[-105.002559,39.010718],[-105.004939,39.010499],[-105.006296,39.011393],[-105.012996,39.009909],[-105.015211,39.008529],[-105.016177,39.009518]]]}},{"type":"Feature","properties":{"zcta5":"80922","area_name":"COLORADO SPRINGS"},"geometry":{"type":"Polygon","coordinates":[[[-104.719882,38.872426],[-104.719498,38.909607],[-104.717404,38.909598],[-104.717411,38.910788],[-104.711873,38.90947],[-104.703393,38.912034],[-104.68294,38.911719],[-104.682725,38.868064],[-104.70829,38.868056],[-104.719882,38.872426]]]}},{"type":"Feature","properties":{"zcta5":"80923","area_name":"COLORADO SPRINGS"},"geometry":{"type":"Polygon","coordinates":[[[-104.756821,38.938031],[-104.748169,38.940191],[-104.690176,38.941363],[-104.68728,38.940948],[-104.687339,38.937312],[-104.684829,38.937311],[-104.684833,38.936529],[-104.682935,38.937152],[-104.683383,38.938109],[-104.681913,38.939894],[-104.682368,38.940982],[-104.678168,38.940643],[-104.678948,38.937826],[-104.6827,38.934374],[-104.682942,38.911891],[-104.678176,38.911818],[-104.678186,38.908099],[-104.682861,38.904302],[-104.68294,38.911719],[-104.703393,38.912034],[-104.712186,38.909444],[-104.717411,38.910788],[-104.717404,38.909598],[-104.719498,38.909607],[-104.719493,38.910927],[-104.72496,38.912133],[-104.730776,38.911809],[-104.733715,38.913271],[-104.733914,38.914842],[-104.737892,38.919661],[-104.738589,38.921884],[-104.739717,38.921782],[-104.740065,38.920272],[-104.7479,38.923516],[-104.751321,38.925957],[-104.75206,38.926979],[-104.749328,38.929024],[-104.750531,38.929986],[-104.75325,38.930141],[-104.756821,38.938031]]]}},{"type":"Feature","properties":{"zcta5":"80924","area_name":"COLORADO SPRINGS"},"geometry":{"type":"Polygon","coordinates":[[[-104.765774,38.984257],[-104.762215,38.98533],[-104.756617,38.983735],[-104.700382,38.983854],[-104.7011,38.941072],[-104.720043,38.94031],[-104.720397,38.94838],[-104.723939,38.953709],[-104.749708,38.972544],[-104.759224,38.980399],[-104.765774,38.984257]]]}},{"type":"Feature","properties":{"zcta5":"80925","area_name":"COLORADO SPRINGS"},"geometry":{"type":"Polygon","coordinates":[[[-104.703518,38.775172],[-104.699859,38.77578],[-104.69959,38.778864],[-104.696203,38.779618],[-104.695089,38.780903],[-104.688914,38.780821],[-104.688492,38.77535],[-104.68433,38.775199],[-104.683245,38.780946],[-104.659556,38.780954],[-104.656795,38.784413],[-104.655799,38.787041],[-104.653758,38.788736],[-104.653413,38.790227],[-104.655492,38.794455],[-104.658889,38.797652],[-104.660248,38.8014],[-104.668415,38.806889],[-104.673304,38.813043],[-104.673875,38.824048],[-104.617473,38.824493],[-104.617545,38.810058],[-104.609479,38.809973],[-104.609469,38.795908],[-104.618469,38.795715],[-104.617863,38.781027],[-104.608463,38.781047],[-104.60887,38.711462],[-104.623905,38.7115],[-104.624856,38.709236],[-104.626172,38.708249],[-104.627122,38.705134],[-104.627409,38.69711],[-104.628857,38.696236],[-104.62764,38.693993],[-104.653999,38.693962],[-104.655535,38.696236],[-104.65519,38.699308],[-104.654275,38.699571],[-104.651662,38.697563],[-104.648927,38.699366],[-104.648122,38.700981],[-104.648783,38.702024],[-104.64833,38.702983],[-104.649792,38.704524],[-104.648948,38.70594],[-104.64898,38.709748],[-104.647396,38.710816],[-104.645332,38.710972],[-104.644906,38.712139],[-104.658514,38.71212],[-104.660228,38.713381],[-104.658138,38.715568],[-104.659492,38.716285],[-104.658422,38.717517],[-104.660186,38.718376],[-104.662092,38.718805],[-104.664016,38.716964],[-104.663423,38.717873],[-104.663789,38.719345],[-104.671494,38.719042],[-104.682116,38.721175],[-104.683029,38.762452],[-104.684983,38.764741],[-104.687498,38.765903],[-104.698741,38.766172],[-104.699288,38.770484],[-104.703518,38.775172]]]}},{"type":"Feature","properties":{"zcta5":"80926","area_name":"COLORADO SPRINGS"},"geometry":{"type":"Polygon","coordinates":[[[-105.055006,38.651552],[-105.049799,38.652404],[-105.013197,38.652729],[-104.942205,38.650133],[-104.942229,38.696268],[-104.902771,38.696136],[-104.902645,38.73253],[-104.901973,38.733704],[-104.901004,38.733998],[-104.897246,38.732442],[-104.895574,38.733996],[-104.896108,38.732134],[-104.895581,38.731457],[-104.890891,38.730843],[-104.885132,38.728516],[-104.880646,38.728566],[-104.877878,38.730928],[-104.876797,38.728842],[-104.874872,38.730271],[-104.87288,38.729751],[-104.868293,38.731343],[-104.8676,38.733385],[-104.867949,38.738606],[-104.854198,38.738208],[-104.854355,38.744719],[-104.849616,38.744914],[-104.84973,38.746939],[-104.843113,38.74751],[-104.842287,38.747164],[-104.841107,38.743624],[-104.834652,38.737728],[-104.833296,38.738256],[-104.832987,38.74153],[-104.82923,38.74353],[-104.828714,38.742896],[-104.829515,38.742079],[-104.829913,38.739178],[-104.828953,38.737932],[-104.830114,38.736223],[-104.827312,38.733651],[-104.822816,38.73522],[-104.822291,38.73276],[-104.821546,38.732553],[-104.819137,38.734343],[-104.818697,38.73608],[-104.813571,38.737013],[-104.811586,38.738157],[-104.807627,38.738192],[-104.808823,38.735127],[-104.815539,38.731512],[-104.818214,38.72776],[-104.818831,38.725698],[-104.818859,38.71443],[-104.819944,38.710288],[-104.845062,38.682713],[-104.850946,38.674379],[-104.861892,38.669482],[-104.863406,38.661556],[-104.865974,38.654922],[-104.865667,38.64984],[-104.829791,38.64978],[-104.829943,38.608252],[-104.839728,38.610533],[-104.844613,38.613674],[-104.844685,38.612913],[-104.849412,38.614899],[-104.849939,38.614404],[-104.855509,38.615176],[-104.856056,38.616933],[-104.860466,38.619737],[-104.861978,38.62238],[-104.864546,38.616052],[-104.863745,38.614484],[-104.862951,38.602023],[-104.865471,38.598082],[-104.865865,38.600734],[-104.868122,38.602412],[-104.870419,38.607538],[-104.87217,38.607633],[-104.872137,38.621813],[-104.878352,38.622235],[-104.891165,38.614782],[-104.895874,38.611438],[-104.895047,38.611296],[-104.89469,38.609033],[-104.902166,38.605322],[-104.90976,38.594849],[-104.909403,38.592374],[-104.910213,38.590817],[-104.907567,38.585375],[-104.904258,38.586721],[-104.900422,38.585258],[-104.900937,38.578515],[-104.904926,38.577719],[-104.904997,38.574598],[-104.899981,38.569529],[-104.899386,38.566495],[-104.905766,38.565367],[-104.908836,38.567022],[-104.910643,38.564518],[-104.912085,38.565031],[-104.919309,38.562191],[-104.923448,38.562804],[-104.924011,38.564412],[-104.923048,38.565602],[-104.92296,38.568921],[-104.927061,38.569206],[-104.935039,38.57338],[-104.94213,38.567541],[-104.94637,38.55685],[-104.94757,38.55134],[-104.95025,38.54917],[-104.95101,38.5505],[-104.95051,38.55377],[-104.95264,38.55707],[-104.95075,38.55813],[-104.9515,38.56256],[-104.95431,38.56486],[-104.958998,38.565957],[-104.95828,38.56764],[-104.95908,38.57077],[-104.96143,38.57225],[-104.9766,38.5721],[-104.987405,38.566622],[-105.000223,38.565883],[-105.002674,38.565014],[-105.004838,38.565273],[-105.00452,38.567109],[-105.00555,38.567214],[-105.007087,38.56945],[-105.008908,38.570495],[-105.01208,38.57063],[-105.015896,38.567133],[-105.0158,38.56574],[-105.01689,38.56413],[-105.021976,38.56136],[-105.021545,38.563099],[-105.019129,38.565432],[-105.017268,38.565954],[-105.016026,38.570892],[-105.013477,38.572072],[-105.011941,38.576993],[-105.013089,38.577708],[-105.013983,38.579983],[-105.017859,38.58122],[-105.016682,38.583099],[-105.018985,38.583638],[-105.02069,38.586913],[-105.02057,38.588583],[-105.022733,38.588864],[-105.024494,38.594396],[-105.023065,38.595093],[-105.024962,38.596391],[-105.022881,38.599356],[-105.024167,38.602049],[-105.026952,38.604209],[-105.028575,38.60823],[-105.035282,38.609781],[-105.036303,38.612182],[-105.035882,38.613462],[-105.037702,38.614611],[-105.036959,38.616539],[-105.039396,38.616847],[-105.040929,38.617995],[-105.040697,38.620347],[-105.042412,38.622759],[-105.043629,38.627186],[-105.045295,38.629175],[-105.044154,38.629818],[-105.045757,38.63168],[-105.04486,38.63329],[-105.047458,38.633883],[-105.048859,38.636169],[-105.048795,38.640218],[-105.047666,38.641893],[-105.047946,38.645705],[-105.054222,38.648442],[-105.055006,38.651552]]]}},{"type":"Feature","properties":{"zcta5":"80927","area_name":"COLORADO SPRINGS"},"geometry":{"type":"Polygon","coordinates":[[[-104.682942,38.911891],[-104.6827,38.934374],[-104.678948,38.937826],[-104.678168,38.940643],[-104.631655,38.940459],[-104.631625,38.938936],[-104.629444,38.938903],[-104.629229,38.936358],[-104.62753,38.936263],[-104.627548,38.926396],[-104.644891,38.926284],[-104.645104,38.915253],[-104.668642,38.91551],[-104.673459,38.911867],[-104.682942,38.911891]]]}},{"type":"Feature","properties":{"zcta5":"80928","area_name":"COLORADO SPRINGS"},"geometry":{"type":"Polygon","coordinates":[[[-104.628826,38.696461],[-104.627409,38.69711],[-104.627806,38.699616],[-104.626251,38.70806],[-104.623905,38.7115],[-104.60887,38.711462],[-104.608499,38.76644],[-104.594114,38.766362],[-104.594277,38.78099],[-104.580351,38.780939],[-104.580712,38.795059],[-104.576913,38.794468],[-104.571388,38.795249],[-104.554574,38.795236],[-104.551813,38.797963],[-104.549268,38.795351],[-104.548413,38.793193],[-104.547866,38.780342],[-104.552271,38.77421],[-104.553105,38.767313],[-104.552426,38.766397],[-104.552171,38.752292],[-104.551135,38.751684],[-104.516148,38.751748],[-104.515043,38.754114],[-104.515186,38.762341],[-104.513815,38.764988],[-104.514533,38.76626],[-104.501035,38.766273],[-104.497007,38.766268],[-104.496803,38.751778],[-104.404432,38.751825],[-104.404704,38.766247],[-104.386083,38.766377],[-104.385833,38.751831],[-104.376549,38.752275],[-104.374925,38.750462],[-104.374746,38.747125],[-104.373754,38.748956],[-104.374253,38.749996],[-104.372275,38.756519],[-104.372117,38.761811],[-104.370769,38.764504],[-104.369886,38.770274],[-104.368095,38.772098],[-104.360483,38.774237],[-104.360163,38.774946],[-104.35794,38.77465],[-104.311105,38.780309],[-104.309292,38.779965],[-104.301925,38.774427],[-104.297775,38.772457],[-104.292133,38.771059],[-104.290087,38.769593],[-104.289622,38.76568],[-104.28139,38.742901],[-104.281511,38.73553],[-104.277193,38.727311],[-104.27551,38.72022],[-104.275251,38.712883],[-104.29347,38.712714],[-104.293436,38.708279],[-104.310847,38.70833],[-104.310946,38.702943],[-104.310244,38.69305],[-104.304138,38.691515],[-104.295241,38.691419],[-104.290874,38.692286],[-104.275073,38.691968],[-104.275471,38.521133],[-104.567087,38.520001],[-104.586999,38.561268],[-104.606957,38.606434],[-104.611455,38.618839],[-104.610915,38.61969],[-104.611406,38.622123],[-104.609965,38.624079],[-104.610913,38.626075],[-104.610066,38.626965],[-104.609656,38.631343],[-104.608697,38.632289],[-104.606567,38.631966],[-104.604425,38.632966],[-104.603284,38.634285],[-104.60437,38.635433],[-104.602738,38.63684],[-104.605528,38.637978],[-104.605408,38.640698],[-104.606249,38.641882],[-104.607964,38.641726],[-104.607952,38.640211],[-104.610762,38.643554],[-104.613778,38.64279],[-104.615268,38.643915],[-104.617854,38.643304],[-104.617607,38.645681],[-104.61569,38.646453],[-104.615693,38.647452],[-104.618859,38.650303],[-104.620703,38.650597],[-104.621042,38.649535],[-104.62218,38.649815],[-104.623148,38.651084],[-104.621328,38.652558],[-104.625541,38.653653],[-104.623598,38.65499],[-104.624973,38.656244],[-104.624394,38.658281],[-104.625424,38.659634],[-104.624451,38.661079],[-104.624887,38.662315],[-104.626011,38.662373],[-104.624902,38.663502],[-104.625769,38.665022],[-104.624526,38.666078],[-104.62388,38.665205],[-104.622697,38.665915],[-104.623442,38.669084],[-104.621286,38.672535],[-104.622851,38.67499],[-104.620833,38.675321],[-104.620877,38.677155],[-104.622525,38.678446],[-104.621033,38.679825],[-104.62072,38.682638],[-104.619373,38.681859],[-104.61681,38.683497],[-104.618318,38.685457],[-104.619832,38.685292],[-104.622794,38.690531],[-104.625528,38.691667],[-104.628371,38.694612],[-104.628044,38.695535],[-104.628826,38.696461]]]}},{"type":"Feature","properties":{"zcta5":"80929","area_name":"COLORADO SPRINGS"},"geometry":{"type":"Polygon","coordinates":[[[-104.701522,38.839327],[-104.696074,38.84026],[-104.691257,38.842888],[-104.682835,38.85122],[-104.682794,38.848436],[-104.681214,38.850891],[-104.681803,38.852161],[-104.680404,38.853359],[-104.66903,38.860415],[-104.666328,38.853232],[-104.600702,38.852512],[-104.579548,38.853464],[-104.553871,38.853356],[-104.5534,38.801314],[-104.551813,38.797963],[-104.554574,38.795236],[-104.571388,38.795249],[-104.576913,38.794468],[-104.580712,38.795059],[-104.580351,38.780939],[-104.594277,38.78099],[-104.594114,38.766362],[-104.608499,38.76644],[-104.608463,38.781047],[-104.617863,38.781027],[-104.618469,38.795715],[-104.609469,38.795908],[-104.609414,38.798812],[-104.609479,38.809973],[-104.617545,38.810058],[-104.617473,38.824493],[-104.673875,38.824048],[-104.673304,38.813043],[-104.682455,38.824508],[-104.682778,38.838154],[-104.68608,38.838898],[-104.701522,38.839327]]]}},{"type":"Feature","properties":{"zcta5":"80930","area_name":"COLORADO SPRINGS"},"geometry":{"type":"Polygon","coordinates":[[[-104.553879,38.85294],[-104.508135,38.853603],[-104.508145,38.860652],[-104.470647,38.860241],[-104.470495,38.846076],[-104.46586,38.846005],[-104.465751,38.838651],[-104.461118,38.838642],[-104.459949,38.751806],[-104.496803,38.751778],[-104.497007,38.766268],[-104.514533,38.76626],[-104.513815,38.764988],[-104.515186,38.762341],[-104.515043,38.754114],[-104.516148,38.751748],[-104.552114,38.752154],[-104.552426,38.766397],[-104.553105,38.767313],[-104.552439,38.773608],[-104.548236,38.779202],[-104.547816,38.781232],[-104.548495,38.793695],[-104.552581,38.798886],[-104.5534,38.801314],[-104.553879,38.85294]]]}},{"type":"Feature","properties":{"zcta5":"80938","area_name":"COLORADO SPRINGS"},"geometry":{"type":"Polygon","coordinates":[[[-104.682869,38.90238],[-104.682861,38.904302],[-104.678186,38.908099],[-104.678176,38.911818],[-104.673459,38.911867],[-104.668642,38.91551],[-104.645104,38.915253],[-104.644838,38.926344],[-104.628686,38.926408],[-104.630251,38.91599],[-104.634402,38.911646],[-104.635699,38.907335],[-104.639892,38.903799],[-104.645767,38.901054],[-104.64727,38.899181],[-104.646606,38.894276],[-104.649074,38.890591],[-104.650719,38.890322],[-104.649735,38.889695],[-104.650793,38.888286],[-104.652205,38.887228],[-104.655423,38.886736],[-104.657223,38.883721],[-104.662151,38.882134],[-104.664794,38.879053],[-104.667275,38.878801],[-104.667472,38.87723],[-104.669124,38.876686],[-104.668218,38.876164],[-104.669377,38.874681],[-104.668965,38.873942],[-104.670652,38.871908],[-104.672015,38.871531],[-104.673458,38.868878],[-104.673488,38.876752],[-104.677525,38.876726],[-104.677752,38.880811],[-104.677709,38.882765],[-104.673507,38.882793],[-104.673512,38.886627],[-104.679073,38.886485],[-104.682577,38.883959],[-104.682869,38.90238]]]}},{"type":"Feature","properties":{"zcta5":"80939","area_name":"COLORADO SPRINGS"},"geometry":{"type":"MultiPolygon","coordinates":[[[[-104.680061,38.876725],[-104.673488,38.876752],[-104.673403,38.868116],[-104.677898,38.868126],[-104.678404,38.8699],[-104.680057,38.871562],[-104.680061,38.876725]]],[[[-104.682808,38.88527],[-104.682577,38.883959],[-104.679073,38.886485],[-104.673512,38.886627],[-104.673507,38.882793],[-104.677709,38.882765],[-104.677712,38.879756],[-104.682716,38.879674],[-104.682808,38.88527]]]]}},{"type":"Feature","properties":{"zcta5":"80951","area_name":"COLORADO SPRINGS"},"geometry":{"type":"Polygon","coordinates":[[[-104.682776,38.856641],[-104.682716,38.879674],[-104.677713,38.879889],[-104.677525,38.876726],[-104.680061,38.876725],[-104.680057,38.871562],[-104.678404,38.8699],[-104.677898,38.868126],[-104.673403,38.868116],[-104.672015,38.871531],[-104.670652,38.871908],[-104.668965,38.873942],[-104.669377,38.874681],[-104.668218,38.876164],[-104.669124,38.876686],[-104.667472,38.87723],[-104.667352,38.878724],[-104.664794,38.879053],[-104.662151,38.882134],[-104.657308,38.88366],[-104.65531,38.886802],[-104.651017,38.888061],[-104.649735,38.889695],[-104.650719,38.890322],[-104.649074,38.890591],[-104.646294,38.895081],[-104.647202,38.899323],[-104.645767,38.901054],[-104.639892,38.903799],[-104.635699,38.907335],[-104.634402,38.911646],[-104.630251,38.91599],[-104.628686,38.926408],[-104.620538,38.926395],[-104.615278,38.929902],[-104.613762,38.929889],[-104.61775,38.926305],[-104.619126,38.926321],[-104.621745,38.924609],[-104.621752,38.922659],[-104.620322,38.922599],[-104.645708,38.886125],[-104.65993,38.867227],[-104.663708,38.863597],[-104.680616,38.853189],[-104.682683,38.853307],[-104.682776,38.856641]]]}}]}